parameter,mean,std,mcse,ess_bulk,ess_tail,rhat,ess_per_sec,run_id,region_index,region,rank
alpha,0.6379952912206579,0.5528264917222323,0.016872891951199367,791.9820713682398,940.6128884519024,1.007856674420052,8.706448319334246,copath_syn_app_REGION-RF_rank304_region1_iFRP,1,iFRP,304
beta,-0.31985635717653627,0.7670615294720333,0.02556831537210197,862.6255372822609,1136.6342166578172,1.002519705908475,9.483048835071301,copath_syn_app_REGION-RF_rank304_region1_iFRP,1,iFRP,304
gamma,0.07732227253006102,0.060211024353676285,0.0019112442127448934,759.85821993636,732.0871129042271,1.0048510299299416,8.353303137870169,copath_syn_app_REGION-RF_rank304_region1_iFRP,1,iFRP,304
sigma,0.034572344212967544,0.006391674561322384,0.0002269175536807443,720.5189762630606,509.1747468498371,1.0079340109069417,7.920837423877981,copath_syn_app_REGION-RF_rank304_region1_iFRP,1,iFRP,304
u0,0.007112501962312908,0.005221774229202156,0.00019940787279959212,431.4020941295814,320.11015779274715,1.0104296929063261,4.742506393993089,copath_syn_app_REGION-RF_rank304_region1_iFRP,1,iFRP,304
alpha,0.22895906940124788,0.2639374277698489,0.024637379363102733,184.72809074009794,106.52312617276161,1.0288825235561077,1.455411390506976,copath_syn_app_REGION-RF_rank257_region2_iMOp,2,iMOp,257
beta,0.11133051642817679,0.5019285493620892,0.019184126879682004,702.5372554260576,887.8856242420055,1.007287679935974,5.535058147930334,copath_syn_app_REGION-RF_rank257_region2_iMOp,2,iMOp,257
gamma,0.08332140263840415,0.06278790010751512,0.002764535399564838,444.0490858220459,316.18539175205626,1.0084250960352235,3.4985155471502534,copath_syn_app_REGION-RF_rank257_region2_iMOp,2,iMOp,257
sigma,0.01720166261791411,0.0034855850336329977,0.00021633114720790887,248.68845306999202,211.44653695124552,1.0106420759482753,1.95933388276535,copath_syn_app_REGION-RF_rank257_region2_iMOp,2,iMOp,257
u0,0.026056717473444947,0.006067196550335029,0.00032820167067510006,341.9732023084914,308.4562334483049,1.0123411321941762,2.6942934985896505,copath_syn_app_REGION-RF_rank257_region2_iMOp,2,iMOp,257
alpha,0.41488786773603226,0.3719756153777615,0.04347368265087521,79.42936346307336,81.42919320566202,1.0379286201500904,,copath_syn_app_REGION-RF_rank207_region3_iMOs,3,iMOs,207
beta,0.3852996322349111,0.40940013353592347,0.033127753442226404,98.73704836783894,250.26263321701225,1.0422332918129515,,copath_syn_app_REGION-RF_rank207_region3_iMOs,3,iMOs,207
gamma,0.0857138159211929,0.06477696885631665,0.0066826514739955455,87.12159289386658,238.4390620317736,1.0135319523519146,,copath_syn_app_REGION-RF_rank207_region3_iMOs,3,iMOs,207
u0,0.023196709261799356,0.0067503078887423415,0.0006075259655735178,129.4262975773615,260.41210197614953,1.0263717162672923,,copath_syn_app_REGION-RF_rank207_region3_iMOs,3,iMOs,207
sigma,0.02956999427434039,0.0059124040434298235,0.0005011402344369194,155.37635111610328,180.76956558057333,1.0197665360140493,,copath_syn_app_REGION-RF_rank207_region3_iMOs,3,iMOs,207
alpha,0.7808988373935313,0.619525117129311,0.01261475771123284,1566.854287913169,1068.627656749371,1.0026605657302854,23.067756432382794,copath_syn_app_REGION-RF_rank1_region4_iSSp-n,4,iSSp-n,369
beta,0.002318046716242489,0.9818698023314762,0.018321785151259352,2875.012583379847,2265.119951390074,0.9999508823590053,42.326903353451605,copath_syn_app_REGION-RF_rank1_region4_iSSp-n,4,iSSp-n,369
gamma,0.07711255031800487,0.06086102106520476,0.0012649463506229264,1273.0468886309966,603.9465568279297,1.0018265822701145,18.742224966594964,copath_syn_app_REGION-RF_rank1_region4_iSSp-n,4,iSSp-n,369
sigma,1.7084755907851554,2.2875037393786344,0.048845180052514744,2472.7346876457136,2391.10344097146,1.002124510732321,36.40443271370522,copath_syn_app_REGION-RF_rank1_region4_iSSp-n,4,iSSp-n,369
u0,0.008085559082645279,0.006034879385905118,0.00012092025284533843,1524.9914541230135,991.501182205896,1.0026794779672863,22.451437696882007,copath_syn_app_REGION-RF_rank1_region4_iSSp-n,4,iSSp-n,369
alpha,0.5724511629868887,0.4620210425023547,0.019119109249622738,537.0359080149163,944.4606834668818,1.0144727166876712,2.8444397199972267,copath_syn_app_REGION-RF_rank180_region5_iSSp-bfd,5,iSSp-bfd,180
beta,0.4535114490352419,0.4514117878551436,0.018004680377925155,708.7273097393248,684.4047312957885,1.005970043715089,3.753812511198636,copath_syn_app_REGION-RF_rank180_region5_iSSp-bfd,5,iSSp-bfd,180
gamma,0.08001228156459655,0.0608197103840575,0.0020050009222085338,674.5608475016317,701.7107315216888,1.0127616313969674,3.572847996851896,copath_syn_app_REGION-RF_rank180_region5_iSSp-bfd,5,iSSp-bfd,180
sigma,0.05995274120854015,0.011198329804313586,0.0004053416212249476,734.1038093203329,1194.6480867214364,1.0075139681243963,3.8882205131319205,copath_syn_app_REGION-RF_rank180_region5_iSSp-bfd,5,iSSp-bfd,180
u0,0.016011199703763544,0.007247513830916522,0.00024423655249201795,758.4133654896775,554.563555089905,1.010891818785795,4.016977391604313,copath_syn_app_REGION-RF_rank180_region5_iSSp-bfd,5,iSSp-bfd,180
alpha,0.8028091277239855,0.6144317606116583,0.011643756667800131,1666.3448356647452,867.0260661348266,1.0005516984867786,23.935202109549767,copath_syn_app_REGION-RF_rank1_region6_iSSp-ll,6,iSSp-ll,370
beta,-0.010278954580008765,1.0014564691737757,0.01890311279676265,2810.899651643231,2265.429332379356,0.9998241266092851,40.37546720928527,copath_syn_app_REGION-RF_rank1_region6_iSSp-ll,6,iSSp-ll,370
gamma,0.07907962307623455,0.060192725969855414,0.0011318722395306491,1886.395730437298,1220.9240617847008,1.0012629698753035,27.095990037738233,copath_syn_app_REGION-RF_rank1_region6_iSSp-ll,6,iSSp-ll,370
sigma,1.740932430780272,2.3566306678869267,0.04846675324090241,2800.0433389208606,2269.4187911927525,1.0001015237708513,40.21952827419039,copath_syn_app_REGION-RF_rank1_region6_iSSp-ll,6,iSSp-ll,370
u0,0.008010506575530388,0.006083953721704887,0.00011957901218478958,1333.1038403118032,607.671705732188,1.0010593738254847,19.148563471348385,copath_syn_app_REGION-RF_rank1_region6_iSSp-ll,6,iSSp-ll,370
alpha,0.3819988934271532,0.4272459542778361,0.03352492732287605,206.23044313893647,280.13731722698157,1.025240005384701,1.5342928797516366,copath_syn_app_REGION-RF_rank282_region7_iSSp-m,7,iSSp-m,282
beta,0.2567030769598997,0.5509285518204944,0.020542603384378598,645.2173300154417,932.3261659046959,1.005948803752687,4.800224158312689,copath_syn_app_REGION-RF_rank282_region7_iSSp-m,7,iSSp-m,282
gamma,0.0830292104152932,0.06184876739494489,0.002533820784668355,557.4868733178643,596.3286724636482,1.0129358264459676,4.147535772448289,copath_syn_app_REGION-RF_rank282_region7_iSSp-m,7,iSSp-m,282
sigma,0.027395405522888255,0.004901957220509574,0.00016746659379696856,771.3251970204209,647.9498910747845,1.0069075716975024,5.73842901052287,copath_syn_app_REGION-RF_rank282_region7_iSSp-m,7,iSSp-m,282
u0,0.013841722800618446,0.006310616360158605,0.0004313387003257596,196.73531116406105,208.13826523469015,1.0228290731152518,1.4636519347989128,copath_syn_app_REGION-RF_rank282_region7_iSSp-m,7,iSSp-m,282
alpha,0.4610737723381137,0.49617432226027175,0.018784618643640057,664.04506319816,625.9511456176169,1.005876846642407,6.890221148619041,copath_syn_app_REGION-RF_rank294_region8_iSSp-ul,8,iSSp-ul,294
beta,-0.2756467258699895,0.6615760335906293,0.021739248937620876,951.9837158060353,1250.7993440264015,1.0033180709234433,9.877911448052247,copath_syn_app_REGION-RF_rank294_region8_iSSp-ul,8,iSSp-ul,294
gamma,0.0823163398447209,0.05984607958176574,0.001767867843870499,861.3808307169719,588.3167804687073,1.0028411248297628,8.937803690967282,copath_syn_app_REGION-RF_rank294_region8_iSSp-ul,8,iSSp-ul,294
sigma,0.022242456044504526,0.003797851230357599,0.00011383616772113087,1142.6304190136734,1880.1670481610588,1.0026220982377363,11.856087356821513,copath_syn_app_REGION-RF_rank294_region8_iSSp-ul,8,iSSp-ul,294
u0,0.009972105467292014,0.00583936525129554,0.00017468373865122484,995.991840431579,1109.157951885685,1.000828527698557,10.334545685411975,copath_syn_app_REGION-RF_rank294_region8_iSSp-ul,8,iSSp-ul,294
alpha,0.636498052105245,0.5492530880897452,0.01423364865265366,1087.7383854344962,1411.2718869135967,1.0018354321413645,13.073935809739254,copath_syn_app_REGION-RF_rank243_region9_iSSp-tr,9,iSSp-tr,243
beta,-0.3834059475511467,0.7262578723928524,0.02257566645219503,1043.3226361052689,1660.0484162425487,1.003270229917231,12.540086252301938,copath_syn_app_REGION-RF_rank243_region9_iSSp-tr,9,iSSp-tr,243
gamma,0.07814159483945264,0.060338934505564275,0.0017738528390294761,685.4203403172562,494.56977004836983,1.00292417916945,8.238324262518255,copath_syn_app_REGION-RF_rank243_region9_iSSp-tr,9,iSSp-tr,243
sigma,0.055359668191915914,0.011791558682662826,0.0003137796626600223,1387.132024311666,1224.920513528593,1.0024041274492421,16.67246029773995,copath_syn_app_REGION-RF_rank243_region9_iSSp-tr,9,iSSp-tr,243
u0,0.0089720596312558,0.006396830396289114,0.00016632191176516126,1093.7707228578238,738.9863254956668,1.0031746745639345,13.146440736761546,copath_syn_app_REGION-RF_rank243_region9_iSSp-tr,9,iSSp-tr,243
alpha,0.8537598799440931,0.598003359593991,0.013868905055817662,1423.3599058076884,1196.636560354604,1.002692104007347,16.967181702102643,copath_syn_app_REGION-RF_rank326_region10_iSSp-un,10,iSSp-un,326
beta,-0.7402133772584804,0.7338719692846443,0.020098165829598558,1356.0390430204825,1297.1888111317894,1.003214196971106,16.16468241390984,copath_syn_app_REGION-RF_rank326_region10_iSSp-un,10,iSSp-un,326
gamma,0.080740662522646,0.0595824841919394,0.001281638376096875,1248.207359772207,709.9038998630575,1.0012064894188588,14.879273322750384,copath_syn_app_REGION-RF_rank326_region10_iSSp-un,10,iSSp-un,326
sigma,0.01408382359029274,0.016924777015524306,0.0004008896772762432,1861.2996838663582,1830.5346515609594,1.001376287662619,22.18764896311028,copath_syn_app_REGION-RF_rank326_region10_iSSp-un,10,iSSp-un,326
u0,0.006283585916517437,0.005386271155295798,0.0001306270802086967,1110.981147392504,795.524741858682,1.0025497099180491,13.243466335187021,copath_syn_app_REGION-RF_rank326_region10_iSSp-un,10,iSSp-un,326
alpha,0.619952736090486,0.5476414122033751,0.036856687935940304,262.4242022666102,206.49091843896218,1.009176479326966,1.88753651921607,copath_syn_app_REGION-RF_rank141_region11_iSSs,11,iSSs,141
beta,0.2844626596074676,0.5889382499587261,0.020507132669537177,794.8607095634609,935.1401595704172,1.0081115140447274,5.7171884453963955,copath_syn_app_REGION-RF_rank141_region11_iSSs,11,iSSs,141
gamma,0.07699474811653328,0.05844202457733742,0.0028153151530991086,353.00258946165366,539.0483210729309,1.008181767533424,2.5390389805196985,copath_syn_app_REGION-RF_rank141_region11_iSSs,11,iSSs,141
sigma,0.08831107859064719,0.015567218055725283,0.0007450893416610615,449.6432260666664,777.7120079748935,1.0057587954956726,3.234145336018603,copath_syn_app_REGION-RF_rank141_region11_iSSs,11,iSSs,141
u0,0.013406857519320947,0.007270312127361838,0.00034504672018994485,308.740946101167,125.11727448144669,1.0208696688467294,2.2206786024682947,copath_syn_app_REGION-RF_rank141_region11_iSSs,11,iSSs,141
alpha,0.3550979451688802,0.3971312090375907,0.02253702893382135,311.1178286626918,400.2348642760719,1.011658429327113,2.8003404920134276,copath_syn_app_REGION-RF_rank251_region12_iGU,12,iGU,251
beta,0.1462724319298014,0.5813877220855862,0.01999578832468878,788.93364073118,955.8977062371907,1.0069234032000103,7.101112877868408,copath_syn_app_REGION-RF_rank251_region12_iGU,12,iGU,251
gamma,0.07933472839317815,0.06045813858099628,0.0024726966632547826,367.62283729250737,242.99457124525563,1.0113862076030153,3.308936429275494,copath_syn_app_REGION-RF_rank251_region12_iGU,12,iGU,251
sigma,0.036393299154102283,0.006882531785384451,0.00026788808554401776,679.7033479374865,910.8114250364224,1.002798292103584,6.117941925629942,copath_syn_app_REGION-RF_rank251_region12_iGU,12,iGU,251
u0,0.01656875434666636,0.007139673723797733,0.0003213465454171353,456.59812254694606,302.54579139980774,1.0085328239136893,4.1097940823307475,copath_syn_app_REGION-RF_rank251_region12_iGU,12,iGU,251
alpha,0.5447216120274356,0.5219322386766906,0.03375171071799974,329.34831883885806,227.30017399715763,1.0185310656195783,2.7516088563145553,copath_syn_app_REGION-RF_rank253_region13_iVISC,13,iVISC,253
beta,0.09889747424005772,0.6708570890656185,0.021853836919727074,966.9018040193163,1210.0113914119004,1.004060436654367,8.078181715048634,copath_syn_app_REGION-RF_rank253_region13_iVISC,13,iVISC,253
gamma,0.0760351028481312,0.05961779252752522,0.0027354053656373644,366.88232646281193,415.1476268167511,1.0088011867710562,3.065194509811033,copath_syn_app_REGION-RF_rank253_region13_iVISC,13,iVISC,253
sigma,0.051366789517500476,0.011379534250581014,0.0005296218948741724,437.0802372905137,531.1248084003953,1.0130824380206624,3.6516775190739117,copath_syn_app_REGION-RF_rank253_region13_iVISC,13,iVISC,253
u0,0.01128710740788129,0.006798519244388214,0.00029541740092591353,405.6133127457878,461.1048011247372,1.019315393044293,3.3887805698394042,copath_syn_app_REGION-RF_rank253_region13_iVISC,13,iVISC,253
alpha,0.5315169523314645,0.5143097219064843,0.019339477778119608,563.2152903161191,816.5821570290334,1.0118490825330022,5.579869525705332,copath_syn_app_REGION-RF_rank123_region14_iAUDd,14,iAUDd,123
beta,0.06027607545499917,0.7882526257845719,0.028595512546232126,755.1477879190929,985.7899377432151,1.002976558310273,7.481377373204008,copath_syn_app_REGION-RF_rank123_region14_iAUDd,14,iAUDd,123
gamma,0.07974980513830894,0.05959950110140862,0.0022890475704150162,493.85018296721114,280.63366621357727,1.0202505489374627,4.892657627700557,copath_syn_app_REGION-RF_rank123_region14_iAUDd,14,iAUDd,123
sigma,0.10822368202499126,0.019410448450468278,0.0007806650804908666,580.0031240918514,862.5230783903967,1.0066757227346785,5.746189445811263,copath_syn_app_REGION-RF_rank123_region14_iAUDd,14,iAUDd,123
u0,0.010962396133450963,0.007108069189687109,0.0002491121392947248,665.7386257534475,617.826692904874,1.0096617388034757,6.595585620272522,copath_syn_app_REGION-RF_rank123_region14_iAUDd,14,iAUDd,123
alpha,0.6173703851820627,0.5216527345624429,0.018720528416110487,689.6967271218796,958.6878032630933,1.002471727378104,6.6695360905316665,copath_syn_app_REGION-RF_rank110_region15_iAUDp,15,iAUDp,110
beta,-0.031630531477428225,0.7762821986708907,0.029332991920729364,699.3464016021497,1149.0545163763347,1.0032376615568768,6.76285080361812,copath_syn_app_REGION-RF_rank110_region15_iAUDp,15,iAUDp,110
gamma,0.08454574741422903,0.06314771572804988,0.0022183433191454408,590.4272326285736,451.759977323595,1.0085128271967145,5.70957579178584,copath_syn_app_REGION-RF_rank110_region15_iAUDp,15,iAUDp,110
sigma,0.13116287435455687,0.022009661214950522,0.0007575917494336917,738.4023144145141,339.92101001174586,1.0046436363815443,7.140531035823558,copath_syn_app_REGION-RF_rank110_region15_iAUDp,15,iAUDp,110
u0,0.01088878049679494,0.007205381691324868,0.00022209003636808293,936.6339656110252,987.2502231593994,1.0042823680443766,9.057479601692537,copath_syn_app_REGION-RF_rank110_region15_iAUDp,15,iAUDp,110
alpha,0.7559981890747064,0.6231656696547533,0.052435025543600404,181.55824237724607,128.84945727083067,1.0127277071567462,1.1633352494585407,copath_syn_app_REGION-RF_rank127_region16_iAUDpo,16,iAUDpo,127
beta,0.4303747351263214,0.5912317061559651,0.031966476552201625,366.5110230190556,344.42066169291314,1.0142920502303487,2.3484210180182585,copath_syn_app_REGION-RF_rank127_region16_iAUDpo,16,iAUDpo,127
gamma,0.08431324209934217,0.062495065926521945,0.004570968326267852,162.84582815227355,150.295099854092,1.0191182338630822,1.0434353716818645,copath_syn_app_REGION-RF_rank127_region16_iAUDpo,16,iAUDpo,127
sigma,0.11358204888429971,0.02108681183794779,0.001320199001058592,195.98911040754928,49.761699775319755,1.029783334629653,1.2558011008576397,copath_syn_app_REGION-RF_rank127_region16_iAUDpo,16,iAUDpo,127
u0,0.01385418302017169,0.006767418730032335,0.0002958772316834356,485.73117090813935,407.27185264159857,1.002224094010554,3.112324648440345,copath_syn_app_REGION-RF_rank127_region16_iAUDpo,16,iAUDpo,127
alpha,0.6294899146788966,0.5325925536560455,0.025359329147827746,446.16534590574196,626.0152719168218,1.0119403953027493,3.935167411123241,copath_syn_app_REGION-RF_rank105_region17_iAUDv,17,iAUDv,105
beta,0.13221938444503878,0.7501695361419093,0.029758669548395844,626.9722765602361,1035.8188715798333,1.007200803154462,5.529880106194587,copath_syn_app_REGION-RF_rank105_region17_iAUDv,17,iAUDv,105
gamma,0.07604596939531577,0.058815063272485694,0.002765378165295353,351.49852179680397,313.36888799744514,1.0105198346276794,3.1002083436686156,copath_syn_app_REGION-RF_rank105_region17_iAUDv,17,iAUDv,105
sigma,0.1416153235760465,0.024107549513482707,0.001158088521745465,372.597659536071,448.99958959965846,1.0139696275627432,3.286302221187971,copath_syn_app_REGION-RF_rank105_region17_iAUDv,17,iAUDv,105
u0,0.011057157902988406,0.00693900243683421,0.00030842551187039636,465.9772262513873,616.3553121458925,1.009775607364165,4.109907709993802,copath_syn_app_REGION-RF_rank105_region17_iAUDv,17,iAUDv,105
alpha,0.6583804187883363,0.5776741447755822,0.03447870429643885,361.36037150649565,194.31237057442843,1.0058780376089818,3.403922112909718,copath_syn_app_REGION-RF_rank98_region18_iVISal,18,iVISal,98
beta,0.047575412664725904,0.7586707921733584,0.027696291269630285,786.1030034389514,974.8905836744187,1.0044105408059367,7.404888879417403,copath_syn_app_REGION-RF_rank98_region18_iVISal,18,iVISal,98
gamma,0.08059789939467603,0.0614445218940308,0.0025099219104759984,442.40384641123404,397.73859509755783,1.0198618511068613,4.16733088179384,copath_syn_app_REGION-RF_rank98_region18_iVISal,18,iVISal,98
sigma,0.1319049754640403,0.023603724353676074,0.0009680737786657962,447.06288274379517,736.1370754821496,1.008220993428431,4.21121781032211,copath_syn_app_REGION-RF_rank98_region18_iVISal,18,iVISal,98
u0,0.010989687891678656,0.007098203353737224,0.0002632423913254587,631.0594984174004,795.466313817805,1.0033142618406863,5.944418786900908,copath_syn_app_REGION-RF_rank98_region18_iVISal,18,iVISal,98
alpha,0.8053629846349757,0.615926180269247,0.024986161978292027,427.663132293839,1064.7886977281958,1.0149369051409374,2.476292434374846,copath_syn_app_REGION-RF_rank126_region19_iVISam,19,iVISam,126
beta,0.36780511176028974,0.5410312775512569,0.023430560277619156,590.2532847650223,558.1303778535893,1.0065137575161942,3.4177361410341582,copath_syn_app_REGION-RF_rank126_region19_iVISam,19,iVISam,126
gamma,0.08438979590529765,0.06311464307885839,0.002278725153144409,516.8581046131429,427.2561335106654,1.0071672951436927,2.9927569562378356,copath_syn_app_REGION-RF_rank126_region19_iVISam,19,iVISam,126
sigma,0.11499485630400864,0.022239321911041915,0.0008760209356186019,611.3805212656524,661.0823025683562,1.0066388826671155,3.5400689117482176,copath_syn_app_REGION-RF_rank126_region19_iVISam,19,iVISam,126
u0,0.0132502093766116,0.007150877146604008,0.0002488821054382461,705.7677931034506,378.8424813899825,1.007659477141619,4.08659833994459,copath_syn_app_REGION-RF_rank126_region19_iVISam,19,iVISam,126
alpha,0.5959973121906351,0.5417201638987037,0.04953818837407723,173.54538681713632,188.79842428830318,1.0170643485410082,1.352073443318424,copath_syn_app_REGION-RF_rank188_region20_iVISl,20,iVISl,188
beta,0.352614051632505,0.6116485417528306,0.02558732683179684,490.4594493571706,814.7994989544287,1.0059906794000486,3.8211168194240246,copath_syn_app_REGION-RF_rank188_region20_iVISl,20,iVISl,188
gamma,0.08523103366167353,0.0605247667764067,0.0034717939999275487,239.7091515244212,329.6224875800991,1.0117845194983173,1.8675482180236158,copath_syn_app_REGION-RF_rank188_region20_iVISl,20,iVISl,188
sigma,0.07933892645344852,0.014459203442721232,0.0008518680393620939,274.25811531709377,838.5084417708109,1.0226506644469107,2.136715479078289,copath_syn_app_REGION-RF_rank188_region20_iVISl,20,iVISl,188
u0,0.014488957456179726,0.007425705134453701,0.00037644063543799673,386.1026646218803,456.01809088658973,1.0232868802464419,3.008084333464846,copath_syn_app_REGION-RF_rank188_region20_iVISl,20,iVISl,188
alpha,0.6938050098089202,0.5950626134872925,0.021998948803404358,683.3340743149827,849.4978036456815,1.0057955325419192,3.2150996961262766,copath_syn_app_REGION-RF_rank167_region21_iVISp,21,iVISp,167
beta,0.445502360667603,0.4610104422159163,0.017099890121036975,834.3216712055292,948.7426093156826,1.0062706025360975,3.9254991846462497,copath_syn_app_REGION-RF_rank167_region21_iVISp,21,iVISp,167
gamma,0.0873426504401269,0.06243325174805156,0.0016022319704490488,1090.4401991846948,740.214827378913,1.00278349899844,5.130541684983438,copath_syn_app_REGION-RF_rank167_region21_iVISp,21,iVISp,167
sigma,0.061963909543969235,0.012013083612831047,0.00039954403579392506,925.0408627884448,1071.7007591320266,1.0038311562624431,4.352334690520069,copath_syn_app_REGION-RF_rank167_region21_iVISp,21,iVISp,167
u0,0.016383014459191964,0.00726011839165554,0.0002394760050901088,772.570912095931,473.34554758309287,1.0098047729980248,3.634960699428957,copath_syn_app_REGION-RF_rank167_region21_iVISp,21,iVISp,167
alpha,0.74970867137958,0.5822168249520353,0.019949375662551252,711.0501563810374,821.3198754915044,1.0043375166102706,3.671926238121497,copath_syn_app_REGION-RF_rank143_region22_iVISpl,22,iVISpl,143
beta,0.513169903733487,0.4663810374575496,0.017581981175385224,741.7213210689516,609.0442479511291,1.0036231122261081,3.8303148600219554,copath_syn_app_REGION-RF_rank143_region22_iVISpl,22,iVISpl,143
gamma,0.08546231960173337,0.06375888697385654,0.00229562254190805,372.1506009280645,239.22750797193135,1.009143465947148,1.9218187969122076,copath_syn_app_REGION-RF_rank143_region22_iVISpl,22,iVISpl,143
sigma,0.0930100188096016,0.018044915336051164,0.0006886400948970917,788.237431877527,986.5130148405813,1.0081216180135317,4.070528192711028,copath_syn_app_REGION-RF_rank143_region22_iVISpl,22,iVISpl,143
u0,0.014690540751970247,0.007291394737778687,0.00023376706521819203,801.1080625145757,378.17189538472957,1.0019674145807291,4.136993273849445,copath_syn_app_REGION-RF_rank143_region22_iVISpl,22,iVISpl,143
alpha,0.6140101698380774,0.5337629949500726,0.02437173392703309,426.46666656534643,786.1034546595483,1.0114121174586501,2.897270758480845,copath_syn_app_REGION-RF_rank130_region23_iVISpm,23,iVISpm,130
beta,0.3737185246550249,0.6433127130424289,0.025298192757642824,622.8281602853654,955.9796751336866,1.0020893618741795,4.231284547714377,copath_syn_app_REGION-RF_rank130_region23_iVISpm,23,iVISpm,130
gamma,0.08043244660805181,0.060687784261736724,0.002164167991956144,562.5177505790988,395.270551338526,1.001931172562559,3.82155595654161,copath_syn_app_REGION-RF_rank130_region23_iVISpm,23,iVISpm,130
sigma,0.11082337735933974,0.019254280866941705,0.0007802463690936369,595.8401296702951,877.4658824461175,1.0071887692232924,4.0479369661559765,copath_syn_app_REGION-RF_rank130_region23_iVISpm,23,iVISpm,130
u0,0.011651539012421946,0.006848622889461277,0.00028644782281125446,457.8649991645729,380.5821765096019,1.011388348484481,3.1105804448801115,copath_syn_app_REGION-RF_rank130_region23_iVISpm,23,iVISpm,130
alpha,0.6390721829661036,0.54022910956924,0.0310727547910887,288.6918072803656,652.5380418064411,1.0078272046761996,1.8586665590216813,copath_syn_app_REGION-RF_rank165_region24_iVISli,24,iVISli,165
beta,0.37416672666112444,0.603199033447196,0.027056275559629472,475.6775650623996,496.75372322970924,1.0065024676867267,3.0625253670593966,copath_syn_app_REGION-RF_rank165_region24_iVISli,24,iVISli,165
gamma,0.08800035496091095,0.060556775791616,0.0027307810784622773,433.7681866334846,663.773786102259,1.0146643428260775,2.7927028150132283,copath_syn_app_REGION-RF_rank165_region24_iVISli,24,iVISli,165
sigma,0.09319129894129774,0.016209223500861118,0.0008556367694319222,344.8361342654635,554.0217493186677,1.0123794540632471,2.2201370975487276,copath_syn_app_REGION-RF_rank165_region24_iVISli,24,iVISli,165
u0,0.013222363231292814,0.0070152496248480295,0.00033956508398689974,395.03850989655984,468.8488580599356,1.0053726129359413,2.543351939175132,copath_syn_app_REGION-RF_rank165_region24_iVISli,24,iVISli,165
alpha,2.450154687330586,0.6520201666777464,0.01943532774773176,1365.297457636671,734.3373900436791,1.0024556038202368,14.356289183464643,copath_syn_app_REGION-RF_rank74_region25_iVISpor,25,iVISpor,74
beta,0.3883541788020491,0.08224551236505526,0.002182869555332363,1740.8134516872622,1218.8847364698993,1.0009322741277011,18.30489113350293,copath_syn_app_REGION-RF_rank74_region25_iVISpor,25,iVISpor,74
gamma,0.18198050563774748,0.07140810396895143,0.0019082114862025025,1391.4519295984353,935.6673065481849,1.0014477816880734,14.631307027249296,copath_syn_app_REGION-RF_rank74_region25_iVISpor,25,iVISpor,74
sigma,0.1199367126227005,0.02584353623401163,0.0007683094161075726,1475.2104064019468,1231.2768991620028,1.0045338322554054,15.5120388471409,copath_syn_app_REGION-RF_rank74_region25_iVISpor,25,iVISpor,74
u0,0.01672132625654825,0.006718042384623001,0.00014398077918593635,1934.0303803915572,1334.5142861663023,1.0001211551281302,20.336593520484087,copath_syn_app_REGION-RF_rank74_region25_iVISpor,25,iVISpor,74
alpha,0.9817685626546179,0.797130817584916,0.07629861554725852,135.13436739536252,398.5220520705772,1.0310018832802765,0.718761594571366,copath_syn_app_REGION-RF_rank131_region26_iACAd,26,iACAd,131
beta,0.4170814762153158,0.3941211713566149,0.017270022508036612,412.26766205801624,864.2271421469801,1.0116110501741,2.192796457943813,copath_syn_app_REGION-RF_rank131_region26_iACAd,26,iACAd,131
gamma,0.10769685184036348,0.07708597378257077,0.007371338955103355,141.21097313130343,148.68572291095222,1.034825642077573,0.7510822463236181,copath_syn_app_REGION-RF_rank131_region26_iACAd,26,iACAd,131
sigma,0.0688146089571887,0.015317331157972658,0.0015074239026342709,77.3768427112342,45.22066777564787,1.0486259253316716,0.41155705925873204,copath_syn_app_REGION-RF_rank131_region26_iACAd,26,iACAd,131
u0,0.018878498948425176,0.0073051452931370406,0.0004918654059208586,220.65559551674133,704.4549759593712,1.0200649379470383,1.1736375486236974,copath_syn_app_REGION-RF_rank131_region26_iACAd,26,iACAd,131
alpha,1.120634549495456,0.7408037640761785,0.035748770549738074,402.61119058622575,907.94577729779,1.0109485762728625,2.197311509565766,copath_syn_app_REGION-RF_rank116_region27_iACAv,27,iACAv,116
beta,0.42379799929995177,0.3706242136044858,0.0179264599455143,483.54643467604274,463.51537725592857,1.0105783401015282,2.6390278540844663,copath_syn_app_REGION-RF_rank116_region27_iACAv,27,iACAv,116
gamma,0.1014450182196681,0.07382578371633404,0.0037208360102341693,423.8017322529616,608.3126167132126,1.0036628035780442,2.31296209799192,copath_syn_app_REGION-RF_rank116_region27_iACAv,27,iACAv,116
sigma,0.09496869824030386,0.01925212214304945,0.0009203439858477094,363.3843903517708,189.15805366406497,1.0058444509289106,1.9832253101407022,copath_syn_app_REGION-RF_rank116_region27_iACAv,27,iACAv,116
u0,0.016084486035868675,0.007082218078314675,0.00034343956538025527,388.62023012424305,398.8599555589962,1.0128072707402116,2.120953725252242,copath_syn_app_REGION-RF_rank116_region27_iACAv,27,iACAv,116
alpha,0.5170337455963336,0.3204576267619205,0.01013375994139798,NaN,NaN,NaN,NaN,copath_syn_app_REGION-RF_rank156_region28_iPL,28,iPL,156
beta,0.6656559168854445,0.43519365279118083,0.013762031660686255,NaN,NaN,NaN,NaN,copath_syn_app_REGION-RF_rank156_region28_iPL,28,iPL,156
gamma,0.09687931601455593,0.06924810931732941,0.0021898174910308862,NaN,NaN,NaN,NaN,copath_syn_app_REGION-RF_rank156_region28_iPL,28,iPL,156
u0,0.011857225331238208,0.00779506411578195,0.00024650157112917443,NaN,NaN,NaN,NaN,copath_syn_app_REGION-RF_rank156_region28_iPL,28,iPL,156
sigma,0.068087897080075,0.012316939567872363,0.0003894958283712675,NaN,NaN,NaN,NaN,copath_syn_app_REGION-RF_rank156_region28_iPL,28,iPL,156
alpha,0.6821401849174064,0.6351782434134083,0.052818131875037866,144.072523368885,587.8783840867683,1.019073953873505,0.8744387191605062,copath_syn_app_REGION-RF_rank125_region29_iILA,29,iILA,125
beta,0.5105857689680968,0.5044344790744438,0.030750855047072374,240.1588703099648,371.8274956563585,1.0068873390383426,1.4576284918060503,copath_syn_app_REGION-RF_rank125_region29_iILA,29,iILA,125
gamma,0.08506253648556733,0.060958331983486345,0.0031524669537591494,296.09628911638686,258.37199578538605,1.0255744034495144,1.7971369817697673,copath_syn_app_REGION-RF_rank125_region29_iILA,29,iILA,125
sigma,0.07564508784215719,0.013773819523221476,0.0009358560159555464,207.38783553155173,664.7627842252763,1.037225753919783,1.2587268483342544,copath_syn_app_REGION-RF_rank125_region29_iILA,29,iILA,125
u0,0.015900550902878938,0.007214298952673439,0.0003937380657699523,319.3892945220354,442.4047279616887,1.023981999044437,1.9385123483978843,copath_syn_app_REGION-RF_rank125_region29_iILA,29,iILA,125
alpha,0.6201955982055013,0.6214538319540064,0.07766000510316773,96.28370133605381,74.64259041718825,1.027639252917972,0.6564424839683232,copath_syn_app_REGION-RF_rank177_region30_iORBl,30,iORBl,177
beta,0.3465305780720049,0.46547490988860535,0.018429898496515645,359.29883697411225,692.0536048468722,1.0082556407250254,2.4496256142772266,copath_syn_app_REGION-RF_rank177_region30_iORBl,30,iORBl,177
gamma,0.08364280159494791,0.064024136667337,0.004931651081804567,175.06981979363783,360.5892707080546,1.0189702046142688,1.1935900446131775,copath_syn_app_REGION-RF_rank177_region30_iORBl,30,iORBl,177
sigma,0.053031946486279,0.009986222380147047,0.0004958739050218119,386.2134678593777,354.87577827416897,1.005482504908926,2.6331240351755767,copath_syn_app_REGION-RF_rank177_region30_iORBl,30,iORBl,177
u0,0.018056438737949668,0.007518928297292035,0.0003992912775765095,364.50834827844886,507.5150270057731,1.0109045625004827,2.4851429915012706,copath_syn_app_REGION-RF_rank177_region30_iORBl,30,iORBl,177
alpha,0.8325528490604911,0.6197531942148816,0.028877374600808876,458.78899492237986,831.4596128796157,1.0093228503756344,2.412013011526102,copath_syn_app_REGION-RF_rank140_region31_iORBm,31,iORBm,140
beta,0.4936936684029056,0.45620010495322944,0.020748830918761833,449.2089395963066,698.0198873312137,1.0128786836719648,2.3616473350313156,copath_syn_app_REGION-RF_rank140_region31_iORBm,31,iORBm,140
gamma,0.09262015214465366,0.06441362794564613,0.002176512004582237,628.1335984806913,351.6219075326489,1.0045930994016705,3.30231637916351,copath_syn_app_REGION-RF_rank140_region31_iORBm,31,iORBm,140
sigma,0.09347616675243907,0.01761757044167467,0.0007610658178801084,536.7102485979225,769.939377754625,1.0097542439849096,2.8216720918875056,copath_syn_app_REGION-RF_rank140_region31_iORBm,31,iORBm,140
u0,0.015149686359755278,0.007166114829287237,0.0002644193564347781,610.1354942331174,385.5999971484283,1.0073378058389346,3.2076940972247376,copath_syn_app_REGION-RF_rank140_region31_iORBm,31,iORBm,140
alpha,0.6790935170951795,0.6662400798150825,0.06330303349148543,175.49956661189125,71.54787692742077,1.025849276864001,1.1024188360934153,copath_syn_app_REGION-RF_rank173_region32_iORBvl,32,iORBvl,173
beta,0.3339745099656699,0.47863334125060664,0.015907096335850544,891.5421340309308,892.1674474144266,1.004356739531831,5.600314922145362,copath_syn_app_REGION-RF_rank173_region32_iORBvl,32,iORBvl,173
gamma,0.091928702493422,0.06694327418147769,0.004199301874470394,375.17277427919345,449.530981268885,1.020922758869163,2.3566869203127827,copath_syn_app_REGION-RF_rank173_region32_iORBvl,32,iORBvl,173
sigma,0.05987788718331002,0.012048191780141831,0.0006340077112857788,228.09719655356633,64.30511407897083,1.0234940687416854,1.4328163356485213,copath_syn_app_REGION-RF_rank173_region32_iORBvl,32,iORBvl,173
u0,0.018207781472012453,0.007505502805994383,0.0002873580046986507,643.3661393145634,648.2164808473866,1.0092316951910696,4.0413715211819685,copath_syn_app_REGION-RF_rank173_region32_iORBvl,32,iORBvl,173
alpha,0.5526634215579265,0.48387520672410617,0.03626945639676345,260.68266218561286,141.85708133919033,1.013211869539481,1.2942757243144045,copath_syn_app_REGION-RF_rank200_region33_iAId,33,iAId,200
beta,0.4204449831552715,0.42505897299007045,0.01730318128737984,590.4078183155805,837.017463834477,1.002164995763372,2.931343804319407,copath_syn_app_REGION-RF_rank200_region33_iAId,33,iAId,200
gamma,0.08773608077202344,0.06281347857776877,0.0019233287235180157,791.3277366941581,646.9017558833418,1.0064705565293712,3.9289006449176718,copath_syn_app_REGION-RF_rank200_region33_iAId,33,iAId,200
sigma,0.033608484678754956,0.006680008039817548,0.0002535667328986635,706.0403281694098,674.7722197286114,1.005020965233778,3.5054531416668806,copath_syn_app_REGION-RF_rank200_region33_iAId,33,iAId,200
u0,0.016551171923751898,0.006323326186422303,0.00023179419126973755,689.6835688522776,412.9235825202338,1.0148701956338733,3.4242426908638888,copath_syn_app_REGION-RF_rank200_region33_iAId,33,iAId,200
alpha,0.6470119621529404,0.48369746301674316,0.03290370291141703,208.9705740274885,350.05663030645985,1.003256283587311,1.3750506604955386,copath_syn_app_REGION-RF_rank151_region34_iAIp,34,iAIp,151
beta,0.4401690555506061,0.5510724972154235,0.027587953821184327,326.97256588343015,534.5474518706629,1.0133283175315575,2.151517479311655,copath_syn_app_REGION-RF_rank151_region34_iAIp,34,iAIp,151
gamma,0.08382548688678162,0.06239708875066605,0.003124882787972302,402.25581662048967,603.8552634145464,1.0065702441023634,2.64689001744053,copath_syn_app_REGION-RF_rank151_region34_iAIp,34,iAIp,151
sigma,0.08262780793589103,0.01533553101902417,0.0009963359887689405,219.95244863890522,471.2468543876216,1.0231764165885378,1.4473126715857765,copath_syn_app_REGION-RF_rank151_region34_iAIp,34,iAIp,151
u0,0.011821927769864758,0.0065656906992979935,0.0003985822509735444,236.02618282286872,162.19898212902885,1.0178222135860275,1.553079710362161,copath_syn_app_REGION-RF_rank151_region34_iAIp,34,iAIp,151
alpha,0.7671047429988318,0.6450685398599918,0.06030833717952722,128.57037125740106,156.7771597044192,1.0320155658382553,0.5871570722031733,copath_syn_app_REGION-RF_rank171_region35_iAIv,35,iAIv,171
beta,0.4144443182907107,0.39624685625519723,0.018588579106216665,218.07943430382005,549.8073344368323,1.0185466615031789,0.995928384598052,copath_syn_app_REGION-RF_rank171_region35_iAIv,35,iAIv,171
gamma,0.08556406585230014,0.06269078458010614,0.0026504054539547703,475.53048073743656,579.8256894508758,1.0069079324338956,2.171659629528278,copath_syn_app_REGION-RF_rank171_region35_iAIv,35,iAIv,171
sigma,0.04280176254191366,0.008186200106184328,0.0005220172615778354,249.0506548851668,188.40687663470135,1.0239027476068465,1.1373682126179576,copath_syn_app_REGION-RF_rank171_region35_iAIv,35,iAIv,171
u0,0.01772154259022787,0.006684062098653636,0.0003695870631403956,290.160864390391,140.7164175727553,1.0267477188178549,1.3251109251471245,copath_syn_app_REGION-RF_rank171_region35_iAIv,35,iAIv,171
alpha,1.31439794497317,0.9110537329237657,0.04578553098810174,400.22136377165583,893.0010268635386,1.0022220583100891,2.6617896205832468,copath_syn_app_REGION-RF_rank90_region36_iRSPagl,36,iRSPagl,90
beta,0.34844564970046804,0.4325532588892459,0.020942885935796823,497.38294628150584,260.98320417482455,1.00948922888898,3.3079912361264836,copath_syn_app_REGION-RF_rank90_region36_iRSPagl,36,iRSPagl,90
gamma,0.11404133698055327,0.07873797008874685,0.003089150668030239,608.8236505083228,828.6178815284949,1.0034049015856876,4.049160340708993,copath_syn_app_REGION-RF_rank90_region36_iRSPagl,36,iRSPagl,90
sigma,0.12193055600027151,0.025686835431749187,0.001424618671025047,314.8329427291292,613.5463669384599,1.008356326512114,2.0938888700909106,copath_syn_app_REGION-RF_rank90_region36_iRSPagl,36,iRSPagl,90
u0,0.01578019715721222,0.007155367694999617,0.00030633259019859495,487.4683934062718,513.8680941610661,1.0062443129421308,3.242051592906741,copath_syn_app_REGION-RF_rank90_region36_iRSPagl,36,iRSPagl,90
alpha,0.9796805016575518,0.7090271815310835,0.035078507340248456,428.31962174718427,416.4443568215765,1.0034271224321671,2.4234721550950233,copath_syn_app_REGION-RF_rank118_region37_iRSPd,37,iRSPd,118
beta,0.4806315794158066,0.39801732821753616,0.01787450892339255,469.35277658388924,617.3846316005105,1.0034718733129764,2.655641551810529,copath_syn_app_REGION-RF_rank118_region37_iRSPd,37,iRSPd,118
gamma,0.0913483518012292,0.06697338170138903,0.0020809585747417307,826.2623484140344,1000.1779111850364,1.0059453494607395,4.675069019758254,copath_syn_app_REGION-RF_rank118_region37_iRSPd,37,iRSPd,118
sigma,0.10742227177035663,0.020063281991038837,0.0007058508183852595,793.1298996745417,898.2674982895996,1.0063702626536153,4.487602551089984,copath_syn_app_REGION-RF_rank118_region37_iRSPd,37,iRSPd,118
u0,0.014976840392548055,0.007026350452726988,0.0002141194128869564,906.1021624106697,523.4934862209573,1.0029846245234304,5.1268100940978725,copath_syn_app_REGION-RF_rank118_region37_iRSPd,37,iRSPd,118
alpha,1.3346490840605796,0.8616736175510868,0.04096398041028117,382.9327259400492,507.5719629380693,1.015933362174208,2.6939963694311304,copath_syn_app_REGION-RF_rank82_region38_iRSPv,38,iRSPv,82
beta,0.39343748823444663,0.4134724456982204,0.01817526468150024,696.8033039889852,417.7426153372223,1.0090068337402365,4.90212887014475,copath_syn_app_REGION-RF_rank82_region38_iRSPv,38,iRSPv,82
gamma,0.10947486866616657,0.07514414444006269,0.002304176374274124,824.3066796161985,623.0093819084187,1.0070961878308156,5.799136641383666,copath_syn_app_REGION-RF_rank82_region38_iRSPv,38,iRSPv,82
sigma,0.14327195070184603,0.028524110586120723,0.0014550606406114885,378.9650162540691,905.2783588923071,1.0130976635566837,2.66608286200565,copath_syn_app_REGION-RF_rank82_region38_iRSPv,38,iRSPv,82
u0,0.014387393325650684,0.006967751573533365,0.0002068888372212521,971.7000379840125,625.5067833131861,1.003844586919856,6.83607379880833,copath_syn_app_REGION-RF_rank82_region38_iRSPv,38,iRSPv,82
alpha,0.834059202855534,0.653042895648102,0.030770359804409807,500.7848614111763,1043.8587054356758,1.0113565463378726,2.282988130706737,copath_syn_app_REGION-RF_rank172_region39_iVISa,39,iVISa,172
beta,0.49993677487553895,0.4000334522625041,0.015428323550613937,667.1553403230739,1123.4203437822425,1.006899102493893,3.0414412268836997,copath_syn_app_REGION-RF_rank172_region39_iVISa,39,iVISa,172
gamma,0.08964044311934133,0.0638997435812677,0.0017246703133938482,1024.2925145866336,768.932450079169,1.003542026261049,4.66956538299393,copath_syn_app_REGION-RF_rank172_region39_iVISa,39,iVISa,172
sigma,0.0645056234516619,0.011866478396971454,0.00046713996011000586,441.6748516067368,139.81742217029512,1.009627574581668,2.013516225327605,copath_syn_app_REGION-RF_rank172_region39_iVISa,39,iVISa,172
u0,0.01710592763381951,0.006875315425696728,0.00019217682317965534,1173.089061645944,764.5915258373483,1.0049519865971606,5.3479020840461535,copath_syn_app_REGION-RF_rank172_region39_iVISa,39,iVISa,172
alpha,0.5300353499521552,0.5456935826101367,0.029014773636490947,353.7657007176065,273.6192792956455,1.0306697051206046,3.1464299119270547,copath_syn_app_REGION-RF_rank244_region40_iVISrl,40,iVISrl,244
beta,-0.0025008969091958803,0.6959711916597582,0.019856054531857074,1335.1718930394488,1243.4075363614597,1.0053005329189804,11.875161366129896,copath_syn_app_REGION-RF_rank244_region40_iVISrl,40,iVISrl,244
gamma,0.08039295442122572,0.06021433498747527,0.0019228982238010555,701.7478856126994,841.2136966097677,1.0041119382345913,6.241420616652431,copath_syn_app_REGION-RF_rank244_region40_iVISrl,40,iVISrl,244
sigma,0.05607754518920563,0.009706330981230414,0.0003553567383230274,736.7756033835269,1466.3780782630615,1.004863010292763,6.552960878235471,copath_syn_app_REGION-RF_rank244_region40_iVISrl,40,iVISrl,244
u0,0.0114331511006673,0.006770236028160919,0.000231958923987016,732.7248747210127,523.4318663979002,1.00605877671347,6.5169332650356,copath_syn_app_REGION-RF_rank244_region40_iVISrl,40,iVISrl,244
alpha,0.7736957217761214,0.6273362521217665,0.0243760670702017,641.8395229302854,1044.0698285676776,1.0022230395992284,4.727298674480828,copath_syn_app_REGION-RF_rank113_region41_iTEa,41,iTEa,113
beta,0.43226338321416485,0.48349807971770575,0.01806898625431994,862.1603198592774,369.08410847865053,1.002841817634247,6.350013035428821,copath_syn_app_REGION-RF_rank113_region41_iTEa,41,iTEa,113
gamma,0.09168885499067522,0.06574110377027689,0.0019558351374059247,845.0005114507094,693.7404801397438,1.002429432586977,6.223627020473212,copath_syn_app_REGION-RF_rank113_region41_iTEa,41,iTEa,113
sigma,0.10936784094735147,0.019783743479477076,0.0007657676885351921,636.0828308344823,1301.2493821794833,1.004305031183429,4.684899286562735,copath_syn_app_REGION-RF_rank113_region41_iTEa,41,iTEa,113
u0,0.015204763133148733,0.007439422349221743,0.00025813389813257907,701.6642083238578,689.0392572831389,1.0045418233171262,5.1679215184451825,copath_syn_app_REGION-RF_rank113_region41_iTEa,41,iTEa,113
alpha,1.923206847100715,0.5485332511953248,0.013171987996587958,1567.0428223088006,956.5646976603374,1.001003482696477,20.20296296407917,copath_syn_app_REGION-RF_rank45_region42_iPERI,42,iPERI,45
beta,0.46376181852922105,0.09050325518792096,0.002665360851167544,1314.0030876376259,1204.3486426085692,1.0031321822881412,16.940670246085553,copath_syn_app_REGION-RF_rank45_region42_iPERI,42,iPERI,45
gamma,0.13434181465848166,0.06739091941566494,0.0017934646222221527,1309.3375495627413,922.4120889951191,1.0036980946114662,16.880520203219767,copath_syn_app_REGION-RF_rank45_region42_iPERI,42,iPERI,45
sigma,0.15092720764344023,0.027059339326214845,0.0005353235757925278,2629.8583747582165,2625.47854154506,1.002484934941594,33.905219812521324,copath_syn_app_REGION-RF_rank45_region42_iPERI,42,iPERI,45
u0,0.013738281680359416,0.006532532016790556,0.00013908296839734626,1938.916689936842,1368.4434393122267,1.0007994952818788,24.997314380672236,copath_syn_app_REGION-RF_rank45_region42_iPERI,42,iPERI,45
alpha,1.293490022211054,0.7781202589240321,0.02724375868009785,602.9022565324021,543.6797257141203,1.0034733719607538,3.326852863777788,copath_syn_app_REGION-RF_rank108_region43_iECT,43,iECT,108
beta,0.43105641344961326,0.3218238248573219,0.017500688197919584,600.764078353806,464.75141492117905,1.0044857198063508,3.3150542610695437,copath_syn_app_REGION-RF_rank108_region43_iECT,43,iECT,108
gamma,0.10663676632014375,0.07007343563334945,0.0016996399197550284,1268.8089726036212,1066.8570279447806,1.0046894954351941,7.001368328543403,copath_syn_app_REGION-RF_rank108_region43_iECT,43,iECT,108
sigma,0.09956860994872314,0.01872858093568578,0.0005156728374825312,1312.4838586845162,1689.9354328364338,1.0019889060023073,7.24236911807285,copath_syn_app_REGION-RF_rank108_region43_iECT,43,iECT,108
u0,0.0172810663527203,0.006821520599267928,0.00016466970306008792,1524.1773076494667,1085.0299609888011,1.0085575111526635,8.410506986693006,copath_syn_app_REGION-RF_rank108_region43_iECT,43,iECT,108
alpha,0.7849814758889845,0.610777461426478,0.01292926521576806,1494.3708661284259,1020.946274079303,1.0009626900448305,21.694964738148776,copath_syn_app_REGION-RF_rank1_region44_iMOB,44,iMOB,371
beta,-0.04700845863759433,1.005927073090846,0.01889312358751893,2835.939214764105,2491.830156108032,1.0006641604155166,41.17157437848035,copath_syn_app_REGION-RF_rank1_region44_iMOB,44,iMOB,371
gamma,0.07718286783680374,0.06034565438399226,0.0011606899369559058,1868.6779778030725,1332.625149547082,1.001133551196816,27.129077362452236,copath_syn_app_REGION-RF_rank1_region44_iMOB,44,iMOB,371
sigma,1.6240153252992588,2.113019755646017,0.042072271702999604,2352.277814177765,2268.610041783548,1.0005799145906207,34.149878982270366,copath_syn_app_REGION-RF_rank1_region44_iMOB,44,iMOB,371
u0,0.008146692279882189,0.005985830569161728,0.00011829000064724309,1731.0760380880126,1162.3263290825091,1.0021957981160499,25.131401084305,copath_syn_app_REGION-RF_rank1_region44_iMOB,44,iMOB,371
alpha,1.6520053071837024,1.008832416536901,0.048379034708913284,421.4257297156027,657.9365806533489,1.013365594968234,2.0003784524623596,copath_syn_app_REGION-RF_rank135_region45_iAON,45,iAON,135
beta,0.30595223614463796,0.25154923695401177,0.011929528065473958,604.7108865846199,613.9667348565367,1.0121991825333938,2.8703767762580865,copath_syn_app_REGION-RF_rank135_region45_iAON,45,iAON,135
gamma,0.14326385556617469,0.08885771467400333,0.0038472462009780314,502.28232333076494,738.5825109935008,1.0124458820280424,2.3841798585047203,copath_syn_app_REGION-RF_rank135_region45_iAON,45,iAON,135
sigma,0.055916278250063144,0.012936016324261442,0.0006038468577783825,435.7074143867364,572.6069814498325,1.0081957110846678,2.068169221431965,copath_syn_app_REGION-RF_rank135_region45_iAON,45,iAON,135
u0,0.02034262950703616,0.006961387930328448,0.00018234509114319297,1390.6046760085487,1182.932100256659,1.0079164496506867,6.600773122367597,copath_syn_app_REGION-RF_rank135_region45_iAON,45,iAON,135
alpha,1.2573640989666326,0.8434175768312565,0.0788178749033102,132.9128116512105,859.4176087180969,1.028511124000585,0.6311509281213104,copath_syn_app_REGION-RF_rank136_region46_iTT,46,iTT,136
beta,0.36664971899267507,0.2889972092415669,0.014715169101092825,213.7973644178519,956.0557268678589,1.0195339032190391,1.0152400156602082,copath_syn_app_REGION-RF_rank136_region46_iTT,46,iTT,136
gamma,0.11783514676672954,0.07576312646798457,0.005668365797307312,183.38617144448756,768.6644084093333,1.0308916099886367,0.8708291614170207,copath_syn_app_REGION-RF_rank136_region46_iTT,46,iTT,136
sigma,0.05755753811733591,0.012374478029976228,0.001261629451136915,69.43230022601115,66.04625078595375,1.0589663676280052,0.3297068219747144,copath_syn_app_REGION-RF_rank136_region46_iTT,46,iTT,136
u0,0.018368537093019787,0.006696846585652076,0.00026534714755477805,623.5665339276023,936.002781103556,1.0076134328086341,2.961073441637711,copath_syn_app_REGION-RF_rank136_region46_iTT,46,iTT,136
alpha,0.7075336714670462,0.6381947458306361,0.04190810501593336,369.85466089100913,183.8706077869099,1.0106312977626215,1.863472968474824,copath_syn_app_REGION-RF_rank186_region47_iDP,47,iDP,186
beta,0.44981219402903105,0.43602861013805966,0.01471924173294377,721.4579039874815,1109.797401239715,1.0060037277718852,3.6349881294840762,copath_syn_app_REGION-RF_rank186_region47_iDP,47,iDP,186
gamma,0.08651590436316635,0.06776298025353972,0.0032010175662927245,459.951140709034,478.9854370246895,1.0078082330900788,2.3174144012829463,copath_syn_app_REGION-RF_rank186_region47_iDP,47,iDP,186
sigma,0.055367587970501606,0.01107860156834436,0.0005230265768875364,368.8155888454937,175.5648214740141,1.0062779959877448,1.8582377156204968,copath_syn_app_REGION-RF_rank186_region47_iDP,47,iDP,186
u0,0.017966021966967324,0.007144582720481101,0.0002711417273353359,663.1775024147165,632.1725139564603,1.0041298854191614,3.3413485883165546,copath_syn_app_REGION-RF_rank186_region47_iDP,47,iDP,186
alpha,2.4126312436830823,0.6865835617927045,0.02344694853791331,981.9702842303019,490.6502339228755,1.0015582482748844,8.377656780649774,copath_syn_app_REGION-RF_rank102_region48_iPIR,48,iPIR,102
beta,0.25784069192944903,0.06068274932515134,0.0027927006942367657,1053.2306193995519,623.2645357672126,1.0023089202678457,8.985612682889712,copath_syn_app_REGION-RF_rank102_region48_iPIR,48,iPIR,102
gamma,0.20609102784974306,0.08056864118815558,0.0021669874424768004,1336.1398724872658,1037.1707462837262,1.0031942084126388,11.39924643586689,copath_syn_app_REGION-RF_rank102_region48_iPIR,48,iPIR,102
sigma,0.05097612799718658,0.011597261186777608,0.0003908232908552762,958.8096151582309,1262.165505228046,1.0051459860888445,8.180062067844275,copath_syn_app_REGION-RF_rank102_region48_iPIR,48,iPIR,102
u0,0.016029897842423067,0.006269836311991594,0.00013645926552737558,1971.212199343796,1668.7794719399628,1.0038346887601013,16.817351312088217,copath_syn_app_REGION-RF_rank102_region48_iPIR,48,iPIR,102
alpha,0.7853281388687325,0.5895934089060151,0.01147235515538943,1630.4264369753155,934.6906878741272,1.000933865712879,22.95082259255793,copath_syn_app_REGION-RF_rank1_region49_iNLOT,49,iNLOT,372
beta,0.018226514227822437,0.9959730264799719,0.018792588919887238,2798.746440838775,2361.922190016181,1.0016541757960493,39.39676859288816,copath_syn_app_REGION-RF_rank1_region49_iNLOT,49,iNLOT,372
gamma,0.07928898630210632,0.06044527536499119,0.001154323854432637,1643.1664363864309,966.1004046625848,1.002478368516101,23.130158169854035,copath_syn_app_REGION-RF_rank1_region49_iNLOT,49,iNLOT,372
sigma,1.6634978279301693,2.11190372559101,0.043510447298027236,2971.344360296909,2571.25140095783,1.000980556865112,41.82635642309838,copath_syn_app_REGION-RF_rank1_region49_iNLOT,49,iNLOT,372
u0,0.008014363940673504,0.00615095665300045,0.0001271993549733495,1560.5030752376335,1174.338748177272,1.0011709509437707,21.966541036565786,copath_syn_app_REGION-RF_rank1_region49_iNLOT,49,iNLOT,372
alpha,1.7123803851106794,1.1412472461421892,0.036089406712041285,NaN,NaN,NaN,NaN,copath_syn_app_REGION-RF_rank139_region50_iCOAp,50,iCOAp,139
beta,0.2623911254658385,0.22366344048884812,0.007072859012542842,NaN,NaN,NaN,NaN,copath_syn_app_REGION-RF_rank139_region50_iCOAp,50,iCOAp,139
gamma,0.15953714761241278,0.11144767670485037,0.0035242849832141624,NaN,NaN,NaN,NaN,copath_syn_app_REGION-RF_rank139_region50_iCOAp,50,iCOAp,139
u0,0.021010959054304477,0.009331609964187804,0.00029509141723155745,NaN,NaN,NaN,NaN,copath_syn_app_REGION-RF_rank139_region50_iCOAp,50,iCOAp,139
sigma,0.047894702268618826,0.009706052755211466,0.00030693233796220964,NaN,NaN,NaN,NaN,copath_syn_app_REGION-RF_rank139_region50_iCOAp,50,iCOAp,139
alpha,0.5298753592835417,0.4874281452132044,0.018203917661594186,663.4301229525653,915.2734085592867,1.0094236374232006,5.332696634883329,copath_syn_app_REGION-RF_rank137_region51_iPAA,51,iPAA,137
beta,0.17403416403358368,0.6899717859022689,0.023209955451970913,956.5069398374145,947.8149360538192,1.0039044890243338,7.688468103638146,copath_syn_app_REGION-RF_rank137_region51_iPAA,51,iPAA,137
gamma,0.07813671969398799,0.06338485988606599,0.002533324775877731,403.35530375418216,279.41851290286814,1.0132479288443204,3.2421974772858833,copath_syn_app_REGION-RF_rank137_region51_iPAA,51,iPAA,137
sigma,0.08753189459002543,0.0153651674138831,0.00059891198173479,635.4710694331811,1112.7946303082028,1.0121576840253288,5.107959853330824,copath_syn_app_REGION-RF_rank137_region51_iPAA,51,iPAA,137
u0,0.013009975892471534,0.007468388307809574,0.0002972037919106968,527.2910034377442,569.2237798086041,1.0170564913052709,4.2384010950882915,copath_syn_app_REGION-RF_rank137_region51_iPAA,51,iPAA,137
alpha,2.2983174539432194,0.5320511691124393,0.012204886903321256,1895.114350868257,1906.8016045164036,1.0017980317753665,18.401490973309805,copath_syn_app_REGION-RF_rank61_region52_iTR,52,iTR,61
beta,0.3862792438412535,0.05873688428600366,0.0014884895755951995,1512.3028882103213,1308.2900917834208,1.0024127622482515,14.684405684312791,copath_syn_app_REGION-RF_rank61_region52_iTR,52,iTR,61
gamma,0.18368273773376176,0.06296465501644899,0.001600269913066938,1514.7113402461355,972.3351969326885,1.0012505108335683,14.707791665415398,copath_syn_app_REGION-RF_rank61_region52_iTR,52,iTR,61
sigma,0.07892008061814555,0.01495410416694654,0.0003100257252913071,2534.215702910321,2562.693905127744,1.0013295067004504,24.607141706334986,copath_syn_app_REGION-RF_rank61_region52_iTR,52,iTR,61
u0,0.014353186721536819,0.0060963294425414845,0.00011510922125090044,2605.0359795102254,2146.649242750872,1.000219859885822,25.29480399963321,copath_syn_app_REGION-RF_rank61_region52_iTR,52,iTR,61
alpha,1.5520364393217585,0.3156089836112095,0.00914782606864428,1245.3754693717501,1495.0384979552452,1.004860704767913,8.996882522209098,copath_syn_app_REGION-RF_rank12_region53_iCA1,53,iCA1,12
beta,1.0582247542603644,0.12775347429918185,0.0032400977415349944,1563.5035579549042,1429.4416919176285,1.0017757770116733,11.295113947500807,copath_syn_app_REGION-RF_rank12_region53_iCA1,53,iCA1,12
gamma,0.146295134915756,0.04028224997991259,0.000993676176088891,1634.2933332460793,1692.4467640190169,1.002431405205683,11.806515775890418,copath_syn_app_REGION-RF_rank12_region53_iCA1,53,iCA1,12
sigma,0.14383835909000894,0.02632464955364858,0.0005833716372393049,2008.000571113552,1657.8847584709642,1.002473878452026,14.506263923723312,copath_syn_app_REGION-RF_rank12_region53_iCA1,53,iCA1,12
u0,0.01024047578672618,0.0061810283304216665,0.0001484920908438821,1342.2195850348335,948.9742796996068,1.0066112408531969,9.696506975248575,copath_syn_app_REGION-RF_rank12_region53_iCA1,53,iCA1,12
alpha,1.7330875819750553,0.39478912448026576,0.012478569514830567,957.874879590369,1559.2082841510069,1.0022719928373274,7.441423218955338,copath_syn_app_REGION-RF_rank10_region54_iCA2,54,iCA2,10
beta,1.234947891830161,0.1421275511908417,0.004772160662149144,912.1582824406898,1040.6506606088292,1.0019721445790903,7.086265614585617,copath_syn_app_REGION-RF_rank10_region54_iCA2,54,iCA2,10
gamma,0.14757750505041878,0.03704064891287222,0.001252789644626069,888.6413208135269,874.2546211332874,1.002642864791434,6.903569870057386,copath_syn_app_REGION-RF_rank10_region54_iCA2,54,iCA2,10
sigma,0.16366077808404147,0.0286755325800993,0.0008871816916661795,955.1589727631973,665.2635859773375,1.0083349251118654,7.420324208474055,copath_syn_app_REGION-RF_rank10_region54_iCA2,54,iCA2,10
u0,0.010734910438530197,0.006404363657378934,0.00015612534779710116,1100.4903324129743,704.8872457833204,1.0014790739492585,8.54935700511936,copath_syn_app_REGION-RF_rank10_region54_iCA2,54,iCA2,10
alpha,1.3573869411141473,0.44417481131137243,0.02093312311750129,252.58092015121764,90.56821677319076,1.0142053697116047,2.173636599638712,copath_syn_app_REGION-RF_rank3_region55_iCA3,55,iCA3,3
beta,2.2010584482742157,0.22830118665460714,0.017130622084438187,194.86920261260124,125.01792092400171,1.0153671444266308,1.6769866492194734,copath_syn_app_REGION-RF_rank3_region55_iCA3,55,iCA3,3
gamma,0.14249419909477506,0.033984935626736185,0.0024998701943246865,205.98546431017132,172.89633756681638,1.0160325353631983,1.772649905424789,copath_syn_app_REGION-RF_rank3_region55_iCA3,55,iCA3,3
sigma,0.29138002116375117,0.05458608093580537,0.003617720960141328,174.60723949836876,66.66220369451692,1.014346807009432,1.5026181950256343,copath_syn_app_REGION-RF_rank3_region55_iCA3,55,iCA3,3
u0,0.009084649151949082,0.005884194933171763,0.00022182863509817498,668.0266427150037,931.0706406723518,1.0025431340434243,5.748839458141888,copath_syn_app_REGION-RF_rank3_region55_iCA3,55,iCA3,3
alpha,1.1911246488183342,0.22685014453311536,0.007755499054991522,914.8387530631497,1111.5648299542124,1.000273701254986,5.581143714238694,copath_syn_app_REGION-RF_rank4_region56_iDG,56,iDG,4
beta,1.8650110140443004,0.1565195030664764,0.004865653274321851,1031.6268151059278,1258.4063271073949,1.00245242933754,6.293630976267893,copath_syn_app_REGION-RF_rank4_region56_iDG,56,iDG,4
gamma,0.03847029830737304,0.019245956297694232,0.0006005448174273112,971.1701152603462,1149.930372466409,1.0026154194377719,5.924803651018486,copath_syn_app_REGION-RF_rank4_region56_iDG,56,iDG,4
sigma,0.20582141800998688,0.03699417131956132,0.0008745399855945178,1871.422143950147,1941.20094806129,1.0035430206894018,11.416958344213787,copath_syn_app_REGION-RF_rank4_region56_iDG,56,iDG,4
u0,0.009440432740630732,0.00630151145529306,0.00015183621437967864,1213.021483307433,815.0073711754119,1.0005948123216248,7.4002628377183015,copath_syn_app_REGION-RF_rank4_region56_iDG,56,iDG,4
alpha,2.0521916039862877,0.4796405252907039,0.011027709317786145,1859.766249352653,1861.1838816568913,1.0008842742360027,18.34704190115673,copath_syn_app_REGION-RF_rank28_region57_iFC,57,iFC,28
beta,0.5788072328967641,0.09919802129486006,0.002527861597696621,1617.715514944324,1144.6730434758917,1.0018519876830727,15.959153117853363,copath_syn_app_REGION-RF_rank28_region57_iFC,57,iFC,28
gamma,0.1478311875811708,0.059369804596426,0.0014388754027201754,1656.7520133998614,1636.7903703438965,1.0027535958962126,16.34425757551705,copath_syn_app_REGION-RF_rank28_region57_iFC,57,iFC,28
sigma,0.15326467939923244,0.02771024070334767,0.0005801526175273696,2364.041524383649,2286.8390667453423,1.001977080684036,23.321838924132837,copath_syn_app_REGION-RF_rank28_region57_iFC,57,iFC,28
u0,0.012993475183077351,0.006233433588922997,0.00013083844930009153,1855.3305642099722,614.4698126769472,1.0024023951552938,18.3032827990645,copath_syn_app_REGION-RF_rank28_region57_iFC,57,iFC,28
alpha,0.8061662821407689,0.6376088838495167,0.022104947771890263,813.9344696705843,938.8232087841169,1.0016249236214758,6.617568617439464,copath_syn_app_REGION-RF_rank83_region58_iIG,58,iIG,83
beta,0.12673273954790987,0.77133710228189,0.028232939019937172,717.0892412895327,1175.2351865886646,1.0055023302182333,5.83018343108339,copath_syn_app_REGION-RF_rank83_region58_iIG,58,iIG,83
gamma,0.08152190718513043,0.0634501115093796,0.0026526018552974614,304.3287256169029,204.74007138831317,1.0195837489626445,2.4742977464055977,copath_syn_app_REGION-RF_rank83_region58_iIG,58,iIG,83
sigma,0.27677088085358503,0.04803768874192559,0.0019613492355008573,494.59554315348583,547.3891404253167,1.008989528209832,4.021232748654313,copath_syn_app_REGION-RF_rank83_region58_iIG,58,iIG,83
u0,0.010168008662827166,0.006601012827389092,0.0002089164263840692,833.1235384848541,786.6390712302161,1.0035890504908052,6.7735823806046875,copath_syn_app_REGION-RF_rank83_region58_iIG,58,iIG,83
alpha,1.8358114274941386,0.39065407002327845,0.01001604564690072,1547.8364411024368,1605.2765132783275,1.000742350526115,12.49272747239636,copath_syn_app_REGION-RF_rank17_region59_iENTl,59,iENTl,17
beta,0.7966685283111884,0.10427665140416102,0.0026205878254179685,1578.1790143983621,1565.31037796506,1.0010902656969067,12.737625117219364,copath_syn_app_REGION-RF_rank17_region59_iENTl,59,iENTl,17
gamma,0.15033688825185193,0.04575631438183889,0.001132151346670829,1609.6947233783048,1486.4029470359187,0.9999126935243269,12.991991245920506,copath_syn_app_REGION-RF_rank17_region59_iENTl,59,iENTl,17
sigma,0.1300868931993206,0.02391528972106824,0.0005504349670538695,2109.1580010756907,1927.5929295223805,1.0025374807778304,17.023204392898172,copath_syn_app_REGION-RF_rank17_region59_iENTl,59,iENTl,17
u0,0.011238384325345102,0.0062980312548736725,0.00014294180985415466,1488.5759971083387,1083.0300245209144,1.0027166203763294,12.014431085871061,copath_syn_app_REGION-RF_rank17_region59_iENTl,59,iENTl,17
alpha,2.1161220654989004,0.4238980271569776,0.009803436750098812,1864.0217149009663,1851.1778207474097,1.0013499110772064,17.51422746526761,copath_syn_app_REGION-RF_rank32_region60_iENTm,60,iENTm,32
beta,0.585467188946313,0.08477707228396907,0.0021067623378466277,1690.1011415011974,1790.2394807625485,1.000146366990168,15.880081007067597,copath_syn_app_REGION-RF_rank32_region60_iENTm,60,iENTm,32
gamma,0.20549663962349787,0.057114343743220664,0.0013661705515144056,1856.7778697638619,1838.3334702923194,1.0002660995382293,17.446164764903003,copath_syn_app_REGION-RF_rank32_region60_iENTm,60,iENTm,32
sigma,0.10692584838727284,0.01990350284393773,0.0004646895751762492,2057.4622869440304,2182.3465525460883,1.0007139877998672,19.331782568134912,copath_syn_app_REGION-RF_rank32_region60_iENTm,60,iENTm,32
u0,0.011700552547864312,0.005922633323057623,0.0001270030126898334,1827.5163268116637,1343.4403758029373,1.0028173280438182,17.171225200008116,copath_syn_app_REGION-RF_rank32_region60_iENTm,60,iENTm,32
alpha,2.021301859467706,0.4393865414327134,0.009924487312340545,1923.9380799456453,2155.7739527782455,1.002884900237896,18.514536688116685,copath_syn_app_REGION-RF_rank31_region61_iPAR,61,iPAR,31
beta,0.5514785743085451,0.09374936047456778,0.0021256677880247847,1932.5385735004982,2099.770619324605,1.0006619803361028,18.59730138575276,copath_syn_app_REGION-RF_rank31_region61_iPAR,61,iPAR,31
gamma,0.19766896417949537,0.06604426551692721,0.0015190186574934215,1852.20348821356,1860.2725317912987,1.0023669955252625,17.82421679462599,copath_syn_app_REGION-RF_rank31_region61_iPAR,61,iPAR,31
sigma,0.13686980959386838,0.02580035194501019,0.0005778802830484355,2120.8269649798217,2187.7639293249845,1.001151372441748,20.409247606022436,copath_syn_app_REGION-RF_rank31_region61_iPAR,61,iPAR,31
u0,0.010577657219253592,0.005746063871101286,0.00011404105010007937,2205.310193784428,1486.3298215762227,1.0021496629915003,21.22225081830754,copath_syn_app_REGION-RF_rank31_region61_iPAR,61,iPAR,31
alpha,1.5967756857279922,0.808102642639977,0.033209948645230504,545.7723584929379,450.41892263985727,1.0042649523430538,3.5561225907511234,copath_syn_app_REGION-RF_rank104_region62_iPOST,62,iPOST,104
beta,0.3538099081469436,0.22571840530272522,0.012778623259519858,578.6892312497625,448.7204007957299,1.0036577514592544,3.7706010871532807,copath_syn_app_REGION-RF_rank104_region62_iPOST,62,iPOST,104
gamma,0.12493681466507434,0.07370140481241676,0.0019583173223861566,1114.6571442500815,610.3039745603779,1.0028293728474844,7.262840248185892,copath_syn_app_REGION-RF_rank104_region62_iPOST,62,iPOST,104
sigma,0.07635352147298399,0.015307300426576135,0.0004585231380577108,1139.7082719522482,1689.1132361362304,1.0018356534570052,7.4260674247901814,copath_syn_app_REGION-RF_rank104_region62_iPOST,62,iPOST,104
u0,0.018322812520267944,0.00667104227666309,0.000134634910344247,2208.238048855993,1341.5259954479186,1.001258323067718,14.388352742848907,copath_syn_app_REGION-RF_rank104_region62_iPOST,62,iPOST,104
alpha,2.071939015024982,0.565010470234289,0.014018934085812078,1590.3197124538112,1091.6380118688476,1.0017863506255364,16.620018523454714,copath_syn_app_REGION-RF_rank46_region63_iPRE,63,iPRE,46
beta,0.4376292798237815,0.08686548931561315,0.0021279723168316656,1744.2276055788286,1612.8253987678927,1.0020563042969257,18.228469965395806,copath_syn_app_REGION-RF_rank46_region63_iPRE,63,iPRE,46
gamma,0.1577054885712706,0.06967885698037006,0.0016017441534449004,1783.8207334817448,1267.7719179005694,1.0014500645096318,18.64224746811735,copath_syn_app_REGION-RF_rank46_region63_iPRE,63,iPRE,46
sigma,0.14347413761213165,0.026427125114744432,0.0005644548588698995,2407.0452768694527,2049.622691652803,1.0000205525249548,25.15540540375864,copath_syn_app_REGION-RF_rank46_region63_iPRE,63,iPRE,46
u0,0.013278812932986793,0.0063861713579792005,0.00012185566645988042,2407.5674412911053,1798.618810242509,1.000630871908204,25.1608624085937,copath_syn_app_REGION-RF_rank46_region63_iPRE,63,iPRE,46
alpha,2.445213659073157,0.5146850634083416,0.01211344590314255,1766.6678154092706,1944.5779105947545,1.0002127256913602,16.742651232567315,copath_syn_app_REGION-RF_rank52_region64_iSUB,64,iSUB,52
beta,0.4379097583219458,0.06307121847741748,0.0015705055005148611,1608.70561565151,1489.689262143758,1.0013617779516524,15.245648799282687,copath_syn_app_REGION-RF_rank52_region64_iSUB,64,iSUB,52
gamma,0.1587803153627878,0.053226011753884986,0.001354701993962071,1542.3546569668727,1249.5962666440232,1.0016130316646061,14.616843004263426,copath_syn_app_REGION-RF_rank52_region64_iSUB,64,iSUB,52
sigma,0.08373549446346598,0.015382646546043943,0.0003284138115005169,2222.595003729045,2026.6163047721207,1.0031924151054228,21.063457801240013,copath_syn_app_REGION-RF_rank52_region64_iSUB,64,iSUB,52
u0,0.01643071623899837,0.006487938470283281,0.00013553615904101352,2073.1852162679365,2037.6184422302738,1.0004804403204468,19.64750629050632,copath_syn_app_REGION-RF_rank52_region64_iSUB,64,iSUB,52
alpha,2.032196835887069,0.4973693205007617,0.011922052351569725,1687.258792310466,1790.720547031215,1.0017770654658682,16.073111363865966,copath_syn_app_REGION-RF_rank27_region65_iProS,65,iProS,27
beta,0.5748226539707388,0.08930937525579467,0.002136332183868065,1785.5638103043523,1936.353226745632,0.9998217807903905,17.009581518322175,copath_syn_app_REGION-RF_rank27_region65_iProS,65,iProS,27
gamma,0.12230387308710712,0.05246957622504266,0.0012428016528540059,1714.1705429564686,1448.4151976292435,1.0002618288048404,16.329477232042873,copath_syn_app_REGION-RF_rank27_region65_iProS,65,iProS,27
sigma,0.13153090200687445,0.023910888316902357,0.000514013998396024,2246.4798887748593,2190.36000544503,1.0007665842860043,21.40034569297978,copath_syn_app_REGION-RF_rank27_region65_iProS,65,iProS,27
u0,0.013944225591401349,0.006345376309080125,0.00013462496594810548,1854.319999473397,1198.6101730668697,1.0021764246303575,17.664564553826633,copath_syn_app_REGION-RF_rank27_region65_iProS,65,iProS,27
alpha,2.0858362109279063,0.9918321970407803,0.07911379881798211,162.26932578796507,168.7256753782157,1.0340683255158616,1.238262333745136,copath_syn_app_REGION-RF_rank99_region66_iHATA,66,iHATA,99
beta,0.32422675388357575,0.24968886620008848,0.020285195784993056,116.50708057316523,69.55745029412829,1.0459071454713949,0.8890548400803171,copath_syn_app_REGION-RF_rank99_region66_iHATA,66,iHATA,99
gamma,0.16356341245591494,0.0919725307380847,0.007702493929867662,134.19551688566287,116.55019739597184,1.0343514767459252,1.024033674325526,copath_syn_app_REGION-RF_rank99_region66_iHATA,66,iHATA,99
sigma,0.082578143587748,0.021427862288096754,0.0017296604549320801,146.01373395912577,346.4872158498954,1.0355914951812355,1.114217404263585,copath_syn_app_REGION-RF_rank99_region66_iHATA,66,iHATA,99
u0,0.018933701937915576,0.007013133698706515,0.0003321260454042792,438.87682594622714,833.0046569458763,1.0157552896660091,3.349028783375511,copath_syn_app_REGION-RF_rank99_region66_iHATA,66,iHATA,99
alpha,0.6972402660304524,0.5780325210955846,0.030091787161677538,414.8627684939742,279.5839584799756,1.0190721155509093,2.6700569489108625,copath_syn_app_REGION-RF_rank117_region67_iAPr,67,iAPr,117
beta,0.4536351071733039,0.47652256459787184,0.01963625279687645,612.5093375199475,620.9489938096418,1.0052029449506479,3.9421103485734443,copath_syn_app_REGION-RF_rank117_region67_iAPr,67,iAPr,117
gamma,0.0864105171305269,0.06330833258677161,0.0027868993534311483,429.1826174933849,697.7104272899246,1.007846933244668,2.762219502969473,copath_syn_app_REGION-RF_rank117_region67_iAPr,67,iAPr,117
sigma,0.08792119352693516,0.015582655068768443,0.0007486966664946383,402.18395827430203,728.9033328078383,1.0077289876351223,2.5884561211145996,copath_syn_app_REGION-RF_rank117_region67_iAPr,67,iAPr,117
u0,0.014305074363767965,0.007156955994743331,0.00039608065510625385,287.5734092746647,226.35109111734823,1.008045880385447,1.8508225805443872,copath_syn_app_REGION-RF_rank117_region67_iAPr,67,iAPr,117
alpha,0.6615216919179627,0.5105601318728061,0.024177966228126443,473.1897262645609,513.840795032748,1.010319254986971,2.2803225206715863,copath_syn_app_REGION-RF_rank190_region68_iCLA,68,iCLA,190
beta,0.5635415412278953,0.46284665189013763,0.017164099145357773,685.6743161102178,1020.8753398530467,1.0063039569081023,3.304295292324311,copath_syn_app_REGION-RF_rank190_region68_iCLA,68,iCLA,190
gamma,0.08515006768965182,0.06490591070898316,0.0024809545784377426,447.3815468512966,269.7851659219009,1.0134489880598683,2.1559517461871556,copath_syn_app_REGION-RF_rank190_region68_iCLA,68,iCLA,190
sigma,0.061053245046109254,0.011274419738155454,0.00047321352400865667,558.1808613839605,633.1081910354133,1.0058230475435168,2.689898613965402,copath_syn_app_REGION-RF_rank190_region68_iCLA,68,iCLA,190
u0,0.01202651346435669,0.0060814514281526426,0.00021176945194067471,650.5038504983177,290.4988599174491,1.0049982877908443,3.134807240606803,copath_syn_app_REGION-RF_rank190_region68_iCLA,68,iCLA,190
alpha,2.424785647333982,0.5485631928861046,0.01472659916827597,1733.3307701384495,1038.5874863136403,1.0029046405814508,16.232272647691573,copath_syn_app_REGION-RF_rank79_region69_iEP,69,iEP,79
beta,0.31997957308303365,0.06005110299744518,0.0026165843362384853,1706.627636763295,1058.5178827356149,1.0032677026875099,15.982203503959385,copath_syn_app_REGION-RF_rank79_region69_iEP,69,iEP,79
gamma,0.20300667119931068,0.06570057929614866,0.0014032599885050532,2166.1672053182906,1948.0545139126389,1.0013565892187812,20.285693465423247,copath_syn_app_REGION-RF_rank79_region69_iEP,69,iEP,79
sigma,0.06150077311652363,0.012271358569861805,0.0003323693724487807,1750.315427947796,1120.735693195275,1.0038804206173968,16.391330342355957,copath_syn_app_REGION-RF_rank79_region69_iEP,69,iEP,79
u0,0.015411090540465203,0.006137864510782766,0.00011819391548498765,2535.068333211026,1522.361200926823,1.0018197000891411,23.740373778700974,copath_syn_app_REGION-RF_rank79_region69_iEP,69,iEP,79
alpha,0.8978697283693523,0.7722943566227994,0.0988089004118951,102.08476573085953,52.73532834125605,1.0337664453761886,0.4458765149653402,copath_syn_app_REGION-RF_rank181_region70_iLA,70,iLA,181
beta,0.4696472629960847,0.3915499994769868,0.01849900364936414,254.3792791291386,319.87643991996305,1.0178602642181191,1.1110545794514097,copath_syn_app_REGION-RF_rank181_region70_iLA,70,iLA,181
gamma,0.09045073231420525,0.06781637327616298,0.0048595640312390585,250.29773023879974,452.6019881102266,1.0236013582536516,1.0932275630317128,copath_syn_app_REGION-RF_rank181_region70_iLA,70,iLA,181
sigma,0.05207197144611307,0.0102735810800609,0.0007772059335136374,115.46904155037514,49.74397970063316,1.032152544308591,0.5043351323213723,copath_syn_app_REGION-RF_rank181_region70_iLA,70,iLA,181
u0,0.018372695827365462,0.006763049856220881,0.00023624482139612574,752.9458026978402,587.3100938820282,1.0117960012480818,3.28864790021463,copath_syn_app_REGION-RF_rank181_region70_iLA,70,iLA,181
alpha,2.4321168991671462,0.7404954865708886,0.024664197724882375,1057.8230319583354,537.7140305864325,1.0044674143773507,9.363751721327214,copath_syn_app_REGION-RF_rank100_region71_iBLA,71,iBLA,100
beta,0.26075054839145406,0.06303971348157551,0.0023175957729287358,1370.8496188459235,645.414195332016,1.0054337939109894,12.134634140443689,copath_syn_app_REGION-RF_rank100_region71_iBLA,71,iBLA,100
gamma,0.20345165625144523,0.0794519764303233,0.0024157364412704897,1126.5485807403327,1026.0855743631384,1.0027288829549934,9.972103927948417,copath_syn_app_REGION-RF_rank100_region71_iBLA,71,iBLA,100
sigma,0.05736914715481916,0.013203876994930473,0.00044190792598596776,995.4072100812555,1428.6754413118717,1.0032155170818011,8.811252634161773,copath_syn_app_REGION-RF_rank100_region71_iBLA,71,iBLA,100
u0,0.01794728640920401,0.006374384505264402,0.00014472755009297224,1809.2709367976622,1597.1578789962339,1.0018786608368422,16.01549913072198,copath_syn_app_REGION-RF_rank100_region71_iBLA,71,iBLA,100
alpha,0.7749902940970831,0.5824055770941238,0.04739184448756056,210.15238144299548,126.53402141390629,1.0219817615689801,1.0596363617445883,copath_syn_app_REGION-RF_rank162_region72_iBMA,72,iBMA,162
beta,0.5188668518872527,0.43342799145840216,0.020972559444103884,315.5461921452786,552.9698313755126,1.0150618156893105,1.5910560551885977,copath_syn_app_REGION-RF_rank162_region72_iBMA,72,iBMA,162
gamma,0.08493140630247342,0.06252533156648234,0.0031215145164447664,295.25571555199616,168.36447133909184,1.010882821983087,1.488746832482018,copath_syn_app_REGION-RF_rank162_region72_iBMA,72,iBMA,162
sigma,0.07044235078613316,0.012922914424793068,0.0005467724667484045,426.5805198485953,482.18174432660567,1.0227252182028645,2.150916525141033,copath_syn_app_REGION-RF_rank162_region72_iBMA,72,iBMA,162
u0,0.014578279797650598,0.006433390148821018,0.0002680767708849553,510.7146370331186,517.2715789571099,1.012343773566772,2.5751399825191914,copath_syn_app_REGION-RF_rank162_region72_iBMA,72,iBMA,162
alpha,1.0312609201233442,0.7612805194839082,0.0418580124489634,365.2492706870222,325.94653562551196,1.0061029171863998,1.7737349308085246,copath_syn_app_REGION-RF_rank150_region73_iPA,73,iPA,150
beta,0.4111821306134101,0.3632858806334888,0.015745713950295136,389.33415289723655,561.1674500485584,1.0018827773210226,1.890696689008098,copath_syn_app_REGION-RF_rank150_region73_iPA,73,iPA,150
gamma,0.09432855301653163,0.06911411211279463,0.002705551289237641,553.4851347966252,692.4970146760267,1.0063236844552852,2.687851820827527,copath_syn_app_REGION-RF_rank150_region73_iPA,73,iPA,150
sigma,0.06845996190356078,0.013205983877699359,0.0006293156733426743,370.3206862443754,573.4244221817881,1.0102144192536546,1.798362897637324,copath_syn_app_REGION-RF_rank150_region73_iPA,73,iPA,150
u0,0.018443559432621038,0.007735697089064797,0.0004290353678505081,472.39818451957353,281.4041532223447,1.0167453480856858,2.2940748370470887,copath_syn_app_REGION-RF_rank150_region73_iPA,73,iPA,150
alpha,0.8938377890847515,0.6519844781964951,0.04765240263615871,221.5319685645429,297.2594930966957,1.0171926634999293,0.8230860662703898,copath_syn_app_REGION-RF_rank182_region74_iCP,74,iCP,182
beta,0.4164295061639044,0.37441134501947293,0.01779214723621648,231.73682775235847,344.7178973777529,1.016933743595127,0.8610014852510829,copath_syn_app_REGION-RF_rank182_region74_iCP,74,iCP,182
gamma,0.08715173697285579,0.06332145590930045,0.0026353209752141833,389.5237947357423,145.8633036451788,1.0106298037003172,1.4472475914208622,copath_syn_app_REGION-RF_rank182_region74_iCP,74,iCP,182
sigma,0.03964383047315124,0.007473763605749364,0.000372830927914363,340.53387369412064,413.9022715754869,1.008364931212739,1.2652290698579243,copath_syn_app_REGION-RF_rank182_region74_iCP,74,iCP,182
u0,0.019655844536969003,0.006352086222268355,0.0002895064544062902,471.451425563965,706.8430273035633,1.0057706271280273,1.7516438003030488,copath_syn_app_REGION-RF_rank182_region74_iCP,74,iCP,182
alpha,2.2658610333463676,0.80402926680858,0.03152192374663654,725.9416366480617,372.7908887175495,1.0034911966292934,5.401472031727359,copath_syn_app_REGION-RF_rank134_region75_iACB,75,iACB,134
beta,0.22313408544854843,0.0792433040566631,0.004061147072095403,1036.4647410519349,362.7864129960871,1.0019020548191275,7.711963370104503,copath_syn_app_REGION-RF_rank134_region75_iACB,75,iACB,134
gamma,0.19491427890440338,0.08414221619659965,0.002618562329362962,1017.5347027652695,969.610579981724,1.002323544123602,7.5711117269378745,copath_syn_app_REGION-RF_rank134_region75_iACB,75,iACB,134
sigma,0.034577353271155194,0.007924472004708097,0.00026949070869702185,948.7740454765876,1384.3074970445216,1.0035095007538923,7.05948827337357,copath_syn_app_REGION-RF_rank134_region75_iACB,75,iACB,134
u0,0.018511835223162795,0.006609479078337067,0.00018233474377132036,1237.3797142292274,1275.3550938383366,1.002334124317508,9.20689981345735,copath_syn_app_REGION-RF_rank134_region75_iACB,75,iACB,134
alpha,0.7890759868485434,0.592784864594217,0.011032552392018533,1515.0284413190018,1063.5635657888029,1.004123939539721,21.345343439691757,copath_syn_app_REGION-RF_rank1_region76_iFS,76,iFS,373
beta,-0.006909946922414688,1.022450120275361,0.01810391103493562,3187.854195408694,2708.510738528996,1.0011165340418908,44.9139044395888,copath_syn_app_REGION-RF_rank1_region76_iFS,76,iFS,373
gamma,0.08085689328757116,0.06017327884902871,0.0011432636229754475,1923.9524423254124,1316.7656998508817,1.001530892153215,27.1067027674516,copath_syn_app_REGION-RF_rank1_region76_iFS,76,iFS,373
sigma,1.698823337157854,2.1217284450843903,0.05206210733782071,3043.9473449530196,1894.7786761923687,1.0026338561077108,42.886390590656404,copath_syn_app_REGION-RF_rank1_region76_iFS,76,iFS,373
u0,0.008041485443441243,0.0059232707276425265,0.00011594522913046547,1849.8803182983509,1276.6635508476636,1.001945104515316,26.06309534494767,copath_syn_app_REGION-RF_rank1_region76_iFS,76,iFS,373
alpha,0.40614924506001343,0.43557499584713205,0.023579400918757504,397.6175760202226,382.51963784573474,1.0187992920685127,3.065600456583291,copath_syn_app_REGION-RF_rank229_region77_iOT,77,iOT,229
beta,0.22293230654739102,0.4928516331891421,0.01616744836905595,945.1332664504255,1168.6134613924185,1.0074602486713788,7.286903667998623,copath_syn_app_REGION-RF_rank229_region77_iOT,77,iOT,229
gamma,0.08243400487479376,0.05991421470923719,0.0021538066156129953,558.6842368222718,282.2478363345147,1.0073863698935235,4.307411831817859,copath_syn_app_REGION-RF_rank229_region77_iOT,77,iOT,229
sigma,0.03365611877479696,0.006535485153023312,0.00022845002023200604,845.8353215232114,1069.9618262451913,1.0045980860093284,6.521324267929126,copath_syn_app_REGION-RF_rank229_region77_iOT,77,iOT,229
u0,0.017495793207065603,0.006940284582291317,0.00026161096204756624,673.2464890726048,563.1812528658984,1.0019660039977407,5.190677849183171,copath_syn_app_REGION-RF_rank229_region77_iOT,77,iOT,229
alpha,2.5955388147633984,0.5769658244629927,0.013490586519086757,1838.001034458291,1733.4024899484077,1.000154170400772,18.459756492631076,copath_syn_app_REGION-RF_rank86_region78_iLS,78,iLS,86
beta,0.3048993054330479,0.049299520399960724,0.0011892413073673889,1715.304654203553,1550.5464115229233,1.0001465708912551,17.22746920901849,copath_syn_app_REGION-RF_rank86_region78_iLS,78,iLS,86
gamma,0.20779150634576052,0.067480484842208,0.0016405433548553907,1703.520207607774,1099.096676763714,1.0009018328286121,17.109113446165175,copath_syn_app_REGION-RF_rank86_region78_iLS,78,iLS,86
sigma,0.06233910186860119,0.013049576696250313,0.0003114449591402388,2053.5961433713583,1773.629822231859,1.0018339366103288,20.6250617002587,copath_syn_app_REGION-RF_rank86_region78_iLS,78,iLS,86
u0,0.018602490027511118,0.006533376627638889,0.00012499011518792239,2509.644560021667,1813.8988033905991,1.000941964029963,25.205332637209416,copath_syn_app_REGION-RF_rank86_region78_iLS,78,iLS,86
alpha,0.802561609820985,0.6082924885929865,0.012013801332870548,1935.9686019232956,1363.1536761786904,1.001182447243754,28.0522307670047,copath_syn_app_REGION-RF_rank1_region79_iSF,79,iSF,374
beta,-0.0178885065064914,0.986631784911268,0.017994103044257633,3010.333069945937,2680.524295526584,1.0017792276948152,43.6197972837862,copath_syn_app_REGION-RF_rank1_region79_iSF,79,iSF,374
gamma,0.07925011227003532,0.060365332664385624,0.0011897124681169232,1644.0360689246475,1025.3295573823727,1.0030544670832997,23.822121468776135,copath_syn_app_REGION-RF_rank1_region79_iSF,79,iSF,374
sigma,1.619238540573748,2.120128390321166,0.04376183451173107,2740.906728645994,2621.9998298980186,1.0005996895897076,39.715803234839726,copath_syn_app_REGION-RF_rank1_region79_iSF,79,iSF,374
u0,0.008009585842039108,0.006026992597957801,0.00012064496543817688,1851.9845432330585,1524.9536995030815,1.0019037501363184,26.835299772985646,copath_syn_app_REGION-RF_rank1_region79_iSF,79,iSF,374
alpha,1.768202723689922,1.2088540889038317,0.038227322797437874,NaN,NaN,NaN,NaN,copath_syn_app_REGION-RF_rank106_region80_iSH,80,iSH,106
beta,0.1948733901931351,0.5624269317271603,0.017785501216778455,NaN,NaN,NaN,NaN,copath_syn_app_REGION-RF_rank106_region80_iSH,80,iSH,106
gamma,0.12966603404201962,0.08655956579257562,0.002737253811797369,NaN,NaN,NaN,NaN,copath_syn_app_REGION-RF_rank106_region80_iSH,80,iSH,106
u0,0.0115917215970725,0.006465610383489234,0.00020446055275060714,NaN,NaN,NaN,NaN,copath_syn_app_REGION-RF_rank106_region80_iSH,80,iSH,106
sigma,0.10191831289209596,0.024562600901085255,0.000776737641051336,NaN,NaN,NaN,NaN,copath_syn_app_REGION-RF_rank106_region80_iSH,80,iSH,106
alpha,0.710904774314254,0.5763053643138722,0.011924576400481886,1564.1587893678832,1203.032635576337,1.0005859069350438,19.86536093586176,copath_syn_app_REGION-RF_rank327_region81_iBA,81,iBA,327
beta,-0.35908319233832425,0.8082458145067045,0.01982998768567717,1709.505228076677,1553.7562997815942,1.0020912382600522,21.711311286503047,copath_syn_app_REGION-RF_rank327_region81_iBA,81,iBA,327
gamma,0.07955777414096422,0.05963179908402626,0.0013072442449374583,1352.7763735955243,726.539946280035,1.0047462376882044,17.180730696684247,copath_syn_app_REGION-RF_rank327_region81_iBA,81,iBA,327
sigma,0.23831829940960625,0.3526229377046674,0.00862507674590797,2004.8317316346397,1805.2116533800927,1.0013867430787864,25.462060652221794,copath_syn_app_REGION-RF_rank327_region81_iBA,81,iBA,327
u0,0.007731835023931199,0.005873742455473773,0.0001297580413083207,1414.1787679984004,866.0246938074035,1.0014090082043148,17.960562472991445,copath_syn_app_REGION-RF_rank327_region81_iBA,81,iBA,327
alpha,0.7212796948621181,0.553433549494971,0.03646846608133254,283.71323669161194,397.2214281353417,1.0222652442367615,1.3209235170758156,copath_syn_app_REGION-RF_rank178_region82_iCEA,82,iCEA,178
beta,0.4664826529148573,0.38137076910525763,0.015541632856225916,418.7442665803215,684.394612285575,1.0128759052607295,1.949606425899143,copath_syn_app_REGION-RF_rank178_region82_iCEA,82,iCEA,178
gamma,0.08981772672842339,0.06489053432368169,0.0025829037495794884,527.1154353999694,678.7576207416002,1.0080807450600653,2.4541652795365088,copath_syn_app_REGION-RF_rank178_region82_iCEA,82,iCEA,178
sigma,0.046297678839292304,0.008315475526457129,0.0003338745963842798,531.5657222319076,958.1794946941255,1.0076705626278784,2.4748851042531452,copath_syn_app_REGION-RF_rank178_region82_iCEA,82,iCEA,178
u0,0.016445055645012637,0.006372847792786476,0.00026005314769301526,546.0467818065639,418.9110674549764,1.0098796415492295,2.5423066048055905,copath_syn_app_REGION-RF_rank178_region82_iCEA,82,iCEA,178
alpha,0.5450903106978008,0.5309321637517169,0.021764990420850554,543.7824418122094,969.9623896736388,1.0074232251710762,6.078158406217061,copath_syn_app_REGION-RF_rank255_region83_iIA,83,iIA,255
beta,-0.19643497742339167,0.7613247215194433,0.024473101730262604,990.5581607123893,1080.5512346724654,1.0045052096824125,11.072018786255958,copath_syn_app_REGION-RF_rank255_region83_iIA,83,iIA,255
gamma,0.07574110994055155,0.061569757646966344,0.001863793472639323,690.7188306725884,620.4926590680645,1.0037047538788968,7.720548043062521,copath_syn_app_REGION-RF_rank255_region83_iIA,83,iIA,255
sigma,0.050739722335535614,0.008837602809996355,0.0003032185230161674,765.8107028454274,927.6775506672295,1.0084832119029443,8.559891609516876,copath_syn_app_REGION-RF_rank255_region83_iIA,83,iIA,255
u0,0.009474221713343937,0.006437297646652543,0.00021999710090765402,571.7874546091296,314.969169173956,1.0058510379694172,6.391185990154021,copath_syn_app_REGION-RF_rank255_region83_iIA,83,iIA,255
alpha,0.538422226210062,0.46497983073501997,0.03692313369260319,225.09718184701268,163.15472803509732,1.0170012816365945,1.168413418220484,copath_syn_app_REGION-RF_rank231_region84_iMEA,84,iMEA,231
beta,0.4883523427988557,0.46138528764235465,0.018874336110210242,468.5400642131377,542.1706494671613,1.0129282649176286,2.432053984454549,copath_syn_app_REGION-RF_rank231_region84_iMEA,84,iMEA,231
gamma,0.07869999996233432,0.06033660161714606,0.0021955492367064034,526.1804763147449,443.4325220877382,1.0087246691616472,2.731248449612487,copath_syn_app_REGION-RF_rank231_region84_iMEA,84,iMEA,231
sigma,0.042353885390487275,0.007601549230525803,0.0002928641533197424,711.9792937859432,886.3957017009632,1.0104472960680253,3.6956755901103713,copath_syn_app_REGION-RF_rank231_region84_iMEA,84,iMEA,231
u0,0.0133830822356921,0.006189225676704362,0.00025448790024061243,498.88024935567563,290.48931243459793,1.0024048267709285,2.589540982474491,copath_syn_app_REGION-RF_rank231_region84_iMEA,84,iMEA,231
alpha,0.8165669370913277,0.6126457154630437,0.015996532438417907,1126.3776827355362,1084.531956502417,1.0040019498464399,12.180874898460448,copath_syn_app_REGION-RF_rank324_region85_iPALd,85,iPALd,324
beta,-0.6726898860929401,0.7622469778363015,0.023344664456494753,1052.472717911438,959.0480404804512,1.0031664113294743,11.381651738506536,copath_syn_app_REGION-RF_rank324_region85_iPALd,85,iPALd,324
gamma,0.08315829956308747,0.06044534229529001,0.0014320629607546206,1287.7639279640782,926.7199667453411,1.0030875540054647,13.926138226731387,copath_syn_app_REGION-RF_rank324_region85_iPALd,85,iPALd,324
sigma,0.008767179451899892,0.0018487461669530498,4.935880092969935e-5,1516.9620239572794,1465.0314162173036,1.0029915602650499,16.40473255352791,copath_syn_app_REGION-RF_rank324_region85_iPALd,85,iPALd,324
u0,0.005553436805356571,0.005215266194212004,0.00014151490129196456,895.799366477744,636.7046863477528,1.0020333207047099,9.687354592009862,copath_syn_app_REGION-RF_rank324_region85_iPALd,85,iPALd,324
alpha,0.7440936126963977,0.6488684322917104,0.0729167648502083,96.07930988572878,65.37902163227977,1.031546569114672,0.542986616740298,copath_syn_app_REGION-RF_rank208_region86_iSI,86,iSI,208
beta,0.3976364498201985,0.4421393831009352,0.02520118599901079,174.24054479188888,343.1886208427883,1.0305834612997848,0.9847102776660048,copath_syn_app_REGION-RF_rank208_region86_iSI,86,iSI,208
gamma,0.08179080105651566,0.06331565097985882,0.005403497022970902,118.17159311855568,109.05307414490576,1.0343213455137208,0.6678398670699291,copath_syn_app_REGION-RF_rank208_region86_iSI,86,iSI,208
sigma,0.04450093731564226,0.009248615834809208,0.0006001098097671786,169.79524714597216,136.4823323519167,1.0119010489213296,0.9595879372575371,copath_syn_app_REGION-RF_rank208_region86_iSI,86,iSI,208
u0,0.01946090574916616,0.007284262590167281,0.0004538592512883328,259.01596483760613,278.64544398405275,1.0277640122972054,1.4638136201869845,copath_syn_app_REGION-RF_rank208_region86_iSI,86,iSI,208
alpha,0.8089137748289689,0.6058203777450188,0.011677315834870122,1940.5537262787286,1453.3566218820076,1.0013006274682734,27.99858209292774,copath_syn_app_REGION-RF_rank1_region87_iMA,87,iMA,375
beta,0.0389744006474496,0.9955980901971545,0.019699347614418522,2552.7249185706823,2439.520118442757,1.0021312549947525,36.831074154448665,copath_syn_app_REGION-RF_rank1_region87_iMA,87,iMA,375
gamma,0.07899951538007584,0.05895703735432191,0.0011954023921688375,1648.0188030458864,1218.0149306445242,1.0018048113113274,23.777847076799354,copath_syn_app_REGION-RF_rank1_region87_iMA,87,iMA,375
sigma,1.6917165281421993,2.187293765067883,0.049775836486808334,2501.6553864333955,2103.115905043205,1.0026336844760932,36.09423576207124,copath_syn_app_REGION-RF_rank1_region87_iMA,87,iMA,375
u0,0.008009695345580086,0.005961255782279708,0.000122005248529677,1701.1925749845573,1086.9160237820174,1.000032024683047,24.545045736983038,copath_syn_app_REGION-RF_rank1_region87_iMA,87,iMA,375
alpha,2.105010934342761,0.7505907026231523,0.04303860750583048,336.6470288317697,102.01650565425415,1.0083414178076655,3.133261625529534,copath_syn_app_REGION-RF_rank94_region88_iMS,88,iMS,94
beta,0.31250844632689007,0.14639923030138302,0.01548022488002382,365.03286068418174,102.76618711000529,1.008059360994342,3.397455959757097,copath_syn_app_REGION-RF_rank94_region88_iMS,88,iMS,94
gamma,0.15363486091676243,0.07354040198651839,0.0019984891972886676,1276.940458136036,1174.1774441800972,1.0035336772965575,11.884817606880263,copath_syn_app_REGION-RF_rank94_region88_iMS,88,iMS,94
sigma,0.07525011223175254,0.016382450215320844,0.0006419040211189643,804.9908405996665,1180.2657956107194,1.0038989867313675,7.492259529235655,copath_syn_app_REGION-RF_rank94_region88_iMS,88,iMS,94
u0,0.01948490001377534,0.0069343288524119666,0.00014671341776514136,1907.8906546898677,875.5030966472835,1.0026832449790593,17.75723550803559,copath_syn_app_REGION-RF_rank94_region88_iMS,88,iMS,94
alpha,1.735318940506959,0.7870570522114115,0.030851305295476233,616.3293391643087,439.31338602937063,1.0036017412619986,3.8066168807628236,copath_syn_app_REGION-RF_rank115_region89_iNDB,89,iNDB,115
beta,0.3020537845535161,0.17345341722185023,0.009086384977504984,698.7051415029645,474.2768152213884,1.004580751019909,4.315392140713757,copath_syn_app_REGION-RF_rank115_region89_iNDB,89,iNDB,115
gamma,0.12964387038298633,0.07518525266350584,0.0022417054835337006,940.9395319874935,817.159987188711,1.002133136566572,5.811497325597514,copath_syn_app_REGION-RF_rank115_region89_iNDB,89,iNDB,115
sigma,0.05918642940193378,0.01222231571905828,0.00037501378621905725,1027.960019426466,894.8837125277273,1.003379932364381,6.348959418358755,copath_syn_app_REGION-RF_rank115_region89_iNDB,89,iNDB,115
u0,0.019614675168828578,0.006607129095582687,0.0001652421376417072,1592.4245255049912,1749.731171457009,1.001429378039978,9.83524504666167,copath_syn_app_REGION-RF_rank115_region89_iNDB,89,iNDB,115
alpha,0.7558047585155946,0.5849462031807192,0.012248235039632918,1529.140763704483,960.9475883504557,1.001968009485669,20.859125384739496,copath_syn_app_REGION-RF_rank328_region90_iBST,90,iBST,328
beta,-0.104714088529858,0.9435600203052056,0.022119348321427278,1813.5404436020453,1672.0174488984037,1.0004691348936356,24.738643034894487,copath_syn_app_REGION-RF_rank328_region90_iBST,90,iBST,328
gamma,0.07872419988235109,0.059274992439033995,0.0012135981610916478,1390.273532310728,669.0072477818611,1.005337087439555,18.96482692626627,copath_syn_app_REGION-RF_rank328_region90_iBST,90,iBST,328
sigma,0.6438972754028659,0.8442564274538782,0.018241834176800444,2368.767060665694,2159.535726838228,1.001664780179723,32.312531519966356,copath_syn_app_REGION-RF_rank328_region90_iBST,90,iBST,328
u0,0.007723764204678271,0.005853014757648102,0.00011866644102818765,1516.8885691755154,1104.43191134324,1.0032557507608315,20.69199226790412,copath_syn_app_REGION-RF_rank328_region90_iBST,90,iBST,328
alpha,0.6718332852701023,0.5680839763597468,0.013639105499056961,1199.5270105077493,1252.8846650473372,1.0010870598780701,13.863838220426588,copath_syn_app_REGION-RF_rank290_region91_iVAL,91,iVAL,290
beta,-0.5219599629883352,0.7873434552392127,0.02215511622958851,1300.5197063397716,1362.1058638864783,1.0009934179637927,15.031086964468823,copath_syn_app_REGION-RF_rank290_region91_iVAL,91,iVAL,290
gamma,0.08038673853551588,0.05853176551489405,0.0013437864472845736,1257.361587813075,813.5245321602199,1.0018988102741035,14.532276043238424,copath_syn_app_REGION-RF_rank290_region91_iVAL,91,iVAL,290
sigma,0.031837029615513754,0.006530943183818952,0.00016695068708937633,1604.2756901865027,1781.061632294808,1.0018840799334319,18.541823931329635,copath_syn_app_REGION-RF_rank290_region91_iVAL,91,iVAL,290
u0,0.007241030807109256,0.005470534000859577,0.00012951958541996547,1254.8618329774097,1073.9757017001664,1.0012096060599043,14.503384491544457,copath_syn_app_REGION-RF_rank290_region91_iVAL,91,iVAL,290
alpha,0.4514636162220799,0.42588084459742476,0.031112648857391945,201.6030713027129,307.5943997284879,1.0308932471944001,1.7164427886892988,copath_syn_app_REGION-RF_rank234_region92_iVM,92,iVM,234
beta,0.2841432881919517,0.507286975864753,0.02267013007440577,519.9653576203632,547.5795315295269,1.014081716211098,4.426970197867789,copath_syn_app_REGION-RF_rank234_region92_iVM,92,iVM,234
gamma,0.07921439221087427,0.060070187547862725,0.003368062481207747,220.34752595263888,233.76344700481428,1.021437534195555,1.8760325399955633,copath_syn_app_REGION-RF_rank234_region92_iVM,92,iVM,234
sigma,0.03843048943373789,0.006830459359140195,0.00039894041304189867,294.6836246212304,634.6611068575651,1.013264032277089,2.508927960062922,copath_syn_app_REGION-RF_rank234_region92_iVM,92,iVM,234
u0,0.013574235588408364,0.00645840909727712,0.0004337997419613537,179.79543314101775,82.15480082989986,1.0123724825090106,1.5307731804878315,copath_syn_app_REGION-RF_rank234_region92_iVM,92,iVM,234
alpha,0.48648018788907293,0.4857323085805213,0.022880380952915464,469.692301473228,486.8857460421868,1.0032715712396745,3.545998335106699,copath_syn_app_REGION-RF_rank221_region93_iVPL,93,iVPL,221
beta,0.13706284617061001,0.6657879202569612,0.022295243282919375,925.9982111902476,1203.1856418637933,1.002167830106955,6.990934500934248,copath_syn_app_REGION-RF_rank221_region93_iVPL,93,iVPL,221
gamma,0.0803838182431858,0.060563038278711546,0.002347302365645065,469.397546459411,372.79947781993826,1.0089854699161453,3.543773046795647,copath_syn_app_REGION-RF_rank221_region93_iVPL,93,iVPL,221
sigma,0.048396662913501934,0.008893878777763339,0.00031956157533468804,703.6226283464271,821.3715744091879,1.0023968419133347,5.3120833806173104,copath_syn_app_REGION-RF_rank221_region93_iVPL,93,iVPL,221
u0,0.012225450878186645,0.006670646967965586,0.00025054749630510606,609.0629212786832,418.69030546472675,1.0055474653764827,4.59819353660949,copath_syn_app_REGION-RF_rank221_region93_iVPL,93,iVPL,221
alpha,1.737435731815934,0.7081088607609961,0.02136358366035559,997.3180265249633,693.487132283741,1.0054861936715627,5.9769032285659005,copath_syn_app_REGION-RF_rank101_region94_iVPM,94,iVPM,101
beta,0.3214592783657404,0.16873180941271304,0.009025017672141786,1204.3682364315157,666.153635068451,1.0047126015804095,7.21775021533672,copath_syn_app_REGION-RF_rank101_region94_iVPM,94,iVPM,101
gamma,0.12392705345704585,0.07107735744445257,0.001894488268451353,1205.6037717326249,985.556242869883,1.0014969427830789,7.225154749029886,copath_syn_app_REGION-RF_rank101_region94_iVPM,94,iVPM,101
sigma,0.06998451011965684,0.013510506353387929,0.000376271343685927,1320.6709996313486,1559.9275730497775,1.002452288521123,7.914749910892526,copath_syn_app_REGION-RF_rank101_region94_iVPM,94,iVPM,101
u0,0.0156019713567587,0.006434938248065664,0.00017661360272652906,1212.9233346549229,807.7348569448395,1.0047447417429474,7.269020715650795,copath_syn_app_REGION-RF_rank101_region94_iVPM,94,iVPM,101
alpha,0.497122227484843,0.47236979517064065,0.020154570239824997,539.8414035736923,1095.1379417521646,1.012932006776342,4.747319206557554,copath_syn_app_REGION-RF_rank213_region95_iPoT,95,iPoT,213
beta,0.05557778506872682,0.7238752569131108,0.03755920907701799,430.07798654450954,598.7631172208795,1.0088892722204963,3.782069089781555,copath_syn_app_REGION-RF_rank213_region95_iPoT,95,iPoT,213
gamma,0.08229415275758391,0.06124289887996178,0.002366679261699747,425.77447466685874,156.8105043151486,1.0110758135381765,3.744224373801686,copath_syn_app_REGION-RF_rank213_region95_iPoT,95,iPoT,213
sigma,0.0470441788413175,0.00823939324023303,0.0003473347358844597,552.872271853592,1026.9399210580987,1.0101400050578448,4.861911549519342,copath_syn_app_REGION-RF_rank213_region95_iPoT,95,iPoT,213
u0,0.00998098567332672,0.006487521935596012,0.0002677561386283589,504.65210074178566,452.25642108990405,1.0072561158896363,4.43786748223001,copath_syn_app_REGION-RF_rank213_region95_iPoT,95,iPoT,213
alpha,0.6288232257503995,0.5174045327703799,0.015906287140061905,839.9012795641256,1173.9226570977169,1.0044135121512017,9.056418192214077,copath_syn_app_REGION-RF_rank217_region96_iSPF,96,iSPF,217
beta,-0.12626841964078786,0.8291578123005731,0.032426709026768225,622.2216765135329,773.7199807522765,1.0078388107921852,6.70924053561567,copath_syn_app_REGION-RF_rank217_region96_iSPF,96,iSPF,217
gamma,0.07845919320927686,0.05932506812732843,0.001914580649976872,653.381536151317,489.1552757113416,1.0030526705511973,7.0452284981973134,copath_syn_app_REGION-RF_rank217_region96_iSPF,96,iSPF,217
sigma,0.0974549284318906,0.018537391659173917,0.0006844926069393146,659.4064133708782,489.0102552957934,1.0024762439526897,7.11019304698977,copath_syn_app_REGION-RF_rank217_region96_iSPF,96,iSPF,217
u0,0.008098183130597526,0.005899749496763166,0.00020513279366051485,660.1171376575721,824.4711461539059,1.0014606446821201,7.117856586165473,copath_syn_app_REGION-RF_rank217_region96_iSPF,96,iSPF,217
alpha,0.811488625809724,0.6025862165902411,0.010901493038739737,2201.371530100381,1399.0910956368373,1.001839729021442,32.33886958074363,copath_syn_app_REGION-RF_rank1_region97_iSPA,97,iSPA,376
beta,-0.007708621545733992,1.0030361979816023,0.017814413472455586,3176.718520838865,2389.1353291160312,0.9996331030664197,46.66703667938161,copath_syn_app_REGION-RF_rank1_region97_iSPA,97,iSPA,376
gamma,0.07891636298157485,0.05948122997381527,0.0010587181004139653,2266.7452608549597,1281.8947631103845,1.0017007187851998,33.29923112079798,copath_syn_app_REGION-RF_rank1_region97_iSPA,97,iSPA,376
sigma,1.6591136891845013,2.155237400242831,0.04424628080745234,3072.1053317840024,2249.4585660647854,1.000662629735697,45.13023463074395,copath_syn_app_REGION-RF_rank1_region97_iSPA,97,iSPA,376
u0,0.007982148992500928,0.006034398253604814,0.0001096187167064068,1852.8793949411154,1135.379496365967,1.0016248558710146,27.21940584882353,copath_syn_app_REGION-RF_rank1_region97_iSPA,97,iSPA,376
alpha,0.6181921792611567,0.5640372518480052,0.015510985852420807,1024.0885529691475,1235.020164902124,1.0055960581739507,9.757127164857824,copath_syn_app_REGION-RF_rank191_region98_iPP,98,iPP,191
beta,-0.14997872381853855,0.7999910368053265,0.02315515063652175,1203.2738493170937,1578.5203850671,1.0057493808408717,11.464336680549302,copath_syn_app_REGION-RF_rank191_region98_iPP,98,iPP,191
gamma,0.07972802550429822,0.06068816416131591,0.0016596647366481066,924.2881732037974,638.9184869168024,1.0029630167211556,8.806267013508236,copath_syn_app_REGION-RF_rank191_region98_iPP,98,iPP,191
sigma,0.097545717783729,0.01620573369586794,0.0004528599222159145,1319.6151170491212,1512.5421461035855,1.0030689477965813,12.572792136369989,copath_syn_app_REGION-RF_rank191_region98_iPP,98,iPP,191
u0,0.008875323249144017,0.006144435576464732,0.0001346976653382759,1525.9218131028003,1015.1233344635258,1.0045051167745176,14.538404057840282,copath_syn_app_REGION-RF_rank191_region98_iPP,98,iPP,191
alpha,0.6934411913714839,0.5813734656953008,0.03855482125955378,309.5661609741795,302.3484933761376,1.0264504449231229,1.7993325058803193,copath_syn_app_REGION-RF_rank192_region99_iMG,99,iMG,192
beta,0.44376006967432274,0.4999635726999293,0.01986800448868448,594.0737190507003,529.152544641413,1.0054924715574112,3.453013566512833,copath_syn_app_REGION-RF_rank192_region99_iMG,99,iMG,192
gamma,0.08516804711414541,0.061676851415870544,0.0027987217173975148,417.45939898825725,382.8586576073499,1.010114842556911,2.4264547007367683,copath_syn_app_REGION-RF_rank192_region99_iMG,99,iMG,192
sigma,0.0742382969966911,0.013088796675701639,0.0005260304160516287,603.090708606393,1232.9968113538225,1.0064635456127715,3.505424212307205,copath_syn_app_REGION-RF_rank192_region99_iMG,99,iMG,192
u0,0.012519430605120686,0.00636980825117149,0.0004287543076442855,158.71647231000804,245.9197998788498,1.0361895582790823,0.9225288285623415,copath_syn_app_REGION-RF_rank192_region99_iMG,99,iMG,192
alpha,0.6383346377053576,0.5269003863644596,0.05150167183069445,129.1093453296221,139.45930638319075,1.0363134820611597,0.7301449740685648,copath_syn_app_REGION-RF_rank225_region100_iLGd,100,iLGd,225
beta,0.43262914736600366,0.5208014170268737,0.025589552799011667,278.6662411060696,479.55286175873624,1.021881438189835,1.5759258546832193,copath_syn_app_REGION-RF_rank225_region100_iLGd,100,iLGd,225
gamma,0.08040235044795357,0.05583045052676595,0.002630773823374015,374.49581732870195,310.99070809274286,1.0158439584215455,2.1178655823415085,copath_syn_app_REGION-RF_rank225_region100_iLGd,100,iLGd,225
sigma,0.06205212295708067,0.011393624524804967,0.000874880174826042,158.47300044956987,907.6215048611135,1.0305368030269337,0.8962036366028371,copath_syn_app_REGION-RF_rank225_region100_iLGd,100,iLGd,225
u0,0.010349616070944007,0.00611195662314465,0.0003639635079302107,231.23440042779401,170.63723459937407,1.0111456802095058,1.3076871768892422,copath_syn_app_REGION-RF_rank225_region100_iLGd,100,iLGd,225
alpha,0.8120808323301111,0.5916047533086194,0.03373657710864945,367.0902860857278,360.11363138662523,1.012952454044137,1.5229560736719017,copath_syn_app_REGION-RF_rank183_region101_iLP,101,iLP,183
beta,0.5431452786144036,0.4505294084568443,0.017758688074427837,637.1863280459576,1073.5721848427993,1.0106060567574195,2.6435098534088297,copath_syn_app_REGION-RF_rank183_region101_iLP,101,iLP,183
gamma,0.08446602753507294,0.06699310019582802,0.002699965756913816,466.3696949643286,396.9606509241889,1.0008874699696422,1.934838884177302,copath_syn_app_REGION-RF_rank183_region101_iLP,101,iLP,183
sigma,0.05476637867318169,0.01006045754141074,0.00040360476287108066,444.3303303499461,207.1952098121576,1.0065796662527775,1.8434036556474336,copath_syn_app_REGION-RF_rank183_region101_iLP,101,iLP,183
u0,0.012233704322192512,0.005971595322073428,0.00021538425090154877,677.3935693805865,537.7095492720999,1.0077075481348956,2.810318577903013,copath_syn_app_REGION-RF_rank183_region101_iLP,101,iLP,183
alpha,0.7732057994040881,0.5808278657163671,0.06629590580467745,94.15218122024199,236.60470843447982,1.045196237933642,0.4938949453409815,copath_syn_app_REGION-RF_rank170_region102_iPO,102,iPO,170
beta,0.43175642641878814,0.4090897119668977,0.025781314788833,90.82511389937164,444.8334752528819,1.0414889339406959,0.47644211831891625,copath_syn_app_REGION-RF_rank170_region102_iPO,102,iPO,170
gamma,0.08387902741527177,0.06372616610219342,0.0031242006689019843,282.3709316398257,180.41099336419265,1.0109979771012871,1.4812357402735412,copath_syn_app_REGION-RF_rank170_region102_iPO,102,iPO,170
sigma,0.048104882803057164,0.009679020165928044,0.0011890316081398374,50.834488752213765,17.702000854456855,1.067940489614664,0.26666293566774607,copath_syn_app_REGION-RF_rank170_region102_iPO,102,iPO,170
u0,0.017670542326451235,0.006516353466545123,0.000306766194639673,428.71827444401515,296.544440690032,1.0112358136958675,2.2489313150153967,copath_syn_app_REGION-RF_rank170_region102_iPO,102,iPO,170
alpha,1.026906036302375,0.6428021368110606,0.020327188371461153,NaN,NaN,NaN,NaN,copath_syn_app_REGION-RF_rank315_region103_iPOL,103,iPOL,315
beta,-0.2145379428674152,0.6036178183081894,0.019088071421155633,NaN,NaN,NaN,NaN,copath_syn_app_REGION-RF_rank315_region103_iPOL,103,iPOL,315
gamma,0.052990259625606426,0.05672016123197002,0.0017936489874500736,NaN,NaN,NaN,NaN,copath_syn_app_REGION-RF_rank315_region103_iPOL,103,iPOL,315
u0,0.009990539449161631,0.005402018108006203,0.0001708268118277307,NaN,NaN,NaN,NaN,copath_syn_app_REGION-RF_rank315_region103_iPOL,103,iPOL,315
sigma,0.024555428398554326,0.003146550090968579,9.95026505927072e-5,NaN,NaN,NaN,NaN,copath_syn_app_REGION-RF_rank315_region103_iPOL,103,iPOL,315
alpha,0.5237391594200745,0.5009217402670485,0.02468933245641144,421.4690456215156,764.2390325749371,1.0175159886113294,3.9869555549182265,copath_syn_app_REGION-RF_rank289_region104_iSGN,104,iSGN,289
beta,-0.08218303532762529,0.7112870650105959,0.027195191193657695,724.3543412196494,969.1964183831749,1.0046233238244135,6.852148679616783,copath_syn_app_REGION-RF_rank289_region104_iSGN,104,iSGN,289
gamma,0.07790964293917103,0.06075983236709666,0.002228628839774043,579.8962534138967,461.6185717441208,1.0035144707354777,5.485623707941357,copath_syn_app_REGION-RF_rank289_region104_iSGN,104,iSGN,289
sigma,0.03139314026849659,0.005719859355487524,0.00021775200571346834,651.5003991267644,752.7231395638762,1.007023928644619,6.162974866871919,copath_syn_app_REGION-RF_rank289_region104_iSGN,104,iSGN,289
u0,0.008108206936053328,0.005337821249247853,0.00022277553581357917,419.8173822335388,269.7223476891823,1.0048202154791415,3.971331374238864,copath_syn_app_REGION-RF_rank289_region104_iSGN,104,iSGN,289
alpha,0.5688746399632055,0.5372417205192608,0.01660093622458997,909.2773160144151,1447.5273328985397,1.0079879470179638,8.660113871141903,copath_syn_app_REGION-RF_rank303_region105_iEth,105,iEth,303
beta,-0.23206516733323093,0.7834158618130078,0.026546329307211864,868.4278498158958,874.329836932968,1.0075686535001003,8.271056514685283,copath_syn_app_REGION-RF_rank303_region105_iEth,105,iEth,303
gamma,0.0837414985863029,0.060646786701825925,0.0016442100050718979,1069.847742791235,1079.648253801361,1.0027205735736602,10.189414289984715,copath_syn_app_REGION-RF_rank303_region105_iEth,105,iEth,303
sigma,0.02734609905904751,0.004925328344856738,0.0001489487028029586,1114.4081962317684,1757.1961683157651,1.003089132040314,10.613815728520786,copath_syn_app_REGION-RF_rank303_region105_iEth,105,iEth,303
u0,0.007498061731269859,0.005282627300782719,0.00016765157206920505,586.4079077379887,339.8929351640427,1.0045365998310154,5.585049980361049,copath_syn_app_REGION-RF_rank303_region105_iEth,105,iEth,303
alpha,0.6585399531383311,0.5852971336967691,0.01573242343640563,967.5504182926344,1079.4079501273927,1.0040260458937562,11.286150757534024,copath_syn_app_REGION-RF_rank267_region106_iLD,106,iLD,267
beta,-0.3708383296115774,0.7749207470038308,0.023610648362942167,1083.5188711534672,1094.0804081628628,1.0026545039569954,12.638883821734387,copath_syn_app_REGION-RF_rank267_region106_iLD,106,iLD,267
gamma,0.08064517273137876,0.058994445193207797,0.0014455788908441414,1130.0369568383435,733.5201214821209,1.0032284763181905,13.181501671993649,copath_syn_app_REGION-RF_rank267_region106_iLD,106,iLD,267
sigma,0.029339309098661986,0.01353627330373487,0.0003873747766566035,1542.9263885306573,1345.098765227234,1.0018488724880306,17.997718257890064,copath_syn_app_REGION-RF_rank267_region106_iLD,106,iLD,267
u0,0.007505869227394234,0.00540120722192451,0.00013656776844682333,1075.6206455938584,697.6665452654083,1.0019727689034263,12.546753672547894,copath_syn_app_REGION-RF_rank267_region106_iLD,106,iLD,267
alpha,0.5359337183992855,0.5425088502860276,0.0166731980921457,825.8536369974595,1341.7085323695333,1.0019642892744869,7.412675920667255,copath_syn_app_REGION-RF_rank298_region107_iIMD,107,iIMD,298
beta,-0.11916298818841299,0.7266068591656593,0.0233025089770485,961.9883023003019,1396.497692165115,1.0074712632594138,8.634589962394216,copath_syn_app_REGION-RF_rank298_region107_iIMD,107,iIMD,298
gamma,0.0775680693798637,0.06089948180460438,0.002180203439207048,452.0671119774834,339.937043749172,1.00566988009398,4.057652403959065,copath_syn_app_REGION-RF_rank298_region107_iIMD,107,iIMD,298
sigma,0.036245853093183185,0.0063844968859345696,0.00020592244255520931,964.0994264232829,1150.7121328638254,1.0034730307418034,8.653538936220686,copath_syn_app_REGION-RF_rank298_region107_iIMD,107,iIMD,298
u0,0.008800819994648977,0.0056718085560604386,0.00021239228279143187,566.0017516163259,496.57529545104444,1.0045175839143636,5.080304023986194,copath_syn_app_REGION-RF_rank298_region107_iIMD,107,iIMD,298
alpha,0.35321741481390445,0.41997770090938447,0.027099264827292645,271.98571710398255,302.8342972492277,1.0165746656117158,2.343431731938538,copath_syn_app_REGION-RF_rank265_region108_iMD,108,iMD,265
beta,0.1216786386915148,0.5266372573863469,0.016295628112934293,1048.394826932051,1190.953704141752,1.0066294866154197,9.032980596159423,copath_syn_app_REGION-RF_rank265_region108_iMD,108,iMD,265
gamma,0.07657001460337691,0.058879137854087826,0.002386661963906278,463.0662587636991,524.6319313913629,1.0129527657923652,3.989783641330132,copath_syn_app_REGION-RF_rank265_region108_iMD,108,iMD,265
sigma,0.02431386534840746,0.00493601232698984,0.00025157945047507194,326.1004135741611,176.6178496484126,1.019405840876484,2.809684512498911,copath_syn_app_REGION-RF_rank265_region108_iMD,108,iMD,265
u0,0.016372843102930558,0.0059996696367266,0.000254959060558316,519.1072160711728,360.9490011450019,1.0100268595760138,4.472633105047886,copath_syn_app_REGION-RF_rank265_region108_iMD,108,iMD,265
alpha,0.6449785595240023,0.601790474331358,0.023950010692789223,688.6788045117744,622.1142375120227,1.00536727923492,7.762560072496837,copath_syn_app_REGION-RF_rank275_region109_iSMT,109,iSMT,275
beta,-0.31652249110804903,0.7301546840113818,0.022141602756602437,1098.5891967649652,1165.180690270668,1.0069004395530434,12.382934655481021,copath_syn_app_REGION-RF_rank275_region109_iSMT,109,iSMT,275
gamma,0.07701917261304436,0.06080047898717581,0.0014810890201765736,877.7936071817697,461.3339107153458,1.006725966295406,9.894199679679092,copath_syn_app_REGION-RF_rank275_region109_iSMT,109,iSMT,275
sigma,0.030883131675417858,0.007832139387915561,0.00029060252587459105,592.4197050846454,389.6086169766335,1.0019973080115756,6.677559289937165,copath_syn_app_REGION-RF_rank275_region109_iSMT,109,iSMT,275
u0,0.008824687314722595,0.006101202650123815,0.0001903119304650689,816.6120721115852,723.3331620383912,1.0013609838421311,9.204581619418667,copath_syn_app_REGION-RF_rank275_region109_iSMT,109,iSMT,275
alpha,0.5794680611473259,0.5404928664874893,0.01777066461512263,747.3261446417836,1028.9111624381042,1.0035976930764319,7.752667586225399,copath_syn_app_REGION-RF_rank219_region110_iPR,110,iPR,219
beta,-0.18765894139356384,0.7966469774387869,0.02528709386053736,1043.0157846157053,1211.1547515704278,1.005417535912604,10.820114782933995,copath_syn_app_REGION-RF_rank219_region110_iPR,110,iPR,219
gamma,0.08262338058438724,0.05957613847061333,0.0016746130826611218,773.4964915342564,375.0746567197962,1.0063110424647093,8.02415547879846,copath_syn_app_REGION-RF_rank219_region110_iPR,110,iPR,219
sigma,0.05604349002509074,0.01244469439297872,0.0004245245860916852,880.7376889952293,1306.3870963011275,1.0062678204033682,9.136662195477294,copath_syn_app_REGION-RF_rank219_region110_iPR,110,iPR,219
u0,0.009016367583306067,0.006435651858977383,0.00019912953780001883,755.9391594325053,509.8217435569,1.004153443813064,7.842017920167905,copath_syn_app_REGION-RF_rank219_region110_iPR,110,iPR,219
alpha,0.5737573225446072,0.5279956234103012,0.015118902668926418,1013.46814246842,970.0155042767984,1.0041428662988494,11.10601335249326,copath_syn_app_REGION-RF_rank283_region111_iPVT,111,iPVT,283
beta,-0.307884190737068,0.6596987322404823,0.01910364287606277,1239.0232520157463,1513.6820391780377,1.0054958930782405,13.577741819709232,copath_syn_app_REGION-RF_rank283_region111_iPVT,111,iPVT,283
gamma,0.07778813996225284,0.060629707245850116,0.001965934853523773,689.1562419759387,621.6136747893531,1.0063479880726127,7.552066122865174,copath_syn_app_REGION-RF_rank283_region111_iPVT,111,iPVT,283
sigma,0.03075993567137355,0.005482661203806264,0.0001719499078071534,905.5695339120675,411.0810910831349,1.003537893578114,9.92361467894084,copath_syn_app_REGION-RF_rank283_region111_iPVT,111,iPVT,283
u0,0.009167209201152372,0.0058872894055230765,0.00019264396620479132,746.7665051496994,648.0651154002711,1.0047801517870452,8.183383798515125,copath_syn_app_REGION-RF_rank283_region111_iPVT,111,iPVT,283
alpha,0.5484346506078731,0.5223615616001661,0.01974028823603711,754.3976416582291,1060.2024014244525,1.0040294203644915,7.734714475549337,copath_syn_app_REGION-RF_rank259_region112_iRE,112,iRE,259
beta,-0.23516488840742697,0.7548019254228729,0.022199575636531427,1171.1894345421686,1513.438223194036,1.0032494825874139,12.008011919352928,copath_syn_app_REGION-RF_rank259_region112_iRE,112,iRE,259
gamma,0.08097006612952927,0.06016450455339399,0.0017494349760848397,855.3843039057319,590.3024313353479,1.003513265255259,8.77011405156901,copath_syn_app_REGION-RF_rank259_region112_iRE,112,iRE,259
sigma,0.04630958643654412,0.00810714406767201,0.00025632620189610294,1014.7613118132723,1276.234019994215,1.0045402844396243,10.404180201911869,copath_syn_app_REGION-RF_rank259_region112_iRE,112,iRE,259
u0,0.009197000606900636,0.0061936618506783486,0.00021135252741026286,697.1582527900424,733.5673384709327,1.004318984109549,7.147848471200221,copath_syn_app_REGION-RF_rank259_region112_iRE,112,iRE,259
alpha,0.7186223593428864,0.5600632260060789,0.012829689005679774,1444.1009164542038,1371.4282201199223,1.000495256031278,16.22494148030115,copath_syn_app_REGION-RF_rank311_region113_iXi,113,iXi,311
beta,-0.6279136655633546,0.6708927137150259,0.021669009664677323,1028.801774676299,1313.196548108819,1.0018529683767718,11.558921124389629,copath_syn_app_REGION-RF_rank311_region113_iXi,113,iXi,311
gamma,0.08008949081154873,0.06094293908941248,0.0014488256384857007,1142.7217307935734,709.1337881300914,1.0024435493154742,12.838848725280304,copath_syn_app_REGION-RF_rank311_region113_iXi,113,iXi,311
sigma,0.01843205480185472,0.0037771819578964684,9.52480126633264e-5,1701.837652969246,1703.6016149458653,1.0007869884623433,19.12069718520584,copath_syn_app_REGION-RF_rank311_region113_iXi,113,iXi,311
u0,0.008128564132968495,0.006208433044587479,0.00014271481302223951,1290.6171673630188,940.3175520860962,1.0060138358247115,14.500501852289409,copath_syn_app_REGION-RF_rank311_region113_iXi,113,iXi,311
alpha,0.7300017806084045,0.5662538827088165,0.013155894542908624,1272.5410133155883,857.6841124382144,1.0033939136730734,14.514628372652792,copath_syn_app_REGION-RF_rank314_region114_iRH,114,iRH,314
beta,-0.6187527050448108,0.6811429899198609,0.02139663746275905,1024.7959851865462,1371.0868870152567,1.000813200631879,11.688843602780175,copath_syn_app_REGION-RF_rank314_region114_iRH,114,iRH,314
gamma,0.08035320585727249,0.05971070503626987,0.001286900190718961,1448.6675044092517,1076.8305725753607,1.0017063100303354,16.523530669752965,copath_syn_app_REGION-RF_rank314_region114_iRH,114,iRH,314
sigma,0.017061036099515814,0.003479843100430281,8.860463474850756e-5,1698.5174132323684,1619.4384151647503,1.0011980041870174,19.373323751124843,copath_syn_app_REGION-RF_rank314_region114_iRH,114,iRH,314
u0,0.007795889560201241,0.006041379759070892,0.00018107921217434524,778.5496526572211,670.4485409042804,1.0033233020419907,8.880152985037824,copath_syn_app_REGION-RF_rank314_region114_iRH,114,iRH,314
alpha,0.5942627636320741,0.5426770524026577,0.014616367857854012,1032.419518258393,898.4773279913471,1.001717579170232,11.516498245991421,copath_syn_app_REGION-RF_rank301_region115_iCM,115,iCM,301
beta,-0.475170062532006,0.6875937275689012,0.019169130295076338,1340.5409241631555,1639.733973499806,1.004716440253419,14.953550304674506,copath_syn_app_REGION-RF_rank301_region115_iCM,115,iCM,301
gamma,0.0821312424848691,0.059070428154737016,0.0015104548786108972,1161.6218090292437,908.465936057176,1.0027540507277026,12.957732093982438,copath_syn_app_REGION-RF_rank301_region115_iCM,115,iCM,301
sigma,0.024917047316737516,0.0044746519202416785,0.00012697228127454884,1158.0685956789912,933.9813035779058,1.0005607317958887,12.918096485983815,copath_syn_app_REGION-RF_rank301_region115_iCM,115,iCM,301
u0,0.009203334932059703,0.006214295032501102,0.00018194559122031737,896.6557794231217,839.972318223048,1.0023678369620646,10.002072344006175,copath_syn_app_REGION-RF_rank301_region115_iCM,115,iCM,301
alpha,0.49883724572237814,0.498897696709082,0.020173299411338476,606.1991226199065,1100.0695880030105,1.007249331569181,5.821001753600024,copath_syn_app_REGION-RF_rank223_region116_iPCN,116,iPCN,223
beta,-0.09678416814317722,0.6861094822861415,0.02035534919278991,1188.315668613832,1302.9162199545005,1.0066823269233036,11.410751571094988,copath_syn_app_REGION-RF_rank223_region116_iPCN,116,iPCN,223
gamma,0.0801659843675645,0.05933447448972093,0.0020590106123449274,582.7903433724997,399.15013380987364,1.004289686292782,5.596219928677739,copath_syn_app_REGION-RF_rank223_region116_iPCN,116,iPCN,223
sigma,0.04902597126375777,0.008717400440776067,0.0002816493198006433,921.1339730041204,895.9360011786348,1.0043289860570073,8.845150499367394,copath_syn_app_REGION-RF_rank223_region116_iPCN,116,iPCN,223
u0,0.011665686083144602,0.007069141787865041,0.00026004110429807037,630.6053083233093,681.8504398630635,1.0068078776651452,6.055361132353651,copath_syn_app_REGION-RF_rank223_region116_iPCN,116,iPCN,223
alpha,0.4391100591328884,0.4015892381968274,0.03124001402535728,211.49109008753905,174.33259154748112,1.0146893419533258,1.573418815515672,copath_syn_app_REGION-RF_rank268_region117_iCL,117,iCL,268
beta,0.29159580625226783,0.49210180863789776,0.020189297229656667,566.5693273515992,846.754832409037,1.008918755853118,4.215075157918381,copath_syn_app_REGION-RF_rank268_region117_iCL,117,iCL,268
gamma,0.08226076589109312,0.06240490526945878,0.0036432898247494706,243.45456771356012,182.66858974082666,1.0079475281887509,1.8112157699182394,copath_syn_app_REGION-RF_rank268_region117_iCL,117,iCL,268
sigma,0.023021683762319722,0.00438222844132927,0.00024291399105209286,274.1628460335363,269.3758920065963,1.0125968690328204,2.0396744859839773,copath_syn_app_REGION-RF_rank268_region117_iCL,117,iCL,268
u0,0.01052697670369155,0.00488456845491677,0.0003001355883081075,243.34978790086132,405.2896684023691,1.0244345988066035,1.8104362452171359,copath_syn_app_REGION-RF_rank268_region117_iCL,117,iCL,268
alpha,0.7541410926505075,0.5976156707642822,0.011699251800060236,1694.5205578852824,1098.517606612336,1.0016002998991123,22.235759941806954,copath_syn_app_REGION-RF_rank329_region118_iPF,118,iPF,329
beta,-0.2504645832680066,0.8902682406070602,0.018881711083050354,2230.977897024356,1822.2742746164076,1.0005791823521617,29.27523583167368,copath_syn_app_REGION-RF_rank329_region118_iPF,118,iPF,329
gamma,0.07901080048811929,0.06301555266105865,0.0013381126576870474,1337.3812099755917,881.3192590946826,1.0005151494510969,17.549322371640294,copath_syn_app_REGION-RF_rank329_region118_iPF,118,iPF,329
sigma,0.6651135466290097,0.8642810270917788,0.01956413470684584,2231.4839768259267,2118.972691561569,1.0028033504676395,29.2818766888334,copath_syn_app_REGION-RF_rank329_region118_iPF,118,iPF,329
u0,0.008036680276032975,0.0058035503858671,0.00010592639128337544,1672.184688821691,1109.563653622727,1.00350009865192,21.942665225263966,copath_syn_app_REGION-RF_rank329_region118_iPF,118,iPF,329
alpha,0.4456579986368024,0.45703865638659774,0.016484126533894347,679.402707294494,1008.9792907682149,1.0027572251424153,6.202098766655354,copath_syn_app_REGION-RF_rank261_region119_iPIL,119,iPIL,261
beta,-0.015339548441688493,0.6655973244240697,0.020141163344620766,1140.575535218162,1206.0912987475856,1.0029378531582192,10.412031103649328,copath_syn_app_REGION-RF_rank261_region119_iPIL,119,iPIL,261
gamma,0.0868365668115302,0.06125926934072595,0.0017462583784127997,999.2281861464387,733.7300113791055,1.00163914291122,9.12170621984261,copath_syn_app_REGION-RF_rank261_region119_iPIL,119,iPIL,261
sigma,0.039717439971286655,0.007346539274495935,0.00030765745446536673,558.8316996304866,684.5722997593737,1.012756240176323,5.101435949303354,copath_syn_app_REGION-RF_rank261_region119_iPIL,119,iPIL,261
u0,0.011552948439351975,0.006420739464530166,0.00020646533008635655,831.6281111219483,573.2747122124473,1.003798239158895,7.591726713667096,copath_syn_app_REGION-RF_rank261_region119_iPIL,119,iPIL,261
alpha,0.46299926629747556,0.41894386661695576,0.03190427887872437,164.2764761409471,319.75256158255615,1.0187349883576995,1.2197268856570398,copath_syn_app_REGION-RF_rank264_region120_iRT,120,iRT,264
beta,0.3807183104861848,0.624083388205542,0.034481600990076994,272.76409955449225,535.8621320576879,1.014221484813088,2.0252303524163575,copath_syn_app_REGION-RF_rank264_region120_iRT,120,iRT,264
gamma,0.08821474743244394,0.060280438721562114,0.004105106265109602,264.7392666629669,424.1541459292589,1.0282057956162658,1.965647235827587,copath_syn_app_REGION-RF_rank264_region120_iRT,120,iRT,264
sigma,0.03681666159093798,0.006306038930139831,0.00028615438774539113,460.3309440562189,608.4740586749524,1.0105118930191614,3.4178845441237495,copath_syn_app_REGION-RF_rank264_region120_iRT,120,iRT,264
u0,0.010462639070554764,0.006305925914555896,0.0007258642501608998,52.97730812403337,26.61709858862304,1.0929581173721743,0.393348144339177,copath_syn_app_REGION-RF_rank264_region120_iRT,120,iRT,264
alpha,0.7716433383630217,0.5917219835197665,0.014018958707002475,1172.3863978366594,901.4465171794832,1.0018443567394582,14.404727885053994,copath_syn_app_REGION-RF_rank330_region121_iIGL,121,iIGL,330
beta,-0.6460046182606951,0.7630972761253242,0.023228906469029264,1138.9917279933334,1229.270981629671,1.003220256527893,13.994418508561765,copath_syn_app_REGION-RF_rank330_region121_iIGL,121,iIGL,330
gamma,0.08042891649891129,0.06203424905805565,0.00118604211156476,1718.406283667372,1034.3063784851606,1.001556611333225,21.113495480560914,copath_syn_app_REGION-RF_rank330_region121_iIGL,121,iIGL,330
sigma,0.03426902676581616,0.03966838943920575,0.0009498419156262135,1715.1124739010252,2027.8290967622422,1.004379228750821,21.073025518203014,copath_syn_app_REGION-RF_rank330_region121_iIGL,121,iIGL,330
u0,0.007463075281584122,0.005835066118771254,0.00013009759510867764,1345.7048312992445,1062.6440946266816,0.9999027824700413,16.534234740557626,copath_syn_app_REGION-RF_rank330_region121_iIGL,121,iIGL,330
alpha,0.8456813606616177,0.6013473451432189,0.014418223388258667,1241.5916376680107,893.8368490653639,1.0041524269652762,14.785077137134547,copath_syn_app_REGION-RF_rank331_region122_iIntG,122,iIntG,331
beta,-0.7315876176849532,0.7188073710239146,0.02446268858319365,837.2449636684021,945.1506689453088,1.0028392444418162,9.9700505343003,copath_syn_app_REGION-RF_rank331_region122_iIntG,122,iIntG,331
gamma,0.07876296619855808,0.059399246386224284,0.0013707596409821287,1099.332544961157,857.8603463708213,1.009855701303318,13.091032496917656,copath_syn_app_REGION-RF_rank331_region122_iIntG,122,iIntG,331
sigma,0.014045581095058903,0.017619746135884594,0.0006004248728299543,898.7472603482138,519.3587837335419,1.0032731118286011,10.70242998414087,copath_syn_app_REGION-RF_rank331_region122_iIntG,122,iIntG,331
u0,0.006916945744593161,0.0057699610336810914,0.00015543492645590722,961.4563399088975,940.7657522092102,1.0022950159196742,11.449180002725749,copath_syn_app_REGION-RF_rank331_region122_iIntG,122,iIntG,331
alpha,0.583705025424535,0.4866638483107273,0.025307696190342,477.8554564848067,523.3824457141388,1.003421534345855,2.7304153800014097,copath_syn_app_REGION-RF_rank202_region123_iLGv,123,iLGv,202
beta,0.2966537674375996,0.7306492829912618,0.030641218582805663,593.7843478605668,800.5902715757721,1.0043686156376561,3.3928207657792995,copath_syn_app_REGION-RF_rank202_region123_iLGv,123,iLGv,202
gamma,0.08224230970356354,0.06155629292811587,0.0021074176962708837,755.5989394526594,949.4138869581724,1.0091187869412346,4.317412174323243,copath_syn_app_REGION-RF_rank202_region123_iLGv,123,iLGv,202
sigma,0.0720519882832817,0.013174101442088748,0.0005018326219725877,609.7117094273145,202.98393086696697,1.008991969574779,3.4838280199490006,copath_syn_app_REGION-RF_rank202_region123_iLGv,123,iLGv,202
u0,0.008732728706185482,0.005878932406907657,0.00023326377384592388,442.9862522176706,382.3226597541737,1.0103586598234904,2.5311764462875153,copath_syn_app_REGION-RF_rank202_region123_iLGv,123,iLGv,202
alpha,0.8118508702847578,0.5925525839020096,0.01129282485676196,2047.3053496483792,1452.9304473096531,1.0004954391433165,29.31716165206105,copath_syn_app_REGION-RF_rank1_region124_iSubG,124,iSubG,377
beta,-0.015474742852562937,1.0235750643385062,0.01935249240780638,2792.798422287452,2020.1362962866165,1.000426505856937,39.99253107109035,copath_syn_app_REGION-RF_rank1_region124_iSubG,124,iSubG,377
gamma,0.08057473262992207,0.0616414023666984,0.0011464198283190256,2064.516601339655,1158.388619845405,1.0007576789523172,29.563624666556716,copath_syn_app_REGION-RF_rank1_region124_iSubG,124,iSubG,377
sigma,1.6490068938126567,2.0494199614514694,0.0415448257875696,2964.4706712461634,2475.4989585578587,1.0003658591756859,42.450856632912284,copath_syn_app_REGION-RF_rank1_region124_iSubG,124,iSubG,377
u0,0.008110474908721148,0.005953132938647956,0.00011506278556767653,1822.952956550622,1110.4641075873394,1.0002312071810795,26.104462883602626,copath_syn_app_REGION-RF_rank1_region124_iSubG,124,iSubG,377
alpha,0.7309544776929578,0.5556706413835193,0.02844778306901314,424.1183571938463,685.8285661401388,1.0068285275001974,2.3557550320429157,copath_syn_app_REGION-RF_rank161_region125_iMH,125,iMH,161
beta,0.44543016785430684,0.5685991717266946,0.0241588233882244,580.7567667716767,539.1989863608412,1.0038027434265568,3.225799243323113,copath_syn_app_REGION-RF_rank161_region125_iMH,125,iMH,161
gamma,0.0839140622763246,0.062446387007832914,0.001982131508440962,838.22048204673,887.4455768080287,1.0049158275177799,4.655875146758852,copath_syn_app_REGION-RF_rank161_region125_iMH,125,iMH,161
sigma,0.11248448666158313,0.02047869393846641,0.0009201800350701999,427.51121640661563,497.9765757635269,1.0046148051549417,2.374600585478466,copath_syn_app_REGION-RF_rank161_region125_iMH,125,iMH,161
u0,0.011661527868214694,0.006433455758930796,0.00020249170432580326,795.0468849900475,539.7577077279354,1.001026329781128,4.416068458855486,copath_syn_app_REGION-RF_rank161_region125_iMH,125,iMH,161
alpha,0.4820601465217693,0.47621509787403404,0.019557041147143437,605.5933314667396,676.6735864189858,1.0067164172867125,4.263570790182554,copath_syn_app_REGION-RF_rank260_region126_iLH,126,iLH,260
beta,0.22289803002540629,0.6180164946972705,0.022683031762105888,792.780463647135,863.2226813729523,1.0076817882577924,5.5814280841679755,copath_syn_app_REGION-RF_rank260_region126_iLH,126,iLH,260
gamma,0.08320761078809383,0.060169336023746904,0.001995366709082478,674.3442440672617,581.3966503803207,1.0025638339817267,4.747599209141586,copath_syn_app_REGION-RF_rank260_region126_iLH,126,iLH,260
sigma,0.04425244341430411,0.008254991488154596,0.0003300295452738797,597.2095570455919,662.2852373400082,1.0094877560336075,4.204546336186484,copath_syn_app_REGION-RF_rank260_region126_iLH,126,iLH,260
u0,0.012568917903630345,0.006847903412117575,0.00027511810155597774,503.85632607017186,217.17858513150455,1.0019207179461,3.5473097252879273,copath_syn_app_REGION-RF_rank260_region126_iLH,126,iLH,260
alpha,0.7949199348360013,0.6032166954010652,0.011228510952279218,1974.45555418963,1151.1865544546358,1.003165067317396,27.75138519971932,copath_syn_app_REGION-RF_rank1_region127_iPVH,127,iPVH,378
beta,-0.0039939469377909004,0.9800914912247495,0.017747698053546666,3050.7981616397533,2537.814091289717,1.0010476007169264,42.87960535278228,copath_syn_app_REGION-RF_rank1_region127_iPVH,127,iPVH,378
gamma,0.07840576590817315,0.058993078870363425,0.0011028560171260587,1811.3657639533267,1268.3719871442745,1.0003494069209948,25.459124134948652,copath_syn_app_REGION-RF_rank1_region127_iPVH,127,iPVH,378
sigma,1.680242199536127,2.283390109426934,0.04770797001613146,2836.4730853450187,2403.439105321303,1.0003015398728006,39.86722164143783,copath_syn_app_REGION-RF_rank1_region127_iPVH,127,iPVH,378
u0,0.008048242610945517,0.005996460953589024,0.00011171825448789734,1985.5485405815834,1104.3544308260412,1.0002066923679476,27.90729944034384,copath_syn_app_REGION-RF_rank1_region127_iPVH,127,iPVH,378
alpha,0.44085266203004,0.4774927845071144,0.01644937960298137,857.7683234236014,762.9732942954751,1.0045844655324219,8.239849408488006,copath_syn_app_REGION-RF_rank263_region128_iARH,128,iARH,263
beta,-0.07618863596001375,0.6509759216777116,0.019790073908239916,1099.5427157902145,1242.426438348792,1.002363362239222,10.562369988378622,copath_syn_app_REGION-RF_rank263_region128_iARH,128,iARH,263
gamma,0.08197161761790869,0.061050820763915555,0.0020520004928737587,584.7773813591314,370.1984652774909,1.004146539117654,5.617458034189543,copath_syn_app_REGION-RF_rank263_region128_iARH,128,iARH,263
sigma,0.038956864894169795,0.007248159708503951,0.00025165218589261233,835.5283855307197,1133.6144177772012,1.0061763612238313,8.02620927503093,copath_syn_app_REGION-RF_rank263_region128_iARH,128,iARH,263
u0,0.013136163864173982,0.0069144642786800265,0.0002738051056054831,578.4046208911799,475.39499387203443,1.0066414912527761,5.5562403543821315,copath_syn_app_REGION-RF_rank263_region128_iARH,128,iARH,263
alpha,0.7856009606707406,0.6024400345495137,0.012990771373589416,1317.877454803698,879.9396453913447,1.0010074718106985,19.061274458752628,copath_syn_app_REGION-RF_rank1_region129_iADP,129,iADP,379
beta,-7.753842897578877e-5,0.9903972684936851,0.01763346983111644,3151.8206212400532,2059.4946988138768,1.0017530661097498,45.58672559973464,copath_syn_app_REGION-RF_rank1_region129_iADP,129,iADP,379
gamma,0.07809461991891378,0.06219131021433505,0.001207876425855575,1689.887821926618,1027.6669181421644,1.0051488729316884,24.441889844033298,copath_syn_app_REGION-RF_rank1_region129_iADP,129,iADP,379
sigma,1.6606798145665689,2.176872757273357,0.04852519419422854,2682.183689481809,2165.158449052711,1.0017216713131334,38.794076996800776,copath_syn_app_REGION-RF_rank1_region129_iADP,129,iADP,379
u0,0.00784770629101759,0.005897627993297273,0.00011230617680630873,1826.6083982464588,1399.3824418328018,1.0012224897361335,26.41936386477182,copath_syn_app_REGION-RF_rank1_region129_iADP,129,iADP,379
alpha,0.8192942447734681,0.615957419220142,0.011140048875988101,2118.2251858930476,1541.6560629891426,1.0019672077783957,29.95482062806584,copath_syn_app_REGION-RF_rank1_region130_iAVP,130,iAVP,380
beta,0.0047994713595609344,0.9988094280483252,0.018231242134502355,3010.72731449003,2342.152211304884,1.0004902034240397,42.57611384577354,copath_syn_app_REGION-RF_rank1_region130_iAVP,130,iAVP,380
gamma,0.07966977687193458,0.060791263721491344,0.001160498704418323,1824.24638684223,1464.1571907131233,1.0013634134616396,25.797527884750263,copath_syn_app_REGION-RF_rank1_region130_iAVP,130,iAVP,380
sigma,1.6481014078751477,2.271298828871801,0.04502501659457023,2758.235295965393,2443.114899556322,1.0008694994015344,39.00550521771351,copath_syn_app_REGION-RF_rank1_region130_iAVP,130,iAVP,380
u0,0.008049295581429696,0.005975740229130079,0.0001229172320080239,1568.8316544993006,1010.8361590715654,1.003626514352733,22.185587783173073,copath_syn_app_REGION-RF_rank1_region130_iAVP,130,iAVP,380
alpha,0.7359430256018563,0.5579759550409318,0.014744884472558954,1133.595828146247,1237.192144391475,1.0050006068015758,13.179048167717804,copath_syn_app_REGION-RF_rank78_region131_iAVPV,131,iAVPV,78
beta,0.007362823006779618,0.9285900475546902,0.04749095236466603,320.0704175340509,2041.2647028766444,1.0126574623459963,3.7211000120217506,copath_syn_app_REGION-RF_rank78_region131_iAVPV,131,iAVPV,78
gamma,0.08061344182488892,0.060923963134765544,0.002093009731292452,790.3315372360779,582.6597826671557,1.009439790661776,9.188298985480182,copath_syn_app_REGION-RF_rank78_region131_iAVPV,131,iAVPV,78
sigma,0.22638600094444908,0.18383474012634093,0.005696606766913106,264.17855480804064,387.6181005652482,1.0108889439372586,3.0713079673085,copath_syn_app_REGION-RF_rank78_region131_iAVPV,131,iAVPV,78
u0,0.008096328172628706,0.005775160910022986,0.00015574718808740738,1032.614257606611,943.0840984116325,1.0074617707156877,12.005048626479232,copath_syn_app_REGION-RF_rank78_region131_iAVPV,131,iAVPV,78
alpha,0.522500188377791,0.5489149165655549,0.031218376155193628,412.02949512645074,294.2940211091839,1.0140256938830616,3.89589159537113,copath_syn_app_REGION-RF_rank206_region132_iDMH,132,iDMH,206
beta,0.055001396497678476,0.6981532866023649,0.022070097874015652,1040.3711629698612,1277.6131948840575,1.0111080980237606,9.837094960002469,copath_syn_app_REGION-RF_rank206_region132_iDMH,132,iDMH,206
gamma,0.08284566905115252,0.060668490189269064,0.0019913202581970384,634.2217174902981,334.203770560494,1.0082108924341278,5.996801413486177,copath_syn_app_REGION-RF_rank206_region132_iDMH,132,iDMH,206
sigma,0.06672232095517337,0.01192612913216616,0.0005135237525746479,481.41092963770734,965.7874883965455,1.0110655191910403,4.551918774940501,copath_syn_app_REGION-RF_rank206_region132_iDMH,132,iDMH,206
u0,0.012284117728841016,0.007103062842304741,0.00033116941382919506,423.3892483558598,496.3556045795898,1.0054842016500627,4.003302272653743,copath_syn_app_REGION-RF_rank206_region132_iDMH,132,iDMH,206
alpha,0.8100150135779939,0.6006481702882165,0.01124636777573635,2069.366547089873,1366.5795063665837,1.0019579838801635,29.519786409464533,copath_syn_app_REGION-RF_rank1_region133_iMEPO,133,iMEPO,381
beta,-0.0009490884284846449,1.0041900914243778,0.019670583989891896,2606.7648000817,2099.710763809941,1.0002567986267379,37.18584328442818,copath_syn_app_REGION-RF_rank1_region133_iMEPO,133,iMEPO,381
gamma,0.08084463916861252,0.05959951228585983,0.001137259552125695,1976.955832865727,1241.417572666771,1.0010064436660595,28.201535397008985,copath_syn_app_REGION-RF_rank1_region133_iMEPO,133,iMEPO,381
sigma,1.692956586008867,2.290840821708287,0.0469402359355482,2981.1965736479806,2283.9315299275436,1.0007839320121539,42.52716186142823,copath_syn_app_REGION-RF_rank1_region133_iMEPO,133,iMEPO,381
u0,0.008161945299690132,0.005973917764651142,0.00011728150260220513,1733.3407846147265,1092.6421334888319,1.001502144288081,24.726334640229478,copath_syn_app_REGION-RF_rank1_region133_iMEPO,133,iMEPO,381
alpha,0.7718512214189238,0.5868385326545315,0.011728230245174063,1588.7366864318174,1103.9745419975409,1.0011362488699524,22.606780119125993,copath_syn_app_REGION-RF_rank1_region134_iMPO,134,iMPO,382
beta,0.024844137477280603,1.013223657204974,0.019121569774473317,2821.311164394845,2192.530259020853,1.0015378079429826,40.145583397055155,copath_syn_app_REGION-RF_rank1_region134_iMPO,134,iMPO,382
gamma,0.07771443402505838,0.06051744101853545,0.0011472295600889158,1763.0057703459431,998.7183751836093,1.0014363762159937,25.086525753033612,copath_syn_app_REGION-RF_rank1_region134_iMPO,134,iMPO,382
sigma,1.7273299668312125,3.434359894525727,0.0887912024203651,2957.221108387586,2345.5556616429294,1.0026759388042836,42.07950123635878,copath_syn_app_REGION-RF_rank1_region134_iMPO,134,iMPO,382
u0,0.007855497280225774,0.0058653039538513006,0.00010550601150470683,1902.6380621123783,1335.9198164307381,1.0005722934639565,27.073410391911697,copath_syn_app_REGION-RF_rank1_region134_iMPO,134,iMPO,382
alpha,0.8104236157542153,0.589378295312229,0.011329301997287131,1989.7114297896737,1567.6858090239248,1.0024876449194666,28.456971249852312,copath_syn_app_REGION-RF_rank1_region135_iPS,135,iPS,383
beta,0.008005814487762353,1.0026314836187127,0.017943086706434415,3123.3789426507606,2756.6411117036337,1.0015629624613858,44.67075146811728,copath_syn_app_REGION-RF_rank1_region135_iPS,135,iPS,383
gamma,0.08003417819670738,0.061426474021123376,0.0011460773920744557,1868.5912264967146,1073.5633656593225,1.0002293018251107,26.72470289612006,copath_syn_app_REGION-RF_rank1_region135_iPS,135,iPS,383
sigma,1.6498392997313691,2.152952625561942,0.047317592130945677,2644.1117847995383,1898.9241414781245,1.0001223136815205,37.81624406177829,copath_syn_app_REGION-RF_rank1_region135_iPS,135,iPS,383
u0,0.007972220969124505,0.005908818525809477,0.00011767802065867183,1691.7744093759322,1215.7601377894798,1.000521442873615,24.195858257664934,copath_syn_app_REGION-RF_rank1_region135_iPS,135,iPS,383
alpha,0.767324711990134,0.5904990022260425,0.01032576824165221,2228.276943062284,1441.6818147514596,1.000490423555822,31.618425845876263,copath_syn_app_REGION-RF_rank1_region136_iVLPO,136,iVLPO,384
beta,0.005060416375459973,1.009581675551479,0.01903868923618019,2814.6707325190105,2679.631489319016,1.0016911906003405,39.93913688053765,copath_syn_app_REGION-RF_rank1_region136_iVLPO,136,iVLPO,384
gamma,0.08049340174831525,0.05900337380182531,0.0010575807542782735,2248.740794932922,1463.7088325764403,1.0012373877966538,31.908800336761388,copath_syn_app_REGION-RF_rank1_region136_iVLPO,136,iVLPO,384
sigma,1.7015766123075553,2.340460952053422,0.04846277555478671,3095.896361928229,2226.385570740204,1.000903910101861,43.92962456974528,copath_syn_app_REGION-RF_rank1_region136_iVLPO,136,iVLPO,384
u0,0.007879006340863332,0.005965860736092023,0.00011047663361600224,2052.410211768972,1311.1457002942025,1.001409086756784,29.122941961134206,copath_syn_app_REGION-RF_rank1_region136_iVLPO,136,iVLPO,384
alpha,0.7413933297751862,0.5962165418277824,0.011856543865057812,1751.954578354529,1334.2807712325152,1.001933800091433,21.339016313498362,copath_syn_app_REGION-RF_rank332_region137_iAHN,137,iAHN,332
beta,-0.36624323457888114,0.8534894609643621,0.02136545289483351,1628.4549942214378,1516.2647609277103,1.0022782947559028,19.834776607123395,copath_syn_app_REGION-RF_rank332_region137_iAHN,137,iAHN,332
gamma,0.08051928956111909,0.060644823747470475,0.001348477188760523,1314.6821090590167,892.0474231157458,1.0025986785615462,16.01298533585482,copath_syn_app_REGION-RF_rank332_region137_iAHN,137,iAHN,332
sigma,0.24220031755797122,0.31018666069215495,0.006397654485114109,2076.7365159758847,2090.592443770329,1.001738206379128,25.294899160496033,copath_syn_app_REGION-RF_rank332_region137_iAHN,137,iAHN,332
u0,0.007614245076203592,0.0059730954863799314,0.00011082158085035488,1931.8872530747346,1134.6786070500168,1.000408547712121,23.530617813117193,copath_syn_app_REGION-RF_rank332_region137_iAHN,137,iAHN,332
alpha,0.5343804828688891,0.5402473464426665,0.027559813905498325,344.8479185977962,522.7014335242308,1.0088596666660201,3.177823922498744,copath_syn_app_REGION-RF_rank247_region138_iLM,138,iLM,247
beta,-0.011362553767231899,0.7288587727582551,0.024628149971332895,859.3827444386425,1170.3262662658997,1.0072066341042858,7.919337471904333,copath_syn_app_REGION-RF_rank247_region138_iLM,138,iLM,247
gamma,0.07963354443127685,0.061963498364562775,0.002380633339516792,551.3547824206915,900.5729392967079,1.004337520802744,5.080814825517583,copath_syn_app_REGION-RF_rank247_region138_iLM,138,iLM,247
sigma,0.05593825748496342,0.010643006510064128,0.00039690388757376946,697.4157633469099,813.8577142117693,1.0038596906418988,6.426788091699088,copath_syn_app_REGION-RF_rank247_region138_iLM,138,iLM,247
u0,0.011565360080034458,0.007254387846108636,0.0002905990435733351,578.8069625576416,635.8425392999633,1.0086073976710463,5.333790673881895,copath_syn_app_REGION-RF_rank247_region138_iLM,138,iLM,247
alpha,0.9419122206705882,0.8284506277824023,0.05036191632254778,316.68360478405117,757.5259367230217,1.01630597691093,1.9556338062670666,copath_syn_app_REGION-RF_rank109_region139_iMM,139,iMM,109
beta,0.4007296647387652,0.4419619743564614,0.015816574618205126,805.3197904915645,625.9144479514372,1.005685840377932,4.973135910257046,copath_syn_app_REGION-RF_rank109_region139_iMM,139,iMM,109
gamma,0.1045293728130268,0.07369478041028082,0.0033133705400248156,465.1146331524667,530.2928354536672,1.006629803135264,2.8722481575979515,copath_syn_app_REGION-RF_rank109_region139_iMM,139,iMM,109
sigma,0.09702491529220922,0.020031372873323672,0.000905457107583343,405.19990977948487,377.5604655817601,1.0058492485505808,2.502253447574227,copath_syn_app_REGION-RF_rank109_region139_iMM,139,iMM,109
u0,0.016517153876948888,0.0072133054601290466,0.0002549624422840184,715.3972350769449,590.199739219816,1.004481217539326,4.417832172841682,copath_syn_app_REGION-RF_rank109_region139_iMM,139,iMM,109
alpha,2.475979656540751,0.799465064819899,0.029113172090384627,873.6491227350165,484.0324468786305,1.0054307058307128,8.887851335595354,copath_syn_app_REGION-RF_rank33_region140_iSUM,140,iSUM,33
beta,0.5229548629853861,0.1403180004781699,0.005761086260287482,1072.3822379407188,680.807787758459,1.0041830643453986,10.909613090335604,copath_syn_app_REGION-RF_rank33_region140_iSUM,140,iSUM,33
gamma,0.16046707817144687,0.07116691251665792,0.0023893193601235664,891.0940601102293,918.1315228752519,1.0008283136059355,9.065323052689598,copath_syn_app_REGION-RF_rank33_region140_iSUM,140,iSUM,33
sigma,0.19664163347368344,0.04238743428368856,0.0014484374446191728,907.0638915565423,1280.2628191655156,1.0046461773710949,9.227788147721114,copath_syn_app_REGION-RF_rank33_region140_iSUM,140,iSUM,33
u0,0.015607708251872346,0.006805947164964344,0.00015628656580542874,1657.022513617582,891.7528465683293,1.0024485465103667,16.857305041024468,copath_syn_app_REGION-RF_rank33_region140_iSUM,140,iSUM,33
alpha,0.7380204951081486,0.5878329052824588,0.01117964121880156,1831.8429201495858,1256.3234329624142,1.000755169322574,24.476789419422577,copath_syn_app_REGION-RF_rank333_region141_iTM,141,iTM,333
beta,-0.184411903239548,0.9187816025909569,0.02041943452649377,2040.253698898193,2220.1987807854866,1.001200569724572,27.261540605267143,copath_syn_app_REGION-RF_rank333_region141_iTM,141,iTM,333
gamma,0.08079974217239337,0.05960409827664874,0.001199309914527044,1733.5337117135202,1216.2054780403798,1.0053085658399097,23.163197644488513,copath_syn_app_REGION-RF_rank333_region141_iTM,141,iTM,333
sigma,0.6599840515310648,0.8379266578433755,0.01760055750774623,2461.7249774683773,2184.939394571848,1.0013352812186271,32.89317179941712,copath_syn_app_REGION-RF_rank333_region141_iTM,141,iTM,333
u0,0.007720972851507822,0.005964131408186462,0.00011653654650287094,1621.6038388574875,1043.6004913377283,1.0031266339359914,21.667608750100047,copath_syn_app_REGION-RF_rank333_region141_iTM,141,iTM,333
alpha,0.7829163688946362,0.5983351697327095,0.011589761887519439,1722.3217143185204,940.2147278252913,1.0011484402832012,24.78232056057038,copath_syn_app_REGION-RF_rank1_region142_iMPN,142,iMPN,385
beta,0.007967122916691898,1.0055767032039438,0.019143221945423918,2760.0158512718963,2419.131399239492,1.0023341660845535,39.71360112912452,copath_syn_app_REGION-RF_rank1_region142_iMPN,142,iMPN,385
gamma,0.08056779251222301,0.060703133880547475,0.0013455908304749213,1489.304484893863,1160.0744228671113,1.0015442481292887,21.429458184319877,copath_syn_app_REGION-RF_rank1_region142_iMPN,142,iMPN,385
sigma,1.6278526754659424,1.9507355122454575,0.03906047777697841,2786.227566631902,2471.7026691030537,1.0007865378013114,40.090758966184666,copath_syn_app_REGION-RF_rank1_region142_iMPN,142,iMPN,385
u0,0.007988054114363858,0.005916165038935,0.00011402986830333336,1836.0476838729649,1213.6209496250558,1.0003798426524262,26.41871253666242,copath_syn_app_REGION-RF_rank1_region142_iMPN,142,iMPN,385
alpha,0.7674609363570234,0.587582371500977,0.013679899088071925,1336.8729754367903,1102.3130824187085,1.003803988192842,16.16415949794199,copath_syn_app_REGION-RF_rank334_region143_iPMd,143,iPMd,334
beta,-0.6365711799815456,0.7661652652097114,0.02058542241265897,1429.4140968987751,1662.861004598146,1.0021611108008888,17.283076160118675,copath_syn_app_REGION-RF_rank334_region143_iPMd,143,iPMd,334
gamma,0.07914320901492004,0.05998497320455851,0.0013331179569204886,1352.299877031235,813.3553290748853,1.002427996410957,16.35068649228877,copath_syn_app_REGION-RF_rank334_region143_iPMd,143,iPMd,334
sigma,0.03680679376944508,0.0452765487184756,0.0011333556661740785,1542.1895257755075,1413.2890851022353,1.0019110165323928,18.646646262369206,copath_syn_app_REGION-RF_rank334_region143_iPMd,143,iPMd,334
u0,0.006894342171728007,0.005691590501960664,0.0001384616167681126,1053.211519537833,712.0142205396468,1.003897680329175,12.734402818874484,copath_syn_app_REGION-RF_rank334_region143_iPMd,143,iPMd,334
alpha,0.7599554163513942,0.6017002818233554,0.01298122466033353,1332.7678040419953,991.1814903102124,1.0032200074620883,16.447019819359717,copath_syn_app_REGION-RF_rank335_region144_iPMv,144,iPMv,335
beta,-0.574124475627843,0.727276402810161,0.021344537244769885,1227.6457416850678,987.7891783156624,1.0026637386604396,15.149761108732973,copath_syn_app_REGION-RF_rank335_region144_iPMv,144,iPMv,335
gamma,0.07817712923598856,0.05778417721457283,0.0011342456926662834,1688.4661584711357,1166.7155706000992,1.0014305851090002,20.836515024201393,copath_syn_app_REGION-RF_rank335_region144_iPMv,144,iPMv,335
sigma,0.034905597530729436,0.04484243721657321,0.0011377558669479133,1790.5175378925092,1715.385868084281,1.0022404972077021,22.09587997497975,copath_syn_app_REGION-RF_rank335_region144_iPMv,144,iPMv,335
u0,0.0070261398037189384,0.005590107757634177,0.00012722680678996242,1135.5690046241543,868.8524382825312,1.003946367861709,14.013488222525782,copath_syn_app_REGION-RF_rank335_region144_iPMv,144,iPMv,335
alpha,0.5338540631647445,0.49937795520499056,0.022757761945293026,490.284023838237,529.5123363577586,1.0053556928146836,4.064227529869166,copath_syn_app_REGION-RF_rank236_region145_iVMH,145,iVMH,236
beta,0.06255917165443778,0.655046818971999,0.024562258566970047,614.2583796906121,844.3907103736461,1.004701352900225,5.091917533121774,copath_syn_app_REGION-RF_rank236_region145_iVMH,145,iVMH,236
gamma,0.07936014024698616,0.06602415855501428,0.00302377841712104,345.31979207074187,270.669843695153,1.007879664409754,2.8625411747164304,copath_syn_app_REGION-RF_rank236_region145_iVMH,145,iVMH,236
sigma,0.04702617181577694,0.008564858684456299,0.0003644954857184351,526.9296121071912,580.9366326676836,1.0071651742577914,4.36800248774965,copath_syn_app_REGION-RF_rank236_region145_iVMH,145,iVMH,236
u0,0.010639352282796461,0.006336572936324111,0.00024473824879281885,513.0963737006402,294.0029920222732,1.0057413134303397,4.25333134688927,copath_syn_app_REGION-RF_rank236_region145_iVMH,145,iVMH,236
alpha,0.5454964614694847,0.50427188209674,0.032854027617108074,282.97293631479357,226.40898465452628,1.0129706206510005,1.8416482461327779,copath_syn_app_REGION-RF_rank185_region146_iPH,146,iPH,185
beta,0.3202185982691935,0.5355568701809484,0.016944355693695182,968.3362399687504,911.4519862488211,1.0065832110087338,6.302138859036983,copath_syn_app_REGION-RF_rank185_region146_iPH,146,iPH,185
gamma,0.08164822717386615,0.06190189331408456,0.002277919834446312,513.9307143858348,358.45138939882304,1.0068722160067964,3.3447707441870906,copath_syn_app_REGION-RF_rank185_region146_iPH,146,iPH,185
sigma,0.04747699525871286,0.009743112690957059,0.0004514828316262091,307.39251932734726,54.326374051714076,1.0147521859399047,2.000576102669326,copath_syn_app_REGION-RF_rank185_region146_iPH,146,iPH,185
u0,0.014880309452757676,0.007308077505449545,0.0003338805250483126,473.2146635983863,429.61291767541263,1.0115968983835228,3.0797819982713297,copath_syn_app_REGION-RF_rank185_region146_iPH,146,iPH,185
alpha,1.1102635502777491,0.7962556149604446,0.03440274763994981,530.9672686643582,942.2709951465171,1.0052460854476803,2.525421137148611,copath_syn_app_REGION-RF_rank163_region147_iLHA,147,iLHA,163
beta,0.37440826828194645,0.31430486978759753,0.01318505851669573,632.9144506424493,928.6133004505162,1.003329935493789,3.0103089700424226,copath_syn_app_REGION-RF_rank163_region147_iLHA,147,iLHA,163
gamma,0.10974878856849708,0.0754007695384294,0.0025890262378667874,778.5308513881895,948.010030546534,1.0065617520967367,3.7028991880493582,copath_syn_app_REGION-RF_rank163_region147_iLHA,147,iLHA,163
sigma,0.050243378643639446,0.009545965794338347,0.00034338714613201736,685.597328211281,719.601010866347,1.0007112700895782,3.26088270674905,copath_syn_app_REGION-RF_rank163_region147_iLHA,147,iLHA,163
u0,0.020506617147196756,0.007193631324495322,0.00020677414061542673,1155.2998036000051,1262.1490710776693,1.0012268556344046,5.494912240248492,copath_syn_app_REGION-RF_rank163_region147_iLHA,147,iLHA,163
alpha,0.638094373203304,0.5650982546115031,0.01280669564536727,1437.0933292916611,1329.5064968226134,1.0032232214379386,18.08916016478899,copath_syn_app_REGION-RF_rank218_region148_iLPO,148,iLPO,218
beta,-0.3299865492008675,0.8000547458874405,0.024323141476091926,1144.6591468197932,1141.9314672676446,1.0031695189107297,14.408196196359661,copath_syn_app_REGION-RF_rank218_region148_iLPO,148,iLPO,218
gamma,0.08122298504881617,0.05971337607278592,0.0013745154792533351,1210.2320472959289,944.2911065883371,1.0034672059184468,15.233583577266398,copath_syn_app_REGION-RF_rank218_region148_iLPO,148,iLPO,218
sigma,0.08388569657274243,0.02636511778556338,0.000784236674910858,1249.9739962103054,1093.1888700167,1.0052395160205643,15.733828387064076,copath_syn_app_REGION-RF_rank218_region148_iLPO,148,iLPO,218
u0,0.008500343611270517,0.006166105873231512,0.0001372939191398239,1297.143082100629,746.1172695038489,1.0007973687876421,16.327560980560502,copath_syn_app_REGION-RF_rank218_region148_iLPO,148,iLPO,218
alpha,0.6757734218188661,0.5593373594127224,0.01334206681697434,1198.8921441451698,1131.750384692528,1.0013177264301734,13.343114090496153,copath_syn_app_REGION-RF_rank291_region149_iPST,149,iPST,291
beta,-0.3333591205127902,0.7882671002595009,0.025612903707173493,955.2767082595981,1002.7331205826683,1.0053088871257978,10.631787161629788,copath_syn_app_REGION-RF_rank291_region149_iPST,149,iPST,291
gamma,0.07791876317952488,0.062217054211577694,0.0016030138555932843,999.0717906551522,747.4578006309413,0.999875611015313,11.119206137440342,copath_syn_app_REGION-RF_rank291_region149_iPST,149,iPST,291
sigma,0.050806700069033595,0.0101004360061244,0.000289316544829771,1207.7002535458619,1718.7296749324312,1.0019885068168888,13.441144267129602,copath_syn_app_REGION-RF_rank291_region149_iPST,149,iPST,291
u0,0.007313843326171369,0.005772135558239082,0.00014098749755689754,920.4261426553563,479.77227092395583,1.0054357051617817,10.243916513509658,copath_syn_app_REGION-RF_rank291_region149_iPST,149,iPST,291
alpha,0.5688766810111097,0.5342081306784916,0.01704965444314394,864.9220808066923,1304.6719905066059,1.002960300969849,8.21544529641615,copath_syn_app_REGION-RF_rank250_region150_iPSTN,150,iPSTN,250
beta,-0.02409083225946788,0.7999511998086318,0.03725603705158665,457.1978860887153,467.61028912935103,1.00718070350435,4.342685088228679,copath_syn_app_REGION-RF_rank250_region150_iPSTN,150,iPSTN,250
gamma,0.07965059900901213,0.06090887505048345,0.0022815741877377934,504.64764334315925,378.3710736541314,1.0071957236511413,4.793385670052804,copath_syn_app_REGION-RF_rank250_region150_iPSTN,150,iPSTN,250
sigma,0.06153203081700203,0.013528450600270931,0.00045769859364419503,760.3802293750051,1293.6310101700294,1.0023373528231798,7.2224565860087875,copath_syn_app_REGION-RF_rank250_region150_iPSTN,150,iPSTN,250
u0,0.009738036237926549,0.006279654140616776,0.00021431582820960872,704.3245609921267,472.6047554483798,1.0044889994083306,6.690012927356827,copath_syn_app_REGION-RF_rank250_region150_iPSTN,150,iPSTN,250
alpha,0.6739044443564324,0.5518680742662904,0.012912833709861552,1289.7165553201967,1152.590682500013,1.0004721074080147,14.434755733986174,copath_syn_app_REGION-RF_rank73_region151_iPeF,151,iPeF,73
beta,-0.1836473112194694,0.8230913655828467,0.024464964491627387,1109.7138000087673,1091.7906666753477,1.0046739076907392,12.420130277216808,copath_syn_app_REGION-RF_rank73_region151_iPeF,151,iPeF,73
gamma,0.08307426751484877,0.06054999889545417,0.0014141342437257022,1293.5346936230435,981.4556116955976,1.0012944574494258,14.477489072201319,copath_syn_app_REGION-RF_rank73_region151_iPeF,151,iPeF,73
sigma,0.13930278847754912,0.05749056258547178,0.001675575002990413,1236.8722799417808,1729.2111824700787,1.0016142904761267,13.84331244058939,copath_syn_app_REGION-RF_rank73_region151_iPeF,151,iPeF,73
u0,0.008329770517656914,0.006181555449662077,0.00015038138244647536,1224.986916396084,952.6715087184081,1.0009355969340974,13.710289165914,copath_syn_app_REGION-RF_rank73_region151_iPeF,151,iPeF,73
alpha,0.7969882766865662,0.5965220122629208,0.011151871916127772,1963.9087299569455,1176.2063172738592,1.0005307645940196,28.273952346054504,copath_syn_app_REGION-RF_rank1_region152_iRCH,152,iRCH,386
beta,0.0023836716546265695,0.9696638465933214,0.018171969272647318,2847.501727614789,2650.505295989915,1.0015734668869274,40.994842033037564,copath_syn_app_REGION-RF_rank1_region152_iRCH,152,iRCH,386
gamma,0.08038896557525807,0.06065755767510357,0.0011773563474098,1756.0524180671675,1114.1967366948459,1.0015028170039093,25.281491766011627,copath_syn_app_REGION-RF_rank1_region152_iRCH,152,iRCH,386
sigma,1.6219102069838787,2.0422243008377916,0.04327064517491203,2225.849400825611,1903.2147917509453,1.0009220901809064,32.0450532799541,copath_syn_app_REGION-RF_rank1_region152_iRCH,152,iRCH,386
u0,0.00797378627818781,0.006205812578274657,0.0001186086060527881,1892.899951490332,1250.9324346909361,1.003614065932434,27.251654930756292,copath_syn_app_REGION-RF_rank1_region152_iRCH,152,iRCH,386
alpha,0.5792479658857753,0.5166202978173914,0.013730879935497315,898.3748805784008,990.1339174711818,1.0026420504239149,9.778442856752264,copath_syn_app_REGION-RF_rank302_region153_iSTN,153,iSTN,302
beta,-0.4993771791548728,0.6253869800143584,0.018963132430518382,1147.8394004115744,1342.2625786270253,1.0023870267625683,12.493762045558263,copath_syn_app_REGION-RF_rank302_region153_iSTN,153,iSTN,302
gamma,0.07842563421214419,0.060529896255406876,0.001755912317986902,788.6058560409551,563.3993246132053,1.006295354529572,8.583651954774037,copath_syn_app_REGION-RF_rank302_region153_iSTN,153,iSTN,302
sigma,0.019497995702156424,0.0034416614538778315,9.360205777105654e-5,1328.2285486449446,1555.2428025163856,1.0029144655546718,14.457224088088388,copath_syn_app_REGION-RF_rank302_region153_iSTN,153,iSTN,302
u0,0.00955341060091272,0.006245796192253956,0.00019476018040901277,888.0764439384994,931.8327948216033,1.0057709207276402,9.666348589231868,copath_syn_app_REGION-RF_rank302_region153_iSTN,153,iSTN,302
alpha,0.5849055495529192,0.5166445688780028,0.02757570659298582,394.3602542611491,431.4889856422368,1.0106721304407902,2.7513954012819917,copath_syn_app_REGION-RF_rank142_region154_iTU,154,iTU,142
beta,0.23114377169672218,0.581985157187967,0.01985388665732963,886.8135965636961,1191.1365645501187,1.0118096607051117,6.187172325342711,copath_syn_app_REGION-RF_rank142_region154_iTU,154,iTU,142
gamma,0.08649264804744795,0.06313824639640309,0.002795988677236682,431.3289455918676,535.1098132460696,1.0099309321142613,3.009320702373301,copath_syn_app_REGION-RF_rank142_region154_iTU,154,iTU,142
sigma,0.07734080387532251,0.014414842344988849,0.0005622199245967439,613.9812227595534,721.1672612275571,1.012664578238626,4.283659660223911,copath_syn_app_REGION-RF_rank142_region154_iTU,154,iTU,142
u0,0.014337969663853275,0.007567799973283273,0.00031302181950248933,529.7150888405023,630.5666388802831,1.0079662490418022,3.695746829649569,copath_syn_app_REGION-RF_rank142_region154_iTU,154,iTU,142
alpha,0.6569367418991875,0.5637096547669128,0.01484796530401112,1059.7556815389255,1243.2306456201065,1.0017012941795707,11.274716274857177,copath_syn_app_REGION-RF_rank184_region155_iFF,155,iFF,184
beta,-0.3023286472911541,0.801354279174963,0.02548522562072078,991.4221099132291,1144.107664488062,1.0005100952718113,10.547716981011863,copath_syn_app_REGION-RF_rank184_region155_iFF,155,iFF,184
gamma,0.08024930962081729,0.060420712675250635,0.0013621182594286169,1409.5451088101995,1223.965397211637,1.0005522064222176,14.996117931040274,copath_syn_app_REGION-RF_rank184_region155_iFF,155,iFF,184
sigma,0.09058852133347416,0.04239195106665015,0.0011768435903317916,1609.9637017059522,1393.9151537297964,0.9998532248095644,17.128366722407304,copath_syn_app_REGION-RF_rank184_region155_iFF,155,iFF,184
u0,0.008100854367455352,0.006161809976585635,0.00014463414377973498,1161.4730859036258,934.6789196501024,1.0014327657604283,12.356885395914908,copath_syn_app_REGION-RF_rank184_region155_iFF,155,iFF,184
alpha,0.5678465291439766,0.5586347663246825,0.017194940611456606,842.4767708506189,1115.5247521181802,1.0062118322023659,9.67763423680266,copath_syn_app_REGION-RF_rank299_region156_iME,156,iME,299
beta,-0.3862210636135915,0.7340373913997965,0.020543394244064258,1265.639380141633,1568.614010487615,1.003178043413492,14.538555151304166,copath_syn_app_REGION-RF_rank299_region156_iME,156,iME,299
gamma,0.081716194867188,0.059373961800478596,0.001378140138276695,1244.2738476937068,722.4039549012443,1.0045728981518818,14.293126653499055,copath_syn_app_REGION-RF_rank299_region156_iME,156,iME,299
sigma,0.032290297103884626,0.005556843664534224,0.00016121895522752121,1209.7225298843648,1239.5488945693562,1.0010716363246006,13.896231418250336,copath_syn_app_REGION-RF_rank299_region156_iME,156,iME,299
u0,0.00864564007122498,0.006001311467602203,0.00018031197441499788,801.9123813903516,539.0827489334733,1.0014028628224723,9.211666108281658,copath_syn_app_REGION-RF_rank299_region156_iME,156,iME,299
alpha,0.42168463194213907,0.3668725340749528,0.019718933703021062,350.65995503607064,418.91121844293184,1.010565276263505,2.013990736055359,copath_syn_app_REGION-RF_rank246_region157_iSCs,157,iSCs,246
beta,0.4536936728522127,0.4867539281222051,0.01756594174875111,681.3488072884854,822.3523535210968,1.00761254133574,3.913278850903358,copath_syn_app_REGION-RF_rank246_region157_iSCs,157,iSCs,246
gamma,0.08171699749641521,0.06117331531105205,0.0024033414450874272,418.3125098030043,315.311352796619,1.0154609040275342,2.4025484159793944,copath_syn_app_REGION-RF_rank246_region157_iSCs,157,iSCs,246
sigma,0.037742628535287565,0.006857447437894377,0.00026579602054893376,667.3839459641473,749.5991684852479,1.0007274374989283,3.8330726541774682,copath_syn_app_REGION-RF_rank246_region157_iSCs,157,iSCs,246
u0,0.014429470898607256,0.006638897245815453,0.0003038572857770215,439.0295631598799,335.88038726347895,1.0051727102524126,2.521535351726934,copath_syn_app_REGION-RF_rank246_region157_iSCs,157,iSCs,246
alpha,0.4672384047823654,0.48948700930952055,0.02261297667085718,554.6853269970317,387.95812656778725,1.0087079782758688,5.256036756247161,copath_syn_app_REGION-RF_rank285_region158_iIC,158,iIC,285
beta,-0.191569224574823,0.6521668927146522,0.02118846313897505,982.0820195466117,1191.5380527605835,1.0085400854147764,9.305923450926361,copath_syn_app_REGION-RF_rank285_region158_iIC,158,iIC,285
gamma,0.0800163135070296,0.05727438315404757,0.0016978617689978324,822.8548665483538,702.4708084114001,1.0064826113928318,7.797133281043406,copath_syn_app_REGION-RF_rank285_region158_iIC,158,iIC,285
sigma,0.023910105115026125,0.004401515628158176,0.0001597522477957955,767.7210230990302,1194.2906238428277,1.0073234038935885,7.274701023367384,copath_syn_app_REGION-RF_rank285_region158_iIC,158,iIC,285
u0,0.010204013843365958,0.0056702623135488,0.00022042364530363128,556.6371681156021,336.8846849933919,1.004056781769439,5.274531834739864,copath_syn_app_REGION-RF_rank285_region158_iIC,158,iIC,285
alpha,0.7294860861671462,0.5925140417390079,0.01473904496279506,1125.0094078456339,1030.3063907745322,1.00174932379873,12.727214605579947,copath_syn_app_REGION-RF_rank323_region159_iSAG,159,iSAG,323
beta,-0.6131085986403162,0.7380370893668362,0.022473678946687038,1090.873193007923,1127.633476065074,1.002123521039813,12.341032117654173,copath_syn_app_REGION-RF_rank323_region159_iSAG,159,iSAG,323
gamma,0.07828049515512625,0.060140631887752295,0.0013978957392113411,1104.7382558200325,672.6652769264813,1.0019614480953674,12.497887365884928,copath_syn_app_REGION-RF_rank323_region159_iSAG,159,iSAG,323
sigma,0.016773902424282814,0.0029338582897053896,7.247180612036654e-5,1776.2534853084474,1892.0406390487233,1.0033360723524498,20.094729114062574,copath_syn_app_REGION-RF_rank323_region159_iSAG,159,iSAG,323
u0,0.006456746320451298,0.005329761195293584,0.00013392587293065229,995.6575853477827,681.0198016091744,1.001276551757954,11.263859372217375,copath_syn_app_REGION-RF_rank323_region159_iSAG,159,iSAG,323
alpha,0.892170536524498,0.49791222578845373,0.015745367083355413,NaN,NaN,NaN,NaN,copath_syn_app_REGION-RF_rank336_region160_iPBG,160,iPBG,336
beta,-0.8225044164070915,0.5553264120814099,0.017560963070265022,NaN,NaN,NaN,NaN,copath_syn_app_REGION-RF_rank336_region160_iPBG,160,iPBG,336
gamma,0.0829099455706288,0.06357519495521718,0.0020104241874773277,NaN,NaN,NaN,NaN,copath_syn_app_REGION-RF_rank336_region160_iPBG,160,iPBG,336
u0,1.2122382109086836e-8,2.1205494600312994e-8,6.705766184739098e-10,NaN,NaN,NaN,NaN,copath_syn_app_REGION-RF_rank336_region160_iPBG,160,iPBG,336
sigma,1.7547008995053866e-9,1.7057512500408013e-9,5.3940590718083136e-11,NaN,NaN,NaN,NaN,copath_syn_app_REGION-RF_rank336_region160_iPBG,160,iPBG,336
alpha,0.6615968419376216,0.5700504530976763,0.014371019033922355,1082.574042235829,940.7196223794929,1.0038044379986324,12.536757020518678,copath_syn_app_REGION-RF_rank274_region161_iSCO,161,iSCO,274
beta,-0.4024130043744742,0.7577086720352119,0.02285375404703125,1120.2971502962532,915.1430650148612,1.003141443340387,12.973609763482642,copath_syn_app_REGION-RF_rank274_region161_iSCO,161,iSCO,274
gamma,0.07942809000667939,0.05780374739910652,0.0014187253156278251,1210.2228770181532,735.8709196205434,1.004943507589019,14.014995333265624,copath_syn_app_REGION-RF_rank274_region161_iSCO,161,iSCO,274
sigma,0.05065105438186534,0.00887519391580998,0.0002250474695469502,1566.0156338164845,1880.4643705203093,1.0011787586844207,18.13525608922184,copath_syn_app_REGION-RF_rank274_region161_iSCO,161,iSCO,274
u0,0.007546447689007677,0.0057136655796482,0.00015276800226795138,975.0980485665907,761.1900123414277,1.0022815400503229,11.292130449400021,copath_syn_app_REGION-RF_rank274_region161_iSCO,161,iSCO,274
alpha,0.7890470103174665,0.6216335308613082,0.01208354629696812,1712.2764530882203,1097.2437701051529,1.0008167204574467,24.15535441537427,copath_syn_app_REGION-RF_rank1_region162_iSNr,162,iSNr,387
beta,0.021167394530187584,1.0045078841623618,0.019921460342163713,2535.6311207613094,1975.735436660608,1.003378547816331,35.77054877918502,copath_syn_app_REGION-RF_rank1_region162_iSNr,162,iSNr,387
gamma,0.0793615351644617,0.05972683174488532,0.001012419410926532,2492.382366295395,1651.374899510931,1.0010816155190485,35.160431767844074,copath_syn_app_REGION-RF_rank1_region162_iSNr,162,iSNr,387
sigma,1.6631026717581612,2.2106561970000356,0.043101532742857225,2689.2014185543626,2265.6429385126185,1.00070077755202,37.93698922995179,copath_syn_app_REGION-RF_rank1_region162_iSNr,162,iSNr,387
u0,0.008000859338397788,0.006040839122232731,0.00010306241771935245,2445.777744115391,1431.8873110449365,1.0005345857560204,34.50297300052748,copath_syn_app_REGION-RF_rank1_region162_iSNr,162,iSNr,387
alpha,1.2010169978665814,0.7927683503210758,0.03795947349442748,372.60435550357374,522.401617640285,1.0092281804266652,1.6575369249338225,copath_syn_app_REGION-RF_rank133_region163_iVTA,163,iVTA,133
beta,0.42828390793881116,0.3599824497066649,0.021372990332068176,361.41593259836355,395.378896197498,1.0104869004078838,1.6077650319775596,copath_syn_app_REGION-RF_rank133_region163_iVTA,163,iVTA,133
gamma,0.10074655362997358,0.07260429716759892,0.0022992475141551936,789.9640170194822,649.6751316384706,1.0068495576267127,3.514168603341202,copath_syn_app_REGION-RF_rank133_region163_iVTA,163,iVTA,133
sigma,0.06307871462106283,0.012068667339641388,0.00042263406493735787,740.3930433215946,663.6670547418385,1.0020331122515074,3.2936512688132007,copath_syn_app_REGION-RF_rank133_region163_iVTA,163,iVTA,133
u0,0.018324746923714337,0.006840379219788241,0.00018292532898391537,1297.3328521437463,1050.2299613048176,1.0020326520497396,5.771207648530416,copath_syn_app_REGION-RF_rank133_region163_iVTA,163,iVTA,133
alpha,0.503791843301512,0.44357163153116014,0.045355813819264026,128.40894576043985,410.1073402037611,1.0321972124638252,0.727834592182784,copath_syn_app_REGION-RF_rank226_region164_iMRN,164,iMRN,226
beta,0.40107310654133216,0.4314735975124762,0.023631883815564955,199.68562813848428,721.9098466375951,1.0153838555633918,1.1318378704866874,copath_syn_app_REGION-RF_rank226_region164_iMRN,164,iMRN,226
gamma,0.08007259019075803,0.06016532389002689,0.003368353224694887,288.5370199538688,579.4307155796727,1.0198263206098193,1.635456338373419,copath_syn_app_REGION-RF_rank226_region164_iMRN,164,iMRN,226
sigma,0.026873145528910826,0.005691046760794724,0.0004931751116773478,84.43395858518667,21.990818123918732,1.0536095102037262,0.47858001986774446,copath_syn_app_REGION-RF_rank226_region164_iMRN,164,iMRN,226
u0,0.01928876212018799,0.006173738162707897,0.0002819283888962187,458.7927872599483,428.9940615692412,1.037550008974659,2.6004828498064247,copath_syn_app_REGION-RF_rank226_region164_iMRN,164,iMRN,226
alpha,0.3126620727768296,0.31091000489394494,0.009831837627989636,NaN,NaN,NaN,NaN,copath_syn_app_REGION-RF_rank240_region165_iSCm,165,iSCm,240
beta,0.29352087245413494,0.4891915216843287,0.015469594205661281,NaN,NaN,NaN,NaN,copath_syn_app_REGION-RF_rank240_region165_iSCm,165,iSCm,240
gamma,0.08047105211130069,0.05994603098125548,0.0018956599458778574,NaN,NaN,NaN,NaN,copath_syn_app_REGION-RF_rank240_region165_iSCm,165,iSCm,240
u0,0.017094331389649216,0.005679247348189242,0.0001795935701574935,NaN,NaN,NaN,NaN,copath_syn_app_REGION-RF_rank240_region165_iSCm,165,iSCm,240
sigma,0.03650472861112466,0.007056160533156784,0.000223135388205635,NaN,NaN,NaN,NaN,copath_syn_app_REGION-RF_rank240_region165_iSCm,165,iSCm,240
alpha,0.7077677325949947,0.5740574758579775,0.012420932738351707,1484.098963133785,1176.0061551220072,1.0008979930272235,18.94820186831348,copath_syn_app_REGION-RF_rank337_region166_iPRC,166,iPRC,337
beta,-0.34824505734551564,0.8167700736575203,0.019223580745092825,1824.7558103042593,1659.9733107798017,1.0010411957071386,23.297530901183027,copath_syn_app_REGION-RF_rank337_region166_iPRC,166,iPRC,337
gamma,0.08066580272756106,0.06107388507956676,0.0012236874445660244,1809.6298385551315,1360.8588939962808,1.001046036167042,23.104410379387307,copath_syn_app_REGION-RF_rank337_region166_iPRC,166,iPRC,337
sigma,0.25194655903628127,0.366415692549589,0.008710904074543419,1955.395475070261,1935.4175142702106,1.000572864763542,24.965470035624598,copath_syn_app_REGION-RF_rank337_region166_iPRC,166,iPRC,337
u0,0.007552870756444672,0.005982684668214125,0.00012508265562683136,1316.6400087910024,770.587119536993,1.0035864119860407,16.810173239249814,copath_syn_app_REGION-RF_rank337_region166_iPRC,166,iPRC,337
alpha,0.5953711075276642,0.5421682150105545,0.01873404940391736,714.4586908539059,918.9612925246261,1.0045141109280809,7.5135787615171665,copath_syn_app_REGION-RF_rank310_region167_iINC,167,iINC,310
beta,-0.2505969619161637,0.7418415245690072,0.024349422851674324,940.1932999814852,1244.708559110685,1.003903009421212,9.887508544431903,copath_syn_app_REGION-RF_rank310_region167_iINC,167,iINC,310
gamma,0.07918153326716375,0.05836783292897212,0.0016388118708842428,881.4477949949506,523.0211586193276,1.003340777552783,9.269713584062833,copath_syn_app_REGION-RF_rank310_region167_iINC,167,iINC,310
sigma,0.032672673794172706,0.005665965757923731,0.0001658219969320359,1122.0213210858735,1254.5939164325084,1.0019913729040444,11.799696295952987,copath_syn_app_REGION-RF_rank310_region167_iINC,167,iINC,310
u0,0.008029668130945682,0.005737314966371586,0.00020386148600106538,531.6188766136388,412.455083011451,1.0053861281827499,5.590750524389139,copath_syn_app_REGION-RF_rank310_region167_iINC,167,iINC,310
alpha,0.600511219992844,0.5654743326023813,0.015660200602834976,1025.515342286013,1110.7710199299597,1.009304669746932,10.40994936999191,copath_syn_app_REGION-RF_rank292_region168_iND,168,iND,292
beta,-0.40016885916619,0.7255790354297864,0.022338418892464105,1081.003303442489,1472.5344557495523,1.0026863704933153,10.973204586628048,copath_syn_app_REGION-RF_rank292_region168_iND,168,iND,292
gamma,0.08044880623579061,0.05972468789139111,0.0017212488295150013,821.1525308878041,461.8445253928678,1.003185967870363,8.335473804348705,copath_syn_app_REGION-RF_rank292_region168_iND,168,iND,292
sigma,0.024179159249418894,0.004279887119227111,0.00013378274774825436,1271.3878713799934,1493.7929637836367,1.0049508995710166,12.90578777805968,copath_syn_app_REGION-RF_rank292_region168_iND,168,iND,292
u0,0.007335560791496095,0.005385130133959429,0.00013789447776929643,1063.3737827498765,716.1966732661319,1.0036147717429782,10.794248299715534,copath_syn_app_REGION-RF_rank292_region168_iND,168,iND,292
alpha,1.5778062111806535,0.6032193194655577,0.02129129680951421,744.3384948862022,630.2918158384922,1.0045981378443358,6.438802917650232,copath_syn_app_REGION-RF_rank338_region169_iSu3,169,iSu3,338
beta,-1.6172373398982085,0.6281263138601292,0.020492106662498503,948.3291548648953,1095.4347952391845,1.0010660611162407,8.203397474653512,copath_syn_app_REGION-RF_rank338_region169_iSu3,169,iSu3,338
gamma,0.07796921522868971,0.06002528306177928,0.0014969299307458484,1187.2693679616013,1021.6333292288047,1.001089672140985,10.270318575471023,copath_syn_app_REGION-RF_rank338_region169_iSu3,169,iSu3,338
sigma,4.073190696936491e-5,4.903512696218173e-5,1.3861125244155472e-6,1419.5861098793234,1539.4655427410273,1.0017740191031106,12.279944204073661,copath_syn_app_REGION-RF_rank338_region169_iSu3,169,iSu3,338
u0,0.005319233555023332,0.0054236334521511964,0.00014702817069686637,734.8426704203825,644.7710350234132,1.0051814804535069,6.3566605285408775,copath_syn_app_REGION-RF_rank338_region169_iSu3,169,iSu3,338
alpha,0.36396417117145485,0.4348376782891445,0.03700757297066128,293.84467588422393,178.00648386632864,1.022581030871639,2.280287405106384,copath_syn_app_REGION-RF_rank271_region170_iAPN,170,iAPN,271
beta,0.2101819596617943,0.6060812618802806,0.020056534583030437,951.7497823219074,1098.0874154938365,1.0091645350771452,7.385749069336485,copath_syn_app_REGION-RF_rank271_region170_iAPN,170,iAPN,271
gamma,0.07733150398303948,0.060880329134940785,0.0022852922180735765,297.8834216561531,106.18048517664134,1.0069564592852822,2.3116287969095324,copath_syn_app_REGION-RF_rank271_region170_iAPN,170,iAPN,271
sigma,0.02715736712435792,0.005016564149672123,0.000211819047314739,530.335832324149,392.7590860720588,1.0057067392590613,4.115501209223353,copath_syn_app_REGION-RF_rank271_region170_iAPN,170,iAPN,271
u0,0.01484826159688221,0.0064184770346730514,0.0003177287589977261,371.6561568657479,237.92835954775103,1.0065655425099318,2.884118458096955,copath_syn_app_REGION-RF_rank271_region170_iAPN,170,iAPN,271
alpha,0.7095325546767355,0.5884204517864788,0.013829984022768754,1290.7693539765808,1118.3467238071216,1.0067913134523356,14.896529146055705,copath_syn_app_REGION-RF_rank339_region171_iMPT,171,iMPT,339
beta,-0.3346743458121449,0.8093821676918574,0.020878956305711006,1513.9411563738813,1266.2584638863011,1.002910333451595,17.47211342743576,copath_syn_app_REGION-RF_rank339_region171_iMPT,171,iMPT,339
gamma,0.08135207949147642,0.059570358188476516,0.0013717435751936782,1257.2912033149748,712.0894370249462,1.0012316413759395,14.510164033225713,copath_syn_app_REGION-RF_rank339_region171_iMPT,171,iMPT,339
sigma,0.2344467050942019,0.2959543561886229,0.006337855831534071,1969.4867452677122,1387.86349473342,1.0004816407669113,22.729480377935257,copath_syn_app_REGION-RF_rank339_region171_iMPT,171,iMPT,339
u0,0.0075979714659192826,0.006171500923705875,0.00015677542562901982,1545.818105127283,1424.1982565667452,1.000786766256142,17.839999366724175,copath_syn_app_REGION-RF_rank339_region171_iMPT,171,iMPT,339
alpha,0.6766658740066225,0.5782323769544198,0.024816010112759537,559.6537127137135,421.811880007637,1.0058187829946452,5.912813522453154,copath_syn_app_REGION-RF_rank277_region172_iNOT,172,iNOT,277
beta,-0.30896034967480684,0.8223486278569951,0.02732099428038111,887.2814274596233,1030.853273741241,1.0073595956125458,9.37424250625586,copath_syn_app_REGION-RF_rank277_region172_iNOT,172,iNOT,277
gamma,0.07650821891498309,0.05849683266692689,0.001660455171324868,779.0364643360593,501.1620207459435,1.0042656272618702,8.230620535821696,copath_syn_app_REGION-RF_rank277_region172_iNOT,172,iNOT,277
sigma,0.054740602919418395,0.011143092390353448,0.00035055735493990146,1003.4692893154813,1254.2324034960577,1.0031447745838193,10.601782224334464,copath_syn_app_REGION-RF_rank277_region172_iNOT,172,iNOT,277
u0,0.007368496812314474,0.005655744084544245,0.0001658644740722858,709.2722487978564,498.75272617541896,1.004617992457809,7.493552617487997,copath_syn_app_REGION-RF_rank277_region172_iNOT,172,iNOT,277
alpha,0.7549215871425152,0.6118647107857474,0.014781389764823802,1204.7079937229732,798.7298701176221,1.002394578120739,15.054521746535038,copath_syn_app_REGION-RF_rank296_region173_iNPC,173,iNPC,296
beta,-0.6686426110146566,0.6935024311727187,0.01971559304087267,1229.6835678730545,1488.8751698848537,1.001203865565243,15.366626693238876,copath_syn_app_REGION-RF_rank296_region173_iNPC,173,iNPC,296
gamma,0.07987985629288888,0.05848138182163552,0.0013154406150841032,1373.5661663787344,842.307650603864,1.001374458939769,17.164642245088718,copath_syn_app_REGION-RF_rank296_region173_iNPC,173,iNPC,296
sigma,0.013995122107865535,0.003480605369785216,9.180821908455554e-5,1603.152609383508,1595.0247753737847,1.0027036425529292,20.03364794351009,copath_syn_app_REGION-RF_rank296_region173_iNPC,173,iNPC,296
u0,0.006657333826172642,0.005274286023742112,0.00012738496280220363,1196.2425924196073,996.4133475768482,1.0055301526642677,14.948734644034932,copath_syn_app_REGION-RF_rank296_region173_iNPC,173,iNPC,296
alpha,0.7444319659972194,0.6141721589707643,0.011942697587916261,1801.6073370822594,1442.5597380799577,1.0007476134434568,22.740963319771524,copath_syn_app_REGION-RF_rank340_region174_iOP,174,iOP,340
beta,-0.24261974570526812,0.883822259093474,0.01919586976387931,2119.118282538108,2044.756868159578,1.0004010370541536,26.748776018809032,copath_syn_app_REGION-RF_rank340_region174_iOP,174,iOP,340
gamma,0.07888855211059735,0.061650885926719454,0.0013980360235022512,1221.1239843785968,809.9262751541427,1.0012200413502816,15.41375590899861,copath_syn_app_REGION-RF_rank340_region174_iOP,174,iOP,340
sigma,0.6370956369844913,0.7668357977861439,0.015371726484957885,2431.9926205678507,2139.3797629163487,1.0010436104664058,30.69806269098432,copath_syn_app_REGION-RF_rank340_region174_iOP,174,iOP,340
u0,0.007861257555222757,0.005975387132090568,0.00011781731566415198,1708.2365276587502,1119.6936866531266,1.005526457156315,21.562381223366323,copath_syn_app_REGION-RF_rank340_region174_iOP,174,iOP,340
alpha,0.6432686755823681,0.5374385624256952,0.01555153739556742,947.8377316620317,1131.7120856300633,1.0034754622948698,11.634050541444584,copath_syn_app_REGION-RF_rank254_region175_iPPT,175,iPPT,254
beta,-0.4471902955487897,0.6505107921076603,0.02083026809662229,1049.7779528120122,1156.1473036768768,1.0048754979775305,12.885296029409387,copath_syn_app_REGION-RF_rank254_region175_iPPT,175,iPPT,254
gamma,0.08069932858213018,0.06046383916898008,0.0015040287513861362,1085.0382522483549,775.5052951671438,1.004461773803084,13.318091741212884,copath_syn_app_REGION-RF_rank254_region175_iPPT,175,iPPT,254
sigma,0.034208609240988314,0.007377032277793261,0.00018096852950328385,1709.2904383131583,1850.1775707973288,1.0012165553496923,20.98035421577197,copath_syn_app_REGION-RF_rank254_region175_iPPT,175,iPPT,254
u0,0.008962725554811797,0.006478152775604605,0.00016264743666398392,1132.301845426504,790.2801037712651,1.0056101155480528,13.898219555749948,copath_syn_app_REGION-RF_rank254_region175_iPPT,175,iPPT,254
alpha,0.7101485882288302,0.5902721138888406,0.01259737993457454,1502.5468026131434,1362.3602954131918,1.0033995161310791,17.40388262576903,copath_syn_app_REGION-RF_rank341_region176_iRPF,176,iRPF,341
beta,-0.3367242674112473,0.8418335156287352,0.02084401814479796,1638.4744598907785,1451.071366625338,1.0010715679200304,18.978322096633754,copath_syn_app_REGION-RF_rank341_region176_iRPF,176,iRPF,341
gamma,0.07838639997723192,0.059927954094800846,0.001222830823837648,1636.2601299881185,1157.0555322366934,1.0010838184442892,18.95267368577986,copath_syn_app_REGION-RF_rank341_region176_iRPF,176,iRPF,341
sigma,0.2536910973458981,0.32775611836377777,0.007531399815311541,2113.1184851409403,1956.5332990643271,1.0013241470863723,24.47608688513147,copath_syn_app_REGION-RF_rank341_region176_iRPF,176,iRPF,341
u0,0.007532708349349272,0.005801114829288844,0.00011943875508936886,1534.583350644068,1011.942740060225,1.0022566631268501,17.7749594672327,copath_syn_app_REGION-RF_rank341_region176_iRPF,176,iRPF,341
alpha,0.6589657899674303,0.5596812220432892,0.013299227778022234,1292.835097928566,1339.386194857924,1.0014010287334583,15.216448311954217,copath_syn_app_REGION-RF_rank198_region177_iCUN,177,iCUN,198
beta,-0.3877012537992921,0.7762325340964256,0.026327504840251464,885.514872605438,1314.9375057381444,1.0042262686263537,10.422358822139497,copath_syn_app_REGION-RF_rank198_region177_iCUN,177,iCUN,198
gamma,0.0785970171475688,0.06223710538204682,0.0014625221191126815,1225.346048059672,859.0050012062005,1.003019153390324,14.422113720792252,copath_syn_app_REGION-RF_rank198_region177_iCUN,177,iCUN,198
sigma,0.0559439407493831,0.016363553511698988,0.00042349032811605624,1603.2607509215677,1676.994431227158,1.0010888754958858,18.870105233119922,copath_syn_app_REGION-RF_rank198_region177_iCUN,177,iCUN,198
u0,0.008436178514068863,0.006369656478922945,0.00015822748562064015,1061.760034341424,724.4494883674358,1.00495802587711,12.496734276584208,copath_syn_app_REGION-RF_rank198_region177_iCUN,177,iCUN,198
alpha,0.516877818345246,0.4796391805707665,0.030496483178791632,329.46505986096656,243.5575471368827,1.0022021089615052,1.824058308849235,copath_syn_app_REGION-RF_rank262_region178_iRN,178,iRN,262
beta,0.45433620722499973,0.4891082358023796,0.01764513589839385,737.7987706416726,1017.3202875469136,1.0028553614794717,4.084766920096514,copath_syn_app_REGION-RF_rank262_region178_iRN,178,iRN,262
gamma,0.08484672801530406,0.06099850684443676,0.0020391396553196693,804.7197797815228,749.4042855943202,1.0054233540753195,4.455270010195451,copath_syn_app_REGION-RF_rank262_region178_iRN,178,iRN,262
sigma,0.034825500758794814,0.006244865446762282,0.00022207808314096846,795.5718270160811,1219.4610549672495,1.0108273222828859,4.40462306372469,copath_syn_app_REGION-RF_rank262_region178_iRN,178,iRN,262
u0,0.012697897473849083,0.0062481542879781115,0.00032299831499439213,301.0938364227189,370.5547975364397,1.0079207493406803,1.6669831826838306,copath_syn_app_REGION-RF_rank262_region178_iRN,178,iRN,262
alpha,2.56592470155816,0.09758725113780008,0.0030859798419030646,NaN,NaN,NaN,NaN,copath_syn_app_REGION-RF_rank342_region179_iIII,179,iIII,342
beta,-2.4723249237453606,0.07303643422823962,0.0023096148433831933,NaN,NaN,NaN,NaN,copath_syn_app_REGION-RF_rank342_region179_iIII,179,iIII,342
gamma,0.034900696154399447,0.0032802800756926856,0.0001037315640245842,NaN,NaN,NaN,NaN,copath_syn_app_REGION-RF_rank342_region179_iIII,179,iIII,342
u0,0.009011471702650794,0.0009624211147484472,3.043442790843363e-5,NaN,NaN,NaN,NaN,copath_syn_app_REGION-RF_rank342_region179_iIII,179,iIII,342
sigma,3.5872343202801565e-7,2.5549566330771625e-8,8.07948228347893e-10,NaN,NaN,NaN,NaN,copath_syn_app_REGION-RF_rank342_region179_iIII,179,iIII,342
alpha,0.7188840414711934,0.594784819889202,0.014355726069046854,1178.86321182319,939.407779873883,1.0073219432112137,13.733741997311068,copath_syn_app_REGION-RF_rank320_region180_iMA3,180,iMA3,320
beta,-0.5930019631728135,0.6979981903906562,0.019930076415208962,1240.9657683255627,1273.6684650420016,1.0022961571139926,14.457236020894983,copath_syn_app_REGION-RF_rank320_region180_iMA3,180,iMA3,320
gamma,0.07852990438969953,0.060663535978811606,0.0016145243457621544,931.8817753167672,719.3872409423735,1.0058241067631677,10.85641128320849,copath_syn_app_REGION-RF_rank320_region180_iMA3,180,iMA3,320
sigma,0.019325732247700938,0.0034439135798448365,9.395117211768406e-5,1406.6393396660112,1436.7436787782528,1.0036265970037461,16.387331100411373,copath_syn_app_REGION-RF_rank320_region180_iMA3,180,iMA3,320
u0,0.006716978754671251,0.00530598980260015,0.00013203582257903686,942.9324840442914,694.2518938067624,1.0025585560420565,10.985151904706495,copath_syn_app_REGION-RF_rank320_region180_iMA3,180,iMA3,320
alpha,0.6841333004852908,0.5833809194162927,0.014684905956842272,1079.7735791785828,921.2252061861553,1.0046256150125166,12.538157423780849,copath_syn_app_REGION-RF_rank279_region181_iIV,181,iIV,279
beta,-0.5876310164066715,0.7067736242931721,0.020961001512801034,1201.1843769523553,1343.9720928335967,1.0042090355375672,13.94796011277831,copath_syn_app_REGION-RF_rank279_region181_iIV,181,iIV,279
gamma,0.08238972559912153,0.0630900603148946,0.0015874389020971568,967.6765916771333,621.4393739141253,1.0018230737657516,11.236505204160908,copath_syn_app_REGION-RF_rank279_region181_iIV,181,iIV,279
sigma,0.027517656750640915,0.005250956774679245,0.00012441332611638032,1819.072658228914,1860.2856268800708,1.0044850947815194,21.12277962155754,copath_syn_app_REGION-RF_rank279_region181_iIV,181,iIV,279
u0,0.008035182149840676,0.0061839061462134436,0.000160941006848085,1037.9253415676035,677.8714183552433,1.0041739544704544,12.052222408151552,copath_syn_app_REGION-RF_rank279_region181_iIV,181,iIV,279
alpha,0.670595602786608,0.586816428493251,0.01586720295524937,1054.9785802941437,1113.092998950944,1.0008864086476073,13.160746251844959,copath_syn_app_REGION-RF_rank300_region182_iPa4,182,iPa4,300
beta,-0.503639794096948,0.7544799642395128,0.02232042011506815,1156.0412266289154,1261.7954620061698,1.001368949280397,14.42149208005034,copath_syn_app_REGION-RF_rank300_region182_iPa4,182,iPa4,300
gamma,0.07820907728927903,0.061943466486946826,0.0015504838026752616,976.2950060358959,824.5985518529177,1.0031322653275243,12.17917698177288,copath_syn_app_REGION-RF_rank300_region182_iPa4,182,iPa4,300
sigma,0.0357410116546195,0.00591317836144485,0.00015191268080836027,1493.2172644409911,1509.3175669502684,1.0017720021545535,18.62772750391077,copath_syn_app_REGION-RF_rank300_region182_iPa4,182,iPa4,300
u0,0.0074061746173035735,0.005653155532800599,0.00014118093497927366,1091.5080946161884,789.7780626420736,1.0011491945747513,13.616448080939463,copath_syn_app_REGION-RF_rank300_region182_iPa4,182,iPa4,300
alpha,0.8080674584938178,0.6095416448478876,0.01115190795252133,2048.8851109077864,1078.8865750062625,1.0007438231268226,29.973303552054457,copath_syn_app_REGION-RF_rank1_region183_iVTN,183,iVTN,388
beta,0.0045927975126536826,1.0048104463996477,0.017742573294799814,3219.065824347427,2405.221621931707,1.0030247836901047,47.09197045434158,copath_syn_app_REGION-RF_rank1_region183_iVTN,183,iVTN,388
gamma,0.07905672340756104,0.06149266994005889,0.001079646578182986,1728.4104773153142,997.1272387394961,1.003573488466893,25.28505460033814,copath_syn_app_REGION-RF_rank1_region183_iVTN,183,iVTN,388
sigma,1.6736082018613625,2.32483332888496,0.04541433830073847,3105.5921062520206,2566.074502216873,1.0000193749810153,45.431954390216376,copath_syn_app_REGION-RF_rank1_region183_iVTN,183,iVTN,388
u0,0.008015787482861645,0.005921488014858808,0.00010345070273832396,1742.8580642455784,945.2670132455617,1.0012587021369657,25.496409500791117,copath_syn_app_REGION-RF_rank1_region183_iVTN,183,iVTN,388
alpha,0.6091590341920259,0.5215870785347669,0.019316446207568394,690.5780647581495,1169.4665672331566,1.0039765454347933,6.26312172715783,copath_syn_app_REGION-RF_rank174_region184_iAT,184,iAT,174
beta,0.06449420135340123,0.7551321028550345,0.02618428005732412,834.2609885907286,1261.6021980503826,1.0048219766647593,7.566238185675159,copath_syn_app_REGION-RF_rank174_region184_iAT,184,iAT,174
gamma,0.07957964960845701,0.058241377790337404,0.002125670876454962,554.295923128677,519.8572910052476,1.0032376872655062,5.027125848021305,copath_syn_app_REGION-RF_rank174_region184_iAT,184,iAT,174
sigma,0.12354627818922338,0.02196420886880449,0.0007897184966114431,680.1525025764158,397.2533566034843,1.0074558520088277,6.168568238782669,copath_syn_app_REGION-RF_rank174_region184_iAT,184,iAT,174
u0,0.010357110232150964,0.006633945570311738,0.00022587980822897605,704.3659594849648,714.8172771973826,1.005633795133581,6.388169520364996,copath_syn_app_REGION-RF_rank174_region184_iAT,184,iAT,174
alpha,0.7362285801537982,0.586539948572013,0.016622360594919443,1061.9021810429604,932.1419060974587,1.005525750126024,13.14072739813093,copath_syn_app_REGION-RF_rank322_region185_iLT,185,iLT,322
beta,-0.6709460681403048,0.6630992045216114,0.019662646664052073,1192.324262983989,1270.64450837055,1.0026150732748056,14.754662331196498,copath_syn_app_REGION-RF_rank322_region185_iLT,185,iLT,322
gamma,0.0775164038761547,0.06089992283283012,0.001498366494861135,1165.350278418908,827.1091522933436,1.0014430779422048,14.42086719983799,copath_syn_app_REGION-RF_rank322_region185_iLT,185,iLT,322
sigma,0.014783223429902353,0.00298213132941066,8.161131815104699e-5,1221.6188475491977,841.7547670502228,1.0015586100432758,15.117174205533939,copath_syn_app_REGION-RF_rank322_region185_iLT,185,iLT,322
u0,0.007881054251764476,0.0059316290971149575,0.00016068203540032464,1103.4269422830123,1146.997316417246,1.0044940492609227,13.65458411437956,copath_syn_app_REGION-RF_rank322_region185_iLT,185,iLT,322
alpha,0.617605341398453,0.51734142566483,0.016873254681000302,713.95982953742,909.9401912629021,1.0021529240604719,6.6213455770578795,copath_syn_app_REGION-RF_rank138_region186_iMT,186,iMT,138
beta,0.05863714779466767,0.8113790546550553,0.03128101790771673,696.7357293339693,1137.1234031100473,1.0055560466938154,6.4616072906968505,copath_syn_app_REGION-RF_rank138_region186_iMT,186,iMT,138
gamma,0.08049961937793887,0.0616427313756981,0.002164808111353021,415.3709555237742,242.02717013682621,1.0105387249354378,3.8521980164872827,copath_syn_app_REGION-RF_rank138_region186_iMT,186,iMT,138
sigma,0.13095584902897447,0.025771278887856873,0.0009638239567884203,639.43088666375,614.2281975037642,1.0052568522950862,5.930155588709229,copath_syn_app_REGION-RF_rank138_region186_iMT,186,iMT,138
u0,0.010127547078330874,0.006876578381255596,0.00023918176851060163,561.9905025017091,508.22901652033346,1.0022496324453627,5.2119645589853105,copath_syn_app_REGION-RF_rank138_region186_iMT,186,iMT,138
alpha,0.8084158210902929,0.6063905963986995,0.010908030626119239,2281.5123460095588,1592.4935267566364,1.0003949480447567,32.062626071693394,copath_syn_app_REGION-RF_rank1_region187_iSNc,187,iSNc,389
beta,0.01017929501515418,0.9862023388887938,0.018690645675284754,2785.8537469482253,2384.4789238042295,1.0007890322685213,39.15025361798006,copath_syn_app_REGION-RF_rank1_region187_iSNc,187,iSNc,389
gamma,0.07926276941018198,0.06096401763786455,0.0011795192280360715,1977.7579277821326,1627.2398428740075,1.0010536891215587,27.793894260408283,copath_syn_app_REGION-RF_rank1_region187_iSNc,187,iSNc,389
sigma,1.6391862082890647,2.145821577498831,0.05083533474783498,2601.0121728738454,2382.1163480124237,1.0012690458240872,36.55263178945228,copath_syn_app_REGION-RF_rank1_region187_iSNc,187,iSNc,389
u0,0.008044700977479462,0.005894628982053152,0.00011043534815995639,1966.4988948617702,1333.881751015984,1.0004124432694206,27.635668440115943,copath_syn_app_REGION-RF_rank1_region187_iSNc,187,iSNc,389
alpha,0.7488607276623763,0.6981334742867744,0.05790858449040676,240.40297100763982,271.07383264763035,1.0172557399945485,1.9604567629021563,copath_syn_app_REGION-RF_rank96_region188_iPPN,188,iPPN,96
beta,0.10299017113410028,0.689098256809077,0.02334368274369493,954.9580077844978,1264.6085906163655,1.0112621819973697,7.787565506373018,copath_syn_app_REGION-RF_rank96_region188_iPPN,188,iPPN,96
gamma,0.08401867205441775,0.06291012071658088,0.003267800074762883,364.5141351258487,418.01611819682057,1.032145525261583,2.9725680942528396,copath_syn_app_REGION-RF_rank96_region188_iPPN,188,iPPN,96
sigma,0.11471057777391763,0.02070581751150166,0.001466001528718782,157.08658812349051,360.9331352401189,1.0199423315625098,1.281021872388323,copath_syn_app_REGION-RF_rank96_region188_iPPN,188,iPPN,96
u0,0.012273396155264854,0.007074462842878076,0.00029481683529158047,531.6300239330883,893.1029838701887,1.011762739305196,4.335377684447738,copath_syn_app_REGION-RF_rank96_region188_iPPN,188,iPPN,96
alpha,0.5178560491392282,0.5340710063547467,0.01863064497773904,756.7715954288577,1121.1418916619275,1.0030248249242013,7.7207410417357805,copath_syn_app_REGION-RF_rank241_region189_iIF,189,iIF,241
beta,-0.12540263221368672,0.6934251808813746,0.023495831886040788,912.3656625917565,1067.255637486588,1.0087058009742067,9.308144040806347,copath_syn_app_REGION-RF_rank241_region189_iIF,189,iIF,241
gamma,0.08108125012453272,0.05947036432065334,0.0015887152050072756,1030.75426422647,562.2300001988967,1.0033117414528658,10.515969150834234,copath_syn_app_REGION-RF_rank241_region189_iIF,189,iIF,241
sigma,0.052148809868461966,0.008562942374353335,0.00027607273028930714,965.2977227792942,1688.907953819035,1.0020524963393973,9.848167915885798,copath_syn_app_REGION-RF_rank241_region189_iIF,189,iIF,241
u0,0.011430147846674675,0.007086929406821841,0.00020886372059025687,906.82065621661,679.4917742344284,1.0025768080538386,9.251572733749006,copath_syn_app_REGION-RF_rank241_region189_iIF,189,iIF,241
alpha,0.43244525707307674,0.44784160557712177,0.025057666548855818,379.48258551819436,275.39194055120174,1.0105643817578092,3.0206126315813324,copath_syn_app_REGION-RF_rank249_region190_iIPN,190,iIPN,249
beta,0.20457675351542504,0.647084889218529,0.025582416413261012,611.5029441818664,771.4289617449307,1.0057802008270407,4.867452652465286,copath_syn_app_REGION-RF_rank249_region190_iIPN,190,iIPN,249
gamma,0.07924983506284677,0.060672862659568685,0.002175903707693253,602.2617353789119,354.9187120900917,1.0039595766398586,4.793894304581767,copath_syn_app_REGION-RF_rank249_region190_iIPN,190,iIPN,249
sigma,0.04537617142384899,0.009033626725927488,0.00042737722449049547,421.71957369729523,315.1200831360287,1.007842958215633,3.3568114056028784,copath_syn_app_REGION-RF_rank249_region190_iIPN,190,iIPN,249
u0,0.015094521853375708,0.007376652404596203,0.00035883402295203035,362.91260510623977,193.4371932857748,1.010927917136479,2.8887185894105736,copath_syn_app_REGION-RF_rank249_region190_iIPN,190,iIPN,249
alpha,0.5211954915294216,0.47728374626590736,0.021065479968137974,468.13044825298664,537.5697657426832,1.0077968174876828,3.594064139645658,copath_syn_app_REGION-RF_rank258_region191_iRL,191,iRL,258
beta,0.13068423398798706,0.6940161811926371,0.02612905288240181,729.6546887875788,1105.0142464438347,1.0037736855763983,5.601912375241486,copath_syn_app_REGION-RF_rank258_region191_iRL,191,iRL,258
gamma,0.07907398201850394,0.06000137268195932,0.002079654756228113,562.820278551455,379.04145426370616,1.006296373680115,4.321043819636356,copath_syn_app_REGION-RF_rank258_region191_iRL,191,iRL,258
sigma,0.04939211641703384,0.008751306312454047,0.00036254576652592117,533.2170920109297,861.5713120716322,1.0053025866348368,4.093765821459564,copath_syn_app_REGION-RF_rank258_region191_iRL,191,iRL,258
u0,0.009787986366154713,0.006020626831445708,0.0002159768905347591,589.4235715817279,310.9933593217193,1.0035687975041059,4.525290182660616,copath_syn_app_REGION-RF_rank258_region191_iRL,191,iRL,258
alpha,0.6728982152194756,0.5734926844609047,0.015546188934865049,982.0701350033369,862.66933161744,1.000132599080178,11.20636885951203,copath_syn_app_REGION-RF_rank176_region192_iCLI,192,iCLI,176
beta,-0.3377116215596059,0.7931432598154446,0.02239474632777978,1276.5564824079868,1833.966255302908,1.0026058894267715,14.566742539031058,copath_syn_app_REGION-RF_rank176_region192_iCLI,192,iCLI,176
gamma,0.07881681096941112,0.0587218644413274,0.001440607164051849,1159.6646803973792,840.6320173868257,1.0025831716565723,13.232894167825403,copath_syn_app_REGION-RF_rank176_region192_iCLI,192,iCLI,176
sigma,0.09937309604895465,0.024005059935036096,0.0006572309077424888,1344.8831250112487,1257.6485873860527,1.0035790859966522,15.346415530453,copath_syn_app_REGION-RF_rank176_region192_iCLI,192,iCLI,176
u0,0.008228426941665534,0.006084361174612753,0.00015640620928597664,1029.5129761579362,670.7191170929973,1.0013356362569776,11.74773750394176,copath_syn_app_REGION-RF_rank176_region192_iCLI,192,iCLI,176
alpha,0.5717072056036995,0.4884031570327935,0.02158025992803678,545.620094706871,1045.3612660690414,1.0099051277491662,4.067511757828487,copath_syn_app_REGION-RF_rank197_region193_iDR,193,iDR,197
beta,0.1865150949307692,0.7217163878619518,0.027360866129230083,701.6826267072894,948.9024301047767,1.008529482660062,5.230933321708422,copath_syn_app_REGION-RF_rank197_region193_iDR,193,iDR,197
gamma,0.07936204964247132,0.06111978366758369,0.0022871160923286435,549.0287078544179,425.2540698648214,1.00847529473976,4.092922431280652,copath_syn_app_REGION-RF_rank197_region193_iDR,193,iDR,197
sigma,0.07506638861186495,0.01264177877622483,0.0004976028895632128,629.5603656053619,1369.9927659463706,1.007033233656618,4.693273239392594,copath_syn_app_REGION-RF_rank197_region193_iDR,193,iDR,197
u0,0.010588631597597622,0.006408813104721191,0.00023896059438799418,566.8812727276892,429.99961152706385,1.0025887046595214,4.226010486933072,copath_syn_app_REGION-RF_rank197_region193_iDR,193,iDR,197
alpha,0.44837365691684106,0.41281309593293797,0.02701409649537534,170.93387901958116,434.08538546537085,1.035207542599044,0.9714580862237217,copath_syn_app_REGION-RF_rank278_region194_iNLL,194,iNLL,278
beta,0.4067463136821979,0.5087934488920277,0.02153499336006863,521.0608849430872,842.9613040889491,1.0143960585597296,2.961313538288477,copath_syn_app_REGION-RF_rank278_region194_iNLL,194,iNLL,278
gamma,0.08387782745600982,0.06005134624543508,0.0023916273874366838,544.7049833212,662.4014768141072,1.0048146713496193,3.0956886001113912,copath_syn_app_REGION-RF_rank278_region194_iNLL,194,iNLL,278
sigma,0.027431532174111803,0.005072511656873701,0.0002827799430391811,241.1945605311104,84.1312275680764,1.0106057732752547,1.37076633096405,copath_syn_app_REGION-RF_rank278_region194_iNLL,194,iNLL,278
u0,0.010543386070653192,0.005342928630348731,0.0002314766727737813,465.9861278303751,356.3925075696577,1.0187609869828687,2.6483105312144803,copath_syn_app_REGION-RF_rank278_region194_iNLL,194,iNLL,278
alpha,0.7124672474247988,0.6050546289490476,0.01589334959494923,1332.4639865730617,1402.491379749877,1.0012226818109953,17.61982447896885,copath_syn_app_REGION-RF_rank343_region195_iPSV,195,iPSV,343
beta,-0.26918722320493726,0.8606115514528535,0.021630797052894956,1608.7351614272961,1644.0646028986284,1.0025580880564455,21.273093654407997,copath_syn_app_REGION-RF_rank343_region195_iPSV,195,iPSV,343
gamma,0.07901676200096214,0.06073738915675744,0.0013152275102400691,1223.806804166889,705.0643989409324,1.0016441434051646,16.18299729139136,copath_syn_app_REGION-RF_rank343_region195_iPSV,195,iPSV,343
sigma,0.24611192177800814,0.2993414690662796,0.006426201463414138,1700.9590997902867,2039.9583732976332,1.0032708276349733,22.492616000294706,copath_syn_app_REGION-RF_rank343_region195_iPSV,195,iPSV,343
u0,0.007733822291896918,0.005914433642641275,0.0001327124878471637,968.845099691431,597.7820465648607,1.0033665702977788,12.81151368884375,copath_syn_app_REGION-RF_rank343_region195_iPSV,195,iPSV,343
alpha,0.8091256560249038,0.6093615440127192,0.012796848070817582,1582.9245839478665,805.4544395404371,1.00075389696573,29.250583634190747,copath_syn_app_REGION-RF_rank1_region196_iPB,196,iPB,390
beta,-0.015123377970405565,0.9851813846140279,0.021075994082969392,2211.0503008879145,2058.491942039566,1.0017394293045576,40.85760774794727,copath_syn_app_REGION-RF_rank1_region196_iPB,196,iPB,390
gamma,0.07796401107716514,0.059188075955022006,0.0012290505199313347,1534.909278316006,1020.4955762279747,1.0025311915725081,28.363317287234942,copath_syn_app_REGION-RF_rank1_region196_iPB,196,iPB,390
sigma,1.6926396875547989,2.1191473762841317,0.04518777925595476,2573.3334653780103,2103.284054401808,1.0004053580717531,47.552174317725076,copath_syn_app_REGION-RF_rank1_region196_iPB,196,iPB,390
u0,0.008023631123793439,0.0060365602471909715,0.00013199759234093635,1467.5127240159288,1140.3304345987074,1.003806000822893,27.11790827141564,copath_syn_app_REGION-RF_rank1_region196_iPB,196,iPB,390
alpha,0.6885554305455824,0.5843081975482075,0.012272089414995429,1466.8018687698152,1155.3980852353886,1.0027060027771544,21.81604623737362,copath_syn_app_REGION-RF_rank307_region197_iSOC,197,iSOC,307
beta,-0.46387590985369104,0.7405012646967434,0.019240362662103508,1490.4757585485513,1689.7936938488476,1.0030096540456055,22.16815287496916,copath_syn_app_REGION-RF_rank307_region197_iSOC,197,iSOC,307
gamma,0.07937201812709603,0.0599722746853411,0.001149169441697694,1838.9659019141145,1181.467444432901,1.0032435516951468,27.351318538173786,copath_syn_app_REGION-RF_rank307_region197_iSOC,197,iSOC,307
sigma,0.03014004821646706,0.015466930289497131,0.00043664602595484483,1850.7497989224591,1292.785953269302,1.0013921417071419,27.5265828649135,copath_syn_app_REGION-RF_rank307_region197_iSOC,197,iSOC,307
u0,0.007498484364114823,0.005657563315702214,0.00014342376924114618,947.790089865904,706.8903609135609,1.0040218823340397,14.096677175071079,copath_syn_app_REGION-RF_rank307_region197_iSOC,197,iSOC,307
alpha,0.7242760027739429,0.5809551316336236,0.016975467336995072,902.0313093843179,935.3638093639386,1.0034525746029037,8.938614160416968,copath_syn_app_REGION-RF_rank325_region198_iPG,198,iPG,325
beta,-0.5447230807437071,0.7010922023194331,0.024275144258770327,817.5742903038022,936.6085417087587,1.0029372543200241,8.101693425132312,copath_syn_app_REGION-RF_rank325_region198_iPG,198,iPG,325
gamma,0.08262512074767807,0.06215305977973744,0.0016840085598416928,1007.8934112895362,900.0333825379357,1.0021936352005916,9.987647019140418,copath_syn_app_REGION-RF_rank325_region198_iPG,198,iPG,325
sigma,0.00882361047097604,0.0015619079836842768,4.544943239962125e-5,1181.0007081363697,1468.4726391935928,1.003548247636471,11.703041284027684,copath_syn_app_REGION-RF_rank325_region198_iPG,198,iPG,325
u0,0.005969153942858982,0.0050483493382013555,0.0001653280499702592,610.4017016794417,604.6923346730754,1.0069136892435997,6.048731609880112,copath_syn_app_REGION-RF_rank325_region198_iPG,198,iPG,325
alpha,0.7875522356091428,0.5983434577049391,0.013807358296450542,1213.422266638589,834.9750561232602,1.0005979112099115,17.392745271888728,copath_syn_app_REGION-RF_rank1_region199_iSUT,199,iSUT,391
beta,0.015339082631942762,0.9994818377990506,0.019034268266677184,2752.1630597658927,2413.26522361733,1.0018538692212886,39.44848579201749,copath_syn_app_REGION-RF_rank1_region199_iSUT,199,iSUT,391
gamma,0.08124616263272866,0.061209165060032655,0.0012806372444818497,1613.7274778636672,1148.3484829918445,1.0043201849158963,23.130571881198108,copath_syn_app_REGION-RF_rank1_region199_iSUT,199,iSUT,391
sigma,1.634916419398238,2.33573723109543,0.05412431445664379,2048.654982336432,2188.0433221558765,1.0025968677953592,29.3646616164956,copath_syn_app_REGION-RF_rank1_region199_iSUT,199,iSUT,391
u0,0.00784152264243887,0.005854942829122761,0.0001182588887614952,1750.96537849323,1096.6342892089529,1.0015385305186897,25.09768911064458,copath_syn_app_REGION-RF_rank1_region199_iSUT,199,iSUT,391
alpha,0.5883810104702182,0.5552645602986191,0.02938195621161993,406.0541414318385,381.5985485278058,1.0100773724287033,2.8524853456023385,copath_syn_app_REGION-RF_rank164_region200_iTRN,200,iTRN,164
beta,0.3729209479565866,0.47043633180452554,0.016022512222337363,818.5863170078452,781.0246596836968,1.0055441689469953,5.750478163187088,copath_syn_app_REGION-RF_rank164_region200_iTRN,200,iTRN,164
gamma,0.08018397507417335,0.05929361415427341,0.00253878609558904,398.856752550572,543.6760450765041,1.0118338621048253,2.801924486308997,copath_syn_app_REGION-RF_rank164_region200_iTRN,200,iTRN,164
sigma,0.05754972010992889,0.010449481218763119,0.0004751509185899352,440.76878902673195,322.9482129425193,1.0052278889630428,3.096351897961602,copath_syn_app_REGION-RF_rank164_region200_iTRN,200,iTRN,164
u0,0.01604069278431239,0.0070719395062023085,0.0003539511391864398,395.02307332252036,371.00062759454005,1.00502533346468,2.774993314571168,copath_syn_app_REGION-RF_rank164_region200_iTRN,200,iTRN,164
alpha,0.7998605757522299,0.6047865015941032,0.012255413527528273,1622.5615419798457,983.4120427687769,1.0025414306847895,23.997064881754728,copath_syn_app_REGION-RF_rank1_region201_iP5,201,iP5,392
beta,-0.000767646175185618,0.9726647797385591,0.018636669709539755,2718.367871556324,2281.771131026082,1.0014951287703333,40.203621556700796,copath_syn_app_REGION-RF_rank1_region201_iP5,201,iP5,392
gamma,0.07831427409076297,0.06078324831622483,0.0011866557618097728,1722.4470101922075,1482.8694401449607,1.0006243796499548,25.474332769240664,copath_syn_app_REGION-RF_rank1_region201_iP5,201,iP5,392
sigma,1.6955748337666479,2.289906169400044,0.046308995303847675,2737.8916504181407,2099.964492043201,1.0016642856100468,40.49237078189959,copath_syn_app_REGION-RF_rank1_region201_iP5,201,iP5,392
u0,0.007921397386903152,0.005986092371285691,0.00011473951973607323,1965.4215880090148,1441.9520572954991,1.0023925455273077,29.067833883147454,copath_syn_app_REGION-RF_rank1_region201_iP5,201,iP5,392
alpha,0.7429424455729648,0.5908832157810088,0.013804142536376759,1354.319338576438,1150.5043398231762,1.003628247117135,16.9573953694493,copath_syn_app_REGION-RF_rank344_region202_iPC5,202,iPC5,344
beta,-0.4178613981763056,0.8192997738507032,0.020437865456924574,1640.7604959375856,1699.6286998951866,1.0028078123706672,20.54391726063138,copath_syn_app_REGION-RF_rank344_region202_iPC5,202,iPC5,344
gamma,0.07919181823068736,0.06112031565008201,0.0014858923237580097,1074.75721544873,746.5555950908953,1.0021808124513194,13.457005677619136,copath_syn_app_REGION-RF_rank344_region202_iPC5,202,iPC5,344
sigma,0.08952198552541805,0.112854147287793,0.002634078298865381,1637.4879748199135,2144.070273761929,1.000545453642302,20.502942113288675,copath_syn_app_REGION-RF_rank344_region202_iPC5,202,iPC5,344
u0,0.00735402586745286,0.0056359028841539505,0.00011821461084538586,1505.0412324360668,1010.3829719164589,1.0012574094218,18.844580077079943,copath_syn_app_REGION-RF_rank344_region202_iPC5,202,iPC5,344
alpha,3.0433096328610523,0.6354719309448382,0.02476689711912112,1002.8123125754524,528.7601840182427,1.0028304097413732,10.351504114284781,copath_syn_app_REGION-RF_rank51_region203_iCS,203,iCS,51
beta,0.4447944335387437,0.07366749848673095,0.0018816125123073898,1755.0490784573685,1707.9708905676873,1.0019004684303496,18.1164486400901,copath_syn_app_REGION-RF_rank51_region203_iCS,203,iCS,51
gamma,0.2315855066809144,0.06014632529361332,0.002330171535845416,834.6317642863754,376.31875540925927,1.003686068990399,8.615464762029557,copath_syn_app_REGION-RF_rank51_region203_iCS,203,iCS,51
sigma,0.09410282000066224,0.02171120647770057,0.0009647120133410305,1297.7376626451169,430.52553185025863,1.0027832863748303,13.395863399037086,copath_syn_app_REGION-RF_rank51_region203_iCS,203,iCS,51
u0,0.01771484850848923,0.006937674784084835,0.00013012180417574425,2608.315846285808,1884.856888214908,1.0016668327671818,26.924272743360667,copath_syn_app_REGION-RF_rank51_region203_iCS,203,iCS,51
alpha,0.38978075461448647,0.40740046721588535,0.021822328632929835,354.28375367248975,483.8289150155792,1.0097627101957236,2.597197813008502,copath_syn_app_REGION-RF_rank242_region204_iPRNr,204,iPRNr,242
beta,0.24461636264433134,0.46173914197552696,0.015501612845294738,886.8613705717006,1006.0728848455535,1.007128206819299,6.501439561408259,copath_syn_app_REGION-RF_rank242_region204_iPRNr,204,iPRNr,242
gamma,0.08404101954111562,0.06101761683185277,0.002048514994201818,694.6269023033058,716.0104671360665,1.0032420105073558,5.092199269139401,copath_syn_app_REGION-RF_rank242_region204_iPRNr,204,iPRNr,242
sigma,0.030628661821628954,0.005677114971268874,0.000211195396991109,758.188266883189,913.0559260373101,1.0089402765208393,5.558157516920967,copath_syn_app_REGION-RF_rank242_region204_iPRNr,204,iPRNr,242
u0,0.020433679043068673,0.0072074489326880865,0.0004019376790815236,302.0312192632154,227.57670431360853,1.0232442261391357,2.2141427993784575,copath_syn_app_REGION-RF_rank242_region204_iPRNr,204,iPRNr,242
alpha,0.749398318182798,0.587145824611209,0.011716747312922904,1700.5070939829961,1051.8974767410189,1.0010935162596564,22.12818933456949,copath_syn_app_REGION-RF_rank345_region205_iNTB,205,iNTB,345
beta,-0.16075972408931202,0.8764536068671233,0.018002721393269153,2367.5919069539796,2188.823271689422,1.0009118150555938,30.80876414420648,copath_syn_app_REGION-RF_rank345_region205_iNTB,205,iNTB,345
gamma,0.08096431023187867,0.06241653117396217,0.0012097406084704133,1885.0619529816745,1190.1072274744604,1.0023148370991137,24.52974642126893,copath_syn_app_REGION-RF_rank345_region205_iNTB,205,iNTB,345
sigma,0.6201814185588593,0.7565506564415437,0.01575922681283065,2391.2987214296168,2443.869393374192,1.0027089647055907,31.117253818311692,copath_syn_app_REGION-RF_rank345_region205_iNTB,205,iNTB,345
u0,0.00800062930894616,0.005951492606350052,0.00011068625344744561,1980.1909761144182,1260.967306534048,1.0025387799023813,25.7676318982201,copath_syn_app_REGION-RF_rank345_region205_iNTB,205,iNTB,345
alpha,0.6413642281700777,0.5687073617875262,0.015396362205694854,957.284911375574,1027.9158417357407,1.0032294850399313,10.925789645566201,copath_syn_app_REGION-RF_rank305_region206_iCB,206,iCB,305
beta,-0.4625214338293681,0.7374947205886183,0.02149781109151908,1189.046762605403,1368.5335254889676,1.0107462390115765,13.570959546724986,copath_syn_app_REGION-RF_rank305_region206_iCB,206,iCB,305
gamma,0.07956792040195572,0.06097691474865189,0.0016163854350333792,992.8235527736746,713.2040640876876,1.0022830842761743,11.331403184013086,copath_syn_app_REGION-RF_rank305_region206_iCB,206,iCB,305
sigma,0.034790593335051925,0.0061080802893872235,0.0001601805728554738,1513.118415298412,1776.9702554576536,1.001901357767258,17.26968984670112,copath_syn_app_REGION-RF_rank305_region206_iCB,206,iCB,305
u0,0.007954901345005629,0.005757676021914345,0.00014652486967198713,1132.4796726520121,739.9969096066947,1.001015542910935,12.925341801842245,copath_syn_app_REGION-RF_rank305_region206_iCB,206,iCB,305
alpha,0.5240130711070633,0.5465741195684914,0.02880395815546037,388.1849776103924,441.83680478129577,1.0129981019518675,3.706035454158638,copath_syn_app_REGION-RF_rank216_region207_cFRP,207,cFRP,216
beta,-0.09626787159429677,0.736178768007885,0.020075896765218322,1369.5813777614549,1287.9378984378002,1.004608127859637,13.075511511508582,copath_syn_app_REGION-RF_rank216_region207_cFRP,207,cFRP,216
gamma,0.08129014149779291,0.05983598422876722,0.0018759239243219816,613.0422577638066,420.33053410863323,1.0085443640351268,5.852767297065288,copath_syn_app_REGION-RF_rank216_region207_cFRP,207,cFRP,216
sigma,0.055546622184747804,0.00971224143475156,0.00032331473546390457,873.8566828734782,864.3282697484034,1.0021823043746203,8.34278510342815,copath_syn_app_REGION-RF_rank216_region207_cFRP,207,cFRP,216
u0,0.011144872448176413,0.006716624620688456,0.00022268623194698117,776.1757734755546,631.2341905250823,1.0054585003140029,7.410217038451411,copath_syn_app_REGION-RF_rank216_region207_cFRP,207,cFRP,216
alpha,0.2683267176295843,0.2769139155320893,0.029407198518711538,141.00504179063228,97.31344503384989,1.0315024808296198,0.9729316749740028,copath_syn_app_REGION-RF_rank270_region208_cMOp,208,cMOp,270
beta,0.2386616239658422,0.45138583564667895,0.016036188915530034,806.6732869778593,1008.2192421897834,1.0089325471174955,5.56602786885805,copath_syn_app_REGION-RF_rank270_region208_cMOp,208,cMOp,270
gamma,0.07695098838056384,0.058907805163864395,0.002377645272119363,445.0477675408086,267.7542366394924,1.006384553673349,3.0708197694083172,copath_syn_app_REGION-RF_rank270_region208_cMOp,208,cMOp,270
sigma,0.015268964079062433,0.002926267409367081,0.00016437457161602189,289.05673471603063,636.0770826569917,1.0283429998194737,1.9944850871883324,copath_syn_app_REGION-RF_rank270_region208_cMOp,208,cMOp,270
u0,0.022356121448301073,0.005268525981966852,0.0004226094679563452,152.9077458500993,397.511209414467,1.024665587178826,1.0550600701734607,copath_syn_app_REGION-RF_rank270_region208_cMOp,208,cMOp,270
alpha,1.3700106992014918,1.0146463489994553,0.03208593482412386,NaN,NaN,NaN,NaN,copath_syn_app_REGION-RF_rank146_region209_cMOs,209,cMOs,146
beta,0.2755816936683364,0.33312736764204376,0.010534412326851336,NaN,NaN,NaN,NaN,copath_syn_app_REGION-RF_rank146_region209_cMOs,209,cMOs,146
gamma,0.12804041792252824,0.09019272245850932,0.002852144313403109,NaN,NaN,NaN,NaN,copath_syn_app_REGION-RF_rank146_region209_cMOs,209,cMOs,146
u0,0.015833730489750467,0.006568005669628745,0.00020769857600926237,NaN,NaN,NaN,NaN,copath_syn_app_REGION-RF_rank146_region209_cMOs,209,cMOs,146
sigma,0.06202840699561153,0.011385953502200804,0.00036005546399725524,NaN,NaN,NaN,NaN,copath_syn_app_REGION-RF_rank146_region209_cMOs,209,cMOs,146
alpha,0.8077905896936581,0.6090675717635885,0.011362352493650613,1967.1882963551784,1283.0714394733805,1.0009265863893921,28.679558787543424,copath_syn_app_REGION-RF_rank1_region210_cSSp-n,210,cSSp-n,393
beta,-0.017080502246446357,1.0182905351485727,0.021601882698158097,2242.546051474298,1903.746635402895,1.0027187215847724,32.693988387483934,copath_syn_app_REGION-RF_rank1_region210_cSSp-n,210,cSSp-n,393
gamma,0.08063559128560992,0.060694614444968195,0.0011665320606045575,1875.9084550647688,1207.9694083629336,1.0023281091082334,27.3487936649284,copath_syn_app_REGION-RF_rank1_region210_cSSp-n,210,cSSp-n,393
sigma,1.6050170898031748,2.010463642435556,0.04272283899940719,2559.7495030342798,2205.7890896357344,1.0004407912317301,37.318484707171095,copath_syn_app_REGION-RF_rank1_region210_cSSp-n,210,cSSp-n,393
u0,0.00788526004484944,0.005941978209239058,0.00011421077853533686,1718.4437745274483,1014.8868109795279,0.9999278792016466,25.053122441792752,copath_syn_app_REGION-RF_rank1_region210_cSSp-n,210,cSSp-n,393
alpha,0.8805218695991075,0.763371410907206,0.048822215795420974,341.0558189266825,261.8739575716317,1.0138588483052342,1.8146093052763101,copath_syn_app_REGION-RF_rank158_region211_cSSp-bfd,211,cSSp-bfd,158
beta,0.4103776789171775,0.3960578979275937,0.01693574321500333,457.4379270914989,357.01344116856876,1.0035964993510968,2.4338277578691083,copath_syn_app_REGION-RF_rank158_region211_cSSp-bfd,211,cSSp-bfd,158
gamma,0.09245844158540273,0.07175846366237447,0.0031365476761732627,367.4918582508826,269.20583246960706,1.0151249042249704,1.9552639438727462,copath_syn_app_REGION-RF_rank158_region211_cSSp-bfd,211,cSSp-bfd,158
sigma,0.06325441607745172,0.012405240689465965,0.0005544208873159736,449.1479173247347,626.0202674045535,1.0101861318643977,2.389720230512023,copath_syn_app_REGION-RF_rank158_region211_cSSp-bfd,211,cSSp-bfd,158
u0,0.01956499956930811,0.007601206677539787,0.00029177584654706024,665.7760887907357,772.4230249022565,1.005708211160305,3.542304276620036,copath_syn_app_REGION-RF_rank158_region211_cSSp-bfd,211,cSSp-bfd,158
alpha,0.7539977369470399,0.5974207071453015,0.012163766658182485,1678.4329550511595,1571.5687903283458,0.999663815973461,22.545037543670208,copath_syn_app_REGION-RF_rank346_region212_cSSp-ll,212,cSSp-ll,346
beta,-0.20585571500903846,0.8980134232895693,0.019793330461953616,2068.785924607071,2279.8421859571317,1.0007820403607326,27.788334469791952,copath_syn_app_REGION-RF_rank346_region212_cSSp-ll,212,cSSp-ll,346
gamma,0.08101615501790244,0.061058144089198234,0.001185700000947303,1732.4814658158691,1231.5104874531662,1.0004032242492258,23.271027640982556,copath_syn_app_REGION-RF_rank346_region212_cSSp-ll,212,cSSp-ll,346
sigma,0.6637366181907839,1.0393643309136416,0.025322002998724235,1867.0439547845083,1961.3748271830518,1.0013025297008025,25.078497136048092,copath_syn_app_REGION-RF_rank346_region212_cSSp-ll,212,cSSp-ll,346
u0,0.00773933165683917,0.006169941229028631,0.0001283763755819101,1610.5243707615277,1365.967556763222,1.0000321469148956,21.632876245990865,copath_syn_app_REGION-RF_rank346_region212_cSSp-ll,212,cSSp-ll,346
alpha,0.46703815939256094,0.4917164025200888,0.03389724067070168,256.48870079887564,300.38581094358375,1.0097021801486936,1.9843005191040908,copath_syn_app_REGION-RF_rank288_region213_cSSp-m,213,cSSp-m,288
beta,0.19066017856940243,0.5007953085231681,0.021230751667496377,574.3967732154688,673.0394619959733,1.0049115855327284,4.443766184292535,copath_syn_app_REGION-RF_rank288_region213_cSSp-m,213,cSSp-m,288
gamma,0.08248019593275487,0.06359000489477591,0.005139416270128959,144.34293502686154,298.43815307577944,1.0398298675136954,1.1166954334078212,copath_syn_app_REGION-RF_rank288_region213_cSSp-m,213,cSSp-m,288
sigma,0.01998724389915447,0.0037526759461720123,0.00021448130703501428,226.8892040569477,91.25140254270678,1.0104522615984493,1.7553068185344751,copath_syn_app_REGION-RF_rank288_region213_cSSp-m,213,cSSp-m,288
u0,0.01391516309395555,0.005518014804337862,0.0003629938247722218,207.3985046478055,176.77618002722596,1.0165775338792986,1.604518870235771,copath_syn_app_REGION-RF_rank288_region213_cSSp-m,213,cSSp-m,288
alpha,0.6564196828936415,0.5924231505322045,0.018360572058012076,833.3602130539788,928.7524420299408,1.0016016706418271,9.098613558541999,copath_syn_app_REGION-RF_rank312_region214_cSSp-ul,214,cSSp-ul,312
beta,-0.4018684492725189,0.7328744516750254,0.024687798265370625,906.9203217461161,1094.8625301663847,1.002115432425969,9.901741655888245,copath_syn_app_REGION-RF_rank312_region214_cSSp-ul,214,cSSp-ul,312
gamma,0.07941186418155585,0.06051126733478172,0.0015702033113655094,1048.2232162917321,684.5374092832021,1.0033407421153242,11.444484412303828,copath_syn_app_REGION-RF_rank312_region214_cSSp-ul,214,cSSp-ul,312
sigma,0.020370100164518963,0.003580568227430256,0.00011241600059288115,1016.5943721199326,1455.8127190808727,1.0054511428026829,11.099161194426726,copath_syn_app_REGION-RF_rank312_region214_cSSp-ul,214,cSSp-ul,312
u0,0.006825509400100688,0.005038183000648323,0.00015132504257838855,735.5486331235995,646.0293461608258,1.0015860370046086,8.0307082837322,copath_syn_app_REGION-RF_rank312_region214_cSSp-ul,214,cSSp-ul,312
alpha,0.6458810177106775,0.5234779280522072,0.021907640068637293,527.0346650401591,862.7321951796914,1.0050271796378514,5.056846587478259,copath_syn_app_REGION-RF_rank103_region215_cSSp-tr,215,cSSp-tr,103
beta,0.0915241957416975,0.8370056318979703,0.03307523919957742,638.9612349185795,760.1153171727832,1.0080021571921167,6.130771189562468,copath_syn_app_REGION-RF_rank103_region215_cSSp-tr,215,cSSp-tr,103
gamma,0.07955466789538099,0.059343285464558165,0.0028516052707868995,327.80003424238265,454.5648871435896,1.015107830672839,3.1452095933908644,copath_syn_app_REGION-RF_rank103_region215_cSSp-tr,215,cSSp-tr,103
sigma,0.16481397878215345,0.030593091278421723,0.0014545121869166653,329.3054292535952,220.02433019995297,1.0063569849611607,3.1596537127822844,copath_syn_app_REGION-RF_rank103_region215_cSSp-tr,215,cSSp-tr,103
u0,0.009684869788885844,0.00701970917382462,0.00032475073503768567,371.3631732943376,342.7288011358055,1.0124511747222151,3.563193695134786,copath_syn_app_REGION-RF_rank103_region215_cSSp-tr,215,cSSp-tr,103
alpha,0.8648518873321916,0.6257247448024451,0.01585898726494086,1128.8467613284083,881.6335289890178,1.0015386344938468,13.813930362079446,copath_syn_app_REGION-RF_rank347_region216_cSSp-un,216,cSSp-un,347
beta,-0.7549641759974398,0.7372666336999969,0.021087354950537103,1257.9925160680789,979.4640612403748,1.001000767808016,15.394313566999667,copath_syn_app_REGION-RF_rank347_region216_cSSp-un,216,cSSp-un,347
gamma,0.08116083049414109,0.06194781382287701,0.0012868278623396439,1615.4672601261298,1143.3464076659454,1.0059124658241299,19.768805650237766,copath_syn_app_REGION-RF_rank347_region216_cSSp-un,216,cSSp-un,347
sigma,0.01442237073065587,0.019660466587682626,0.00042143085591324374,1787.0655805141296,1881.5165263356544,1.000978132632131,21.86868964627291,copath_syn_app_REGION-RF_rank347_region216_cSSp-un,216,cSSp-un,347
u0,0.006529427162220081,0.005540022451205408,0.00014411680359966526,892.0471178457711,675.5969322057122,1.0032622545263024,10.916164343789264,copath_syn_app_REGION-RF_rank347_region216_cSSp-un,216,cSSp-un,347
alpha,0.7925324609700051,0.6381381258765855,0.06038457558773327,130.65362186817086,113.30084379241937,1.0170337561773,0.8546099375865599,copath_syn_app_REGION-RF_rank153_region217_cSSs,217,cSSs,153
beta,0.3974481669127594,0.4525306063800208,0.02194205328932492,297.9040720567852,381.0643765530843,1.0094863977584212,1.9486010168483017,copath_syn_app_REGION-RF_rank153_region217_cSSs,217,cSSs,153
gamma,0.09094070656482352,0.06458463372963576,0.003684008668647015,255.30110927784926,470.59120228122197,1.008801518102988,1.669933538358915,copath_syn_app_REGION-RF_rank153_region217_cSSs,217,cSSs,153
sigma,0.0794125935994838,0.016604177243704384,0.001421044965650472,115.27115883501408,100.47561721531541,1.049749863532061,0.7539927056665908,copath_syn_app_REGION-RF_rank153_region217_cSSs,217,cSSs,153
u0,0.016482379948613513,0.007737903545916535,0.0004942589743892003,243.849736532899,374.7960362363915,1.0189737483148933,1.5950297063264827,copath_syn_app_REGION-RF_rank153_region217_cSSs,217,cSSs,153
alpha,0.593693804603431,0.5778831881148079,0.06878612098427729,125.97290849115755,54.2116272057552,1.0473890059258817,1.0178806439169161,copath_syn_app_REGION-RF_rank196_region218_cGU,218,cGU,196
beta,0.2158594699261002,0.5304167738798746,0.021093653938828203,664.2207609499229,673.0169639197098,1.013571298720642,5.367006795005841,copath_syn_app_REGION-RF_rank196_region218_cGU,218,cGU,196
gamma,0.08179560853779985,0.05975103549921671,0.0025774291646870466,400.81204385744843,386.900986902777,1.0145236126033736,3.238623495939305,copath_syn_app_REGION-RF_rank196_region218_cGU,218,cGU,196
sigma,0.05057939362587355,0.00976589848911731,0.0005537245960998014,266.01036216508317,103.31809771749515,1.0206056402218158,2.1494049948697733,copath_syn_app_REGION-RF_rank196_region218_cGU,218,cGU,196
u0,0.015710107320224685,0.007146401533160134,0.0003560661868085632,428.6691111672145,534.656619095853,1.0128880609540631,3.4637129215191864,copath_syn_app_REGION-RF_rank196_region218_cGU,218,cGU,196
alpha,0.882848740417624,0.6491187404964966,0.023623785849357162,592.373926261314,635.1138191191742,1.0036195666010497,,copath_syn_app_REGION-RF_rank97_region219_cVISC,219,cVISC,97
beta,0.482637047928317,0.5196445246008478,0.02360569658223948,550.3026637083136,341.95133165744505,1.0015435961413282,,copath_syn_app_REGION-RF_rank97_region219_cVISC,219,cVISC,97
gamma,0.08588652786966497,0.06453669715462694,0.0024714221835855314,419.5451472621521,400.00797155085706,1.0030388016335992,,copath_syn_app_REGION-RF_rank97_region219_cVISC,219,cVISC,97
u0,0.014039543231048977,0.007063231629801843,0.0002396663002854008,792.1284991215829,853.7405243241741,1.0025874843619738,,copath_syn_app_REGION-RF_rank97_region219_cVISC,219,cVISC,97
sigma,0.14116194775708418,0.025741200893925568,0.0011480760307135181,480.04412549492145,544.8950351657959,1.0015942345180109,,copath_syn_app_REGION-RF_rank97_region219_cVISC,219,cVISC,97
alpha,0.6438783888955664,0.5512008907905516,0.04621366773236716,211.1510244939646,134.86913183546824,1.0118195078993484,1.3110491726054117,copath_syn_app_REGION-RF_rank193_region220_cAUDd,220,cAUDd,193
beta,0.4122771926619672,0.5704105697645114,0.022688507837469413,616.0773050220121,655.1638831130649,1.010199003856419,3.8252603459812615,copath_syn_app_REGION-RF_rank193_region220_cAUDd,220,cAUDd,193
gamma,0.0819890843322849,0.06308358986949053,0.0028049968083416104,357.68718691798165,248.38872495638674,1.0047726442615381,2.220900853236358,copath_syn_app_REGION-RF_rank193_region220_cAUDd,220,cAUDd,193
sigma,0.0886448613483878,0.016280696240200076,0.0008130754319832921,344.2151212397878,316.5291352799668,1.0161052995794004,2.1372520023581245,copath_syn_app_REGION-RF_rank193_region220_cAUDd,220,cAUDd,193
u0,0.012725473511441876,0.006759814423162905,0.00029516524755609505,459.7739284630298,314.11782294336695,1.0078181590192867,2.8547634563536044,copath_syn_app_REGION-RF_rank193_region220_cAUDd,220,cAUDd,193
alpha,1.1538800428929479,0.9206056810451139,0.05279653984367694,335.7655157612852,843.4269355467084,1.0102316138198668,2.63269102896638,copath_syn_app_REGION-RF_rank71_region221_cAUDp,221,cAUDp,71
beta,0.32030354031258496,0.5965138449830132,0.026826025909150945,527.5638841271117,671.218689449976,1.0044112223077215,4.1365555417417035,copath_syn_app_REGION-RF_rank71_region221_cAUDp,221,cAUDp,71
gamma,0.10466415618579165,0.07711137260789228,0.003391131895628908,433.96103337149594,671.2873116025409,1.0034201160959983,3.402628518559288,copath_syn_app_REGION-RF_rank71_region221_cAUDp,221,cAUDp,71
sigma,0.21243800493802023,0.04287839274580325,0.001976030564311065,423.3554535153282,636.3854524697263,1.0109238297196868,3.319471631881949,copath_syn_app_REGION-RF_rank71_region221_cAUDp,221,cAUDp,71
u0,0.012829614032143433,0.007415289025420011,0.0002723287055029127,709.8509150977275,619.6865670928253,1.0054707800114313,5.565842971825647,copath_syn_app_REGION-RF_rank71_region221_cAUDp,221,cAUDp,71
alpha,1.8749382981785427,1.0949393650506665,0.03462502293338673,NaN,NaN,NaN,NaN,copath_syn_app_REGION-RF_rank55_region222_cAUDpo,222,cAUDpo,55
beta,0.28668004698813454,0.49384728829386154,0.015616822473064116,NaN,NaN,NaN,NaN,copath_syn_app_REGION-RF_rank55_region222_cAUDpo,222,cAUDpo,55
gamma,0.15131272669614765,0.08092883540626128,0.0025591944826866384,NaN,NaN,NaN,NaN,copath_syn_app_REGION-RF_rank55_region222_cAUDpo,222,cAUDpo,55
u0,0.008406076420624553,0.005466133266458397,0.000172854311160246,NaN,NaN,NaN,NaN,copath_syn_app_REGION-RF_rank55_region222_cAUDpo,222,cAUDpo,55
sigma,0.21738173768526997,0.047315897036193794,0.0014962600416838286,NaN,NaN,NaN,NaN,copath_syn_app_REGION-RF_rank55_region222_cAUDpo,222,cAUDpo,55
alpha,1.6791316588366376,0.9024504011391056,0.04207373151336784,433.6131927222,467.0522189414458,1.0076964781138447,3.6496354913071287,copath_syn_app_REGION-RF_rank80_region223_cAUDv,223,cAUDv,80
beta,0.36790360165126884,0.3381925112996545,0.018341463885065638,450.5978789661932,312.19799125451465,1.007952355746166,3.7925921973419174,copath_syn_app_REGION-RF_rank80_region223_cAUDv,223,cAUDv,80
gamma,0.13182044055790532,0.07907188235871958,0.0027209594431530904,761.5358631752188,710.6218347188398,1.004975097070871,6.409695001895622,copath_syn_app_REGION-RF_rank80_region223_cAUDv,223,cAUDv,80
sigma,0.13947497463901182,0.031207339453998735,0.0015512354993083958,330.65247578840336,180.0577696927003,1.0086184541274898,2.7830357359515476,copath_syn_app_REGION-RF_rank80_region223_cAUDv,223,cAUDv,80
u0,0.01594767371224596,0.006875719228233809,0.00023435729665325565,773.9254974605572,586.4951395511195,1.0056834814090758,6.513976074914209,copath_syn_app_REGION-RF_rank80_region223_cAUDv,223,cAUDv,80
alpha,1.5040747689076228,0.9146862355286159,0.09451902754006423,100.47655997316048,249.55014740661792,1.0088877540315064,0.8688136411624973,copath_syn_app_REGION-RF_rank59_region224_cVISal,224,cVISal,59
beta,0.31310675323090287,0.5354817279963933,0.02490899411267172,496.3472122105255,413.796458084074,1.007250963836562,4.291878910232131,copath_syn_app_REGION-RF_rank59_region224_cVISal,224,cVISal,59
gamma,0.12752181561840523,0.08282487255233524,0.007279328787537422,136.136907275256,471.6952362981158,1.017973009052816,1.177166118525664,copath_syn_app_REGION-RF_rank59_region224_cVISal,224,cVISal,59
sigma,0.22060566966547118,0.0490143456736488,0.004835116510826007,92.29787449171299,131.42688090836674,1.018507798338284,0.7980931316729472,copath_syn_app_REGION-RF_rank59_region224_cVISal,224,cVISal,59
u0,0.012353310757216646,0.006990065035760475,0.00047491484854664435,199.4583019350054,333.7168888423074,1.0203682369751779,1.7247016976947755,copath_syn_app_REGION-RF_rank59_region224_cVISal,224,cVISal,59
alpha,1.251653741063889,0.7704208374377622,0.040853002786111946,344.6217204350868,630.910661172259,1.0117486911694062,2.4804885839583597,copath_syn_app_REGION-RF_rank68_region225_cVISam,225,cVISam,68
beta,0.43187945625220403,0.43374216178217867,0.019449468551181622,562.5047517689014,494.3691366082962,1.0098312013709945,4.048748330266398,copath_syn_app_REGION-RF_rank68_region225_cVISam,225,cVISam,68
gamma,0.1060040977842057,0.07092262772607165,0.0028369019794630677,536.1043233674214,587.3087411360635,1.0043344979631985,3.8587255969958285,copath_syn_app_REGION-RF_rank68_region225_cVISam,225,cVISam,68
sigma,0.20474527737295084,0.04030753848043622,0.00218834938891771,326.5406840956351,887.5408450950142,1.0082980283782885,2.3503464554543205,copath_syn_app_REGION-RF_rank68_region225_cVISam,225,cVISam,68
u0,0.012050550036627507,0.0066067601924143975,0.0002622852829312131,521.9841948234089,586.5310129406704,1.010552049905901,3.7570929500076216,copath_syn_app_REGION-RF_rank68_region225_cVISam,225,cVISam,68
alpha,1.497080322413661,0.8796061014198941,0.044258533533159145,392.7055997109138,813.920114321703,1.0060553429621757,3.182224524827916,copath_syn_app_REGION-RF_rank49_region226_cVISl,226,cVISl,49
beta,0.32730879208541286,0.4633763589216895,0.026925669975036162,606.5136705113376,317.47458084110735,1.014267511693581,4.914782672733397,copath_syn_app_REGION-RF_rank49_region226_cVISl,226,cVISl,49
gamma,0.1299024255521211,0.07973697294178785,0.0029499867405186416,670.2291692297642,800.1543949350523,1.0044064795191963,5.431090621442752,copath_syn_app_REGION-RF_rank49_region226_cVISl,226,cVISl,49
sigma,0.22276541589882878,0.045720330234408545,0.0023903333596790944,323.5557069317615,201.39089384239355,1.009597311669999,2.621879867524768,copath_syn_app_REGION-RF_rank49_region226_cVISl,226,cVISl,49
u0,0.012585955812578445,0.006715650402332122,0.00020983704037665725,847.4560993131984,627.7107540351058,1.0072400509293322,6.867219578571531,copath_syn_app_REGION-RF_rank49_region226_cVISl,226,cVISl,49
alpha,1.208532075539394,0.83948359339216,0.07256901853823854,150.8492132581267,962.0143050335093,1.0330144826487286,1.1162935549759994,copath_syn_app_REGION-RF_rank65_region227_cVISp,227,cVISp,65
beta,0.3370272608316968,0.5662299547084045,0.024792349195830676,625.7545681660731,640.3574194710723,1.0187069841847154,4.630622701659635,copath_syn_app_REGION-RF_rank65_region227_cVISp,227,cVISp,65
gamma,0.10617562294385936,0.07602300353833762,0.004952280996299712,155.79781937592745,516.0104819802215,1.0349319666337438,1.1529135478556651,copath_syn_app_REGION-RF_rank65_region227_cVISp,227,cVISp,65
sigma,0.20726038264844726,0.04259260597099275,0.0032719230603759724,163.1221788726531,433.8074207456676,1.0170714373198264,1.2071142634174459,copath_syn_app_REGION-RF_rank65_region227_cVISp,227,cVISp,65
u0,0.01251396458357059,0.007097775593279954,0.00028803026186861923,485.62948281110863,547.2215965202755,1.0097162813187477,3.5936883597844265,copath_syn_app_REGION-RF_rank65_region227_cVISp,227,cVISp,65
alpha,1.5558035065326037,0.6855131178932117,0.02410544679230025,812.9891206865458,550.2774953178038,1.0042467579547576,7.896548207338602,copath_syn_app_REGION-RF_rank24_region228_cVISpl,228,cVISpl,24
beta,0.5246830049437938,0.4332953112025053,0.017891591602656038,991.9096798419378,481.9410538731882,1.0063060341688401,9.634400270428223,copath_syn_app_REGION-RF_rank24_region228_cVISpl,228,cVISpl,24
gamma,0.12022371533504257,0.07082254194285065,0.0016520743368686863,1396.4953970123952,800.5495583836421,1.0027051801134084,13.564133815865137,copath_syn_app_REGION-RF_rank24_region228_cVISpl,228,cVISpl,24
sigma,0.37552484989499907,0.06955960178211462,0.002304899909507052,943.1182781450937,1745.2741599433375,1.0033106345462481,9.160490293284383,copath_syn_app_REGION-RF_rank24_region228_cVISpl,228,cVISpl,24
u0,0.010999687507234644,0.006373178855417393,0.0001650652710741805,1195.5800121297314,948.8691538127366,1.0029236732512052,11.612646419598187,copath_syn_app_REGION-RF_rank24_region228_cVISpl,228,cVISpl,24
alpha,1.2948373131751723,0.8417542410320853,0.03875012233259403,451.59958804850464,951.2036604601128,1.008833283673886,3.573120771343044,copath_syn_app_REGION-RF_rank57_region229_cVISpm,229,cVISpm,57
beta,0.3179496653289076,0.5461643877808829,0.02257120540448697,755.8846595328421,812.0530633176974,1.0048476882007704,5.98066793946294,copath_syn_app_REGION-RF_rank57_region229_cVISpm,229,cVISpm,57
gamma,0.11005861692201623,0.07710324320104882,0.0031347452522464277,525.7422552184271,651.5009879137431,1.0109176181433999,4.1597481977594954,copath_syn_app_REGION-RF_rank57_region229_cVISpm,229,cVISpm,57
sigma,0.24590068506437265,0.04684990302272289,0.001968769270921422,521.4079927553871,698.0401251089039,1.0078184417520297,4.125454890934164,copath_syn_app_REGION-RF_rank57_region229_cVISpm,229,cVISpm,57
u0,0.012279863313518163,0.0068005980080391845,0.0002107249426099223,878.9281002217424,725.303726234123,1.004733402096147,6.954205306055498,copath_syn_app_REGION-RF_rank57_region229_cVISpm,229,cVISpm,57
alpha,1.8341044636082022,0.7824705546999229,0.04168862661132353,400.8343583856474,296.6952132829045,1.017078379709074,4.069880172057991,copath_syn_app_REGION-RF_rank44_region230_cVISli,230,cVISli,44
beta,0.47208788679128866,0.2946575729260868,0.018506696318669472,526.7060663131957,280.2248825289239,1.0126319257845584,5.347921232162251,copath_syn_app_REGION-RF_rank44_region230_cVISli,230,cVISli,44
gamma,0.14375690190646476,0.07687811799186482,0.002993723854531701,627.8940140199501,890.7131613206838,1.010231512848772,6.375335208552819,copath_syn_app_REGION-RF_rank44_region230_cVISli,230,cVISli,44
sigma,0.22207931614738755,0.046751123513073166,0.001995031361654817,585.8635219576867,859.9202379957204,1.0132573932904148,5.94857771462195,copath_syn_app_REGION-RF_rank44_region230_cVISli,230,cVISli,44
u0,0.01309439378050852,0.006754076310121608,0.00018022334612702713,1116.2349078360728,754.3788773353083,1.0012914659571615,11.333714846845025,copath_syn_app_REGION-RF_rank44_region230_cVISli,230,cVISli,44
alpha,1.8303715317406835,0.4772050080895004,0.011719262146584848,1533.3127225886994,1211.9321507707543,1.0051159689956763,15.435308971276848,copath_syn_app_REGION-RF_rank22_region231_cVISpor,231,cVISpor,22
beta,0.6661467625124937,0.12925529706875935,0.004133847489312542,1064.9425444397891,1073.975125975307,1.0058986383568205,10.72039445569459,copath_syn_app_REGION-RF_rank22_region231_cVISpor,231,cVISpor,22
gamma,0.13634387351987642,0.06499033678365553,0.0020036466002336995,1035.3148803735435,1277.6440009481619,1.0054514443189706,10.422143392997077,copath_syn_app_REGION-RF_rank22_region231_cVISpor,231,cVISpor,22
sigma,0.23526349308541925,0.0409901984667155,0.0008972751879157489,2136.2627786122994,1880.20545436261,1.0006806762671956,21.504990825387058,copath_syn_app_REGION-RF_rank22_region231_cVISpor,231,cVISpor,22
u0,0.011558097135110608,0.006319811814108794,0.00012575923635420677,2088.5853962866477,1732.1416526929054,1.0005395802451944,21.025039725851617,copath_syn_app_REGION-RF_rank22_region231_cVISpor,231,cVISpor,22
alpha,1.9235109230093481,0.9218361787494127,0.04747214480735919,404.2493375942558,496.2931505066398,1.0045951259787345,,copath_syn_app_REGION-RF_rank85_region232_cACAd,232,cACAd,85
beta,0.344679756169917,0.19276102833463385,0.010738941287591463,579.0188550016609,313.6001228567937,1.0074113124198598,,copath_syn_app_REGION-RF_rank85_region232_cACAd,232,cACAd,85
gamma,0.15757711384051062,0.09003699727832123,0.0037279201408072634,557.5804481834365,658.8096816883682,1.0046069870985288,,copath_syn_app_REGION-RF_rank85_region232_cACAd,232,cACAd,85
u0,0.016795551013736667,0.006813719363899637,0.00018399752007590197,1253.2517453416835,1142.36918631509,1.0038709199263114,,copath_syn_app_REGION-RF_rank85_region232_cACAd,232,cACAd,85
sigma,0.1064190444360774,0.02423704990612256,0.001011742888291197,580.368649561251,1148.5557530556189,1.001617758633661,,copath_syn_app_REGION-RF_rank85_region232_cACAd,232,cACAd,85
alpha,2.0693732291262865,0.6606271504732933,0.019845775772911876,1242.2814797133026,648.5119331884528,1.0034677196294852,11.461535790392784,copath_syn_app_REGION-RF_rank54_region233_cACAv,233,cACAv,54
beta,0.41139586455582516,0.1565969700551269,0.006947743025252043,1587.523711483911,873.7537973838146,1.0032552458477988,14.646809225127654,copath_syn_app_REGION-RF_rank54_region233_cACAv,233,cACAv,54
gamma,0.1670364452130478,0.07565018367456418,0.001962281771320838,1383.7260026927195,1091.8890950687219,1.0046105793539553,12.766531066389138,copath_syn_app_REGION-RF_rank54_region233_cACAv,233,cACAv,54
sigma,0.15818234605161838,0.03148504478823895,0.0009559759046129171,1195.8325211691208,1363.033440692511,1.002560482548362,11.03298846881195,copath_syn_app_REGION-RF_rank54_region233_cACAv,233,cACAv,54
u0,0.013733432522402084,0.006569692444076067,0.000144310732717037,1754.3498083662266,635.7024602189362,1.0014812187677928,16.185979945622876,copath_syn_app_REGION-RF_rank54_region233_cACAv,233,cACAv,54
alpha,2.073097096726499,0.9573532333974649,0.042490151836427494,536.1625116788504,693.4412897903637,1.0034628722584733,4.457545698266161,copath_syn_app_REGION-RF_rank93_region234_cPL,234,cPL,93
beta,0.29432216691776764,0.17441016982514887,0.006061178548568921,1287.4745062479456,661.588652454809,1.0035725644704334,10.703800288055948,copath_syn_app_REGION-RF_rank93_region234_cPL,234,cPL,93
gamma,0.17757669428852801,0.092720251451944,0.003585194359476009,639.0136345752601,854.867231315373,1.0008303443823636,5.312628943443409,copath_syn_app_REGION-RF_rank93_region234_cPL,234,cPL,93
sigma,0.08283237305140684,0.021263716484215107,0.000920354917816205,523.0615364066166,921.4113136173827,1.004299810773539,4.348626863592363,copath_syn_app_REGION-RF_rank93_region234_cPL,234,cPL,93
u0,0.01682391062097427,0.0067819452475605165,0.00018531815297154127,1215.6726170495858,987.7169249042553,1.0038035843055195,10.106854035097403,copath_syn_app_REGION-RF_rank93_region234_cPL,234,cPL,93
alpha,2.4072671316409453,0.5331633034631907,0.013380729805326412,1604.2540543787075,1200.96475390865,1.0018590340261957,16.963667699891165,copath_syn_app_REGION-RF_rank60_region235_cILA,235,cILA,60
beta,0.3872283369799891,0.06893058843876042,0.0018533044477332028,1378.9951965283049,1724.2255213110946,1.0010501274940684,14.581740472965052,copath_syn_app_REGION-RF_rank60_region235_cILA,235,cILA,60
gamma,0.2155054763426098,0.07158448748613873,0.002156958350027029,1138.8746251207842,937.443590088583,1.0028146012639652,12.042662843616203,copath_syn_app_REGION-RF_rank60_region235_cILA,235,cILA,60
sigma,0.10025996564448783,0.02045984400733936,0.00058601558401127,1307.54149248796,1161.5183256032926,1.001605224052662,13.82617629785302,copath_syn_app_REGION-RF_rank60_region235_cILA,235,cILA,60
u0,0.013936759753872803,0.006233198597789404,0.00015810458482704948,1382.422998010851,1162.3362421052277,1.0025712993845488,14.617986655502285,copath_syn_app_REGION-RF_rank60_region235_cILA,235,cILA,60
alpha,1.8402829886011902,1.0274034290537828,0.0611700791119987,282.3758603749505,338.53779509014055,1.0019814679126173,1.8868076572916284,copath_syn_app_REGION-RF_rank111_region236_cORBl,236,cORBl,111
beta,0.34747354768535116,0.31989473008036534,0.022477935373830995,395.1586901830723,273.36218182071696,1.0014607502289927,2.640411405892584,copath_syn_app_REGION-RF_rank111_region236_cORBl,236,cORBl,111
gamma,0.16160337607448763,0.09165568070277219,0.00416316904022361,494.28760869263033,735.5653542659767,1.0010990344627537,3.302781065446754,copath_syn_app_REGION-RF_rank111_region236_cORBl,236,cORBl,111
sigma,0.06551850482025284,0.016504008196806388,0.00079771953024981,443.4713389956799,1255.6701079241145,1.0034773218407074,2.9632317617212576,copath_syn_app_REGION-RF_rank111_region236_cORBl,236,cORBl,111
u0,0.019380144908018673,0.0068735953055104855,0.00015858185532188507,1789.3387068479117,1546.6625174872113,1.0012638227982815,11.956184813694636,copath_syn_app_REGION-RF_rank111_region236_cORBl,236,cORBl,111
alpha,2.6285762605734977,0.5744293484286985,0.015289920080817131,1565.5248371096704,1168.7872191934182,1.00236525539035,16.029538085390573,copath_syn_app_REGION-RF_rank77_region237_cORBm,237,cORBm,77
beta,0.36202429291651267,0.06208093765324675,0.0015007780141197637,1782.3241857258402,1724.5302696645995,1.0032926434073772,18.24936451877172,copath_syn_app_REGION-RF_rank77_region237_cORBm,237,cORBm,77
gamma,0.22083563187581268,0.06704712261023056,0.001585693993816953,1781.8386873848413,1638.3320156947184,1.0037431959559229,18.244393461166652,copath_syn_app_REGION-RF_rank77_region237_cORBm,237,cORBm,77
sigma,0.08744894925896943,0.01802057135282681,0.00048726151177089433,1425.149121334754,1822.8345766406003,1.0011495796714567,14.592219539597131,copath_syn_app_REGION-RF_rank77_region237_cORBm,237,cORBm,77
u0,0.01659742447867431,0.00652695978693883,0.00013958914492572097,1906.808190402882,753.8262711704865,1.002687775416991,19.52396652232511,copath_syn_app_REGION-RF_rank77_region237_cORBm,237,cORBm,77
alpha,2.4777532067912342,0.575039767162392,0.012372799440098541,2143.3712265941163,1585.4096130741054,1.0050387557020077,21.422358415980693,copath_syn_app_REGION-RF_rank84_region238_cORBvl,238,cORBvl,84
beta,0.30446197019884064,0.0473189395084663,0.0010746017914743838,1956.127153925389,1992.3132000499595,1.002547017334862,19.55090955718858,copath_syn_app_REGION-RF_rank84_region238_cORBvl,238,cORBvl,84
gamma,0.1978224971006901,0.06645822011158276,0.0015930193877338227,1728.5617491359708,1093.9708207141064,1.0005134230317263,17.276460967047175,copath_syn_app_REGION-RF_rank84_region238_cORBvl,238,cORBvl,84
sigma,0.06349466918464756,0.013022506791154416,0.0003276663930931187,1770.0133592958784,1839.086912503571,1.001245529308817,17.690757491488295,copath_syn_app_REGION-RF_rank84_region238_cORBvl,238,cORBvl,84
u0,0.01733066177656582,0.006298270197215767,0.0001296861430416445,2231.2113048811616,1627.218859006817,1.0019556271244796,22.300293893048302,copath_syn_app_REGION-RF_rank84_region238_cORBvl,238,cORBvl,84
alpha,1.543128721233853,0.997494986600729,0.05836661403662836,257.4719361359126,416.1103169147865,1.0259886828829565,1.6244593660189945,copath_syn_app_REGION-RF_rank119_region239_cAId,239,cAId,119
beta,0.3513337711440039,0.2885691609275967,0.016561757832328505,437.8260432991186,489.9016645899084,1.0136250966655975,2.762361705894235,copath_syn_app_REGION-RF_rank119_region239_cAId,239,cAId,119
gamma,0.14114015775643407,0.08999837136146131,0.0038999491678852844,492.8274850048232,640.0028768408908,1.0096215156867556,3.109380524582946,copath_syn_app_REGION-RF_rank119_region239_cAId,239,cAId,119
sigma,0.06811469619868689,0.015187152855224534,0.0007306151629738328,381.7112287762991,814.1032179010083,1.011495797028943,2.4083183200710363,copath_syn_app_REGION-RF_rank119_region239_cAId,239,cAId,119
u0,0.019532690045708116,0.00699566995507717,0.00019908934166454426,1166.5629008768299,875.0826306413569,1.0031033660349062,7.360157611038883,copath_syn_app_REGION-RF_rank119_region239_cAId,239,cAId,119
alpha,2.1093583699827594,0.5611634835921986,0.012946391790924907,1823.5486093760162,1822.3920691224687,1.0017583962619268,16.156614505356004,copath_syn_app_REGION-RF_rank58_region240_cAIp,240,cAIp,58
beta,0.39737618747836356,0.06578425812460627,0.0017367630215606778,1480.7601159297114,1712.1573940903031,1.004047232478858,13.119513373525578,copath_syn_app_REGION-RF_rank58_region240_cAIp,240,cAIp,58
gamma,0.11803200742031254,0.05852745397934834,0.0013938584917022139,1677.8742587023432,1599.977652795992,1.0060433105061546,14.865941849276965,copath_syn_app_REGION-RF_rank58_region240_cAIp,240,cAIp,58
sigma,0.08680999544507483,0.01585418429031986,0.0003432982672337452,2289.430600015509,2328.54418848645,1.0004401725652325,20.284322255535354,copath_syn_app_REGION-RF_rank58_region240_cAIp,240,cAIp,58
u0,0.017167011134610617,0.006596667678802282,0.00013293719731460963,2216.5387524529115,1660.478080505351,1.0004131750297023,19.638501532360312,copath_syn_app_REGION-RF_rank58_region240_cAIp,240,cAIp,58
alpha,2.179248582456157,0.6782976685452331,0.019269967352743937,1301.4195951896195,659.996279842612,1.0023670728839111,10.781998750566427,copath_syn_app_REGION-RF_rank95_region241_cAIv,241,cAIv,95
beta,0.28465634930925665,0.08165446914174021,0.0032690033282234067,1342.6599414833565,817.6498638965348,1.0042731950637924,11.123666698287172,copath_syn_app_REGION-RF_rank95_region241_cAIv,241,cAIv,95
gamma,0.16444654515918494,0.07262459332177876,0.00162764055195278,1852.4967087385303,1006.7491313323542,1.0005989209271169,15.347561442039803,copath_syn_app_REGION-RF_rank95_region241_cAIv,241,cAIv,95
sigma,0.06416973121002409,0.013423847420258168,0.00036552179141112153,1475.984632835542,1637.7867963769143,1.0023896263777083,12.228234864382344,copath_syn_app_REGION-RF_rank95_region241_cAIv,241,cAIv,95
u0,0.018045882357307814,0.006505827434805219,0.00013712953909437179,2082.1379577201574,1669.7216626652742,1.0001051272270347,17.250092853700053,copath_syn_app_REGION-RF_rank95_region241_cAIv,241,cAIv,95
alpha,1.842395766429915,0.6767380323470359,0.025857406915844105,751.3059299006087,310.2068724576413,1.0035856362885067,7.803748947292741,copath_syn_app_REGION-RF_rank34_region242_cRSPagl,242,cRSPagl,34
beta,0.5363817361441121,0.24521109450037118,0.013645995871710174,790.8706493478885,408.45111797656216,1.003216055569033,8.214704225893414,copath_syn_app_REGION-RF_rank34_region242_cRSPagl,242,cRSPagl,34
gamma,0.14005529400458844,0.07297340139971098,0.0017171314189965985,1536.4806259083562,948.8352409895188,1.0006702689689222,15.959289804293494,copath_syn_app_REGION-RF_rank34_region242_cRSPagl,242,cRSPagl,34
sigma,0.27015274503799197,0.05222469855025407,0.0016753711536667505,1086.1564621701314,1545.9955450769198,1.0017545258778071,11.281812123294015,copath_syn_app_REGION-RF_rank34_region242_cRSPagl,242,cRSPagl,34
u0,0.012771690436911919,0.006497837031860659,0.0001633210593795053,1239.8367317646062,960.5141253384761,1.0023748382058226,12.878075635051738,copath_syn_app_REGION-RF_rank34_region242_cRSPagl,242,cRSPagl,34
alpha,1.7433490366205464,0.6700323099464313,0.022497910332899686,878.2390979448818,534.3382965047147,1.0036594567331536,9.221616577011895,copath_syn_app_REGION-RF_rank38_region243_cRSPd,243,cRSPd,38
beta,0.5038464447205139,0.2552465636524572,0.013241567510612208,843.0617066195701,402.95501979137356,1.002971469445315,8.852249720377271,copath_syn_app_REGION-RF_rank38_region243_cRSPd,243,cRSPd,38
gamma,0.11958361698745551,0.07012586015423546,0.002088246023567646,940.4325409951961,729.688889430222,1.0062327696321487,9.874655238984808,copath_syn_app_REGION-RF_rank38_region243_cRSPd,243,cRSPd,38
sigma,0.2821605824968038,0.05632678739204447,0.0019940765798141698,879.7437191145358,1091.2716811133207,1.0041311629736382,9.237415280978357,copath_syn_app_REGION-RF_rank38_region243_cRSPd,243,cRSPd,38
u0,0.012426585346618836,0.006508685084747258,0.0001647724159318646,1242.658299729734,990.7286659879776,1.0045703561560453,13.048062199877506,copath_syn_app_REGION-RF_rank38_region243_cRSPd,243,cRSPd,38
alpha,1.6909639127368599,0.5255374947361682,0.012511311052274397,1654.7304698823996,1325.9914130679053,1.0021292686518366,18.28027474461334,copath_syn_app_REGION-RF_rank20_region244_cRSPv,244,cRSPv,20
beta,0.6688897629749654,0.17410750772365433,0.0051652215334890075,1468.554232690921,1149.4230607406694,1.0031474681718506,16.223533282047296,copath_syn_app_REGION-RF_rank20_region244_cRSPv,244,cRSPv,20
gamma,0.1231571132842846,0.06752100741435103,0.001662914933842436,1390.0768530238536,736.4835472443458,1.0031809721777505,15.35657150932229,copath_syn_app_REGION-RF_rank20_region244_cRSPv,244,cRSPv,20
sigma,0.3284339233060037,0.05671851723523815,0.001174139440803625,2457.744253519884,2096.1072589812284,1.0010358333333451,27.15139475828418,copath_syn_app_REGION-RF_rank20_region244_cRSPv,244,cRSPv,20
u0,0.011282295996892427,0.006206987501696528,0.00012643148212119373,1978.5843879711956,1275.2575948714966,1.001248140882129,21.857980423897434,copath_syn_app_REGION-RF_rank20_region244_cRSPv,244,cRSPv,20
alpha,2.055826299362523,0.8834154591851021,0.04507912705751431,464.0914894631101,438.21994063502905,1.0050630946635748,4.192145697693059,copath_syn_app_REGION-RF_rank69_region245_cVISa,245,cVISa,69
beta,0.4077750949101743,0.2824753190227283,0.013667876108978419,527.4587571891067,300.6368907121653,1.0094407638308331,4.764543220171688,copath_syn_app_REGION-RF_rank69_region245_cVISa,245,cVISa,69
gamma,0.16941363263887757,0.08787620022789185,0.00397474513058567,462.0391165793755,489.3869668352185,1.0037651265442247,4.173606581268918,copath_syn_app_REGION-RF_rank69_region245_cVISa,245,cVISa,69
sigma,0.1509942620404694,0.03735648473480848,0.0018266650667552009,457.44910240867506,926.911918855382,1.0027744741494558,4.132144911328983,copath_syn_app_REGION-RF_rank69_region245_cVISa,245,cVISa,69
u0,0.014915883754919918,0.006789177635777346,0.0001606763310054277,1531.1815988587643,734.2819941378933,1.0008785380932324,13.831187379601323,copath_syn_app_REGION-RF_rank69_region245_cVISa,245,cVISa,69
alpha,0.5949373970720019,0.5208447368399269,0.017739628499089468,691.213227349374,1087.7840983015467,1.0074853433255697,6.197554266559437,copath_syn_app_REGION-RF_rank169_region246_cVISrl,246,cVISrl,169
beta,-0.007010049246866791,0.7900154696522687,0.02978678349051269,668.0199904241457,929.0332598515132,1.0041915808981925,5.9895991251156255,copath_syn_app_REGION-RF_rank169_region246_cVISrl,246,cVISrl,169
gamma,0.07746141670101142,0.05894038718809291,0.001712488140146179,794.4700024690803,642.0879591884458,1.0060971276305977,7.123374898853047,copath_syn_app_REGION-RF_rank169_region246_cVISrl,246,cVISrl,169
sigma,0.10906720383082577,0.01981062464767161,0.0007352215092847167,720.35619159998,988.895620778484,1.0037367483480581,6.458855837890971,copath_syn_app_REGION-RF_rank169_region246_cVISrl,246,cVISrl,169
u0,0.010178975915369584,0.006576859043689722,0.00023660623842402064,626.9791280251847,599.7528028485583,1.0035081567750603,5.621618649916477,copath_syn_app_REGION-RF_rank169_region246_cVISrl,246,cVISrl,169
alpha,2.24619437946588,0.6807512416482158,0.025542009975261903,909.2155329014247,382.29743840337176,1.0032833041282376,8.931828998491328,copath_syn_app_REGION-RF_rank67_region247_cTEa,247,cTEa,67
beta,0.3793272751359275,0.17428779111221704,0.011321128532230907,1024.6121419167687,633.0617536338348,1.0048274319301156,10.065446651768443,copath_syn_app_REGION-RF_rank67_region247_cTEa,247,cTEa,67
gamma,0.16854135096060371,0.07283606619321918,0.0020636805825188695,1229.5586542152168,542.2259366023754,1.0042363332261637,12.078772574440952,copath_syn_app_REGION-RF_rank67_region247_cTEa,247,cTEa,67
sigma,0.1282461229722283,0.028621025234875107,0.001133330604042708,1032.821703997322,440.3874931800996,1.0050814108561084,10.14609464116432,copath_syn_app_REGION-RF_rank67_region247_cTEa,247,cTEa,67
u0,0.01564628563734404,0.0066513672026621215,0.0001322467460976201,2149.4756088902377,1318.7196561480093,1.0020597868098229,21.115728757701632,copath_syn_app_REGION-RF_rank67_region247_cTEa,247,cTEa,67
alpha,1.9147069050946142,0.41129480078230213,0.01105774052157681,1423.8164906601091,1945.7328687306165,1.0020156393580748,11.97863498868537,copath_syn_app_REGION-RF_rank13_region248_cPERI,248,cPERI,13
beta,0.8679512852368053,0.11966300806107122,0.003211810801062596,1356.2936387858213,1607.9624069505328,1.0004624604727583,11.410562065452002,copath_syn_app_REGION-RF_rank13_region248_cPERI,248,cPERI,13
gamma,0.08380764550129353,0.03861699577782962,0.001008115951840312,1361.049400629318,1119.1622797465718,1.0017651329774828,11.450572513139647,copath_syn_app_REGION-RF_rank13_region248_cPERI,248,cPERI,13
sigma,0.16934766505630547,0.03149626876816342,0.0006571683502824126,2347.2626298877562,2165.6961938069676,1.0012600550616253,19.747630716772722,copath_syn_app_REGION-RF_rank13_region248_cPERI,248,cPERI,13
u0,0.01197219064983577,0.006324229654035239,0.0001308633597872393,1920.8724664536498,1407.2708565356634,1.0017699141854697,16.16039025141255,copath_syn_app_REGION-RF_rank13_region248_cPERI,248,cPERI,13
alpha,2.1384154250566016,0.51907757525456,0.012403639573195251,1715.8114141574656,1712.6305629473482,1.0000171710222954,17.082438937083378,copath_syn_app_REGION-RF_rank35_region249_cECT,249,cECT,35
beta,0.5247902023001204,0.08103952451299924,0.002130313152302275,1461.0709531220416,1716.834326873779,1.0013202932831837,14.54626955708254,copath_syn_app_REGION-RF_rank35_region249_cECT,249,cECT,35
gamma,0.12238755076411327,0.053453121128108766,0.001411928708338255,1411.4227207966323,1305.7061823035945,1.0016094754776501,14.051976950077481,copath_syn_app_REGION-RF_rank35_region249_cECT,249,cECT,35
sigma,0.12142561904889226,0.021693742438788157,0.0004694299920436004,2319.1045952761333,1888.1117707139892,1.0010123462508769,23.088762733850377,copath_syn_app_REGION-RF_rank35_region249_cECT,249,cECT,35
u0,0.014657607261697507,0.0065695656402327465,0.0001364720514157262,1978.619995587367,1303.6642744492392,1.0019409488210778,19.69893367967272,copath_syn_app_REGION-RF_rank35_region249_cECT,249,cECT,35
alpha,0.820065403592876,0.6124553268698939,0.010900790094168606,2189.257929425979,994.0107135161617,1.0020363153702299,31.382711144294422,copath_syn_app_REGION-RF_rank1_region250_cMOB,250,cMOB,394
beta,-0.03702066122214453,1.0095961952166599,0.019122487276007183,2807.359055980462,2244.3615454387277,1.0010991652763255,40.243105733664876,copath_syn_app_REGION-RF_rank1_region250_cMOB,250,cMOB,394
gamma,0.0811311235463055,0.06158440061101639,0.0011268378282816769,1935.8636514996679,955.105473125811,0.9999910477168098,27.750339040992944,copath_syn_app_REGION-RF_rank1_region250_cMOB,250,cMOB,394
sigma,1.6918151831578891,2.315196053492288,0.046982958233825076,2690.7539127873642,2223.9343098319764,1.0007631773602659,38.57158705257116,copath_syn_app_REGION-RF_rank1_region250_cMOB,250,cMOB,394
u0,0.007934691078855818,0.005902156521983632,0.00011336962472537486,1962.7724968830903,1343.7812291545981,1.0003362829223166,28.136073636512187,copath_syn_app_REGION-RF_rank1_region250_cMOB,250,cMOB,394
alpha,2.45518485009592,0.4735425413381762,0.012707225265685844,1383.5825286052213,1631.7462167383271,1.0025436426455332,11.877978147929065,copath_syn_app_REGION-RF_rank56_region251_cAON,251,cAON,56
beta,0.4329961325568318,0.05169238075782221,0.0012737357792560514,1689.849044543489,1747.0175418243277,1.0037163772450028,14.50725895232342,copath_syn_app_REGION-RF_rank56_region251_cAON,251,cAON,56
gamma,0.22484946135298575,0.05169451643449023,0.0012597201403575615,1719.058126595036,1714.9854855254985,1.0014132977673142,14.758017278015124,copath_syn_app_REGION-RF_rank56_region251_cAON,251,cAON,56
sigma,0.05498289467351155,0.009925272812140062,0.00020052631710107058,2376.5227174273246,1514.6005742831044,1.001300291051525,20.402313791946675,copath_syn_app_REGION-RF_rank56_region251_cAON,251,cAON,56
u0,0.014134831742292221,0.0060389667339244505,0.00012639668261108148,1959.1130144768754,1232.9607683846652,1.0016516357326002,16.81887498155847,copath_syn_app_REGION-RF_rank56_region251_cAON,251,cAON,56
alpha,2.4307634743721773,0.5082667084863318,0.011338626260407795,1942.5890191833623,2092.3562503208664,1.0009449429693924,19.703112991625797,copath_syn_app_REGION-RF_rank62_region252_cTT,252,cTT,62
beta,0.4002619608945321,0.06106126089175808,0.0014008612401492397,1897.0490205043932,1997.3709086990511,1.0016100097669807,19.24121408725156,copath_syn_app_REGION-RF_rank62_region252_cTT,252,cTT,62
gamma,0.20291792926980462,0.061284738129305835,0.0014150222873336707,1889.9217254057673,1737.4260088449093,1.0025808743385471,19.16892401494799,copath_syn_app_REGION-RF_rank62_region252_cTT,252,cTT,62
sigma,0.08228999213770186,0.015600736382853713,0.0003261589028808554,2585.801420910288,1849.8574921359827,1.0001979363544407,26.227028500099276,copath_syn_app_REGION-RF_rank62_region252_cTT,252,cTT,62
u0,0.015518442793881067,0.006250065178802133,0.00012792503465996894,2214.986513338887,1679.231937453666,1.0003646883873865,22.465961207579515,copath_syn_app_REGION-RF_rank62_region252_cTT,252,cTT,62
alpha,2.014486301509643,0.9289574199824622,0.04478823798641654,443.09502041477384,389.3765709055097,1.009494720101606,3.7017437105971966,copath_syn_app_REGION-RF_rank87_region253_cDP,253,cDP,87
beta,0.322452997480674,0.24303630564691148,0.01785829203934742,460.0461874426056,280.8393274854558,1.0040571769967834,3.843358653310434,copath_syn_app_REGION-RF_rank87_region253_cDP,253,cDP,87
gamma,0.15449693104381645,0.08646553863187162,0.0036407589243253016,501.3660934818948,369.87755498743303,1.00888175330218,4.188557076348965,copath_syn_app_REGION-RF_rank87_region253_cDP,253,cDP,87
sigma,0.10525736707602658,0.025548912637353628,0.0013727431832998526,436.2994911196591,367.6042630769739,1.0112166632227686,3.644971897172567,copath_syn_app_REGION-RF_rank87_region253_cDP,253,cDP,87
u0,0.017366130832796898,0.007025979174487782,0.00017880324682494625,1325.580172574179,865.8213669986525,1.0006563088970606,11.07427942233585,copath_syn_app_REGION-RF_rank87_region253_cDP,253,cDP,87
alpha,2.281543598110413,0.49284097557888434,0.012710341979867782,1489.1858955806738,1815.7635258950581,1.0020647090220312,12.706255881610856,copath_syn_app_REGION-RF_rank39_region254_cPIR,254,cPIR,39
beta,0.4897362287490956,0.06242435418995134,0.0015099377613865584,1712.342345446071,1655.281255717114,1.0020419631780915,14.610304907347814,copath_syn_app_REGION-RF_rank39_region254_cPIR,254,cPIR,39
gamma,0.12636585309991338,0.04449346280139085,0.0010666528024107205,1733.4477443575906,1800.072510467606,1.002370173648942,14.790383566331267,copath_syn_app_REGION-RF_rank39_region254_cPIR,254,cPIR,39
sigma,0.07495376015668487,0.013517335769003823,0.0002814462841343057,2467.6305791201657,2142.2725383100264,0.9995338476414689,21.05468877501187,copath_syn_app_REGION-RF_rank39_region254_cPIR,254,cPIR,39
u0,0.01583497620928681,0.006425965303687067,0.00013008392540117504,2186.012739806874,1674.858039168362,1.0012556264461134,18.651826689250722,copath_syn_app_REGION-RF_rank39_region254_cPIR,254,cPIR,39
alpha,2.2652128445678885,0.5109172422279691,0.011360566982689268,1987.8966856149004,1803.425767600966,1.0075198091851647,19.495299364652638,copath_syn_app_REGION-RF_rank53_region255_cCOAp,255,cCOAp,53
beta,0.42002253303336773,0.06570397330794092,0.0016243713622970913,1618.2233832881882,1545.6573185468342,1.001576671723931,15.86991392680241,copath_syn_app_REGION-RF_rank53_region255_cCOAp,255,cCOAp,53
gamma,0.17231068760560347,0.06160037314553123,0.0015915550294701162,1473.5676389924186,1236.7008317538152,1.0009963944590354,14.451275292174197,copath_syn_app_REGION-RF_rank53_region255_cCOAp,255,cCOAp,53
sigma,0.08652966734026958,0.01605737078408008,0.00035355648575831214,2325.660910266452,1871.5392110967566,1.000625818855991,22.807752532818647,copath_syn_app_REGION-RF_rank53_region255_cCOAp,255,cCOAp,53
u0,0.014620134489112091,0.0062384568036164285,0.00011904053205064663,2453.9838828651405,1629.5786291153368,1.000667524564318,24.066215703604467,copath_syn_app_REGION-RF_rank53_region255_cCOAp,255,cCOAp,53
alpha,1.9241508384019603,0.6291258533293936,0.0187871304303492,1119.7640642586193,518.2222812647186,1.0042085535712029,10.53360235041597,copath_syn_app_REGION-RF_rank66_region256_cPAA,256,cPAA,66
beta,0.384250463437393,0.09913156298798226,0.0039978319404410535,1099.1690763240645,502.8699500998158,1.004713622351664,10.339865633692659,copath_syn_app_REGION-RF_rank66_region256_cPAA,256,cPAA,66
gamma,0.13337313765626385,0.0716084081993887,0.0018564329344689184,1362.1050208228548,1136.03795519613,1.0037540949600987,12.81329978949856,copath_syn_app_REGION-RF_rank66_region256_cPAA,256,cPAA,66
sigma,0.11966128155070496,0.022360703164797588,0.0005464838822388551,1787.6248817033993,2455.4040108494505,1.0013122741728393,16.8161582038625,copath_syn_app_REGION-RF_rank66_region256_cPAA,256,cPAA,66
u0,0.013992884936387758,0.0065061329443208615,0.00013846975910093292,1840.4937691584023,1036.33650076967,1.001106819823496,17.313494968753783,copath_syn_app_REGION-RF_rank66_region256_cPAA,256,cPAA,66
alpha,1.9809972557455722,0.4268948261839489,0.010351345994239978,1680.7789088982606,1960.507214020472,1.0009237072628954,15.181816537785753,copath_syn_app_REGION-RF_rank16_region257_cTR,257,cTR,16
beta,0.7558897524337215,0.10882658498666148,0.002777725475344025,1517.1238119090922,1853.9119445245574,1.0024035864849414,13.703584246311014,copath_syn_app_REGION-RF_rank16_region257_cTR,257,cTR,16
gamma,0.09854124742651195,0.04339451569128246,0.0011238740762858116,1449.14762346913,1303.8449116696945,1.001266113493727,13.089582002250294,copath_syn_app_REGION-RF_rank16_region257_cTR,257,cTR,16
sigma,0.1552450982796255,0.027398411798386986,0.0005597715420823082,2468.9782539944867,2416.244256794216,1.0025615950832087,22.30131202235107,copath_syn_app_REGION-RF_rank16_region257_cTR,257,cTR,16
u0,0.012663987798316675,0.006476481252660376,0.00013415436780633906,2012.3708574157329,1448.4595353770583,1.0017585673829619,18.176956529814227,copath_syn_app_REGION-RF_rank16_region257_cTR,257,cTR,16
alpha,1.1197991331934496,0.267795606070113,0.008656300927994149,1010.9343554538923,1450.636289079594,1.004040846890469,7.009716857375882,copath_syn_app_REGION-RF_rank5_region258_cCA1,258,cCA1,5
beta,1.7517913483782732,0.24988678470120052,0.008038726870416856,957.2488762902768,1159.7833929960243,1.006362395890984,6.637467159599476,copath_syn_app_REGION-RF_rank5_region258_cCA1,258,cCA1,5
gamma,0.14539172661663094,0.045135394280254315,0.0014157470599572815,1013.5909793876394,991.3490666792269,1.0050466425499347,7.028137619784075,copath_syn_app_REGION-RF_rank5_region258_cCA1,258,cCA1,5
sigma,0.2828394191357895,0.05175203084064903,0.0013734515739420028,1435.9764169559005,1136.1515624814704,1.0043531406270345,9.956915641877288,copath_syn_app_REGION-RF_rank5_region258_cCA1,258,cCA1,5
u0,0.009281425800958693,0.005996363622128036,0.00012602911558250808,1801.4117089153926,1434.370963429009,1.0006047977090353,12.49080709833928,copath_syn_app_REGION-RF_rank5_region258_cCA1,258,cCA1,5
alpha,1.5880963640292654,0.43073810080039415,0.01472109524048823,798.1917280866189,1254.4910902623296,1.0043864854176798,6.191276338302377,copath_syn_app_REGION-RF_rank6_region259_cCA2,259,cCA2,6
beta,1.5564601955331623,0.1897139134608928,0.010339552481685792,394.7494327613737,161.94651883815473,1.016424192546332,3.0619245184016206,copath_syn_app_REGION-RF_rank6_region259_cCA2,259,cCA2,6
gamma,0.12885494117278595,0.03716227010340337,0.0018166888783131823,480.8441402158456,269.1583189992402,1.0129760015274583,3.729729140223124,copath_syn_app_REGION-RF_rank6_region259_cCA2,259,cCA2,6
sigma,0.22871657336243356,0.04021105461879612,0.0013255107310129154,714.9361946813872,756.8743235547252,1.0038193252155134,5.545494133517842,copath_syn_app_REGION-RF_rank6_region259_cCA2,259,cCA2,6
u0,0.009991013753206494,0.006160234471621247,0.0001571242957627262,1144.5860190484325,797.4893560853,1.0015449909942535,8.878128008008195,copath_syn_app_REGION-RF_rank6_region259_cCA2,259,cCA2,6
alpha,1.5573629422407627,0.4173482113381719,0.01344635119950356,883.2479861314264,1021.4893422083304,1.0046634068275286,8.469721681687584,copath_syn_app_REGION-RF_rank2_region260_cCA3,260,cCA3,2
beta,2.404191452438333,0.17542057254348875,0.005091547515539666,1211.994483714834,1434.5191962180959,1.004387333654624,11.622167407102154,copath_syn_app_REGION-RF_rank2_region260_cCA3,260,cCA3,2
gamma,0.14037450824079542,0.020485119425495663,0.0006261667220977016,1126.5294940515062,942.5875139082978,1.0062351056443866,10.802618778242918,copath_syn_app_REGION-RF_rank2_region260_cCA3,260,cCA3,2
sigma,0.25748703800441336,0.04369986553298913,0.0010961717032129462,1707.5722333096255,1755.1378735303394,1.0020691999150635,16.37440650259031,copath_syn_app_REGION-RF_rank2_region260_cCA3,260,cCA3,2
u0,0.008848676261962356,0.006080800858341565,0.000148266394318019,1239.6266602538979,791.2311587864582,1.0012964478005015,11.887140380060966,copath_syn_app_REGION-RF_rank2_region260_cCA3,260,cCA3,2
alpha,1.0596227893762524,0.2959146481422421,0.011723979646786425,623.2765852792865,1132.4619444851946,1.0088432763093294,3.729760726707038,copath_syn_app_REGION-RF_rank1_region261_cDG,261,cDG,1
beta,2.5304067233266196,0.23720011842400743,0.013796880779622551,303.4355228956115,723.8119671241344,1.0149147797178872,1.8157940200444709,copath_syn_app_REGION-RF_rank1_region261_cDG,261,cDG,1
gamma,0.06104650407589672,0.022601691983959032,0.0012548363690391081,326.81604387802554,382.73644544219604,1.0133597036572808,1.9557058200218151,copath_syn_app_REGION-RF_rank1_region261_cDG,261,cDG,1
sigma,0.24323132815593584,0.04630528791805808,0.002566267837373112,223.0333432300002,47.75250032870151,1.019140562248053,1.334657877373452,copath_syn_app_REGION-RF_rank1_region261_cDG,261,cDG,1
u0,0.008509595424194773,0.006062532194698503,0.00023626184193014364,369.02936646131184,158.76230169717687,1.010525599592576,2.208315329882363,copath_syn_app_REGION-RF_rank1_region261_cDG,261,cDG,1
alpha,1.9843701759991332,0.5133880529100684,0.011295240075439599,2017.2817383118256,2137.0522186515236,1.0006169948234804,21.594375095665946,copath_syn_app_REGION-RF_rank21_region262_cFC,262,cFC,21
beta,0.7330448239054292,0.1422593978435133,0.003423600644431229,1750.0467178521696,1698.5140552591024,1.0027037835768093,18.733707118106658,copath_syn_app_REGION-RF_rank21_region262_cFC,262,cFC,21
gamma,0.1193029254890582,0.05657849982501782,0.0013448902500613155,1647.1026655566948,1317.0826298377258,1.0032295207545394,17.631722979293862,copath_syn_app_REGION-RF_rank21_region262_cFC,262,cFC,21
sigma,0.2851346186691584,0.050209880604330945,0.0010233817597960998,2568.5590452366114,2232.2541266891058,1.002542912169516,27.4956276184914,copath_syn_app_REGION-RF_rank21_region262_cFC,262,cFC,21
u0,0.01224944673497554,0.006366255675682902,0.00011832996891602404,2262.1903224708717,1284.4178443286712,1.0006464014327054,24.216045499971866,copath_syn_app_REGION-RF_rank21_region262_cFC,262,cFC,21
alpha,1.155868180835766,0.7319721472127587,0.02458168718009978,744.6766141168941,646.2457415472414,1.001378009292898,5.85120189611684,copath_syn_app_REGION-RF_rank43_region263_cIG,263,cIG,43
beta,0.4010487820573496,0.5715386446644992,0.020807102313953878,961.9956404394263,819.4174832449324,1.0012018984490978,7.5587585385241205,copath_syn_app_REGION-RF_rank43_region263_cIG,263,cIG,43
gamma,0.09363834127648349,0.06749199753963592,0.0021355704470792866,760.4453703525367,721.2898885882128,1.0035095315491296,5.975102895069001,copath_syn_app_REGION-RF_rank43_region263_cIG,263,cIG,43
sigma,0.3441659137478675,0.06004297653614232,0.001977070520877668,861.2453230598715,1218.9558894629479,1.0035324252753162,6.767125718437887,copath_syn_app_REGION-RF_rank43_region263_cIG,263,cIG,43
u0,0.01084711847633046,0.006301796063871169,0.00016305864723864587,1172.0238439439788,1048.1503750738857,1.0003692425395176,9.209028466822076,copath_syn_app_REGION-RF_rank43_region263_cIG,263,cIG,43
alpha,1.6353583564508054,0.3602880573131136,0.010838464058390094,1118.0228953186681,1494.9903624532783,1.006170410591357,7.84797764508401,copath_syn_app_REGION-RF_rank8_region264_cENTl,264,cENTl,8
beta,1.2246552392129466,0.15064301168673963,0.004276261986631428,1228.2690133501237,1861.9403347457528,1.0022645630580702,8.62185184157043,copath_syn_app_REGION-RF_rank8_region264_cENTl,264,cENTl,8
gamma,0.10732722430832407,0.03514885221991884,0.0009921394745823998,1238.5302465499626,1373.7499650966383,1.0036472786716155,8.693880714235313,copath_syn_app_REGION-RF_rank8_region264_cENTl,264,cENTl,8
sigma,0.18331884154666625,0.03254211863060358,0.0007429097458664622,1916.8299230437285,1295.464079197875,1.0008418020549315,13.455214958891817,copath_syn_app_REGION-RF_rank8_region264_cENTl,264,cENTl,8
u0,0.010058620920817425,0.006317667467164391,0.0001542680670318773,1252.4881581711588,1018.2424120532152,1.0055225423051193,8.79185847375515,copath_syn_app_REGION-RF_rank8_region264_cENTl,264,cENTl,8
alpha,1.5591702218064207,0.3940308094251052,0.013408942025396836,902.2174923576403,784.3757959214479,1.003895546051975,7.52989945048023,copath_syn_app_REGION-RF_rank9_region265_cENTm,265,cENTm,9
beta,1.2329271198975844,0.2023251181800456,0.00688483528752517,883.6431550386143,1028.0737921805146,1.0049162919315537,7.374878190577495,copath_syn_app_REGION-RF_rank9_region265_cENTm,265,cENTm,9
gamma,0.13864184935706636,0.050960347327396786,0.0016799685473052844,920.2264752757802,1147.1289833802277,1.0047876313726638,7.680202267403731,copath_syn_app_REGION-RF_rank9_region265_cENTm,265,cENTm,9
sigma,0.2532534699450964,0.046638204716666,0.0019412511666411646,434.38337048607303,153.45780856726824,1.0091477179248212,3.6253598832068055,copath_syn_app_REGION-RF_rank9_region265_cENTm,265,cENTm,9
u0,0.009848005539474874,0.006383364273989692,0.00024178538437666188,406.36999844689836,258.69428144490087,1.016142185468285,3.3915605205135986,copath_syn_app_REGION-RF_rank9_region265_cENTm,265,cENTm,9
alpha,1.934011912252053,0.45350869626982165,0.011075165087809471,1714.3817176510731,1661.1547496954086,1.0017638192432736,16.622534494755207,copath_syn_app_REGION-RF_rank19_region266_cPAR,266,cPAR,19
beta,0.76768742621951,0.1318543057420315,0.0032444507664234393,1645.9039354430765,1899.3178925143634,1.001860758764485,15.958578337758654,copath_syn_app_REGION-RF_rank19_region266_cPAR,266,cPAR,19
gamma,0.16456719235837386,0.05739792962903523,0.0013224152675698592,1843.3567775330957,1429.2761862312097,1.0016612946080483,17.87306835181795,copath_syn_app_REGION-RF_rank19_region266_cPAR,266,cPAR,19
sigma,0.19693140825007519,0.035404377022299885,0.0007831187855923484,2048.4956776502086,2293.787068339638,1.0008377580730923,19.862081888479374,copath_syn_app_REGION-RF_rank19_region266_cPAR,266,cPAR,19
u0,0.011736954011707459,0.006293404357337399,0.00015086382678572457,1387.491605954147,970.7012083071744,1.0013068241031609,13.453029067969933,copath_syn_app_REGION-RF_rank19_region266_cPAR,266,cPAR,19
alpha,1.790743936575208,0.43274573089784113,0.01089037841188581,1563.355111790692,1787.3736864889665,1.0019974574783446,14.612161059825144,copath_syn_app_REGION-RF_rank14_region267_cPOST,267,cPOST,14
beta,0.7792396222465655,0.1270081582217942,0.0030227716586162857,1712.3591811834701,1875.8405047941988,1.0006964628545645,16.00485261410852,copath_syn_app_REGION-RF_rank14_region267_cPOST,267,cPOST,14
gamma,0.12292861375541148,0.05355058162343308,0.0012637169127471687,1658.235437911783,1339.650157151967,1.0008635028976025,15.498975959545595,copath_syn_app_REGION-RF_rank14_region267_cPOST,267,cPOST,14
sigma,0.20054863732764136,0.035887535882163306,0.0007801027378744943,2096.9570662708365,1832.1977293814782,1.0021856683362518,19.599561326019597,copath_syn_app_REGION-RF_rank14_region267_cPOST,267,cPOST,14
u0,0.011581235224090486,0.006216235003805684,0.00013861540172762778,1713.5325197664943,1325.3674436776398,1.0033739969433602,16.015819420193424,copath_syn_app_REGION-RF_rank14_region267_cPOST,267,cPOST,14
alpha,1.9402286878030837,0.44138641658148237,0.011221483337868399,1536.7951708971198,1847.9432085818107,1.000257086783135,14.257042924309037,copath_syn_app_REGION-RF_rank15_region268_cPRE,268,cPRE,15
beta,0.8009399365156601,0.1260603292771384,0.0032167383511337504,1529.956788684024,1708.9551521535573,1.003332786274073,14.193602388711817,copath_syn_app_REGION-RF_rank15_region268_cPRE,268,cPRE,15
gamma,0.12518162924242626,0.04995672576709199,0.0012166062455540275,1668.7098964139318,1635.502363965256,1.0039516533338373,15.480832496047311,copath_syn_app_REGION-RF_rank15_region268_cPRE,268,cPRE,15
sigma,0.1923298164695319,0.03333259198791736,0.0007095631893323746,2267.1264720740346,1724.2060751027198,1.0022509764361829,21.032418658843277,copath_syn_app_REGION-RF_rank15_region268_cPRE,268,cPRE,15
u0,0.012271023013473136,0.006290419104857952,0.0001286231547441664,1992.8630267562646,1284.6015242276594,1.0011127378505251,18.48804203239818,copath_syn_app_REGION-RF_rank15_region268_cPRE,268,cPRE,15
alpha,1.8579771697232212,0.5011704881711067,0.014067628957349018,1155.8840616728025,1163.6666279947374,1.0004325318363958,11.043865183233832,copath_syn_app_REGION-RF_rank11_region269_cSUB,269,cSUB,11
beta,1.1816896738130953,0.19497235062614937,0.0061570530190018825,1161.1290240565625,705.2441632093198,1.0022474337619875,11.093978044357247,copath_syn_app_REGION-RF_rank11_region269_cSUB,269,cSUB,11
gamma,0.11890685196157995,0.048129486102381845,0.001443640974196066,1166.1055693456706,1086.7931127182896,1.001027866381684,11.141526321103644,copath_syn_app_REGION-RF_rank11_region269_cSUB,269,cSUB,11
sigma,0.33967479846584053,0.058370972853794986,0.0013346766523367123,1842.882927977855,1643.556669597095,1.0024083465540308,17.607778565279563,copath_syn_app_REGION-RF_rank11_region269_cSUB,269,cSUB,11
u0,0.010598902429176247,0.006435473987242508,0.00014106822159005595,1483.711156077182,695.353743433053,1.0021877004882274,14.176080908030364,copath_syn_app_REGION-RF_rank11_region269_cSUB,269,cSUB,11
alpha,1.4513614467597213,0.35768839658213786,0.011490764161516476,1038.2208786517265,1410.839696970321,1.0037552755901673,8.701584714716853,copath_syn_app_REGION-RF_rank7_region270_cProS,270,cProS,7
beta,1.1964398239213305,0.19614212783689772,0.00556462534567804,1241.2656839345177,1175.6218274084838,0.9998161942638357,10.403353201925322,copath_syn_app_REGION-RF_rank7_region270_cProS,270,cProS,7
gamma,0.11603214546481314,0.04952641767770828,0.001415218353785222,1154.4075093843094,813.4598900070672,1.0000317098862788,9.675373463167016,copath_syn_app_REGION-RF_rank7_region270_cProS,270,cProS,7
sigma,0.2735890779753771,0.04947618288004665,0.0011542314665460745,2003.0670436038913,1798.8642694178322,1.0015329654063463,16.78819789466359,copath_syn_app_REGION-RF_rank7_region270_cProS,270,cProS,7
u0,0.009839508472559481,0.006152488261209912,0.000136439183492197,1415.2040251448293,871.3763035055468,1.003226869971749,11.861173249952474,copath_syn_app_REGION-RF_rank7_region270_cProS,270,cProS,7
alpha,1.9906742002299551,0.46983433327208274,0.010745887688975662,1852.3948246879102,2325.1134289367747,1.0023223122267557,20.18958936989548,copath_syn_app_REGION-RF_rank23_region271_cHATA,271,cHATA,23
beta,0.7109442366639305,0.13587737160647817,0.0035993303781318145,1459.677705038172,1371.6648286510583,1.0041743968123202,15.909293787881984,copath_syn_app_REGION-RF_rank23_region271_cHATA,271,cHATA,23
gamma,0.17835378246719494,0.06328662234665797,0.001649426442275462,1425.2143535705502,1283.2096637957466,1.0037528360520815,15.533671428561854,copath_syn_app_REGION-RF_rank23_region271_cHATA,271,cHATA,23
sigma,0.22638189131754616,0.04012516575898484,0.0008538118500527889,2303.502625575346,1991.191874506663,1.0012329682794276,25.106295646597776,copath_syn_app_REGION-RF_rank23_region271_cHATA,271,cHATA,23
u0,0.011734093880490582,0.0063326052146702085,0.0001337506165683628,1773.4417243254816,1018.3446974005732,1.0003924891830238,19.329065115264104,copath_syn_app_REGION-RF_rank23_region271_cHATA,271,cHATA,23
alpha,1.6434320971852205,0.6121593804501945,0.021181947600510304,803.8582906592658,419.971001879104,1.0063536244692164,8.140749310438663,copath_syn_app_REGION-RF_rank30_region272_cAPr,272,cAPr,30
beta,0.5873510021608511,0.18566483857598043,0.007182573019295073,1016.4164009172675,408.27502636572075,1.0064470344121383,10.29334549513664,copath_syn_app_REGION-RF_rank30_region272_cAPr,272,cAPr,30
gamma,0.11137817085546543,0.06592475795411885,0.0014384802222709833,1803.3333120425598,1323.1500551121424,1.001155188807767,18.262527844878825,copath_syn_app_REGION-RF_rank30_region272_cAPr,272,cAPr,30
sigma,0.3039635088027103,0.05270427051274218,0.0013655360821470002,1774.035697995676,1496.6946510157647,1.0017723397591136,17.965828122899143,copath_syn_app_REGION-RF_rank30_region272_cAPr,272,cAPr,30
u0,0.01178864339787083,0.006456373745263234,0.00016222693751420756,1220.3695382508906,758.6029004635758,1.0028226962729707,12.358798301188825,copath_syn_app_REGION-RF_rank30_region272_cAPr,272,cAPr,30
alpha,2.2498174734822105,0.4974362023104521,0.01080209326394307,2103.8995674113185,2071.955895228229,1.0014264616955806,21.10505449468154,copath_syn_app_REGION-RF_rank37_region273_cCLA,273,cCLA,37
beta,0.5658122459971098,0.10699825820545662,0.00260228561798271,1684.1030584168752,2297.4622917397846,1.0022259455315365,16.89390851782956,copath_syn_app_REGION-RF_rank37_region273_cCLA,273,cCLA,37
gamma,0.1989712577331086,0.06500591973172475,0.0015250979012462554,1783.604333722424,1600.1427970096793,1.0019220676977656,17.892045439449717,copath_syn_app_REGION-RF_rank37_region273_cCLA,273,cCLA,37
sigma,0.1759560526471582,0.03220530394417791,0.0006682897539886872,2456.9090340534763,2386.704897592531,1.0019487251368318,24.646233049981205,copath_syn_app_REGION-RF_rank37_region273_cCLA,273,cCLA,37
u0,0.012903827073040892,0.0062692918042043175,0.00013388378785551334,1779.7968248260604,896.1448813596953,1.000908966768488,17.853850801268575,copath_syn_app_REGION-RF_rank37_region273_cCLA,273,cCLA,37
alpha,2.1684023804752512,0.45403167692432633,0.012117707466886953,1422.6014372639859,1639.3177006035605,1.0025840462347124,12.79962424659888,copath_syn_app_REGION-RF_rank26_region274_cEP,274,cEP,26
beta,0.5997475037778992,0.08758800928220076,0.0022244304709085503,1583.529882487563,1624.8342058647636,1.0018850661822472,14.247551667094607,copath_syn_app_REGION-RF_rank26_region274_cEP,274,cEP,26
gamma,0.14559184991278512,0.05014750077203174,0.001259594054874076,1579.7379107028787,1975.0267464655774,1.0025736582242368,14.213434019856031,copath_syn_app_REGION-RF_rank26_region274_cEP,274,cEP,26
sigma,0.12038185832930938,0.02125815605093015,0.00045855717782214666,2247.129472337765,2280.436431818315,1.0031832335544755,20.218180669561693,copath_syn_app_REGION-RF_rank26_region274_cEP,274,cEP,26
u0,0.013608535142783708,0.006478250990754148,0.00013543923394755304,1800.5391461386098,965.9946626985466,1.0012103165130857,16.200057098346377,copath_syn_app_REGION-RF_rank26_region274_cEP,274,cEP,26
alpha,2.1092019175995547,0.5843940095277111,0.015457657895825783,1499.8822153522374,757.5677952868155,1.0034332528797711,15.014888083772009,copath_syn_app_REGION-RF_rank63_region275_cLA,275,cLA,63
beta,0.38321416224275834,0.08294164882917333,0.003181400803870296,1168.3574715624966,867.1418872729562,1.0025546613854783,11.696089531423588,copath_syn_app_REGION-RF_rank63_region275_cLA,275,cLA,63
gamma,0.14845195871417569,0.06949636616500557,0.0018763067410895382,1208.1218645366346,991.1916727521972,1.0008525026436204,12.09415939591998,copath_syn_app_REGION-RF_rank63_region275_cLA,275,cLA,63
sigma,0.11070166206486476,0.020876901770625397,0.0005076809250494737,2189.5246366333618,1523.2775380947076,1.00025328622667,21.91869937466451,copath_syn_app_REGION-RF_rank63_region275_cLA,275,cLA,63
u0,0.014824768401041574,0.006436946726221611,0.0001368513711308664,1999.803367519539,1514.7145159697068,1.0016307821084567,20.019454491501296,copath_syn_app_REGION-RF_rank63_region275_cLA,275,cLA,63
alpha,2.056159113279915,0.49877481263004914,0.012817892362625068,1554.894681762817,1957.967326872125,1.0001440535805746,14.924792015538356,copath_syn_app_REGION-RF_rank29_region276_cBLA,276,cBLA,29
beta,0.5687688093382134,0.08713690107277086,0.0020170676507457468,1861.55226814429,1955.050513905867,1.0001719887225695,17.868271564610875,copath_syn_app_REGION-RF_rank29_region276_cBLA,276,cBLA,29
gamma,0.13820218716563626,0.05424608479223553,0.0012156987110702687,1933.150487690248,2150.6008778870078,0.9999196176983964,18.55551331026711,copath_syn_app_REGION-RF_rank29_region276_cBLA,276,cBLA,29
sigma,0.12844642000534007,0.022872936609649456,0.0004537876607050244,2794.8091103837373,2286.60821428874,1.0002858307327942,26.826218640300027,copath_syn_app_REGION-RF_rank29_region276_cBLA,276,cBLA,29
u0,0.013272524958515637,0.006573083018633448,0.000143458387905034,1715.6870600362759,1038.376670305671,1.0001456314051034,16.468171661479676,copath_syn_app_REGION-RF_rank29_region276_cBLA,276,cBLA,29
alpha,2.1652659973044064,0.5576711412052653,0.020432750409697085,947.1886422401192,560.9306457271977,1.0040791256761041,10.113162026501662,copath_syn_app_REGION-RF_rank48_region277_cBMA,277,cBMA,48
beta,0.43583853964095376,0.09075884914344493,0.005122024415525676,1025.6476393028997,553.4404646226039,1.0028478725956267,10.950871131475882,copath_syn_app_REGION-RF_rank48_region277_cBMA,277,cBMA,48
gamma,0.16307422295847074,0.06398599402178062,0.0015788642767637971,1547.7622579615763,1119.1501139215663,1.001110596344013,16.525504841623082,copath_syn_app_REGION-RF_rank48_region277_cBMA,277,cBMA,48
sigma,0.11737463431796408,0.023395576766156653,0.0007378907878973437,1611.1826195210444,1154.9527254453674,1.0026179149552708,17.202645976585746,copath_syn_app_REGION-RF_rank48_region277_cBMA,277,cBMA,48
u0,0.014368040623494156,0.006455590355758665,0.00012702255806364973,2321.2920186523243,1962.540822917452,1.0012982481530306,24.784505692483627,copath_syn_app_REGION-RF_rank48_region277_cBMA,277,cBMA,48
alpha,2.2501660770615404,0.4814630139755724,0.010720338513670848,2026.0596431784834,2307.564866087097,1.0018159231693897,20.599248070056564,copath_syn_app_REGION-RF_rank40_region278_cPA,278,cPA,40
beta,0.5272533483651709,0.08657602318874619,0.001989821992070014,1879.4505124194527,2095.760277483356,1.0004094390381963,19.108651352428453,copath_syn_app_REGION-RF_rank40_region278_cPA,278,cPA,40
gamma,0.19342562751932063,0.060903624255736574,0.0013609211430210219,1981.7916954226673,1796.5693370151428,1.0009950333589923,20.1491692974772,copath_syn_app_REGION-RF_rank40_region278_cPA,278,cPA,40
sigma,0.1304635451575785,0.024880590993902277,0.0005215603725559535,2449.2351174536157,2357.370317516429,1.0006740207361424,24.901735709602015,copath_syn_app_REGION-RF_rank40_region278_cPA,278,cPA,40
u0,0.013595295414934792,0.006392625396930663,0.0001227620756299435,2408.410589053259,1800.7447224814,1.0016238042034573,24.486666690931507,copath_syn_app_REGION-RF_rank40_region278_cPA,278,cPA,40
alpha,1.699200824087151,0.9391343617673168,0.03760124335813393,561.0389617769755,450.68160624000507,1.0050353083437458,2.881926091059332,copath_syn_app_REGION-RF_rank129_region279_cCP,279,cCP,129
beta,0.2992681185390249,0.23030917111027904,0.012494580797017879,732.2429437526421,339.83271427847365,1.003147232787922,3.761360954167931,copath_syn_app_REGION-RF_rank129_region279_cCP,279,cCP,129
gamma,0.14688492983514712,0.08660091276358862,0.0028353462016210435,833.8740841431911,737.5577581767033,1.0021097728266082,4.283416381883606,copath_syn_app_REGION-RF_rank129_region279_cCP,279,cCP,129
sigma,0.054815529617257754,0.012411883264031948,0.0004454299994559758,789.9770715013356,1184.367717406484,1.001827519224751,4.0579276820410195,copath_syn_app_REGION-RF_rank129_region279_cCP,279,cCP,129
u0,0.020864291410634558,0.006756836318662485,0.00016915132453336707,1519.6409625974766,1534.1465017749247,1.0009926449966717,7.806040645164898,copath_syn_app_REGION-RF_rank129_region279_cCP,279,cCP,129
alpha,2.194223481640871,0.4553511554905752,0.011304070787623705,1601.1834314202279,1925.365845783503,1.0035182460966372,14.535598890847778,copath_syn_app_REGION-RF_rank41_region280_cACB,280,cACB,41
beta,0.4839449836086368,0.06735270630951569,0.0016139299003263446,1758.0744184388282,1919.8929087025958,1.0026317788954828,15.959860728773993,copath_syn_app_REGION-RF_rank41_region280_cACB,280,cACB,41
gamma,0.21795117137145228,0.06042092544034228,0.001394779381030159,1852.3050592950717,2160.486237921629,1.0045947714697383,16.81528976447104,copath_syn_app_REGION-RF_rank41_region280_cACB,280,cACB,41
sigma,0.08241066045188733,0.015278002930087917,0.00032262140459943066,2210.5217078340597,1886.8573237744354,1.0024909697551878,20.06719296120102,copath_syn_app_REGION-RF_rank41_region280_cACB,280,cACB,41
u0,0.010481814842255771,0.005566768856274252,0.00011329448554813286,2094.499540392993,1741.9672033955842,1.0018706079662596,19.01393968910448,copath_syn_app_REGION-RF_rank41_region280_cACB,280,cACB,41
alpha,0.7891463490154054,0.6000873626221523,0.012584475192593536,1365.9238460583551,800.2869196346333,1.0027348705246046,20.11047902796418,copath_syn_app_REGION-RF_rank1_region281_cFS,281,cFS,395
beta,-0.0067097093351605585,0.9999131622770927,0.019413497471747154,2641.6345306205453,2415.2237006809833,1.0028379706604922,38.892750852027284,copath_syn_app_REGION-RF_rank1_region281_cFS,281,cFS,395
gamma,0.07902077818973702,0.05941920876411028,0.0010874742553664465,2118.330443091011,1352.2562477639356,1.0001733859332809,31.188151574491116,copath_syn_app_REGION-RF_rank1_region281_cFS,281,cFS,395
sigma,1.687339545453215,1.9841655385945212,0.043356057217975794,2573.8272533497775,2356.230182991659,1.003043277426442,37.89442519029133,copath_syn_app_REGION-RF_rank1_region281_cFS,281,cFS,395
u0,0.007973011898654646,0.006141766719076496,0.00011957120717079802,1656.2292773292975,983.0998495941922,1.0019983775478876,24.384642118480254,copath_syn_app_REGION-RF_rank1_region281_cFS,281,cFS,395
alpha,0.7341090564352147,0.5946786882473413,0.04013106349551127,249.414018743707,231.54569426996736,1.0116963028803572,1.3122702406239353,copath_syn_app_REGION-RF_rank166_region282_cOT,282,cOT,166
beta,0.42313385482370663,0.4300971055998082,0.018233289294744673,389.64490264655427,999.9176002043424,1.003967019596011,2.0500828811844194,copath_syn_app_REGION-RF_rank166_region282_cOT,282,cOT,166
gamma,0.08551938267519588,0.06497788263392816,0.0033039366554411635,332.6862451136206,406.21687528116973,1.0164631900226917,1.7503998417031228,copath_syn_app_REGION-RF_rank166_region282_cOT,282,cOT,166
sigma,0.0517738822270685,0.009858558503398729,0.0006320253541115887,194.65498845410679,113.59876035481336,1.0193373310253753,1.0241603492216096,copath_syn_app_REGION-RF_rank166_region282_cOT,282,cOT,166
u0,0.01768794925250896,0.007330551567310212,0.00041153310011232946,316.9410463443437,479.1603210729848,1.0146197507202235,1.6675578431590774,copath_syn_app_REGION-RF_rank166_region282_cOT,282,cOT,166
alpha,2.1856680652068254,0.477941727723589,0.012037053616246615,1559.8972585835845,2302.890810944902,1.0057935716655824,14.643897585321197,copath_syn_app_REGION-RF_rank36_region283_cLS,283,cLS,36
beta,0.5287029271145309,0.08023988245833,0.0019998768360032183,1557.1589212222354,1576.5089134129416,1.0049861685982249,14.618190807741456,copath_syn_app_REGION-RF_rank36_region283_cLS,283,cLS,36
gamma,0.1490977637694589,0.05533079248593885,0.001362696501398046,1599.5445963921625,1499.6119845452668,1.0039301750244676,15.016096171609268,copath_syn_app_REGION-RF_rank36_region283_cLS,283,cLS,36
sigma,0.11652433621025264,0.021335489057569112,0.0004675672019513784,2230.8191256024193,2016.235469719343,1.0020235179366637,20.942332340759837,copath_syn_app_REGION-RF_rank36_region283_cLS,283,cLS,36
u0,0.014332903705887403,0.006336158469467419,0.0001323027774073311,2039.8152232715922,1764.6337859848725,1.0020460243799696,19.149238873393216,copath_syn_app_REGION-RF_rank36_region283_cLS,283,cLS,36
alpha,0.7962209838422852,0.6053489676583866,0.012762565418639188,1477.9196819658182,827.0203268864664,1.004168569117331,21.113138313797403,copath_syn_app_REGION-RF_rank1_region284_cSF,284,cSF,396
beta,0.0192027857352542,0.996251507095368,0.019074206421342665,2732.473327274806,2192.105683502425,1.0010184530897714,39.03533324678294,copath_syn_app_REGION-RF_rank1_region284_cSF,284,cSF,396
gamma,0.08070958272722789,0.0607009580514325,0.0012045734782532894,1826.3382225648254,1180.3199389098284,1.0007357873921128,26.09054603664036,copath_syn_app_REGION-RF_rank1_region284_cSF,284,cSF,396
sigma,1.634368649270687,2.031021014429608,0.04241835052258099,2611.818411999028,2304.388381755,1.0027330655264444,37.31169159998611,copath_syn_app_REGION-RF_rank1_region284_cSF,284,cSF,396
u0,0.007930738301301634,0.006024779214641171,0.00011756054283024146,1650.468368542863,1142.2051100290064,1.0029756834481107,23.57811955061233,copath_syn_app_REGION-RF_rank1_region284_cSF,284,cSF,396
alpha,2.110689065417329,0.7258537280406013,0.03499342277728023,632.1872571980174,263.00216693971754,1.0088216659113063,6.3013930445852715,copath_syn_app_REGION-RF_rank47_region285_cSH,285,cSH,47
beta,0.44051745194052205,0.20700169318225317,0.007633000820929867,1083.723844265277,362.7728161271472,1.0076974843148154,10.802131515228277,copath_syn_app_REGION-RF_rank47_region285_cSH,285,cSH,47
gamma,0.1803477853923462,0.07841960815891087,0.002814392423191877,753.5482413522664,653.1118493138604,1.0034611031457732,7.511071431370708,copath_syn_app_REGION-RF_rank47_region285_cSH,285,cSH,47
sigma,0.17228761092300043,0.040910988121214804,0.0018084391073467448,626.9591702240964,639.9809118346715,1.005979769876839,6.249281537244918,copath_syn_app_REGION-RF_rank47_region285_cSH,285,cSH,47
u0,0.013638032147199499,0.006556429272912013,0.00016118010942688845,1404.3541877889006,1094.5633558089235,1.0020809703422298,13.998048221170203,copath_syn_app_REGION-RF_rank47_region285_cSH,285,cSH,47
alpha,0.7020615451570095,0.5915879759937039,0.01218966363818468,1496.514557385262,1117.4142563911264,1.002539851864963,18.9746865991107,copath_syn_app_REGION-RF_rank204_region286_cBA,286,cBA,204
beta,-0.2903349796071064,0.8675826508775755,0.021245538419976832,1666.3079219909102,1718.8551744865247,1.000077246281086,21.127539616210555,copath_syn_app_REGION-RF_rank204_region286_cBA,286,cBA,204
gamma,0.08031328651490413,0.061981400259392874,0.0011971294068720134,1669.2587373300385,946.0388033087596,1.0015299730808178,21.164953750269923,copath_syn_app_REGION-RF_rank204_region286_cBA,286,cBA,204
sigma,0.2903091190469387,0.3460311535931222,0.008112504640811508,1595.834132298657,1983.5132888925405,1.0018952184104504,20.233984611173682,copath_syn_app_REGION-RF_rank204_region286_cBA,286,cBA,204
u0,0.007725106257069253,0.005812526817765141,0.00011853936713863175,1627.1832585682423,1212.9430158199955,1.001672685727968,20.63146811254412,copath_syn_app_REGION-RF_rank204_region286_cBA,286,cBA,204
alpha,1.8846484634539142,0.5610763588126898,0.015097756752654257,1306.1518690565647,1039.5074566597398,0.999943208158436,11.108528325635644,copath_syn_app_REGION-RF_rank76_region287_cCEA,287,cCEA,76
beta,0.36123951654153486,0.07955664003763731,0.0028800325556168575,1161.927657722983,726.0969479791821,1.0001081403159826,9.881933796472074,copath_syn_app_REGION-RF_rank76_region287_cCEA,287,cCEA,76
gamma,0.12953675235357318,0.06879458689586683,0.001757879617738058,1435.0401639508796,1379.83991531579,1.0017003842039207,12.204694329448461,copath_syn_app_REGION-RF_rank76_region287_cCEA,287,cCEA,76
sigma,0.08193699685740992,0.01503655797852757,0.00035500000429971896,1757.2010736563857,1665.6882571704884,1.0007389080755995,14.944600519270848,copath_syn_app_REGION-RF_rank76_region287_cCEA,287,cCEA,76
u0,0.015168726095576983,0.006236009406878282,0.00012727854757951288,2154.0819064873117,1866.8991029993401,1.0021558869833513,18.319982875526758,copath_syn_app_REGION-RF_rank76_region287_cCEA,287,cCEA,76
alpha,1.2819198314710978,0.8506108978352253,0.034293301639572775,536.9962033051644,617.5741301131985,1.0048556036169771,3.4028452505903655,copath_syn_app_REGION-RF_rank81_region288_cIA,288,cIA,81
beta,0.4562323625004557,0.4073074558053762,0.020312971454133327,532.3754606200196,545.6559367184677,1.004157357420976,3.3735644620045853,copath_syn_app_REGION-RF_rank81_region288_cIA,288,cIA,81
gamma,0.10787659436375777,0.07382664817045521,0.0022728948067806593,870.8522498766338,730.6155226265853,1.0040557891189954,5.518429039571085,copath_syn_app_REGION-RF_rank81_region288_cIA,288,cIA,81
sigma,0.12862696638477483,0.024555914631995766,0.0008973770588124365,723.2313596489379,1157.5363631445728,1.006640859452643,4.582982863029364,copath_syn_app_REGION-RF_rank81_region288_cIA,288,cIA,81
u0,0.014084516614570495,0.006630684733009808,0.0001629302999234696,1436.3649348757167,946.9326499938752,1.0016429504426019,9.101977940761664,copath_syn_app_REGION-RF_rank81_region288_cIA,288,cIA,81
alpha,1.3622055994237783,0.8744192757787654,0.04074552752432363,410.0357039333434,617.2938070806413,1.0117397030197173,1.8618775351493841,copath_syn_app_REGION-RF_rank152_region289_cMEA,289,cMEA,152
beta,0.33121219726265977,0.29806924632318244,0.015232142989809553,598.5118199721896,540.1290763568909,1.0074965310082002,2.7177040961017025,copath_syn_app_REGION-RF_rank152_region289_cMEA,289,cMEA,152
gamma,0.12938841957114944,0.07933465418923595,0.003041554870917539,752.2134031835291,1323.5794050951456,1.006954819506788,3.4156275260686884,copath_syn_app_REGION-RF_rank152_region289_cMEA,289,cMEA,152
sigma,0.04628664069179412,0.010508493864658602,0.0004207310004149952,442.0750076287102,507.0974132396435,1.0139826344252785,2.0073606216708675,copath_syn_app_REGION-RF_rank152_region289_cMEA,289,cMEA,152
u0,0.020930695053018398,0.0070534308920054516,0.0002316831926571763,890.8529351403558,816.0979770743039,1.0032442217064523,4.04515765614732,copath_syn_app_REGION-RF_rank152_region289_cMEA,289,cMEA,152
alpha,0.5226735381864179,0.5014177761029062,0.021500514675797753,503.29350648062297,600.8936800044413,1.010742619911615,5.220453764009449,copath_syn_app_REGION-RF_rank272_region290_cPALd,290,cPALd,272
beta,-0.06209655264411001,0.7287994893943835,0.026850900538369922,734.982544520367,1245.2829033021885,1.0104213620552547,7.623667584851537,copath_syn_app_REGION-RF_rank272_region290_cPALd,290,cPALd,272
gamma,0.0822696515388644,0.06059036960909995,0.0024046670745902997,515.5294600409609,666.8428716528638,1.0099561260986918,5.3473722101999925,copath_syn_app_REGION-RF_rank272_region290_cPALd,290,cPALd,272
sigma,0.056525059453903556,0.010881552654630453,0.0004920014368561031,422.80604124776625,595.5758890898801,1.0083255870487415,4.385590835280954,copath_syn_app_REGION-RF_rank272_region290_cPALd,290,cPALd,272
u0,0.009427007742112121,0.0062551622157046745,0.0002860491186547615,371.2940339782721,324.2259636718964,1.0118561941341906,3.85127825469123,copath_syn_app_REGION-RF_rank272_region290_cPALd,290,cPALd,272
alpha,2.0561903463098856,0.9336297240165018,0.04601628271723945,430.86134519662215,337.41225437738166,1.0052007807349135,3.163608593662098,copath_syn_app_REGION-RF_rank88_region291_cSI,291,cSI,88
beta,0.324753945916927,0.22505843942557416,0.012986841243871918,797.1105128321676,322.460738210211,1.0068188928421016,5.852800898960795,copath_syn_app_REGION-RF_rank88_region291_cSI,291,cSI,88
gamma,0.17645940636564006,0.09290726513426444,0.0037481307899323722,539.6943668250713,559.5608949181641,1.0038385173255133,3.962717370386666,copath_syn_app_REGION-RF_rank88_region291_cSI,291,cSI,88
sigma,0.08361062250670401,0.019980411392137562,0.0008126617146712914,618.6361380694323,1649.8226552029478,1.0043740052437857,4.542349005231048,copath_syn_app_REGION-RF_rank88_region291_cSI,291,cSI,88
u0,0.016907445817541986,0.0070468596597705,0.00019212270107464777,1169.2985070829172,921.8664404411935,1.0030216284878657,8.5855991650299,copath_syn_app_REGION-RF_rank88_region291_cSI,291,cSI,88
alpha,0.8129628430890026,0.6107780739070461,0.012728200154625485,1449.570893580182,867.0743104733251,1.001037228656807,20.497615825735405,copath_syn_app_REGION-RF_rank1_region292_cMA,292,cMA,397
beta,0.0052735944198286835,1.0165321066495803,0.02134243904511478,2272.5033987014845,1912.7770512483646,1.0016219897250445,32.13426941418126,copath_syn_app_REGION-RF_rank1_region292_cMA,292,cMA,397
gamma,0.08051176746500179,0.06011795728889414,0.0012324415618765914,1512.7908688606133,897.7368954623662,1.002526723060344,21.39157608083561,copath_syn_app_REGION-RF_rank1_region292_cMA,292,cMA,397
sigma,1.643042295766787,2.247203322788472,0.045803385676166555,2295.90365053576,2543.6600394441757,1.000796585936894,32.46516000701028,copath_syn_app_REGION-RF_rank1_region292_cMA,292,cMA,397
u0,0.007845170855300107,0.005914635671670207,0.00012048185108064249,1658.6022811572402,1111.2019812857131,1.0023975386545143,23.453418192525916,copath_syn_app_REGION-RF_rank1_region292_cMA,292,cMA,397
alpha,2.3811980845931426,0.4938151230314178,0.010995219711282183,1981.032175937452,2119.5095825082244,1.000997388038228,19.57928618242194,copath_syn_app_REGION-RF_rank50_region293_cMS,293,cMS,50
beta,0.4565721673670625,0.07044129951007423,0.0016531038645910927,1815.721103540404,1363.0612783776205,1.0031084880079084,17.945454670294563,copath_syn_app_REGION-RF_rank50_region293_cMS,293,cMS,50
gamma,0.20281119238247472,0.06008428817865435,0.0013669258006711686,1928.8904837014563,1257.785579232822,1.00185616069914,19.06395022436703,copath_syn_app_REGION-RF_rank50_region293_cMS,293,cMS,50
sigma,0.09026204177110447,0.01659626148357488,0.0003401014553452434,2426.2213184299503,2167.846831157687,1.001708321608101,23.979257940600416,copath_syn_app_REGION-RF_rank50_region293_cMS,293,cMS,50
u0,0.014216723398724637,0.006306881251498233,0.00013593021604927535,1881.6637248926743,1336.4292978040148,1.0019625093882756,18.597190402181006,copath_syn_app_REGION-RF_rank50_region293_cMS,293,cMS,50
alpha,2.2656254117697325,0.5348702111972466,0.011805558301678731,1969.2154595081722,1560.7916239657454,1.0020730560188358,18.107395353723813,copath_syn_app_REGION-RF_rank75_region294_cNDB,294,cNDB,75
beta,0.34560652287005394,0.055398933312056135,0.001338400485050841,1752.9138049278663,1790.32169274168,1.0030090656245618,16.11845120023417,copath_syn_app_REGION-RF_rank75_region294_cNDB,294,cNDB,75
gamma,0.16655487327098512,0.06334082754899073,0.0014487847529024056,1843.5684977027245,1654.0189362351598,1.0020467210396231,16.952042240167764,copath_syn_app_REGION-RF_rank75_region294_cNDB,294,cNDB,75
sigma,0.06835015598697818,0.012756505814696967,0.0002573451456264606,2583.8507782657616,2068.329193803536,1.001864454623755,23.759110437194366,copath_syn_app_REGION-RF_rank75_region294_cNDB,294,cNDB,75
u0,0.015832092786543215,0.005936557885001294,0.00011985710547271651,2311.2185808716044,1871.072643447604,1.0012558664268665,21.252193806749343,copath_syn_app_REGION-RF_rank75_region294_cNDB,294,cNDB,75
alpha,0.7880346862932167,0.5921803090553571,0.012606189247995492,1450.6899848998419,914.7564580772973,1.0026114263256458,19.55344967583456,copath_syn_app_REGION-RF_rank18_region295_cBST,295,cBST,18
beta,0.05427067529552392,0.9821356066650919,0.02428248718636,1594.8506732453745,670.8681018565323,1.003561568746605,21.496551781824945,copath_syn_app_REGION-RF_rank18_region295_cBST,295,cBST,18
gamma,0.0790626490777897,0.060654184842789435,0.001259819758927881,1610.0347790945382,1051.7360933847863,1.002653461846792,21.701214151238535,copath_syn_app_REGION-RF_rank18_region295_cBST,295,cBST,18
sigma,1.0647832272666717,0.9611242881988338,0.02277643388005354,1245.1350853091712,822.0562033475808,1.000909944910439,16.782831951438467,copath_syn_app_REGION-RF_rank18_region295_cBST,295,cBST,18
u0,0.008213262657998776,0.006189798750224707,0.00013214103409936754,1525.7674724229498,884.4431030048294,1.00145329694666,20.565398396341198,copath_syn_app_REGION-RF_rank18_region295_cBST,295,cBST,18
alpha,0.6159434310289269,0.5678547543581389,0.034761276391974696,333.01709750542483,165.08511776420144,1.009603857294898,3.5137281327068544,copath_syn_app_REGION-RF_rank209_region296_cVAL,296,cVAL,209
beta,-0.1984852403008837,0.7342890551845986,0.022412014882140577,1114.254324789882,1135.3971342972784,1.002442502412052,11.756713986556534,copath_syn_app_REGION-RF_rank209_region296_cVAL,296,cVAL,209
gamma,0.0819902781273351,0.05824538863579347,0.0016553752202739841,936.4724555256889,951.4545381321367,1.0053890551041595,9.880902924007016,copath_syn_app_REGION-RF_rank209_region296_cVAL,296,cVAL,209
sigma,0.05460093273049976,0.010334452832343246,0.0003770384021570654,646.9933158093467,334.35973463368924,1.0066653249256639,6.826552247503025,copath_syn_app_REGION-RF_rank209_region296_cVAL,296,cVAL,209
u0,0.00985376072700785,0.006252803766633493,0.00024912674782662453,630.8645532873943,395.4907362202157,1.009936691665426,6.6563745387798,copath_syn_app_REGION-RF_rank209_region296_cVAL,296,cVAL,209
alpha,0.4894856733196353,0.4500904858974734,0.021784945275739796,491.9601898809469,508.8405016042937,1.0048380432417976,2.7868677483512356,copath_syn_app_REGION-RF_rank210_region297_cVM,297,cVM,210
beta,0.4558667150319628,0.4969537635273214,0.017561298853687672,855.9581042832209,719.9282181956277,1.002573854414623,4.848851764497535,copath_syn_app_REGION-RF_rank210_region297_cVM,297,cVM,210
gamma,0.085814313879939,0.0627758392987008,0.0021977821432051787,641.6640229737582,629.6368964768294,1.0125902908144222,3.634913571635991,copath_syn_app_REGION-RF_rank210_region297_cVM,297,cVM,210
sigma,0.04037026396043028,0.0075777788997222805,0.0002724996580032944,800.9132007177525,1146.9596340124822,1.0072149341703527,4.537032089627439,copath_syn_app_REGION-RF_rank210_region297_cVM,297,cVM,210
u0,0.015338547754918712,0.006628407926901354,0.00025018282153856027,624.3334308975786,353.44912438458124,1.0057916418920667,3.53673882272262,copath_syn_app_REGION-RF_rank210_region297_cVM,297,cVM,210
alpha,0.5819498571669292,0.47261771050070267,0.043505324283909214,162.28314825784662,159.74756728995496,1.0404320042807778,0.9138079185643708,copath_syn_app_REGION-RF_rank199_region298_cVPL,298,cVPL,199
beta,0.485920421035764,0.461389933588835,0.023398570854696762,309.3318545486574,475.40791830517446,1.0162093491085948,1.7418314913489352,copath_syn_app_REGION-RF_rank199_region298_cVPL,298,cVPL,199
gamma,0.0789740407241042,0.059246500097308905,0.002551096983139241,452.0200334574303,603.7483222268773,1.0115591664848587,2.54530116255099,copath_syn_app_REGION-RF_rank199_region298_cVPL,298,cVPL,199
sigma,0.04464848959774086,0.008535059151004448,0.0004642954484480026,278.51385316482845,647.2048718713079,1.016440115980578,1.5682969376925977,copath_syn_app_REGION-RF_rank199_region298_cVPL,298,cVPL,199
u0,0.012955230436554338,0.0060390817615743175,0.00030097388156959386,342.8155482667445,242.49559953635156,1.0144018838524247,1.9303764190931048,copath_syn_app_REGION-RF_rank199_region298_cVPL,298,cVPL,199
alpha,1.6300736800867448,0.6667536345023226,0.024857868688269058,663.6046243436734,272.47849089882897,1.0071336230955763,3.1330183860236693,copath_syn_app_REGION-RF_rank89_region299_cVPM,299,cVPM,89
beta,0.34477811941169145,0.16862278164960137,0.010179271028235695,936.4515445808514,267.74190229043666,1.0090306889008818,4.421186651153635,copath_syn_app_REGION-RF_rank89_region299_cVPM,299,cVPM,89
gamma,0.1154387901688254,0.06693948011437272,0.0017051567528977866,1199.0593227915997,842.0448811006196,1.0010127322825673,5.6610137519078405,copath_syn_app_REGION-RF_rank89_region299_cVPM,299,cVPM,89
sigma,0.057828835112555974,0.010660895133856168,0.00027935069929932584,1428.785733541409,1706.2790150328697,1.0048016391301173,6.745600932634951,copath_syn_app_REGION-RF_rank89_region299_cVPM,299,cVPM,89
u0,0.016143225998482787,0.006255477265230601,0.00016525222451267303,1351.0876749588517,1526.465252149435,1.0010915506157279,6.37877189442827,copath_syn_app_REGION-RF_rank89_region299_cVPM,299,cVPM,89
alpha,0.5717238777376356,0.5422341722837014,0.02312153069776661,490.3317486893982,786.9550280766056,1.0029350208204153,4.682491201816324,copath_syn_app_REGION-RF_rank295_region300_cPoT,300,cPoT,295
beta,-0.21963771391882017,0.7161500165493812,0.02354005119206241,931.3995359319133,1160.7432163718797,1.0029221479578598,8.894529354940156,copath_syn_app_REGION-RF_rank295_region300_cPoT,300,cPoT,295
gamma,0.07770770482216824,0.061142758902827235,0.002319348409846685,517.602143904847,437.91308591578064,1.0090038441936264,4.942913632155994,copath_syn_app_REGION-RF_rank295_region300_cPoT,300,cPoT,295
sigma,0.03174406962609656,0.005752736841434812,0.00019015059930360944,834.5444652261018,1242.7156234107197,1.0082979006152153,7.9695983920900515,copath_syn_app_REGION-RF_rank295_region300_cPoT,300,cPoT,295
u0,0.00954691845017108,0.005717516002309147,0.0001913096540538639,719.3025356350121,407.1958542015835,1.002542017440539,6.869079564106842,copath_syn_app_REGION-RF_rank295_region300_cPoT,300,cPoT,295
alpha,2.2079484897905886,0.03562581006032172,0.001126587032791573,NaN,NaN,NaN,NaN,copath_syn_app_REGION-RF_rank348_region301_cSPF,301,cSPF,348
beta,-3.246618123444139,0.06098939217391184,0.001928653923788096,NaN,NaN,NaN,NaN,copath_syn_app_REGION-RF_rank348_region301_cSPF,301,cSPF,348
gamma,0.07052832446310175,0.007584704668919136,0.00023984942133497788,NaN,NaN,NaN,NaN,copath_syn_app_REGION-RF_rank348_region301_cSPF,301,cSPF,348
u0,0.010576798974321679,0.0007103254637516412,2.2462463454705588e-5,NaN,NaN,NaN,NaN,copath_syn_app_REGION-RF_rank348_region301_cSPF,301,cSPF,348
sigma,1.3996019031901666e-7,1.4207957212934089e-8,4.492950569108966e-10,NaN,NaN,NaN,NaN,copath_syn_app_REGION-RF_rank348_region301_cSPF,301,cSPF,348
alpha,0.7889238245967944,0.6115780110026386,0.011007294163190549,2022.9442212009712,1298.9728141852054,1.0012381347493773,28.703608570185608,copath_syn_app_REGION-RF_rank1_region302_cSPA,302,cSPA,398
beta,0.00028644548328677646,1.0025394354957018,0.018650570964610636,2908.300210158662,2370.6227684001337,1.003393514615164,41.265947900147026,copath_syn_app_REGION-RF_rank1_region302_cSPA,302,cSPA,398
gamma,0.08240734745272764,0.06112192605271242,0.0011386803495492298,2004.5994188162401,1198.1377415100471,1.0038638408959046,28.443313688384013,copath_syn_app_REGION-RF_rank1_region302_cSPA,302,cSPA,398
sigma,1.6209515113894497,1.9055356739026994,0.03708921349383339,2790.1726176129737,2771.510371248971,1.001438617422423,39.589832393730916,copath_syn_app_REGION-RF_rank1_region302_cSPA,302,cSPA,398
u0,0.008038244954994882,0.0061200763965078625,0.00010873754393739503,2185.019822954976,1374.609656503745,1.001940680065398,31.003303531009774,copath_syn_app_REGION-RF_rank1_region302_cSPA,302,cSPA,398
alpha,0.590830946704443,0.5146341746503965,0.020233368990979453,623.0073586477615,936.3629055437444,1.011779503640683,4.693405644433607,copath_syn_app_REGION-RF_rank195_region303_cPP,303,cPP,195
beta,0.11795392635116561,0.79900630879522,0.031939576787575905,622.7228328765632,1130.9372059379905,1.0065607240349594,4.691262178803559,copath_syn_app_REGION-RF_rank195_region303_cPP,303,cPP,195
gamma,0.07926319739513324,0.059389264904217996,0.002006272885990841,691.7034201483826,636.8234279826814,1.0058356002997553,5.210925186252798,copath_syn_app_REGION-RF_rank195_region303_cPP,303,cPP,195
sigma,0.09020492936092284,0.015865082373834848,0.0007118014478947332,476.0587617619159,545.0534898339382,1.0070782530254974,3.5863731760489665,copath_syn_app_REGION-RF_rank195_region303_cPP,303,cPP,195
u0,0.008794644699791226,0.006039723681307656,0.00021290774875950795,623.8670864889862,423.5603326637035,1.0047881486622101,4.699882376123323,copath_syn_app_REGION-RF_rank195_region303_cPP,303,cPP,195
alpha,0.6276588397149826,0.5469866916433492,0.024292820851801743,546.5095266998733,698.6548531986042,1.0089826218908426,3.366284319485754,copath_syn_app_REGION-RF_rank148_region304_cMG,304,cMG,148
beta,0.31462897359597486,0.6221344817873765,0.025255871225881195,652.9633674231094,823.9543482419768,1.006285701735769,4.021998222479546,copath_syn_app_REGION-RF_rank148_region304_cMG,304,cMG,148
gamma,0.0816534137036849,0.061512699044745586,0.002039201446862187,679.7970947373449,617.240936534034,1.0050430411139855,4.187283457371478,copath_syn_app_REGION-RF_rank148_region304_cMG,304,cMG,148
sigma,0.09592595839848787,0.017957307758396657,0.0008196269598201154,370.0854092458338,134.0184079060169,1.01057917365812,2.279580957238979,copath_syn_app_REGION-RF_rank148_region304_cMG,304,cMG,148
u0,0.01273529595116477,0.007442497047765379,0.00031870806787869486,495.17773394065694,603.788678089483,1.007128219071905,3.050100610667559,copath_syn_app_REGION-RF_rank148_region304_cMG,304,cMG,148
alpha,0.6364095057280733,0.509542931771585,0.046164940684877316,169.38811856434194,294.88441073795815,1.0408795063620924,1.0088931687324931,copath_syn_app_REGION-RF_rank168_region305_cLGd,305,cLGd,168
beta,0.5294866324789534,0.46964862487974074,0.02145913468936523,375.0649556914597,359.12525665500993,1.030947656115314,2.23392570172703,copath_syn_app_REGION-RF_rank168_region305_cLGd,305,cLGd,168
gamma,0.08126906234208761,0.057726582106828496,0.003085900717647323,362.5933269793933,464.2967756906761,1.0210568837676366,2.159643390091386,copath_syn_app_REGION-RF_rank168_region305_cLGd,305,cLGd,168
sigma,0.09011882478760293,0.017546434493447432,0.001982073117688429,66.04737717565281,18.20905964436106,1.055685375783644,0.39338501548975735,copath_syn_app_REGION-RF_rank168_region305_cLGd,305,cLGd,168
u0,0.01369895255419733,0.006811282145185233,0.00037996096666149433,284.4614364940091,464.83890263878436,1.0378997020450271,1.694281762375348,copath_syn_app_REGION-RF_rank168_region305_cLGd,305,cLGd,168
alpha,0.7467801359463361,0.6138840334785154,0.03280140542947881,393.2819904339023,436.51465603094687,1.0116892246970268,2.26333715331259,copath_syn_app_REGION-RF_rank160_region306_cLP,306,cLP,160
beta,0.4622381979869033,0.47104382962682995,0.018430025764171826,651.3278389405954,615.2573891705459,1.0067788627637768,3.7483905511020557,copath_syn_app_REGION-RF_rank160_region306_cLP,306,cLP,160
gamma,0.08569890239886346,0.06200005181047013,0.0022155306306860844,655.8732862157191,707.2665964133154,1.00373071689284,3.77454959206109,copath_syn_app_REGION-RF_rank160_region306_cLP,306,cLP,160
sigma,0.07853121606766995,0.01446295234053917,0.0005403459358884875,670.810714080792,420.7196859277667,1.0062728558738474,3.860514462775474,copath_syn_app_REGION-RF_rank160_region306_cLP,306,cLP,160
u0,0.01459368347868736,0.006917219305194202,0.00025393209496700784,672.6877025431882,496.427635458213,1.002932116057721,3.8713165280279243,copath_syn_app_REGION-RF_rank160_region306_cLP,306,cLP,160
alpha,0.7501872092060076,0.5969177654148122,0.026926971343426375,492.95346625485587,614.9086482588951,1.0060118961725262,2.5247425915362225,copath_syn_app_REGION-RF_rank155_region307_cPO,307,cPO,155
beta,0.4502087170832302,0.4124373200229155,0.016073646713087572,647.4175582715455,935.855870320555,1.0059924075723676,3.3158559494365942,copath_syn_app_REGION-RF_rank155_region307_cPO,307,cPO,155
gamma,0.08556682707311032,0.06587253980478165,0.0026970817665213634,427.98900459824955,357.34206711166155,1.0116819400250547,2.1920163719058716,copath_syn_app_REGION-RF_rank155_region307_cPO,307,cPO,155
sigma,0.05707211233561069,0.011098456367702616,0.0004008798360010043,708.0675869280631,804.0339500326506,1.0066977240053099,3.626485087903462,copath_syn_app_REGION-RF_rank155_region307_cPO,307,cPO,155
u0,0.016919931786296815,0.00686014368545983,0.0002179522894246729,946.0133678014721,1047.2726361201373,1.0068457974960083,4.84516370276658,copath_syn_app_REGION-RF_rank155_region307_cPO,307,cPO,155
alpha,0.5819887171435005,0.5433472420624316,0.01743271851160369,878.8332275472337,860.9677735559914,1.0019117440881244,9.305435315981425,copath_syn_app_REGION-RF_rank297_region308_cPOL,308,cPOL,297
beta,-0.4202824349448273,0.7318426154655127,0.02403876688322307,950.113188611538,1331.6662100309363,1.006561699772607,10.060175858576475,copath_syn_app_REGION-RF_rank297_region308_cPOL,308,cPOL,297
gamma,0.07934767254232407,0.06038905259750427,0.001662295528480327,895.5134936923279,667.1706707972783,1.0016169030583781,9.482052599899706,copath_syn_app_REGION-RF_rank297_region308_cPOL,308,cPOL,297
sigma,0.023373892602787185,0.004119039773372046,0.00012289650639052876,1131.3025445516919,1314.5120826932177,1.003267145998762,11.978680733899727,copath_syn_app_REGION-RF_rank297_region308_cPOL,308,cPOL,297
u0,0.00822292051777317,0.0057493497693416615,0.00019631197394932254,718.0996759271186,705.2476370332903,1.0008015953444245,7.603524622546072,copath_syn_app_REGION-RF_rank297_region308_cPOL,308,cPOL,297
alpha,0.5520589327068964,0.5342000148334727,0.019192825705563934,622.0175216233434,915.4815739290767,1.0030409117730612,6.507684727494126,copath_syn_app_REGION-RF_rank245_region309_cSGN,309,cSGN,245
beta,-0.11592779277239083,0.7802141127199294,0.024023092176876277,1074.0272261370926,1168.1677328431067,1.0027215525134132,11.236710114217036,copath_syn_app_REGION-RF_rank245_region309_cSGN,309,cSGN,245
gamma,0.08076459345544544,0.060268799654714156,0.0019434606881435508,678.9797465776269,495.1448596248765,1.002691861354285,7.103636109075212,copath_syn_app_REGION-RF_rank245_region309_cSGN,309,cSGN,245
sigma,0.06500968950197424,0.011361873690654393,0.0003814969358008015,874.5491643551505,938.8201975974179,1.002893913153293,9.149726563109692,copath_syn_app_REGION-RF_rank245_region309_cSGN,309,cSGN,245
u0,0.010388103619064018,0.006772213953721135,0.000237788504084253,712.8724948515294,719.304220211689,1.0075229472437026,7.4582295291114376,copath_syn_app_REGION-RF_rank245_region309_cSGN,309,cSGN,245
alpha,0.5124632281144713,0.526478729540516,0.015976975108206656,780.1324841969752,1250.3466719047062,1.0015019908170038,7.447565481594035,copath_syn_app_REGION-RF_rank273_region310_cEth,310,cEth,273
beta,-0.15830421712866222,0.7234340284101405,0.02404394915377977,929.379004024861,1324.0043911553798,1.0030920919388147,8.872353260380535,copath_syn_app_REGION-RF_rank273_region310_cEth,310,cEth,273
gamma,0.08083762014189255,0.061379942694177556,0.001975952456911501,688.1189050310389,541.301688187545,1.003541384320342,6.569154224639989,copath_syn_app_REGION-RF_rank273_region310_cEth,310,cEth,273
sigma,0.03823660631371706,0.006687644075799524,0.00022413295364765476,983.0253056736877,1449.4862024422964,1.0027709069268222,9.38448979163425,copath_syn_app_REGION-RF_rank273_region310_cEth,310,cEth,273
u0,0.009565483593575034,0.005870018840292045,0.00018588172563152865,830.5535415257133,601.8957171957821,1.0025772295146422,7.928912090937597,copath_syn_app_REGION-RF_rank273_region310_cEth,310,cEth,273
alpha,0.6003347041984752,0.5295496762563948,0.015553155027414778,906.7759979172583,1214.2698068683012,1.002857832766625,8.641723033615346,copath_syn_app_REGION-RF_rank144_region311_cLD,311,cLD,144
beta,-0.08519062210944398,0.7851794438811408,0.02506948724158809,980.7394469396645,1502.4601395081509,1.0041699478397401,9.346606756310536,copath_syn_app_REGION-RF_rank144_region311_cLD,311,cLD,144
gamma,0.08336356165727074,0.060580943184345405,0.0017136555234981326,854.6388790721525,718.8198729939807,1.0044569838903659,8.144847794454897,copath_syn_app_REGION-RF_rank144_region311_cLD,311,cLD,144
sigma,0.09404144592656953,0.018041037742737083,0.0006065362896071992,819.7888124972518,1554.0708251344456,1.0020984316106571,7.812720980627578,copath_syn_app_REGION-RF_rank144_region311_cLD,311,cLD,144
u0,0.009324499938076979,0.006309275470760397,0.00018735593247568887,909.0770054532891,987.553121012002,1.0013949697284028,8.663652010419222,copath_syn_app_REGION-RF_rank144_region311_cLD,311,cLD,144
alpha,0.5687350596125919,0.5269973612726061,0.01611781395127822,889.5217878637694,1248.9930820664845,1.005883777329926,9.11432628246823,copath_syn_app_REGION-RF_rank306_region312_cIMD,312,cIMD,306
beta,-0.2025097946267526,0.7300052168947593,0.025686150515884066,855.4021849694706,1110.5240092154968,1.0082278874941524,8.764725859353565,copath_syn_app_REGION-RF_rank306_region312_cIMD,312,cIMD,306
gamma,0.08007806339815807,0.06152868452084371,0.0015520631076467123,1133.3331329579128,1226.2419420372714,1.0018323909195923,11.612495726852666,copath_syn_app_REGION-RF_rank306_region312_cIMD,312,cIMD,306
sigma,0.03742722097130005,0.006795263054391384,0.00022707778085385275,864.677273538597,1032.7917068238205,1.0048943871011917,8.859761399428224,copath_syn_app_REGION-RF_rank306_region312_cIMD,312,cIMD,306
u0,0.008403650273639403,0.005750442526457711,0.00019736213134496428,503.55595762189307,239.8578095642713,1.0050769865737714,5.159596270563272,copath_syn_app_REGION-RF_rank306_region312_cIMD,312,cIMD,306
alpha,0.41390732873538144,0.4443722695574146,0.03168333645555903,280.51633029492234,172.38952042578367,1.0123319411263592,2.0554260844025496,copath_syn_app_REGION-RF_rank252_region313_cMD,313,cMD,252
beta,0.33373838405275785,0.49784605489891476,0.019550167584314902,683.2870601453077,684.3001438467358,1.0032912869621469,5.006646297849495,copath_syn_app_REGION-RF_rank252_region313_cMD,313,cMD,252
gamma,0.08051644092850295,0.06385057934553023,0.0045002321216608245,97.56568056303391,38.50678659147849,1.0475354017926455,0.7148925859714083,copath_syn_app_REGION-RF_rank252_region313_cMD,313,cMD,252
sigma,0.03419436158057371,0.00645154381145645,0.0003328026106983365,360.85416186931434,620.5365627420571,1.0211951054250652,2.644085127563193,copath_syn_app_REGION-RF_rank252_region313_cMD,313,cMD,252
u0,0.01593824718392817,0.007127869893822815,0.0005572862598708527,166.3136938765873,170.31903368385267,1.0178629242827528,1.2186296043010296,copath_syn_app_REGION-RF_rank252_region313_cMD,313,cMD,252
alpha,0.6424965038980672,0.5780439175826081,0.019626764581442725,801.3508553678647,941.6029956315027,1.0044986825826905,9.102122391729495,copath_syn_app_REGION-RF_rank211_region314_cSMT,314,cSMT,211
beta,-0.2517836691381714,0.7759307444324056,0.024651488089736644,990.4376669480307,1684.7618205741346,1.0024155406486686,11.249859915357003,copath_syn_app_REGION-RF_rank211_region314_cSMT,314,cSMT,211
gamma,0.07745724162952382,0.05871736991241119,0.0017613840946048504,695.0953078590097,382.07101146633573,1.0112238732673522,7.895221579498065,copath_syn_app_REGION-RF_rank211_region314_cSMT,314,cSMT,211
sigma,0.07077161482192483,0.01699152904764398,0.000568624696673764,844.3828024418192,723.8581977964726,1.007520511271527,9.590899618830294,copath_syn_app_REGION-RF_rank211_region314_cSMT,314,cSMT,211
u0,0.009013568366838537,0.00625865042689023,0.00017144638617139855,967.1777318691824,784.1487153860996,1.0050663070689698,10.985662560985714,copath_syn_app_REGION-RF_rank211_region314_cSMT,314,cSMT,211
alpha,0.6527351145821697,0.5829923722549323,0.01422207624145145,1129.1163760740287,1024.035735544839,1.0001868976542039,13.276537121957865,copath_syn_app_REGION-RF_rank228_region315_cPR,315,cPR,228
beta,-0.34308740107239044,0.7732127504324261,0.021508143109225455,1340.4836114252014,1177.3055226042038,1.0037425286731132,15.761865477802615,copath_syn_app_REGION-RF_rank228_region315_cPR,315,cPR,228
gamma,0.07888711339334392,0.06002269435238917,0.0014379967994542326,1199.6709694824067,904.249580036004,1.0012249602300556,14.106142199308687,copath_syn_app_REGION-RF_rank228_region315_cPR,315,cPR,228
sigma,0.07646676651478698,0.015530778143333097,0.000428390495952204,1465.7939275914869,1553.7798854307762,1.0017629860704325,17.235307099587125,copath_syn_app_REGION-RF_rank228_region315_cPR,315,cPR,228
u0,0.008249296640654191,0.006174765655367598,0.00014192225133879353,1344.737393477662,995.6277910396175,1.0031415839078524,15.811882904283115,copath_syn_app_REGION-RF_rank228_region315_cPR,315,cPR,228
alpha,0.5887371600330908,0.5449669083240795,0.03445509362102373,270.06899112601326,287.3234952142009,1.0110316471573244,2.013411795027497,copath_syn_app_REGION-RF_rank175_region316_cPVT,316,cPVT,175
beta,0.1999914208336748,0.6599162304525167,0.024356465582118396,749.8064286693713,959.9101966962598,1.006679231509048,5.589938708535217,copath_syn_app_REGION-RF_rank175_region316_cPVT,316,cPVT,175
gamma,0.08172490363958522,0.06357567842384763,0.003394155459337406,306.50860444492037,436.78685425554914,1.0206477442710498,2.28507551679219,copath_syn_app_REGION-RF_rank175_region316_cPVT,316,cPVT,175
sigma,0.07139757294937764,0.013022512990916522,0.0006410787663686815,375.87404448959745,441.1349725128071,1.0058996212346378,2.8022070637014758,copath_syn_app_REGION-RF_rank175_region316_cPVT,316,cPVT,175
u0,0.01248253499733607,0.007054701298953976,0.00028587560957356946,567.9310560030601,718.6282137333685,1.0046328329653733,4.234025839661983,copath_syn_app_REGION-RF_rank175_region316_cPVT,316,cPVT,175
alpha,0.578821056201089,0.5630464818749021,0.04491437478913381,183.79442466429558,408.15548671714663,1.013226211949813,1.7624581635002405,copath_syn_app_REGION-RF_rank187_region317_cRE,317,cRE,187
beta,0.09387219514459502,0.6154586540878084,0.018658710150767463,1069.8527282880045,1011.81516100342,1.0104854251447533,10.259128796524884,copath_syn_app_REGION-RF_rank187_region317_cRE,317,cRE,187
gamma,0.07713760431249421,0.0597806726682273,0.0031713966360198595,242.2813374621908,249.9711586436189,1.0241615973887264,2.3233061713049183,copath_syn_app_REGION-RF_rank187_region317_cRE,317,cRE,187
sigma,0.06386771917297997,0.011566277204963681,0.0007378566188899571,194.2130367638562,239.04246555692595,1.0224117200436,1.8623652634068466,copath_syn_app_REGION-RF_rank187_region317_cRE,317,cRE,187
u0,0.013265839977653696,0.007169142083080785,0.00036053169150742964,440.10347658413855,134.4390930861182,1.011686134989418,4.220280166317986,copath_syn_app_REGION-RF_rank187_region317_cRE,317,cRE,187
alpha,0.6266035199107843,0.554846607724024,0.015476406212055756,928.2184627923216,1003.5248899542187,1.0020415419463118,9.61256861108625,copath_syn_app_REGION-RF_rank124_region318_cXi,318,cXi,124
beta,-0.19063623798093438,0.8338498103836922,0.0271723429409729,944.1310591013794,1465.2041189629308,1.0021205897867884,9.777358399194094,copath_syn_app_REGION-RF_rank124_region318_cXi,318,cXi,124
gamma,0.0806976298533727,0.05965588329615616,0.001534877713894663,1008.9145731622176,465.1292100048457,1.001664439169687,10.448252158303053,copath_syn_app_REGION-RF_rank124_region318_cXi,318,cXi,124
sigma,0.12228194955589848,0.025431086637403243,0.0007073042172983519,1264.5379999850381,1679.8114847377585,1.0021453365891742,13.095471350155217,copath_syn_app_REGION-RF_rank124_region318_cXi,318,cXi,124
u0,0.008841055316024051,0.006397702045823181,0.00016575507881099637,1095.5621877869974,963.3307618628559,1.0039635759386578,11.345569087404051,copath_syn_app_REGION-RF_rank124_region318_cXi,318,cXi,124
alpha,0.7010936680295644,0.5943916882335666,0.014078731438869157,1166.322351299195,824.7360697288152,1.0036143717741883,13.707570590922066,copath_syn_app_REGION-RF_rank308_region319_cRH,319,cRH,308
beta,-0.5746779039902701,0.742176544892168,0.02065078937058061,1302.3347363875741,1462.2425405833092,1.0017540449340874,15.306098963255696,copath_syn_app_REGION-RF_rank308_region319_cRH,319,cRH,308
gamma,0.07703748042572454,0.05845966918120871,0.0014692264243541555,988.2560856735154,600.4886702429917,1.0025651061830334,11.614790749048202,copath_syn_app_REGION-RF_rank308_region319_cRH,319,cRH,308
sigma,0.021657321957119037,0.004417788190231894,0.00011663142020846153,1493.3826039674582,1790.5547613853862,1.000827047979725,17.551449168693537,copath_syn_app_REGION-RF_rank308_region319_cRH,319,cRH,308
u0,0.006884884501181636,0.00539498889999411,0.00013977131583598937,1116.3875790030859,1023.9987272779547,1.006154441124207,13.12069646008845,copath_syn_app_REGION-RF_rank308_region319_cRH,319,cRH,308
alpha,0.649824903563421,0.5492266276817539,0.014979082090733249,977.8466940719247,1067.0637299825028,1.0025484713783552,10.08567665152469,copath_syn_app_REGION-RF_rank319_region320_cCM,320,cCM,319
beta,-0.39962088343196117,0.7719957517218352,0.028618961307457585,721.0310789049473,725.0964608954928,1.0040835831329502,7.436836839170611,copath_syn_app_REGION-RF_rank319_region320_cCM,320,cCM,319
gamma,0.07941732975598524,0.061533977292721205,0.001495223805857132,1064.4868989898093,817.7508574446626,1.003472861534223,10.979298419764108,copath_syn_app_REGION-RF_rank319_region320_cCM,320,cCM,319
sigma,0.023156263493471236,0.004218454485753283,0.0001213515532493358,1236.7962385765336,1399.4679180786397,1.0041437773982043,12.756526172994757,copath_syn_app_REGION-RF_rank319_region320_cCM,320,cCM,319
u0,0.006576239382068575,0.005114651938544059,0.00015491856400978214,642.6461558980563,436.0552768416125,1.0037594738108433,6.628361448708216,copath_syn_app_REGION-RF_rank319_region320_cCM,320,cCM,319
alpha,0.45052730940621055,0.40946298787563773,0.022441352736759658,356.59464937987286,375.63293584211056,1.0109009072839301,2.4617181848171485,copath_syn_app_REGION-RF_rank222_region321_cPCN,321,cPCN,222
beta,0.345064755812886,0.5448510265280312,0.01953688808364305,749.8152381541553,607.8463537472761,1.0069096180430848,5.176280155148253,copath_syn_app_REGION-RF_rank222_region321_cPCN,321,cPCN,222
gamma,0.08212293852146291,0.06031914489998423,0.0024220154216395653,517.4923973310264,272.8052186719143,1.0070081013786798,3.5724609082884133,copath_syn_app_REGION-RF_rank222_region321_cPCN,321,cPCN,222
sigma,0.04078516053185175,0.007404974604407125,0.00030337237275082494,598.3880602866038,1043.1530647793206,1.008641421536486,4.130916636429308,copath_syn_app_REGION-RF_rank222_region321_cPCN,321,cPCN,222
u0,0.012226002526128557,0.0062331650663497015,0.0002571948988531603,559.0943196429139,499.89606832725093,1.0134718565772183,3.859655931703995,copath_syn_app_REGION-RF_rank222_region321_cPCN,321,cPCN,222
alpha,0.4454182069861104,0.4561380983568754,0.02394238740583004,392.21293215716,472.8334750139105,1.014632677689129,3.2295253211893353,copath_syn_app_REGION-RF_rank266_region322_cCL,322,cCL,266
beta,0.18258636531350975,0.5949743506575812,0.020321303984032736,767.5205630644954,887.9328681881778,1.005295540703472,6.319850493754388,copath_syn_app_REGION-RF_rank266_region322_cCL,322,cCL,266
gamma,0.07982354608639862,0.05886616842430776,0.00228311044514492,475.06124169182397,399.47934745924726,1.0036431941266133,3.9117076041353687,copath_syn_app_REGION-RF_rank266_region322_cCL,322,cCL,266
sigma,0.03321273279892993,0.006063590853133745,0.00029202638840776415,450.6740169958393,833.3236325277278,1.0097832628090904,3.710900457782383,copath_syn_app_REGION-RF_rank266_region322_cCL,322,cCL,266
u0,0.011065288337753233,0.0054450783275080085,0.00024242166435043197,441.07580949115146,428.0562929492477,1.0077635322859582,3.631867739498637,copath_syn_app_REGION-RF_rank266_region322_cCL,322,cCL,266
alpha,0.793316641687008,0.6004078441261823,0.011550624047289548,1671.3692333785152,1028.1683656146824,1.000127999219276,23.036845757229504,copath_syn_app_REGION-RF_rank1_region323_cPF,323,cPF,399
beta,-0.01141513489383912,0.9920272320101157,0.019883179285029175,2495.0406147398335,1969.1437034509968,1.0018801857330575,34.389687599788196,copath_syn_app_REGION-RF_rank1_region323_cPF,323,cPF,399
gamma,0.0793053564663136,0.06051039192169708,0.0011876220418865625,1570.6699352921453,891.8851937379277,1.001881352866164,21.64888542413917,copath_syn_app_REGION-RF_rank1_region323_cPF,323,cPF,399
sigma,1.6013994350028464,1.9006836221312244,0.03971134890786275,2618.4701099357,2356.022203705754,1.0001422012941334,36.09094318469097,copath_syn_app_REGION-RF_rank1_region323_cPF,323,cPF,399
u0,0.008150781222949757,0.006096445236290185,0.00011003069734128048,1809.5607749364926,957.1056167312282,1.0029122835387705,24.94156983868801,copath_syn_app_REGION-RF_rank1_region323_cPF,323,cPF,399
alpha,0.5135726845633988,0.519292487175832,0.02773875916015666,386.2527793317364,400.2916377138952,1.0106244989074193,3.82826482315017,copath_syn_app_REGION-RF_rank280_region324_cPIL,324,cPIL,280
beta,-0.08848841916460644,0.7511045740942409,0.029164392006116265,690.241962948465,1151.7142256795992,1.0056054453104735,6.841190970300461,copath_syn_app_REGION-RF_rank280_region324_cPIL,324,cPIL,280
gamma,0.07925371281049484,0.061175565532368054,0.0019370144276979141,669.3625242238563,350.45709319783936,1.0060452486614337,6.63424871622832,copath_syn_app_REGION-RF_rank280_region324_cPIL,324,cPIL,280
sigma,0.03466160423212886,0.006085467011328287,0.00021970016957039047,700.3060173070678,862.9785223832779,1.0104818755072709,6.9409387710696056,copath_syn_app_REGION-RF_rank280_region324_cPIL,324,cPIL,280
u0,0.008935775057195694,0.005448486696452343,0.0001863096039976536,714.119978897125,778.5723254934259,1.0059847509436906,7.077853004580256,copath_syn_app_REGION-RF_rank280_region324_cPIL,324,cPIL,280
alpha,0.6175770570038865,0.4870764653387643,0.02499553024608847,426.72816945442395,577.285742571205,1.0055113123240622,2.234202292455544,copath_syn_app_REGION-RF_rank194_region325_cRT,325,cRT,194
beta,0.48676792705923344,0.5211698637854698,0.019275845786290772,644.8383313011668,515.6605049879391,1.0069915183930895,3.3761522701869486,copath_syn_app_REGION-RF_rank194_region325_cRT,325,cRT,194
gamma,0.08672337199108826,0.06440679779419112,0.0022990321376474623,567.4851961300292,481.7076855530876,1.0078613016826181,2.971157792908979,copath_syn_app_REGION-RF_rank194_region325_cRT,325,cRT,194
sigma,0.06325237670306777,0.011525730678927213,0.0003963276984010851,881.7593652409969,1079.949337958773,1.0049979115127656,4.6165895205237595,copath_syn_app_REGION-RF_rank194_region325_cRT,325,cRT,194
u0,0.011923471820965592,0.006337295460450406,0.0002503600724435943,507.2568460885222,245.1435604823679,1.0116887694258485,2.655822815362057,copath_syn_app_REGION-RF_rank194_region325_cRT,325,cRT,194
alpha,0.7673743516150052,0.5996395185080797,0.013079579818142053,1242.8956031389193,637.2049364659434,1.0022827373567438,14.83151278790133,copath_syn_app_REGION-RF_rank349_region326_cIGL,326,cIGL,349
beta,-0.5903443981755445,0.7670284707205715,0.022844913918660583,1199.6931689795315,1136.5279248729064,1.002144694668065,14.315976766142784,copath_syn_app_REGION-RF_rank349_region326_cIGL,326,cIGL,349
gamma,0.07823084543904127,0.061376791438747066,0.0015440650292600161,896.332538531384,674.67569669127,1.004901367704729,10.695964708432882,copath_syn_app_REGION-RF_rank349_region326_cIGL,326,cIGL,349
sigma,0.03338064739754944,0.03949639574475978,0.0008845796416818906,2018.0853490477327,1967.137097434328,1.0017116277557183,24.081876696551745,copath_syn_app_REGION-RF_rank349_region326_cIGL,326,cIGL,349
u0,0.007074195105026588,0.005871505697142043,0.0001228469722295188,1502.8316201501061,960.0091736772229,1.0037624711992494,17.933337551462465,copath_syn_app_REGION-RF_rank349_region326_cIGL,326,cIGL,349
alpha,1.1053072171208214,0.6366293596229338,0.016440493840783554,1256.5040798818575,963.4112336298477,1.0010668753778151,11.623104416875023,copath_syn_app_REGION-RF_rank350_region327_cIntG,327,cIntG,350
beta,-1.0462751530512329,0.6570130380643078,0.01890904747924422,1200.0285310651652,1375.9971662992405,1.0033771100052384,11.100685738410839,copath_syn_app_REGION-RF_rank350_region327_cIntG,327,cIntG,350
gamma,0.08027406538671382,0.0614679060830582,0.0012434052784088632,1702.0874006412294,1335.6225677931734,1.0033772289411758,15.744906762388343,copath_syn_app_REGION-RF_rank350_region327_cIntG,327,cIntG,350
sigma,0.0021256204063132655,0.0024275978249942184,6.226235366187367e-5,1352.3888601167512,1757.588194535472,1.0037999962429585,12.510072338828824,copath_syn_app_REGION-RF_rank350_region327_cIntG,327,cIntG,350
u0,0.005671687869023022,0.0053195445182071446,0.0001468722566794304,869.6774149712186,872.093803278461,1.0015414108515472,8.044821791711858,copath_syn_app_REGION-RF_rank350_region327_cIntG,327,cIntG,350
alpha,0.713629531937153,0.6018285288425238,0.039021122668301114,309.8142716573582,62.81355784237561,1.0142060312042132,2.4835408599594233,copath_syn_app_REGION-RF_rank91_region328_cLGv,328,cLGv,91
beta,0.14339053403010707,0.7895695180939003,0.026872272754739655,861.6946606796704,1140.600305390789,1.0202832353064486,6.907538142638063,copath_syn_app_REGION-RF_rank91_region328_cLGv,328,cLGv,91
gamma,0.07492172934214304,0.059814655196041906,0.002297203069731747,378.65797879887145,384.60337843268684,1.0076244918757342,3.035407495161178,copath_syn_app_REGION-RF_rank91_region328_cLGv,328,cLGv,91
sigma,0.20705370369495543,0.03556203897700902,0.0015310642450881375,443.3687960128338,731.9532016157216,1.0140809638835766,3.554143955468539,copath_syn_app_REGION-RF_rank91_region328_cLGv,328,cLGv,91
u0,0.009946412101809276,0.0065809802853604455,0.00023594396164081606,597.6913589615465,672.2483160564339,1.0046824990172425,4.791228317807614,copath_syn_app_REGION-RF_rank91_region328_cLGv,328,cLGv,91
alpha,0.7909671126197243,0.5951286786005722,0.011235284087014694,1968.2917102553556,1368.501194952745,1.001968351040368,28.139356525638416,copath_syn_app_REGION-RF_rank1_region329_cSubG,329,cSubG,400
beta,-0.01802794111623807,0.9910135882882062,0.018586776072579313,2847.358992591645,2481.793306698933,1.003931144796095,40.70679637147088,copath_syn_app_REGION-RF_rank1_region329_cSubG,329,cSubG,400
gamma,0.07903978067021558,0.06039151963025341,0.001162510553734613,1794.0951090009803,1106.6744957094722,1.0007767947537147,25.648983659303774,copath_syn_app_REGION-RF_rank1_region329_cSubG,329,cSubG,400
sigma,1.619128513694031,1.919435138362257,0.0394145505946324,2536.8264192102015,2433.92755328855,1.0004551349581132,36.26731885415168,copath_syn_app_REGION-RF_rank1_region329_cSubG,329,cSubG,400
u0,0.008094857563265626,0.005985909348003743,0.00010741872012937718,2061.9634205336015,1453.1218378981355,1.0007141030530646,29.47851862145596,copath_syn_app_REGION-RF_rank1_region329_cSubG,329,cSubG,400
alpha,0.6193442584321098,0.5193845400411606,0.03515508514013653,257.54997109011373,285.49118534432716,1.0135269769143813,1.8565639045162607,copath_syn_app_REGION-RF_rank159_region330_cMH,330,cMH,159
beta,0.3532714408971349,0.5681228607708224,0.028421293023040032,383.6923286288409,451.0122934024016,1.0103964906891076,2.7658684050981877,copath_syn_app_REGION-RF_rank159_region330_cMH,330,cMH,159
gamma,0.0764912496639973,0.062179580124239936,0.004842425606651969,127.127758257939,120.26629339747528,1.0146647636238606,0.9164078188196636,copath_syn_app_REGION-RF_rank159_region330_cMH,330,cMH,159
sigma,0.08676742176949223,0.01683443680428927,0.0010494636310656824,231.2015718723649,229.68837013864618,1.0237855088787347,1.6666299405464442,copath_syn_app_REGION-RF_rank159_region330_cMH,330,cMH,159
u0,0.014864955703623558,0.007440820508416893,0.0004279162126648171,294.65512919467574,365.85074125342794,1.0127699508392132,2.124038588814306,copath_syn_app_REGION-RF_rank159_region330_cMH,330,cMH,159
alpha,0.6441519080942216,0.5487410839759173,0.060017436702136884,111.61655246739139,147.56635803043798,1.0319722464803045,0.6988351498728471,copath_syn_app_REGION-RF_rank203_region331_cLH,331,cLH,203
beta,0.43716873783926685,0.5463237642997659,0.02378895166000565,326.6015658719283,496.7408037517416,1.0158542475969385,2.0448638592514827,copath_syn_app_REGION-RF_rank203_region331_cLH,331,cLH,203
gamma,0.08069437896378782,0.06096093240951741,0.003404540153343003,215.1914200532757,159.59630623380127,1.0222689603053141,1.3473210286459616,copath_syn_app_REGION-RF_rank203_region331_cLH,331,cLH,203
sigma,0.06328434911045044,0.011551468836814615,0.0007040972591827599,238.19055957929567,266.4474806154659,1.0219842026450692,1.4913194478975174,copath_syn_app_REGION-RF_rank203_region331_cLH,331,cLH,203
u0,0.012665644869727561,0.00677973041526198,0.00043382478518457494,234.78109799312776,191.4569962711928,1.0108042448001064,1.4699726893219787,copath_syn_app_REGION-RF_rank203_region331_cLH,331,cLH,203
alpha,0.8037469464865763,0.6035725565870308,0.01159327164402455,1918.5617241861196,1291.6008894373767,1.0001784789226844,27.580203904174915,copath_syn_app_REGION-RF_rank1_region332_cPVH,332,cPVH,401
beta,-0.010275892499008838,1.0124502113226506,0.021007096311241202,2328.1385621753925,2031.0558153603654,1.0018294687971598,33.468058625639955,copath_syn_app_REGION-RF_rank1_region332_cPVH,332,cPVH,401
gamma,0.07924992628733384,0.061764384305543506,0.001336161565485795,1395.4755616019827,930.8693563311859,1.0019580762455647,20.060600629673573,copath_syn_app_REGION-RF_rank1_region332_cPVH,332,cPVH,401
sigma,1.6433590490504804,2.029701195472302,0.04536886648890573,2724.9206706217983,2183.4782870633603,1.0015649635478143,39.17198324715435,copath_syn_app_REGION-RF_rank1_region332_cPVH,332,cPVH,401
u0,0.008228340694483315,0.006116082140334808,0.00011602179650318113,2004.6336903549302,1553.5368802821947,1.0007980858553969,28.81752785755258,copath_syn_app_REGION-RF_rank1_region332_cPVH,332,cPVH,401
alpha,0.45328469643891744,0.48597696633568455,0.023899550910134175,525.3455744049282,535.6513550532936,1.009313699555879,4.891075928506254,copath_syn_app_REGION-RF_rank238_region333_cARH,333,cARH,238
beta,-0.025241222073229395,0.6663809342608785,0.02072490780136914,1129.6097441142845,1060.1367443886318,1.0154601950485682,10.516900298059607,copath_syn_app_REGION-RF_rank238_region333_cARH,333,cARH,238
gamma,0.07847735526123657,0.06172527563997578,0.00209137900464655,664.0253765158307,546.1078416517641,1.0087393174280632,6.182213562325602,copath_syn_app_REGION-RF_rank238_region333_cARH,333,cARH,238
sigma,0.04259912591332594,0.008334775281343684,0.00044270086756006104,299.2038076944734,155.79449380435847,1.0179289449560633,2.7856493189069202,copath_syn_app_REGION-RF_rank238_region333_cARH,333,cARH,238
u0,0.012922316245303352,0.007013076762852962,0.0002818532488154765,498.9100131683935,389.5504478093856,1.007701062230138,4.64495538705689,copath_syn_app_REGION-RF_rank238_region333_cARH,333,cARH,238
alpha,0.787802731794395,0.5961020546608284,0.011886654035955643,1767.2316151216435,1139.1611513082992,1.0012273148379607,25.320681077480064,copath_syn_app_REGION-RF_rank1_region334_cADP,334,cADP,402
beta,0.028190413855853583,1.006469083477769,0.0195563222801386,2659.358442341296,2074.6479270658383,1.0015276181946116,38.10296647765275,copath_syn_app_REGION-RF_rank1_region334_cADP,334,cADP,402
gamma,0.08071012971105714,0.06024581138903449,0.0011637778030951095,1883.6542948675374,1327.9586308783298,1.001145892939884,26.988771167543593,copath_syn_app_REGION-RF_rank1_region334_cADP,334,cADP,402
sigma,1.744820314490757,2.4360578285997887,0.04900701133596906,2812.2089832280044,2223.619682263736,1.0002495575225026,40.292990561194436,copath_syn_app_REGION-RF_rank1_region334_cADP,334,cADP,402
u0,0.007963431696028539,0.005787969027948888,0.00011775322220084412,1704.3543715852222,1190.200586386557,1.001967429348547,24.419783528458353,copath_syn_app_REGION-RF_rank1_region334_cADP,334,cADP,402
alpha,0.7830484731778178,0.6106866236623788,0.01205691231745448,1740.8161123455643,1140.0635748627024,1.0004207287896425,24.538928297395923,copath_syn_app_REGION-RF_rank1_region335_cAVP,335,cAVP,403
beta,-0.023254699677334352,1.0097417415150518,0.018937879142387617,2852.6608360621367,2482.255763429433,1.00126828276099,40.211737021780586,copath_syn_app_REGION-RF_rank1_region335_cAVP,335,cAVP,403
gamma,0.07999413544162917,0.06056876230213866,0.0012052499688531262,1742.6060447704097,1236.7119334298907,1.002102493810134,24.564159580079355,copath_syn_app_REGION-RF_rank1_region335_cAVP,335,cAVP,403
sigma,1.7073890347896183,2.5424959522353325,0.05790436112077142,1863.9481233801116,2205.9439569379347,1.0062429134150521,26.27462431288129,copath_syn_app_REGION-RF_rank1_region335_cAVP,335,cAVP,403
u0,0.00805935224183394,0.006042585477328569,0.00011300152172223476,2051.091005257671,1263.2114945608212,1.0001458798816294,28.91263169757504,copath_syn_app_REGION-RF_rank1_region335_cAVP,335,cAVP,403
alpha,0.7996609307721315,0.5550022594779946,0.014547624339263633,956.9271503836557,643.120187572387,1.0044771925193083,11.519111508957852,copath_syn_app_REGION-RF_rank42_region336_cAVPV,336,cAVPV,42
beta,0.07766877312117902,0.9101130948260483,0.03230036187814526,751.7440451355105,836.3382089719726,1.0085889864871602,9.04919823691826,copath_syn_app_REGION-RF_rank42_region336_cAVPV,336,cAVPV,42
gamma,0.08018456288587217,0.05855540611896205,0.0016530719704696665,1120.1155710151934,1023.8504898604979,1.000782889960277,13.483509335345943,copath_syn_app_REGION-RF_rank42_region336_cAVPV,336,cAVPV,42
sigma,0.3127664557455127,0.2393239986828268,0.008188275390439748,274.80847740987275,118.72525783328248,1.0048898923162275,3.308036033487087,copath_syn_app_REGION-RF_rank42_region336_cAVPV,336,cAVPV,42
u0,0.008184267186793246,0.005887056339703596,0.00018180607926832618,851.07152578369,835.4343062329947,1.0010648448373716,10.244863262235505,copath_syn_app_REGION-RF_rank42_region336_cAVPV,336,cAVPV,42
alpha,0.6229537648042343,0.5919164232246885,0.06535834014525756,115.63296443383348,176.95390740485504,1.0354977017955216,0.8294274166242278,copath_syn_app_REGION-RF_rank179_region337_cDMH,337,cDMH,179
beta,0.2743187131115246,0.5688791826883285,0.0214469906144852,610.7158015627584,487.5801616854411,1.0061014669795325,4.380623052102447,copath_syn_app_REGION-RF_rank179_region337_cDMH,337,cDMH,179
gamma,0.08373646219383075,0.06213070615680599,0.00410821434375319,236.56933053117595,337.29338006454395,1.0163893590163553,1.696895773931957,copath_syn_app_REGION-RF_rank179_region337_cDMH,337,cDMH,179
sigma,0.06012301555532453,0.011710196598934585,0.0007659105685972407,157.48563207963142,58.17272117177625,1.0223897705283753,1.1296337649977506,copath_syn_app_REGION-RF_rank179_region337_cDMH,337,cDMH,179
u0,0.01528192903252207,0.007076557372495605,0.00030311401065160015,473.320881739338,225.12134634716352,1.0266059996695207,3.395098604429558,copath_syn_app_REGION-RF_rank179_region337_cDMH,337,cDMH,179
alpha,0.7886821637488832,0.6004495343591982,0.01124495270572379,1882.873613561405,1250.303614094745,1.0009788123475467,27.084691929592406,copath_syn_app_REGION-RF_rank1_region338_cMEPO,338,cMEPO,404
beta,0.015341642115528988,1.0135565676059828,0.01801355555426096,3169.9230966878777,2606.406449865554,1.0002198712816819,45.59859456094648,copath_syn_app_REGION-RF_rank1_region338_cMEPO,338,cMEPO,404
gamma,0.07955771770278193,0.05986234574137465,0.0011055819500425674,1965.727962369956,1012.7987973746158,1.0019326783619684,28.276532155268505,copath_syn_app_REGION-RF_rank1_region338_cMEPO,338,cMEPO,404
sigma,1.6936822626945953,2.322262068801768,0.0495726310721374,3018.2281402016883,2480.605455193919,1.0007107578102707,43.41649846373153,copath_syn_app_REGION-RF_rank1_region338_cMEPO,338,cMEPO,404
u0,0.007966301317636211,0.005963888326215375,0.00011484121660177732,1603.5390158575901,887.5231355466711,1.0008554566240602,23.066529760027475,copath_syn_app_REGION-RF_rank1_region338_cMEPO,338,cMEPO,404
alpha,0.7852908730059068,0.6210037525709309,0.01241388491801251,1581.2922571426968,881.8852325337828,1.0002358237874558,21.59822243208535,copath_syn_app_REGION-RF_rank1_region339_cMPO,339,cMPO,405
beta,0.015412746720448543,0.9983788202626327,0.01974359933716405,2566.326160702282,2315.19450087158,1.0013099447617335,35.05239654577379,copath_syn_app_REGION-RF_rank1_region339_cMPO,339,cMPO,405
gamma,0.07813386228907353,0.05955653671597275,0.0012574061542375231,1448.8509133277184,1094.6246947252196,1.0011317051282689,19.789260432809552,copath_syn_app_REGION-RF_rank1_region339_cMPO,339,cMPO,405
sigma,1.627554637928203,2.135980841249432,0.0473161435482133,2473.3275718337622,2180.4336939299847,1.0007460735538911,33.782166960332205,copath_syn_app_REGION-RF_rank1_region339_cMPO,339,cMPO,405
u0,0.008040821933052954,0.005964934497668987,0.00012011773681038285,1663.4612133733833,1055.410818735801,1.005011005706275,22.720534506697945,copath_syn_app_REGION-RF_rank1_region339_cMPO,339,cMPO,405
alpha,0.8161273829076391,0.6194434319835187,0.013350648778689175,1496.1461507111492,997.2606560366545,1.0026948807363492,21.045507176873997,copath_syn_app_REGION-RF_rank1_region340_cPS,340,cPS,406
beta,-0.001681310143846897,0.9983571300811205,0.020896002547039043,2278.010588751983,1966.2262340445036,1.0024167445991217,32.043586231055734,copath_syn_app_REGION-RF_rank1_region340_cPS,340,cPS,406
gamma,0.07774048088368107,0.059531696874954736,0.001164495763953238,1704.4488025157718,1122.6369356858856,1.000146799668083,23.9755918824573,copath_syn_app_REGION-RF_rank1_region340_cPS,340,cPS,406
sigma,1.6194102809761066,1.9893019974595572,0.04315899054907589,2302.4776992218785,2293.419524130929,1.0025787229440137,32.387752306506854,copath_syn_app_REGION-RF_rank1_region340_cPS,340,cPS,406
u0,0.00802763206004645,0.006159423755478376,0.00013005906637565383,1427.2109031643727,957.2864355688571,1.0007090030634282,20.07583102170982,copath_syn_app_REGION-RF_rank1_region340_cPS,340,cPS,406
alpha,0.7948866843871891,0.5971284096705343,0.010321630553614437,2248.152570134494,1416.845829895699,0.999898071295547,31.804328520583617,copath_syn_app_REGION-RF_rank1_region341_cVLPO,341,cVLPO,407
beta,-0.0026771380544444645,1.028066140356832,0.018610366629783257,3051.11795306741,2245.2571856554428,1.0010440618768464,43.163777682847055,copath_syn_app_REGION-RF_rank1_region341_cVLPO,341,cVLPO,407
gamma,0.07830791344683743,0.059841033332969806,0.001174436711199864,1822.673915858739,1200.6147672927784,1.0016430371972336,25.785136105065135,copath_syn_app_REGION-RF_rank1_region341_cVLPO,341,cVLPO,407
sigma,1.582845509058872,1.9135214379250498,0.035571414880695006,2958.826825805978,2064.069584524192,1.000307141445671,41.85814684179521,copath_syn_app_REGION-RF_rank1_region341_cVLPO,341,cVLPO,407
u0,0.007911486990364787,0.005980298000784088,0.00010872657579480198,1974.477597665042,1186.0899100887104,1.0004220952141616,27.932683487275483,copath_syn_app_REGION-RF_rank1_region341_cVLPO,341,cVLPO,407
alpha,0.7178235380389362,0.5811292027675855,0.012112775597356993,1382.0517794800962,943.3694052398239,1.0001620282180967,17.87166734961072,copath_syn_app_REGION-RF_rank351_region342_cAHN,342,cAHN,351
beta,-0.37459022853428153,0.8528139351532936,0.020956398467705074,1675.8361407375398,1640.546938503947,1.0019053782280938,21.670668555546733,copath_syn_app_REGION-RF_rank351_region342_cAHN,342,cAHN,351
gamma,0.0805136533057389,0.05949528313605305,0.0011849610122583213,1758.9224835994212,1078.153487676902,1.000402167179486,22.7450794444657,copath_syn_app_REGION-RF_rank351_region342_cAHN,342,cAHN,351
sigma,0.24677538883500852,0.32199404812929655,0.007363119224436255,2161.5873670643546,1995.3157823442903,1.0013703510613166,27.952042712775498,copath_syn_app_REGION-RF_rank351_region342_cAHN,342,cAHN,351
u0,0.007803911367925038,0.006009081570878165,0.00011628154580806967,1578.1314985178983,957.0967102975602,1.0010723518549205,20.40722467436376,copath_syn_app_REGION-RF_rank351_region342_cAHN,342,cAHN,351
alpha,0.5796727004502445,0.5201530135329099,0.017781507446460315,776.6820535159508,1205.862156307044,1.0032328821230936,7.637968014750665,copath_syn_app_REGION-RF_rank120_region343_cLM,343,cLM,120
beta,-0.044746970031413695,0.7569172833916042,0.02841453376051447,686.0312985537507,880.4492997245255,1.007209694874699,6.746499538325948,copath_syn_app_REGION-RF_rank120_region343_cLM,343,cLM,120
gamma,0.08226120134229283,0.05829908415318515,0.0018792237965377908,588.7049272326256,205.59508724803632,1.0156610024294868,5.789382391383614,copath_syn_app_REGION-RF_rank120_region343_cLM,343,cLM,120
sigma,0.10664298775523046,0.01922899168351047,0.0006832562846157703,776.4927106070186,922.1454693200601,1.0059369053917557,7.636105997885852,copath_syn_app_REGION-RF_rank120_region343_cLM,343,cLM,120
u0,0.011002934684741653,0.007234542588381846,0.000250219573499183,740.6520854649308,788.7388753112235,1.005660174769718,7.2836457508327594,copath_syn_app_REGION-RF_rank120_region343_cLM,343,cLM,120
alpha,1.0642890173740018,0.7700708852117362,0.03814292211467613,445.3327533786366,815.3178137242429,1.0167372344702403,2.498514653799879,copath_syn_app_REGION-RF_rank121_region344_cMM,344,cMM,121
beta,0.4649180880083516,0.3909491377945666,0.017049148469180264,571.9986104269777,685.5655489999084,1.0097004483754741,3.209166402566092,copath_syn_app_REGION-RF_rank121_region344_cMM,344,cMM,121
gamma,0.10256549239965052,0.06915017665259847,0.002717620382064204,516.7967572443818,417.1715310742415,1.0080849795418032,2.8994594743259428,copath_syn_app_REGION-RF_rank121_region344_cMM,344,cMM,121
sigma,0.10004784191464329,0.01880847728186153,0.0009107977560258963,335.88973199753076,527.9562209183584,1.0183047661880913,1.8844906670118815,copath_syn_app_REGION-RF_rank121_region344_cMM,344,cMM,121
u0,0.01592628302541426,0.007120086984075667,0.00023196458532476167,826.9230482515544,650.2616145874503,1.00137781588202,4.63940578802369,copath_syn_app_REGION-RF_rank121_region344_cMM,344,cMM,121
alpha,2.4239261256692695,0.8171579117247993,0.036642787798071924,641.508901494431,310.1111930854193,1.002396665963723,6.585522332920287,copath_syn_app_REGION-RF_rank25_region345_cSUM,345,cSUM,25
beta,0.5604129631081362,0.20044153054603195,0.009723089842718004,874.3631371296208,454.00188815312885,1.0058127835977733,8.97592839824273,copath_syn_app_REGION-RF_rank25_region345_cSUM,345,cSUM,25
gamma,0.16057768496366737,0.0700311388219189,0.002307155554817887,932.6570451845564,933.9799469559473,1.0016290690567489,9.574354752849304,copath_syn_app_REGION-RF_rank25_region345_cSUM,345,cSUM,25
sigma,0.21635287955487745,0.046525586096725205,0.0017656138587736551,799.8218441312808,867.077527059262,1.0019825298552736,8.210711659048997,copath_syn_app_REGION-RF_rank25_region345_cSUM,345,cSUM,25
u0,0.015087877832513474,0.00688846785597217,0.0001417691758699142,1784.378979349444,1076.2083500714234,1.0055247443473816,18.317855904297662,copath_syn_app_REGION-RF_rank25_region345_cSUM,345,cSUM,25
alpha,0.7323573579597439,0.5922605304355841,0.012133201463371057,1606.3961165173855,1191.9777996885566,0.9999456051401442,22.65433325131345,copath_syn_app_REGION-RF_rank352_region346_cTM,346,cTM,352
beta,-0.1460743047732624,0.8804721332044722,0.02125651774244402,1718.9484669200635,1564.2335821424454,1.004105481205608,24.241612022734255,copath_syn_app_REGION-RF_rank352_region346_cTM,346,cTM,352
gamma,0.07971428963198898,0.060566698084338885,0.0012231206231202137,1686.3925656076672,1080.1387991822016,1.0017684379602194,23.782489748941135,copath_syn_app_REGION-RF_rank352_region346_cTM,346,cTM,352
sigma,0.6205365406712268,0.7630618596415679,0.01587233368110894,2102.26967253521,2065.4521493475972,1.0007424372967468,29.64743082733094,copath_syn_app_REGION-RF_rank352_region346_cTM,346,cTM,352
u0,0.0075729486621930655,0.006076462641206111,0.000132910096735123,1317.9294406825204,838.8927770635543,1.002471008395285,18.58620824835381,copath_syn_app_REGION-RF_rank352_region346_cTM,346,cTM,352
alpha,0.8016986118608138,0.6039419413515431,0.010603220655503344,2350.226854142281,1557.638823795962,1.0010882654910973,34.07558037642315,copath_syn_app_REGION-RF_rank1_region347_cMPN,347,cMPN,408
beta,-0.029163872276795715,0.9775200930478422,0.018663751429722847,2750.115382450127,2372.8512643524964,1.0014060826509277,39.87350310203023,copath_syn_app_REGION-RF_rank1_region347_cMPN,347,cMPN,408
gamma,0.0789245353580914,0.06010926359084754,0.0012125586211394065,1589.5530667764094,940.3394626243673,1.000642279318374,23.046687256621034,copath_syn_app_REGION-RF_rank1_region347_cMPN,347,cMPN,408
sigma,1.6316232525846137,2.1029425624368585,0.0433777022310447,2829.1371246057697,2180.173892561446,1.0006998985867759,41.01922727821504,copath_syn_app_REGION-RF_rank1_region347_cMPN,347,cMPN,408
u0,0.007900296003732892,0.006022505893964501,0.00011743155840227659,1822.5506248430975,1429.6855270112599,1.001814511111102,26.424883282003993,copath_syn_app_REGION-RF_rank1_region347_cMPN,347,cMPN,408
alpha,0.7625377564270053,0.5989586648960801,0.012337967503182622,1620.1749595195479,1263.8520669391396,1.0010394007759167,19.903869281566926,copath_syn_app_REGION-RF_rank353_region348_cPMd,348,cPMd,353
beta,-0.598315323877397,0.7613226191022011,0.021701863505495526,1261.2024691243516,1560.060337749676,1.0022097619423327,15.493887827080487,copath_syn_app_REGION-RF_rank353_region348_cPMd,348,cPMd,353
gamma,0.07923298813524288,0.05820117860570633,0.0012139903719848128,1714.0712273531326,1445.4125701363332,1.0005854017261049,21.057386085419317,copath_syn_app_REGION-RF_rank353_region348_cPMd,348,cPMd,353
sigma,0.03622913900431497,0.043891434020299006,0.0012150280499258583,1649.537363689395,2013.4872172166185,1.0031285589590437,20.264586777510996,copath_syn_app_REGION-RF_rank353_region348_cPMd,348,cPMd,353
u0,0.007096234499421808,0.005735609734912941,0.00012740339729164858,1292.9314605453246,864.267784643203,1.0031742984806002,15.883678876478188,copath_syn_app_REGION-RF_rank353_region348_cPMd,348,cPMd,353
alpha,0.7701850564660367,0.5994220957045521,0.013777224029842217,1096.1855540106435,922.4651868863488,1.0042686248227435,13.260576471428578,copath_syn_app_REGION-RF_rank354_region349_cPMv,349,cPMv,354
beta,-0.6177815314502326,0.7258083007652903,0.020529017372661527,1284.7897774566609,1558.598872183789,1.0030226088569518,15.54212517337036,copath_syn_app_REGION-RF_rank354_region349_cPMv,349,cPMv,354
gamma,0.07906103548548088,0.0611397519785876,0.0013138445419923876,1285.7370652801485,632.6826759838916,1.0017605488190167,15.55358453130283,copath_syn_app_REGION-RF_rank354_region349_cPMv,349,cPMv,354
sigma,0.035186062589619566,0.043562071961623816,0.0009896529796505104,1813.6165890314246,1734.9815014365633,1.000138683685456,21.939352676845395,copath_syn_app_REGION-RF_rank354_region349_cPMv,349,cPMv,354
u0,0.007146468967051835,0.005848368716414827,0.00014572565701412608,1038.3874826274161,797.4698376937733,1.0073080538402348,12.561392156625127,copath_syn_app_REGION-RF_rank354_region349_cPMv,349,cPMv,354
alpha,0.5124042912484303,0.47347097804119054,0.023622752760477827,443.83919043797783,351.42100465694017,1.0053637658448964,2.7181205741842858,copath_syn_app_REGION-RF_rank215_region350_cVMH,350,cVMH,215
beta,0.3414394175417551,0.5173229237000142,0.02034348332493369,704.45707946135,466.39323503870327,1.0062049457070157,4.314173517269075,copath_syn_app_REGION-RF_rank215_region350_cVMH,350,cVMH,215
gamma,0.08125166996031545,0.06251079273089337,0.0018411072763061427,824.1574401648668,681.2789072520579,1.0019696373426923,5.047231841488814,copath_syn_app_REGION-RF_rank215_region350_cVMH,350,cVMH,215
sigma,0.047384285725491616,0.008928628216197547,0.0004229969470987265,431.85308264425316,505.18039457981223,1.0132778692273585,2.644716316740584,copath_syn_app_REGION-RF_rank215_region350_cVMH,350,cVMH,215
u0,0.014576864005858371,0.007031273369789414,0.00030214475218548145,454.78937476251144,169.60294337597506,1.0097104554912621,2.785180721068238,copath_syn_app_REGION-RF_rank215_region350_cVMH,350,cVMH,215
alpha,0.5487972511958954,0.4891451990844594,0.030047582281064644,343.628368464835,191.61850318385055,1.0120700125511426,2.2998558924915167,copath_syn_app_REGION-RF_rank145_region351_cPH,351,cPH,145
beta,0.33173266703444587,0.5864087877591693,0.020189567234352754,773.7022823204077,784.220939900659,1.0045563771299242,5.178279549439524,copath_syn_app_REGION-RF_rank145_region351_cPH,351,cPH,145
gamma,0.08396579578124155,0.0640238611602281,0.0027339156684034714,366.78407360085174,229.33072133214628,1.0151609816669436,2.454833740041708,copath_syn_app_REGION-RF_rank145_region351_cPH,351,cPH,145
sigma,0.06666012372791963,0.012776381463935567,0.0004717829629710233,684.564762581954,1080.5679857330792,1.0054377603930764,4.58169478279637,copath_syn_app_REGION-RF_rank145_region351_cPH,351,cPH,145
u0,0.013706327626631995,0.006973118762763752,0.0002614044384819473,642.626786447752,552.4610671586112,1.0042735598747847,4.30100986157665,copath_syn_app_REGION-RF_rank145_region351_cPH,351,cPH,145
alpha,2.663605787502238,0.5806583629730494,0.013343993572213731,1932.3695573878174,1772.470063152355,1.0008031243235376,19.52243395150449,copath_syn_app_REGION-RF_rank92_region352_cLHA,352,cLHA,92
beta,0.2854734325313935,0.043873693717074565,0.001109621627815986,1671.9161100139188,2146.315028457418,1.0010290426594601,16.89111262667878,copath_syn_app_REGION-RF_rank92_region352_cLHA,352,cLHA,92
gamma,0.23659090457141083,0.06631736893293871,0.0017107984290111948,1495.4328883647029,1550.583609590545,1.002467459342823,15.108129643417014,copath_syn_app_REGION-RF_rank92_region352_cLHA,352,cLHA,92
sigma,0.051037342049344084,0.010821946069898274,0.00023332073634051286,2389.5585316385204,1954.0524234312118,1.0012871170989435,24.141344200344715,copath_syn_app_REGION-RF_rank92_region352_cLHA,352,cLHA,92
u0,0.017152701694950104,0.0063753956133018415,0.00013156252951873384,2170.845402794385,1720.6031628847632,1.0011830025081156,21.931718926616806,copath_syn_app_REGION-RF_rank92_region352_cLHA,352,cLHA,92
alpha,0.6818562947925001,0.5551371681415314,0.014705231698954567,1177.0160475210141,1296.6548869066328,1.0083899833220873,13.920782102175185,copath_syn_app_REGION-RF_rank201_region353_cLPO,353,cLPO,201
beta,-0.27779132318996025,0.7974658116921428,0.021089829681133213,1452.0417785891202,1565.4998083385426,1.0009599080381018,17.1735612658528,copath_syn_app_REGION-RF_rank201_region353_cLPO,353,cLPO,201
gamma,0.07981091401749936,0.061102761002078156,0.0014568365053437083,1070.0272611949654,685.8055271567697,1.004580146240261,12.655406336944155,copath_syn_app_REGION-RF_rank201_region353_cLPO,353,cLPO,201
sigma,0.09076679913974904,0.03557620066689787,0.0010635024699098732,1430.3204621517252,1250.3554986562426,1.0026435038518358,16.916659319839212,copath_syn_app_REGION-RF_rank201_region353_cLPO,353,cLPO,201
u0,0.00858052831031121,0.006338878804121901,0.00012736244466624345,1672.7465482326354,1067.589033328335,1.0009668955172966,19.783876574288126,copath_syn_app_REGION-RF_rank201_region353_cLPO,353,cLPO,201
alpha,0.6162485100609578,0.5638793841601043,0.023781982963533156,684.664362210285,268.04307401923154,1.0027984703161295,7.445726800468551,copath_syn_app_REGION-RF_rank248_region354_cPST,354,cPST,248
beta,-0.1365572605241187,0.7465513187286762,0.024593393886455504,937.0761383955986,1095.9696417825394,1.0050835722078686,10.190705552728524,copath_syn_app_REGION-RF_rank248_region354_cPST,354,cPST,248
gamma,0.08355339649161755,0.06205477596846083,0.001723616047855268,961.1534302268578,749.3009880524166,1.0029100519397989,10.45254616685362,copath_syn_app_REGION-RF_rank248_region354_cPST,354,cPST,248
sigma,0.06071262627336344,0.012001864342976263,0.00046433844913388,652.1561120896514,995.9125816433211,1.012045916363461,7.092199492024832,copath_syn_app_REGION-RF_rank248_region354_cPST,354,cPST,248
u0,0.009323205448555827,0.006448141020835867,0.00023419753223780112,600.1384839040018,529.5226812221159,1.0027108129691364,6.526507644082931,copath_syn_app_REGION-RF_rank248_region354_cPST,354,cPST,248
alpha,0.6305140519723644,0.5575942328120544,0.015486871301315914,866.1646993070849,850.2086673835524,1.0040784532543245,9.248758161140017,copath_syn_app_REGION-RF_rank149_region355_cPSTN,355,cPSTN,149
beta,-0.2461579914824843,0.8065110086671385,0.02619047993122498,941.5407788052663,1355.7294870454418,1.0020911006564959,10.053611015304172,copath_syn_app_REGION-RF_rank149_region355_cPSTN,355,cPSTN,149
gamma,0.07919656609794574,0.06096510085656064,0.0015461361644748723,1095.4444491883053,853.6720735930096,1.0040336648866381,11.696968021914163,copath_syn_app_REGION-RF_rank149_region355_cPSTN,355,cPSTN,149
sigma,0.06782608709543891,0.021423100034882618,0.0006090241458527069,1236.6189804242917,1238.3219698251048,1.0008461192772138,13.204405463036473,copath_syn_app_REGION-RF_rank149_region355_cPSTN,355,cPSTN,149
u0,0.008479647972330353,0.006228309052707273,0.00015606445079046765,1181.4250030024132,753.0810707482053,1.0016469276971283,12.615053634758608,copath_syn_app_REGION-RF_rank149_region355_cPSTN,355,cPSTN,149
alpha,0.664980053886748,0.5203309886062527,0.02304620497457817,417.33087871840587,567.661801671727,1.008987757914952,4.159623625456308,copath_syn_app_REGION-RF_rank132_region356_cPeF,356,cPeF,132
beta,0.20994289749612438,0.7901272694680372,0.06300177099184694,124.13634694457782,727.4845916935009,1.042332463370177,1.2372927762120407,copath_syn_app_REGION-RF_rank132_region356_cPeF,356,cPeF,132
gamma,0.08523725645315348,0.05886511244388883,0.0029194744110881475,330.03537966653295,330.0305650790519,1.009202888037853,3.2895312388893836,copath_syn_app_REGION-RF_rank132_region356_cPeF,356,cPeF,132
sigma,0.12968540899299197,0.04798447662080652,0.0029874766578062983,180.81385281004543,141.51987760234246,1.0274812010044396,1.8022092596362511,copath_syn_app_REGION-RF_rank132_region356_cPeF,356,cPeF,132
u0,0.009293649684185399,0.006712751571355687,0.0006636198314717809,60.574578763504604,16.013499980321587,1.0641240534130303,0.6037594191460556,copath_syn_app_REGION-RF_rank132_region356_cPeF,356,cPeF,132
alpha,0.72874288931595,0.5654018233055221,0.010913739363499287,1784.2193036589845,1326.903228250206,1.00070738397237,23.462368877508144,copath_syn_app_REGION-RF_rank355_region357_cRCH,357,cRCH,355
beta,-0.1731509912347135,0.9068820758876737,0.01862292909347426,2372.1468236423475,1802.0175842304761,1.0021175730683833,31.193577882365243,copath_syn_app_REGION-RF_rank355_region357_cRCH,357,cRCH,355
gamma,0.07945158385855511,0.06001111653124765,0.001127114329103189,1708.307784291785,1194.8918537923364,1.0012372669660867,22.464137289164256,copath_syn_app_REGION-RF_rank355_region357_cRCH,357,cRCH,355
sigma,0.6121977823124357,0.7007807135074516,0.014331115333528644,2227.1105640150063,1862.4338456200571,1.0016056998763327,29.286360413631304,copath_syn_app_REGION-RF_rank355_region357_cRCH,357,cRCH,355
u0,0.007879981473488467,0.005843199331604622,0.00011329122883894666,1800.0639107093384,1161.8528825855449,1.0006439751863374,23.670724439278047,copath_syn_app_REGION-RF_rank355_region357_cRCH,357,cRCH,355
alpha,0.4988668218418424,0.46545581035475386,0.0272133169335145,351.0993834293251,351.7350177231559,1.005546432416002,2.3661698673657026,copath_syn_app_REGION-RF_rank214_region358_cSTN,358,cSTN,214
beta,0.2823163475700964,0.645562705546297,0.024396194414076738,702.6186740007499,877.1875398500961,1.0047955133061603,4.735169621862005,copath_syn_app_REGION-RF_rank214_region358_cSTN,358,cSTN,214
gamma,0.08122953805901287,0.060948499594962645,0.002806783207840229,344.40349759572314,329.91158173283566,1.0071358482556099,2.321044173495098,copath_syn_app_REGION-RF_rank214_region358_cSTN,358,cSTN,214
sigma,0.05262506040307818,0.009643635697548716,0.0003950538343826144,549.9039865929028,861.3191463957551,1.003424870412658,3.7059770094478663,copath_syn_app_REGION-RF_rank214_region358_cSTN,358,cSTN,214
u0,0.011564118347931562,0.006393890481383585,0.0002930809705074308,454.3932197219542,546.3218914416532,1.0072725376799823,3.0622997224881163,copath_syn_app_REGION-RF_rank214_region358_cSTN,358,cSTN,214
alpha,1.0101973344640358,0.7850255159238796,0.04786601947296066,328.5426001960355,258.50170755653113,1.0087485995838634,1.7241714826793642,copath_syn_app_REGION-RF_rank122_region359_cTU,359,cTU,122
beta,0.4098732646032439,0.4182441227759471,0.01728915134116777,481.2052671882371,592.4135549559917,1.0099250684766161,2.5253358270921544,copath_syn_app_REGION-RF_rank122_region359_cTU,359,cTU,122
gamma,0.09431571460357048,0.07121192570269202,0.00229165117159873,681.1908900547187,473.17361426149773,1.007761040580835,3.574848151175899,copath_syn_app_REGION-RF_rank122_region359_cTU,359,cTU,122
sigma,0.08574567329657226,0.01760542191904421,0.0007862144036383865,403.7001116064927,251.49173917048705,1.0064891766466029,2.118593508333689,copath_syn_app_REGION-RF_rank122_region359_cTU,359,cTU,122
u0,0.015896721177535433,0.0070643585984946095,0.0002357114138175004,816.0290395514859,633.7700025400974,1.0064393240284486,4.282470517349612,copath_syn_app_REGION-RF_rank122_region359_cTU,359,cTU,122
alpha,0.7180450170395822,0.5803524480028388,0.013251336861513502,1337.1880882333505,1061.2913378161181,1.0011136971175456,16.303990541276708,copath_syn_app_REGION-RF_rank256_region360_cFF,360,cFF,256
beta,-0.522618975279666,0.7252507679269815,0.021249627847831205,1182.702824543757,1185.2430927691805,1.002417433451801,14.42039144244729,copath_syn_app_REGION-RF_rank256_region360_cFF,360,cFF,256
gamma,0.08054763772563972,0.06132276186926132,0.0013186684581221447,1412.0244383915708,914.1875845395722,1.001218656197289,17.216450916791487,copath_syn_app_REGION-RF_rank256_region360_cFF,360,cFF,256
sigma,0.034132317898067956,0.02082475956786632,0.0006556346053714507,1358.3877792986757,1096.5194249854299,1.0006761483432216,16.56247292355974,copath_syn_app_REGION-RF_rank256_region360_cFF,360,cFF,256
u0,0.0074404565385418125,0.005816945964187693,0.00014294150488461865,1039.359185568751,883.3824447155934,1.0011041864093906,12.672639309022031,copath_syn_app_REGION-RF_rank256_region360_cFF,360,cFF,256
alpha,0.6471156078779452,0.5615918929905499,0.03167901585313039,376.34840163776016,1088.7842196425488,1.0209276434692152,4.306439967477116,copath_syn_app_REGION-RF_rank220_region361_cME,361,cME,220
beta,-0.24093258757326275,0.7295101554582399,0.02312367759666699,952.629703246149,1460.4414523267976,1.0066761874099368,10.900651126489256,copath_syn_app_REGION-RF_rank220_region361_cME,361,cME,220
gamma,0.08114320907149046,0.06050313794503024,0.002560535447306084,476.7291146828488,510.4315802945534,1.005622066076995,5.455065849080565,copath_syn_app_REGION-RF_rank220_region361_cME,361,cME,220
sigma,0.06678335222519875,0.011330750544834105,0.0003277205318246676,1197.9338220594527,1351.5576843450485,1.0070111557113917,13.707591336271658,copath_syn_app_REGION-RF_rank220_region361_cME,361,cME,220
u0,0.008493927187175638,0.005994976434675678,0.0001497463830330532,1142.009642528585,790.3704922803611,1.004465274399369,13.067668007696184,copath_syn_app_REGION-RF_rank220_region361_cME,361,cME,220
alpha,0.6045798609609453,0.4926838736061766,0.042877420729280906,205.41720880926567,218.6664236762185,1.029902062955355,1.2575896512180924,copath_syn_app_REGION-RF_rank189_region362_cSCs,362,cSCs,189
beta,0.4815289272455536,0.5159371301758368,0.023777249742259355,475.69316337473543,570.5693054242684,1.0088599329231287,2.912252595013747,copath_syn_app_REGION-RF_rank189_region362_cSCs,362,cSCs,189
gamma,0.08702728851433826,0.06047188526660406,0.002407417297057119,490.38939981887773,541.8959921613973,1.0047645899417876,3.0022247788007843,copath_syn_app_REGION-RF_rank189_region362_cSCs,362,cSCs,189
sigma,0.07356295660936624,0.01374814911122455,0.0007489582452978714,324.4697580042729,485.20644281321074,1.0072320323920236,1.9864441356434528,copath_syn_app_REGION-RF_rank189_region362_cSCs,362,cSCs,189
u0,0.013556110041948446,0.006728189525351144,0.0003860795903107137,293.4127592285469,345.03929385239655,1.0180729743925911,1.7963093339652196,copath_syn_app_REGION-RF_rank189_region362_cSCs,362,cSCs,189
alpha,0.4024448805614127,0.4244058363301053,0.025249511563017666,339.3259204602493,333.20370907888645,1.0054245959439099,2.833666703913629,copath_syn_app_REGION-RF_rank284_region363_cIC,363,cIC,284
beta,0.11630358739051644,0.5518924251714656,0.018319553088901663,836.2133820460394,1015.7377640488847,1.0056528972388346,6.983109380081833,copath_syn_app_REGION-RF_rank284_region363_cIC,363,cIC,284
gamma,0.07992886785493775,0.059310363702048,0.002402398923727522,545.8343965448203,489.36883024547313,1.0093093477780004,4.55819217477386,copath_syn_app_REGION-RF_rank284_region363_cIC,363,cIC,284
sigma,0.023560228783053753,0.004278935498474059,0.00019825851899117145,479.2803876411658,837.7488145455584,1.0063221037460248,4.0024082877473175,copath_syn_app_REGION-RF_rank284_region363_cIC,363,cIC,284
u0,0.011791765173383189,0.005463223202415438,0.00027124789745567885,360.50658924730624,247.10070844887298,1.0059800785129545,3.010543718870513,copath_syn_app_REGION-RF_rank284_region363_cIC,363,cIC,284
alpha,0.6456282134057674,0.6256604437693537,0.025993538401515182,710.5291784298873,771.7130515861006,1.0084956964139817,7.866536523697036,copath_syn_app_REGION-RF_rank313_region364_cSAG,364,cSAG,313
beta,-0.41649559195570823,0.6844878046765918,0.019568433272268135,1214.3096298049152,1413.2372084237977,1.006360347756447,13.444079911040546,copath_syn_app_REGION-RF_rank313_region364_cSAG,364,cSAG,313
gamma,0.07849926477856814,0.05934659249991257,0.0017134907441077878,750.4105160769188,378.8810088899928,1.0027375741753235,8.308077854775847,copath_syn_app_REGION-RF_rank313_region364_cSAG,364,cSAG,313
sigma,0.022817761993207935,0.004096883714945507,0.00012122662145549638,1142.239457015492,1519.9035539788729,1.00170352982409,12.646163845482237,copath_syn_app_REGION-RF_rank313_region364_cSAG,364,cSAG,313
u0,0.007983985822144532,0.005799233519844152,0.00017127352918041032,875.6464506883856,758.5210545584531,1.0069466020406073,9.694612121922274,copath_syn_app_REGION-RF_rank313_region364_cSAG,364,cSAG,313
alpha,1.874190953766989,0.28355600352918736,0.008966828153669754,NaN,NaN,NaN,NaN,copath_syn_app_REGION-RF_rank356_region365_cPBG,365,cPBG,356
beta,-1.7656996489553192,0.21197196080679223,0.0067031419624140635,NaN,NaN,NaN,NaN,copath_syn_app_REGION-RF_rank356_region365_cPBG,365,cPBG,356
gamma,0.12554683258351798,0.05380353539622749,0.0017014171802156885,NaN,NaN,NaN,NaN,copath_syn_app_REGION-RF_rank356_region365_cPBG,365,cPBG,356
u0,0.0014242827391968292,0.0003757892411386969,1.1883499221845294e-5,NaN,NaN,NaN,NaN,copath_syn_app_REGION-RF_rank356_region365_cPBG,365,cPBG,356
sigma,1.6240069182954713e-7,2.9576555319605755e-8,9.352928015192353e-10,NaN,NaN,NaN,NaN,copath_syn_app_REGION-RF_rank356_region365_cPBG,365,cPBG,356
alpha,3.0031150311481944,0.1032666801276865,0.0032655791560753694,NaN,NaN,NaN,NaN,copath_syn_app_REGION-RF_rank357_region366_cSCO,366,cSCO,357
beta,-1.2925373127473299,0.05269403662857719,0.0016663317485464395,NaN,NaN,NaN,NaN,copath_syn_app_REGION-RF_rank357_region366_cSCO,366,cSCO,357
gamma,0.02013694380960814,0.006026744418909043,0.0001905823923946053,NaN,NaN,NaN,NaN,copath_syn_app_REGION-RF_rank357_region366_cSCO,366,cSCO,357
u0,0.011488594251247554,0.0011799004238141726,3.731172751450761e-5,NaN,NaN,NaN,NaN,copath_syn_app_REGION-RF_rank357_region366_cSCO,366,cSCO,357
sigma,1.6738908930490764e-7,1.6979647105355057e-8,5.369435871880699e-10,NaN,NaN,NaN,NaN,copath_syn_app_REGION-RF_rank357_region366_cSCO,366,cSCO,357
alpha,0.7861904343968303,0.5916895591326069,0.011470311284377708,1744.3471125210322,1073.5313666294082,1.001343490377028,25.566065932683056,copath_syn_app_REGION-RF_rank1_region367_cSNr,367,cSNr,409
beta,0.0013505761423176113,1.04924971830021,0.02029015191566568,2686.560929460557,2384.972341032726,1.000985708123506,39.37564568527396,copath_syn_app_REGION-RF_rank1_region367_cSNr,367,cSNr,409
gamma,0.08074529575705483,0.06091885968469937,0.0011391268905337644,2177.65098780064,1701.8470086829354,1.0007467419076608,31.916794732454527,copath_syn_app_REGION-RF_rank1_region367_cSNr,367,cSNr,409
sigma,1.5741446025787018,1.9328868169740694,0.039184237439453075,2730.088219816835,2542.215667559444,1.0005048451411822,40.01360447634928,copath_syn_app_REGION-RF_rank1_region367_cSNr,367,cSNr,409
u0,0.007943362756728153,0.006052355955902392,0.0001218435541065458,1550.4462723142246,897.6338337331356,1.000922629912043,22.72415354635455,copath_syn_app_REGION-RF_rank1_region367_cSNr,367,cSNr,409
alpha,2.5344078194313195,0.5425449891805062,0.015303316797822588,1392.5486622008127,1569.3888455640815,1.0013360283527435,14.14688537817659,copath_syn_app_REGION-RF_rank72_region368_cVTA,368,cVTA,72
beta,0.37372869009345877,0.060368821420070856,0.001587212696160693,1568.6544731631282,1513.0799593119052,1.0005658864693097,15.935942227491523,copath_syn_app_REGION-RF_rank72_region368_cVTA,368,cVTA,72
gamma,0.24084642534696976,0.06792060087946362,0.0017318678844847144,1577.8177281805854,1107.65451870567,1.0023670129815978,16.02903162676472,copath_syn_app_REGION-RF_rank72_region368_cVTA,368,cVTA,72
sigma,0.07462390364563869,0.015039987595821614,0.00037378701770440835,2028.1006955248308,1592.7938924858802,1.0017265244157019,20.603450962816385,copath_syn_app_REGION-RF_rank72_region368_cVTA,368,cVTA,72
u0,0.014027719873916095,0.006350483748828579,0.00013704152906622255,1755.0999269182605,1206.0913016570069,1.0018370970033894,17.830039385566725,copath_syn_app_REGION-RF_rank72_region368_cVTA,368,cVTA,72
alpha,0.7521827774458623,0.5636299867974291,0.02619488686594866,568.5663846494848,576.3498804258086,1.0078791931150621,4.6127404238965175,copath_syn_app_REGION-RF_rank70_region369_cPN,369,cPN,70
beta,0.21421747580218972,0.8266252513664285,0.03466516996264748,539.7031211742151,866.5107013422404,1.0037746131125862,4.378574729630173,copath_syn_app_REGION-RF_rank70_region369_cPN,369,cPN,70
gamma,0.07774036466696405,0.05909731849300996,0.0027205698848317347,353.9543025615017,388.71678621811446,1.0075476822897809,2.8716071926131894,copath_syn_app_REGION-RF_rank70_region369_cPN,369,cPN,70
sigma,0.3073807541792576,0.053160397021686324,0.002548775901493391,347.79967261633556,259.44579527051843,1.0096897005741967,2.8216750982990066,copath_syn_app_REGION-RF_rank70_region369_cPN,369,cPN,70
u0,0.008255588016478455,0.005929181985846066,0.00024142727233291195,389.8007759048354,206.59326794710853,1.0126123607719528,3.1624271937760455,copath_syn_app_REGION-RF_rank70_region369_cPN,369,cPN,70
alpha,0.5212871553980378,0.5027780140536741,0.041680095736959126,188.97393038299094,153.6294449918824,1.0232842050208668,1.125293601513645,copath_syn_app_REGION-RF_rank205_region370_cMRN,370,cMRN,205
beta,0.3928314108458412,0.42335211043890547,0.017897078674231282,466.3047656091348,891.9870472608341,1.0109516803948204,2.776730991580778,copath_syn_app_REGION-RF_rank205_region370_cMRN,370,cMRN,205
gamma,0.08413833380261546,0.06239574343089687,0.004130016346845735,218.8882041391867,412.5836012391585,1.0172857989518922,1.3034257956398487,copath_syn_app_REGION-RF_rank205_region370_cMRN,370,cMRN,205
sigma,0.03560390095919034,0.006607695957569325,0.00033837145773739797,336.3522561172315,272.311536410391,1.0222436774029433,2.0028955364176873,copath_syn_app_REGION-RF_rank205_region370_cMRN,370,cMRN,205
u0,0.019894346660772826,0.007185134080893769,0.0003663184797972069,376.23748896344296,346.16390222255336,1.0099893031883804,2.240402356674644,copath_syn_app_REGION-RF_rank205_region370_cMRN,370,cMRN,205
alpha,0.4934193525463923,0.47759865303097354,0.05202617729165983,156.75420598002606,54.4613207590576,1.0416325850682464,1.1114166617982564,copath_syn_app_REGION-RF_rank237_region371_cSCm,371,cSCm,237
beta,0.3359993746862322,0.5187532168817305,0.02229614627925151,372.70379213453566,749.6824028123842,1.0195685895171511,2.642539649280599,copath_syn_app_REGION-RF_rank237_region371_cSCm,371,cSCm,237
gamma,0.07887651487930572,0.06049609582913829,0.0022900369481964433,469.027985554347,286.0746822889197,1.0125487686543666,3.325496210680283,copath_syn_app_REGION-RF_rank237_region371_cSCm,371,cSCm,237
sigma,0.04392559481090589,0.008215305660988407,0.0004864664249484512,261.7505913466754,485.29711639121916,1.0124623461516251,1.8558606873700751,copath_syn_app_REGION-RF_rank237_region371_cSCm,371,cSCm,237
u0,0.014166206273681415,0.00648219261543185,0.0003011382285987916,391.14799068199386,223.10500055946255,1.014475801929954,2.7733124693845284,copath_syn_app_REGION-RF_rank237_region371_cSCm,371,cSCm,237
alpha,0.7882313438949374,0.6045463879453892,0.011878031365222393,1963.6683899968707,1572.2178366671146,0.9998806496593777,28.197420878760347,copath_syn_app_REGION-RF_rank1_region372_cPRC,372,cPRC,410
beta,0.005408039570853228,0.9873950574761403,0.019961594439919683,2464.170380573409,2126.173849214627,1.002344753240993,35.384410978940394,copath_syn_app_REGION-RF_rank1_region372_cPRC,372,cPRC,410
gamma,0.0796103213788242,0.06086494601959908,0.0012642842586377124,1523.4890540428228,1036.928848124442,1.0019037683781173,21.87663776626684,copath_syn_app_REGION-RF_rank1_region372_cPRC,372,cPRC,410
sigma,1.668166746848357,2.14138778725272,0.04724573843015754,2415.0441253082427,2053.8551440391157,1.0002370060779215,34.678979398452654,copath_syn_app_REGION-RF_rank1_region372_cPRC,372,cPRC,410
u0,0.008136426639210104,0.006191810449949357,0.00012692106068587776,1670.6413054639197,894.3721799528017,1.0020983343445014,23.989679860194137,copath_syn_app_REGION-RF_rank1_region372_cPRC,372,cPRC,410
alpha,0.5816302841423915,0.5256742066222589,0.014715561446446125,987.9581152429436,1022.5428986768242,1.001788734130311,10.597793626497147,copath_syn_app_REGION-RF_rank317_region373_cINC,373,cINC,317
beta,-0.4864011890967319,0.6944186798196281,0.022448155551140856,986.7575841360016,1281.5589584829904,1.0041651133250182,10.584915569505396,copath_syn_app_REGION-RF_rank317_region373_cINC,373,cINC,317
gamma,0.08154242156662544,0.06042048630576657,0.0014485423400094019,1320.0674078170198,897.8659329608752,1.0013360905326252,14.160318889297917,copath_syn_app_REGION-RF_rank317_region373_cINC,373,cINC,317
sigma,0.01781554027794155,0.0032582325578528796,9.490755656893827e-5,1187.3528493839037,1330.6585891685177,1.0014180801873738,12.736694264118338,copath_syn_app_REGION-RF_rank317_region373_cINC,373,cINC,317
u0,0.008081097290513166,0.005524579889022419,0.00014556791247072556,1139.424335804982,767.3683136807063,1.0065023963277833,12.222566703549361,copath_syn_app_REGION-RF_rank317_region373_cINC,373,cINC,317
alpha,0.7006464127653617,0.5841905587556768,0.0176716141407209,808.2926249316304,1148.5492598337257,1.0022223458233324,9.168473513289818,copath_syn_app_REGION-RF_rank318_region374_cND,374,cND,318
beta,-0.5445026378155314,0.7407380811217462,0.025133967961509233,861.2861176249585,1144.456312166593,1.0032170729398304,9.769579374148803,copath_syn_app_REGION-RF_rank318_region374_cND,374,cND,318
gamma,0.07984852167282953,0.0599513581727805,0.001562480336914655,1008.5000447442299,608.4683734718282,1.0044151047587522,11.439428819694077,copath_syn_app_REGION-RF_rank318_region374_cND,374,cND,318
sigma,0.015013301947660537,0.002530009626932835,6.980415353332262e-5,1420.7366884089972,1380.1474983824978,1.0026852290061847,16.11543430590968,copath_syn_app_REGION-RF_rank318_region374_cND,374,cND,318
u0,0.006354122454018947,0.00503526274397167,0.00014380071192190885,799.6435648754751,608.8058183401484,1.0042424410092066,9.070367115193683,copath_syn_app_REGION-RF_rank318_region374_cND,374,cND,318
alpha,1.375924291544885,0.634535457257615,0.017555613004821002,1110.8267827840707,810.3563291483974,1.0028595304572112,9.487596580038527,copath_syn_app_REGION-RF_rank358_region375_cSu3,375,cSu3,358
beta,-1.3257493479225588,0.618191779111771,0.01825601197860067,1166.9016785478805,1310.5549148544578,1.003561606267078,9.966533528192896,copath_syn_app_REGION-RF_rank358_region375_cSu3,375,cSu3,358
gamma,0.07751972080009725,0.06001252882962933,0.0015082555857730384,1121.0954861714406,1057.8083329503552,1.0061547842852747,9.57530180703644,copath_syn_app_REGION-RF_rank358_region375_cSu3,375,cSu3,358
sigma,0.0002989554992325052,0.0003753105800594125,9.107270251567874e-6,1746.4014467843979,1937.9087672540013,1.0020448940494602,14.916054105536274,copath_syn_app_REGION-RF_rank358_region375_cSu3,375,cSu3,358
u0,0.005481774880256396,0.005376656373647319,0.00013203897473734584,831.6030970900771,667.2172486231455,1.0093464272868944,7.102740789276551,copath_syn_app_REGION-RF_rank358_region375_cSu3,375,cSu3,358
alpha,0.48479454855644194,0.47110977730525033,0.0190846574856165,593.7828595504602,696.3252178712895,1.00483720494449,5.049861031691899,copath_syn_app_REGION-RF_rank227_region376_cAPN,376,cAPN,227
beta,0.10850768023565348,0.6630587585483309,0.02512364395532068,721.0645060005471,1049.0426129299353,1.0108786653042843,6.132335232689372,copath_syn_app_REGION-RF_rank227_region376_cAPN,376,cAPN,227
gamma,0.07937982804289366,0.06016604787661926,0.0023571292313748896,436.9873478674626,298.2427752626112,1.0052370088803828,3.7163844389326997,copath_syn_app_REGION-RF_rank227_region376_cAPN,376,cAPN,227
sigma,0.050892343120950596,0.008905807223100495,0.00035819679356323295,579.3148847003732,998.5485411613952,1.005342888185879,4.926817294022769,copath_syn_app_REGION-RF_rank227_region376_cAPN,376,cAPN,227
u0,0.011005398683577465,0.006622416899063268,0.0002878380922883322,382.26824028760353,261.8408852680914,1.0085331547656458,3.2510225905531662,copath_syn_app_REGION-RF_rank227_region376_cAPN,376,cAPN,227
alpha,0.7386463960193166,0.5807545145672154,0.012301174631753646,1432.0934464368188,1228.1692431465424,1.0012484635494474,17.809449415967997,copath_syn_app_REGION-RF_rank359_region377_cMPT,377,cMPT,359
beta,-0.38518711340554446,0.8272054133552924,0.020445020240377393,1646.3866977422915,1817.3070922614625,1.0047390046313929,20.47439061013644,copath_syn_app_REGION-RF_rank359_region377_cMPT,377,cMPT,359
gamma,0.07812742370984592,0.059842983838462906,0.001478183540831669,1161.548392324487,906.0748750327224,1.0014306390020866,14.444963342840458,copath_syn_app_REGION-RF_rank359_region377_cMPT,377,cMPT,359
sigma,0.24142932085891494,0.324906488235449,0.008209418508811324,1948.1360283598428,1789.0819257041971,1.0023280997257342,24.226931656467226,copath_syn_app_REGION-RF_rank359_region377_cMPT,377,cMPT,359
u0,0.00746753680395954,0.005953982623451183,0.00012747419138931017,1383.3131906211531,1109.1390463883367,1.0024602127315336,17.20282035792112,copath_syn_app_REGION-RF_rank359_region377_cMPT,377,cMPT,359
alpha,0.6046876893892329,0.5529620514681016,0.016626801647064163,841.9304437871159,1103.8527612144785,1.0043463482613617,9.048150927319892,copath_syn_app_REGION-RF_rank321_region378_cNOT,378,cNOT,321
beta,-0.36751563242635493,0.7352865086544014,0.023602930975560113,959.6359535052447,972.5858488022697,1.0054938807177913,10.313121477756527,copath_syn_app_REGION-RF_rank321_region378_cNOT,378,cNOT,321
gamma,0.07999065047200868,0.05960568994635078,0.0015276344037692827,1031.8077095350416,589.4327890821986,1.0034987171591188,11.088744863353483,copath_syn_app_REGION-RF_rank321_region378_cNOT,378,cNOT,321
sigma,0.019718861328143697,0.004180199407878742,0.00012591290104652873,1187.0325711429643,1519.321048314224,1.001999050615539,12.756932521686883,copath_syn_app_REGION-RF_rank321_region378_cNOT,378,cNOT,321
u0,0.007285369975594754,0.005467946652939967,0.0001676270820432862,718.5651629932584,563.0231032076705,1.0051340101330966,7.722355325021584,copath_syn_app_REGION-RF_rank321_region378_cNOT,378,cNOT,321
alpha,0.633261436638511,0.5460973959019766,0.020873551870687783,554.8450275743871,829.0377057525302,1.0044885565924078,5.251230622509816,copath_syn_app_REGION-RF_rank269_region379_cNPC,379,cNPC,269
beta,-0.15416260683933625,0.7950585536070052,0.02763373181795711,814.978483597427,1094.4212099998313,1.0034136800508215,7.713216766964102,copath_syn_app_REGION-RF_rank269_region379_cNPC,379,cNPC,269
gamma,0.0829102060861947,0.061336388164416215,0.002327133514870748,545.4088771039322,723.3302169767527,1.008477189500247,5.161923879461786,copath_syn_app_REGION-RF_rank269_region379_cNPC,379,cNPC,269
sigma,0.05113286755664525,0.011779946496179437,0.00039659907872058526,839.3023798578241,934.7316833637057,1.0020315451277317,7.943425893032597,copath_syn_app_REGION-RF_rank269_region379_cNPC,379,cNPC,269
u0,0.007545506834074238,0.005792155735554404,0.00019264321813159522,636.4525507423555,651.2098215118173,1.005521699273329,6.023590296634067,copath_syn_app_REGION-RF_rank269_region379_cNPC,379,cNPC,269
alpha,0.7283758316808691,0.5800788000822571,0.011504073940387797,1505.7685988423175,1183.454245844552,0.999918226654092,18.15250688770862,copath_syn_app_REGION-RF_rank360_region380_cOP,380,cOP,360
beta,-0.22937757910609316,0.8755290586374443,0.019500806363395438,2018.6249134630784,1901.6129988685173,1.0009881975905635,24.33514862344129,copath_syn_app_REGION-RF_rank360_region380_cOP,380,cOP,360
gamma,0.07955146871565202,0.061747425087215355,0.0011856616176520603,1755.1317637619563,997.0550607310232,1.0009088415570337,21.158657083844155,copath_syn_app_REGION-RF_rank360_region380_cOP,380,cOP,360
sigma,0.6549849122755484,0.816822411183221,0.018102137085113983,2000.9731198473585,2558.882832426823,1.0023007833100561,24.12235078356329,copath_syn_app_REGION-RF_rank360_region380_cOP,380,cOP,360
u0,0.007646917206952961,0.0060733135289380855,0.00012298367795927464,1502.0808103309753,1058.0957565415927,1.0007976728060266,18.108049454870653,copath_syn_app_REGION-RF_rank360_region380_cOP,380,cOP,360
alpha,0.6480269626903326,0.5498754247765282,0.015462468269221997,901.5140692264074,939.5277410819118,1.000854869923073,10.229366495250282,copath_syn_app_REGION-RF_rank309_region381_cPPT,381,cPPT,309
beta,-0.3870687519588357,0.7515138000394733,0.02205634805137583,1116.6382480624577,1085.6379404490208,1.0016889102025677,12.670353433138066,copath_syn_app_REGION-RF_rank309_region381_cPPT,381,cPPT,309
gamma,0.07971656286475337,0.06041771384616509,0.001578418931322338,1010.3521624385419,732.7043582562009,1.0039603860366848,11.464338618388085,copath_syn_app_REGION-RF_rank309_region381_cPPT,381,cPPT,309
sigma,0.034164178118089306,0.006713192077770392,0.00018772548845409588,1296.5583372052477,1610.85408929968,1.0021817126157282,14.71188400323667,copath_syn_app_REGION-RF_rank309_region381_cPPT,381,cPPT,309
u0,0.0072253124943661,0.005450456697359621,0.00014286566551142762,1013.688658435169,647.1424463620181,1.00297709462821,11.502197417850551,copath_syn_app_REGION-RF_rank309_region381_cPPT,381,cPPT,309
alpha,0.7214457074522204,0.6020595983359922,0.014063967886623226,1300.4773434908516,1222.3504726735764,1.0016438236518457,16.653144284828812,copath_syn_app_REGION-RF_rank361_region382_cRPF,382,cRPF,361
beta,-0.4921740126081553,0.8017750658056986,0.02128833930945209,1466.9228420839102,1524.68787827731,1.0030191798067465,18.784546971314732,copath_syn_app_REGION-RF_rank361_region382_cRPF,382,cRPF,361
gamma,0.08009385699152816,0.06132129930903446,0.0013947086722588414,1283.8549184922135,812.3273396438092,1.0024075349092103,16.440287334070245,copath_syn_app_REGION-RF_rank361_region382_cRPF,382,cRPF,361
sigma,0.09602697834381367,0.12309029820944965,0.0027340466826455763,1998.0895397672627,2054.0618861930207,1.0013297711438087,25.58635378485969,copath_syn_app_REGION-RF_rank361_region382_cRPF,382,cRPF,361
u0,0.007354033682243557,0.005774444663098218,0.00013101825747270385,1367.4285904200801,1169.1891706476647,1.0008976638646496,17.51048238513651,copath_syn_app_REGION-RF_rank361_region382_cRPF,382,cRPF,361
alpha,0.6246740371162225,0.5658423837225681,0.014972835369306943,896.3877616839724,1004.3625702029268,1.0007154748252496,10.60926917285832,copath_syn_app_REGION-RF_rank287_region383_cCUN,383,cCUN,287
beta,-0.39985086086014615,0.7351310039360469,0.020477191422240602,1305.8642297297274,1404.7531495900685,1.0034240266092973,15.45566071806142,copath_syn_app_REGION-RF_rank287_region383_cCUN,383,cCUN,287
gamma,0.07988667716827001,0.061316873533848786,0.0016528367382946322,904.7837492518948,716.872960907081,1.0008712873836687,10.708640556413048,copath_syn_app_REGION-RF_rank287_region383_cCUN,383,cCUN,287
sigma,0.032818083050553955,0.008576527370735294,0.00021602997273602298,1591.1268815749568,1658.6155126776957,1.0036792075382501,18.831909689493045,copath_syn_app_REGION-RF_rank287_region383_cCUN,383,cCUN,287
u0,0.007741438838796575,0.005820241316059464,0.00017409317790638876,765.8428011418034,754.7785371308463,1.0009429082611911,9.064193832973967,copath_syn_app_REGION-RF_rank287_region383_cCUN,383,cCUN,287
alpha,0.5278325267174557,0.5175690357350183,0.027493077647975334,411.4160305310211,332.03942434046706,1.0056840153180384,2.5054109074971898,copath_syn_app_REGION-RF_rank230_region384_cRN,384,cRN,230
beta,0.3820542883867519,0.4503535874642887,0.01841806379058817,622.4567839550086,860.6769349698982,1.0069865341317774,3.790591275584514,copath_syn_app_REGION-RF_rank230_region384_cRN,384,cRN,230
gamma,0.08080363831777417,0.058909004090814454,0.002382979746755269,472.6262484506712,361.634891617924,1.0096795615491692,2.8781643644498307,copath_syn_app_REGION-RF_rank230_region384_cRN,384,cRN,230
sigma,0.03666428122367402,0.0071432144803670215,0.0002686496407073679,713.3754326266956,643.5362492881741,1.0044832193081108,4.344260936397047,copath_syn_app_REGION-RF_rank230_region384_cRN,384,cRN,230
u0,0.016665089897385053,0.006832455357956243,0.0002989371620796617,473.99420362188687,310.8936495662061,1.0076515162641604,2.8864948366545895,copath_syn_app_REGION-RF_rank230_region384_cRN,384,cRN,230
alpha,2.0958287883961972,0.03177037139640273,0.0010046673572209684,NaN,NaN,NaN,NaN,copath_syn_app_REGION-RF_rank362_region385_cIII,385,cIII,362
beta,-2.39780359751997,0.07282552881325478,0.0023029454285610424,NaN,NaN,NaN,NaN,copath_syn_app_REGION-RF_rank362_region385_cIII,385,cIII,362
gamma,0.04316391826828256,0.00519287998954204,0.000164213283828642,NaN,NaN,NaN,NaN,copath_syn_app_REGION-RF_rank362_region385_cIII,385,cIII,362
u0,0.004864883521666881,0.0005824675564141381,1.8419241414212942e-5,NaN,NaN,NaN,NaN,copath_syn_app_REGION-RF_rank362_region385_cIII,385,cIII,362
sigma,3.0143180730921177e-7,2.274601515314911e-8,7.192921557665488e-10,NaN,NaN,NaN,NaN,copath_syn_app_REGION-RF_rank362_region385_cIII,385,cIII,362
alpha,0.5960118272992795,0.5553819863861826,0.014422502685413237,934.3662608686788,921.6214010446415,1.0009670034705163,9.700042157555373,copath_syn_app_REGION-RF_rank233_region386_cMA3,386,cMA3,233
beta,-0.27468840700006275,0.7944063769293835,0.022860928928934952,1219.9856438626703,1387.4012098903602,1.0003587600243387,12.665174966911014,copath_syn_app_REGION-RF_rank233_region386_cMA3,386,cMA3,233
gamma,0.08144514638931526,0.06072422488265282,0.001558394625400065,894.6129981445463,553.2938196614172,1.0024604780536763,9.287347114429608,copath_syn_app_REGION-RF_rank233_region386_cMA3,386,cMA3,233
sigma,0.05774137177745577,0.010782860120957197,0.00032639251676267833,1162.6130911616856,1193.3300881704508,1.002030735281641,12.069566795690527,copath_syn_app_REGION-RF_rank233_region386_cMA3,386,cMA3,233
u0,0.008702945687237253,0.006077525951190667,0.00016621289473863136,854.5088336425368,519.8937961868475,1.0047727851826032,8.871009214983877,copath_syn_app_REGION-RF_rank233_region386_cMA3,386,cMA3,233
alpha,0.7315423967442967,0.5850813912677204,0.014269497116510332,1208.6837940148555,1030.3063545369093,1.0012385084104647,14.178109020702117,copath_syn_app_REGION-RF_rank316_region387_cIV,387,cIV,316
beta,-0.5545613056036448,0.7204321352479319,0.023150757038758386,1026.0635150759038,1281.445128655307,1.0043868145626194,12.035935660714413,copath_syn_app_REGION-RF_rank316_region387_cIV,387,cIV,316
gamma,0.07724677205748731,0.06167729293811961,0.0014922475767403702,999.7963559980657,532.0016478222987,1.0005200506925047,11.727816492645932,copath_syn_app_REGION-RF_rank316_region387_cIV,387,cIV,316
sigma,0.02182730191238322,0.004152326924257286,0.00012066685067708831,1155.1583904558006,1604.1845933195734,1.00063175165039,13.550245049334904,copath_syn_app_REGION-RF_rank316_region387_cIV,387,cIV,316
u0,0.007032420871053475,0.005614478075650485,0.0001362746457646301,1183.0535205777044,926.7719071267394,1.0044776383663867,13.87746065193788,copath_syn_app_REGION-RF_rank316_region387_cIV,387,cIV,316
alpha,0.6721641008787388,0.5717439830396265,0.014869988690991215,1130.8813822983223,973.8264698328353,1.0010569227809931,12.550984787391345,copath_syn_app_REGION-RF_rank224_region388_cPa4,388,cPa4,224
beta,-0.37089158563154,0.7735425129927764,0.022310424021325107,1214.1032084336339,1669.7371298721257,1.0019903015536618,13.474614701326637,copath_syn_app_REGION-RF_rank224_region388_cPa4,388,cPa4,224
gamma,0.07844079039747512,0.060641794630476774,0.0015577683663834873,1024.2371713271325,912.9649808617274,1.0030384636273317,11.367403652787727,copath_syn_app_REGION-RF_rank224_region388_cPa4,388,cPa4,224
sigma,0.07286530082957299,0.012306944709253132,0.0003080244197770341,1716.4372072946558,1736.0481424925551,1.0024926181667875,19.04972317563961,copath_syn_app_REGION-RF_rank224_region388_cPa4,388,cPa4,224
u0,0.008269626840453181,0.006039466691288304,0.00014674611196288377,1165.78983431832,831.8382995713064,1.0020520759765363,12.938413086338079,copath_syn_app_REGION-RF_rank224_region388_cPa4,388,cPa4,224
alpha,0.7323924683829973,0.5983834521557154,0.01191408931223378,1652.1250255891948,1074.1460052837715,1.0005627819970826,21.315541951659117,copath_syn_app_REGION-RF_rank363_region389_cVTN,389,cVTN,363
beta,-0.21988863832679714,0.8840211832585465,0.0189509362558142,2183.170206809266,1832.636030865147,1.0018379517622358,28.16703058792984,copath_syn_app_REGION-RF_rank363_region389_cVTN,389,cVTN,363
gamma,0.08084216323118511,0.06039334346384539,0.0011182222833800016,1966.894106360934,949.1499804209561,1.001109203878892,25.376659265636246,copath_syn_app_REGION-RF_rank363_region389_cVTN,389,cVTN,363
sigma,0.6618606749431059,0.8383287773424087,0.017352617552349382,1937.8966725891228,1997.203607674061,1.0030612655817932,25.002537448897183,copath_syn_app_REGION-RF_rank363_region389_cVTN,389,cVTN,363
u0,0.007749669000031512,0.005932654655021187,0.00011858270235968934,1365.2279203878336,681.8963538120519,1.000811031908491,17.614025912006937,copath_syn_app_REGION-RF_rank363_region389_cVTN,389,cVTN,363
alpha,0.608694218705325,0.5462690367438174,0.01533082557145384,1007.8266308463268,1395.6128475775065,1.0042988952660654,9.436048825406127,copath_syn_app_REGION-RF_rank154_region390_cAT,390,cAT,154
beta,-0.17559738123455887,0.7683239478915346,0.02304607659782335,1193.4283335699397,1366.3212038538804,1.0043292225572262,11.173794857685333,copath_syn_app_REGION-RF_rank154_region390_cAT,390,cAT,154
gamma,0.07863704551801101,0.06025907998665394,0.0018524202410083008,681.8304032612631,542.4998933270476,1.007506907275739,6.3838211641786335,copath_syn_app_REGION-RF_rank154_region390_cAT,390,cAT,154
sigma,0.10510677177754306,0.017672749089204094,0.0005090951389946877,1182.0503449263526,1353.7715171985612,1.0031069928746064,11.067265368297218,copath_syn_app_REGION-RF_rank154_region390_cAT,390,cAT,154
u0,0.009932224879280076,0.0067333802648663265,0.00017892653598592512,1087.9559729636871,810.9550258855338,1.0044497212084686,10.18628141643435,copath_syn_app_REGION-RF_rank154_region390_cAT,390,cAT,154
alpha,0.628844159260161,0.5327418311442806,0.014850634777011039,809.9058746790145,1148.0839326475007,1.0062890361466623,7.669054841809865,copath_syn_app_REGION-RF_rank286_region391_cLT,391,cLT,286
beta,-0.19006193077983818,0.7934071612436485,0.027889709278262505,807.3113699703849,1356.9093929222797,1.0032313590359756,7.644487296963127,copath_syn_app_REGION-RF_rank286_region391_cLT,391,cLT,286
gamma,0.08034056799587401,0.06133142356249801,0.0015886043958217226,1163.908308909709,900.333026648147,1.005191749956837,11.021128418662673,copath_syn_app_REGION-RF_rank286_region391_cLT,391,cLT,286
sigma,0.056587615650626005,0.010471775540419288,0.0003224986410676498,1073.2392301692955,1421.800022550262,1.0065611182833856,10.162576630046262,copath_syn_app_REGION-RF_rank286_region391_cLT,391,cLT,286
u0,0.007956618764268961,0.005884534604929813,0.00018222387134880368,726.6146033470684,712.5238209349504,1.007640531692861,6.880364022716945,copath_syn_app_REGION-RF_rank286_region391_cLT,391,cLT,286
alpha,0.631779091398252,0.5602464705869743,0.01713204674143921,830.5358781343502,964.8603276940653,1.0039352919575601,9.097276719802291,copath_syn_app_REGION-RF_rank281_region392_cDT,392,cDT,281
beta,-0.26787508154958195,0.8033131450498653,0.02556252655086938,997.7104615863067,1261.538063819627,1.0018663773456526,10.928423917917812,copath_syn_app_REGION-RF_rank281_region392_cDT,392,cDT,281
gamma,0.0796717874885671,0.05984992838285996,0.0017025021863232707,814.651403751361,713.5731023557763,1.0087603472814175,8.923286091805258,copath_syn_app_REGION-RF_rank281_region392_cDT,392,cDT,281
sigma,0.05027073855685055,0.011057117178721368,0.000328987144216906,1267.1377201030703,1414.5043421094942,1.0040571190378573,13.879596035961118,copath_syn_app_REGION-RF_rank281_region392_cDT,392,cDT,281
u0,0.007684864856854897,0.005685867127147931,0.00016577820089471316,819.3718264396963,753.6811656478059,1.004217360376574,8.974991252967811,copath_syn_app_REGION-RF_rank281_region392_cDT,392,cDT,281
alpha,0.6615314949067098,0.5819842009564364,0.03193620875125305,371.24694399045865,362.42313745279307,1.015403985931313,3.5635487381378073,copath_syn_app_REGION-RF_rank128_region393_cMT,393,cMT,128
beta,0.046366419027231626,0.7596870118251768,0.03015505326355293,664.3754540516253,931.8745112704731,1.0050189432972396,6.377249292579362,copath_syn_app_REGION-RF_rank128_region393_cMT,393,cMT,128
gamma,0.07896704237568543,0.06082324325540149,0.002110550343887444,612.7095235857643,550.2766689305946,1.0087393677524126,5.881315078718017,copath_syn_app_REGION-RF_rank128_region393_cMT,393,cMT,128
sigma,0.1216763688382218,0.02494654817375297,0.0011343775602296637,382.1800489511685,223.41561416054608,1.004116676112969,3.6684941202273826,copath_syn_app_REGION-RF_rank128_region393_cMT,393,cMT,128
u0,0.010480400416648173,0.00707814340687465,0.00034096841578383556,446.9708427894088,796.8186360941631,1.0159007216583402,4.290412105984975,copath_syn_app_REGION-RF_rank128_region393_cMT,393,cMT,128
alpha,0.7961788795800837,0.5972005934974258,0.011198119091151076,1775.202726009449,1360.3574703228346,1.000571016803884,25.91877364923054,copath_syn_app_REGION-RF_rank1_region394_cSNc,394,cSNc,411
beta,-0.00015678067190905053,1.0177685036023438,0.01916265374157379,2802.881389223714,2460.633188802864,1.001210545362042,40.92335327595909,copath_syn_app_REGION-RF_rank1_region394_cSNc,394,cSNc,411
gamma,0.07980292118373558,0.06052483429611018,0.0011569444704604961,1876.4661648408862,1300.5216923259734,1.000734854000161,27.397266280838156,copath_syn_app_REGION-RF_rank1_region394_cSNc,394,cSNc,411
sigma,1.6743457071739312,2.3239733459543737,0.04787939085074804,2782.565826231963,2301.660525701945,1.0004619443566285,40.62673674252038,copath_syn_app_REGION-RF_rank1_region394_cSNc,394,cSNc,411
u0,0.008076407144195196,0.006022950313672792,0.00011299539664950519,1849.1049155154035,1188.241196756094,1.0006602883592883,26.99777949680109,copath_syn_app_REGION-RF_rank1_region394_cSNc,394,cSNc,411
alpha,0.6907571884055944,0.6004687286451051,0.05158104727457311,201.4448242743031,124.95246152818947,1.0215452748530691,1.7741408628676127,copath_syn_app_REGION-RF_rank114_region395_cPPN,395,cPPN,114
beta,0.05785066617139165,0.7287200740395725,0.025855267505381113,796.4510517361543,1209.808425319517,1.0174749696545982,7.0144088399855065,copath_syn_app_REGION-RF_rank114_region395_cPPN,395,cPPN,114
gamma,0.08400454911564992,0.06485836530079582,0.002295905487263389,579.4826833774231,372.0313672994768,1.0125524751084376,5.103550868619694,copath_syn_app_REGION-RF_rank114_region395_cPPN,395,cPPN,114
sigma,0.12087944926330883,0.02180227434241513,0.001085324357140003,295.4668161254345,174.73423950874863,1.0226978660857897,2.602200150825087,copath_syn_app_REGION-RF_rank114_region395_cPPN,395,cPPN,114
u0,0.011185278113024274,0.0071297457502429926,0.0002852773826157595,615.8310963172983,879.2475563135498,1.0134713416431653,5.423674281714724,copath_syn_app_REGION-RF_rank114_region395_cPPN,395,cPPN,114
alpha,0.6718445864238658,0.587666222739616,0.019199029959506207,768.2950826058936,993.4388272789397,1.0018117125016395,7.4495562293920825,copath_syn_app_REGION-RF_rank107_region396_cIF,396,cIF,107
beta,-0.14627523851512697,0.7577617167221318,0.02353476842835756,1058.6552542265492,1336.7438150238265,1.0004625420794224,10.264951608375101,copath_syn_app_REGION-RF_rank107_region396_cIF,396,cIF,107
gamma,0.08059953720087058,0.05944968335881441,0.0015526416426436373,1110.8741419632415,870.744335596727,1.0026701824413735,10.771277301768023,copath_syn_app_REGION-RF_rank107_region396_cIF,396,cIF,107
sigma,0.1451573142738671,0.02413923337108627,0.0006646282606626357,1208.3230661101381,1598.1815816297885,1.0055221114247888,11.716163265978283,copath_syn_app_REGION-RF_rank107_region396_cIF,396,cIF,107
u0,0.009669650190700483,0.00661858359575049,0.00019046216835621338,970.9901835354046,990.9458564649051,1.0060621247395583,9.414932015314252,copath_syn_app_REGION-RF_rank107_region396_cIF,396,cIF,107
alpha,0.8350552183671286,0.6147206355651055,0.022482700820192453,576.361905577723,947.668255730072,1.0045638413152411,2.8507788006436092,copath_syn_app_REGION-RF_rank147_region397_cIPN,397,cIPN,147
beta,0.5221311537891186,0.42099984408064167,0.01791132859194175,641.4964879335383,916.620619599967,1.0048575261788082,3.172944934060444,copath_syn_app_REGION-RF_rank147_region397_cIPN,397,cIPN,147
gamma,0.08607198978378838,0.06340087722831424,0.0015185465452401917,1235.000428284202,869.2141055951975,1.0000240097711632,6.108510999194775,copath_syn_app_REGION-RF_rank147_region397_cIPN,397,cIPN,147
sigma,0.08410515254392546,0.01513400800738521,0.00043372582836932397,1239.9463631689025,1216.6412940916691,1.0036463283227999,6.132974389613569,copath_syn_app_REGION-RF_rank147_region397_cIPN,397,cIPN,147
u0,0.014807936788131273,0.006532856336674446,0.00016175206244596418,1413.6109306299084,1038.5694289559713,1.0028768876548584,6.9919473067159394,copath_syn_app_REGION-RF_rank147_region397_cIPN,397,cIPN,147
alpha,0.6192078979585115,0.5493974417216733,0.02118233561252802,623.0780087140253,885.8981922338285,1.0067498124885517,6.1197675046066875,copath_syn_app_REGION-RF_rank276_region398_cRL,398,cRL,276
beta,-0.17351082825542194,0.814896039945683,0.026324742508808962,930.1510368525002,1273.9439639007828,1.0030497870588457,9.135787188918028,copath_syn_app_REGION-RF_rank276_region398_cRL,398,cRL,276
gamma,0.08333611485129547,0.05951727029559146,0.001696833350153896,1005.9125562230485,801.1895340001,1.0032350963738421,9.879904101823408,copath_syn_app_REGION-RF_rank276_region398_cRL,398,cRL,276
sigma,0.060527224960960295,0.010244709517965501,0.00036175402139708944,736.5558433222687,687.306176384025,1.0025796776254883,7.234327728232549,copath_syn_app_REGION-RF_rank276_region398_cRL,398,cRL,276
u0,0.007753285395103903,0.005677450263246916,0.0001760774680660621,762.5080453887717,575.3433286013325,1.006261723604194,7.489225896131885,copath_syn_app_REGION-RF_rank276_region398_cRL,398,cRL,276
alpha,0.6437064970458425,0.5615865687321472,0.015231467914167596,940.8378708658091,914.3141114306984,1.0013918115760652,10.345244005825663,copath_syn_app_REGION-RF_rank157_region399_cCLI,399,cCLI,157
beta,-0.2554700365378463,0.7863302995465271,0.023061793610977335,1201.8846546937643,1525.0628176759867,1.0037792013936273,13.21565638957781,copath_syn_app_REGION-RF_rank157_region399_cCLI,399,cCLI,157
gamma,0.08291666181494162,0.0604379764378029,0.0014846747276360606,1234.013810911751,1017.6063226906412,1.0022474108960464,13.5689414465138,copath_syn_app_REGION-RF_rank157_region399_cCLI,399,cCLI,157
sigma,0.10359933527097681,0.021133711302344038,0.0006550118670262734,950.8918603857157,1249.8762116062096,1.0080982598902173,10.455795438794375,copath_syn_app_REGION-RF_rank157_region399_cCLI,399,cCLI,157
u0,0.008655074988912987,0.006330649566302783,0.00018199686706898705,877.9101465735945,764.0698042869899,1.0055298913523596,9.653304743288116,copath_syn_app_REGION-RF_rank157_region399_cCLI,399,cCLI,157
alpha,0.7062386348675572,0.536641408698564,0.031878224629156224,319.4534083882196,256.78567750812084,1.0107207974064256,2.266768432247583,copath_syn_app_REGION-RF_rank112_region400_cDR,400,cDR,112
beta,0.19515026288525567,0.7998322142457854,0.03993721709001017,422.5549339094563,798.8871797609165,1.0141547071762362,2.9983533120185077,copath_syn_app_REGION-RF_rank112_region400_cDR,400,cDR,112
gamma,0.08022247460811559,0.06017607340058995,0.002386701449650089,484.5737146200565,423.3676148435519,1.0046142539947291,3.4384244166924938,copath_syn_app_REGION-RF_rank112_region400_cDR,400,cDR,112
sigma,0.19019845055913992,0.032478404270676706,0.0015961639967984331,357.43957150249696,494.08729025540464,1.0105271423288475,2.536309570794492,copath_syn_app_REGION-RF_rank112_region400_cDR,400,cDR,112
u0,0.00910921279316224,0.006250944755094548,0.00023211670073696017,575.9438976565147,606.8370691058708,1.0068111191917162,4.086766369281799,copath_syn_app_REGION-RF_rank112_region400_cDR,400,cDR,112
alpha,0.6176227275374808,0.5480953160949351,0.014885589740953456,1005.2802125835105,1046.5744018179983,1.004215424996447,11.140320182002156,copath_syn_app_REGION-RF_rank212_region401_cNLL,401,cNLL,212
beta,-0.25935217105218655,0.780115504371203,0.024564615115106173,1027.5553972413502,1406.482883047618,1.01018112677533,11.387169454568477,copath_syn_app_REGION-RF_rank212_region401_cNLL,401,cNLL,212
gamma,0.07803880532955486,0.060693980547236195,0.0018736700931141941,777.4843885330166,831.3138961652847,1.0052476757254056,8.615931077074144,copath_syn_app_REGION-RF_rank212_region401_cNLL,401,cNLL,212
sigma,0.07969436433566893,0.01398433583877839,0.0004145888017586117,1025.435251235838,669.2263215822212,1.0017958901087556,11.363674408074624,copath_syn_app_REGION-RF_rank212_region401_cNLL,401,cNLL,212
u0,0.008995831476556687,0.006326675533740146,0.00019758854818527442,830.1379715556241,875.8567198992902,1.0041800990945522,9.199427863600967,copath_syn_app_REGION-RF_rank212_region401_cNLL,401,cNLL,212
alpha,0.7234252154481398,0.5863748446918536,0.013614920761345656,1334.8161863093333,1049.5627529116884,1.003959006805085,16.736877437956355,copath_syn_app_REGION-RF_rank364_region402_cPSV,402,cPSV,364
beta,-0.3135200185286152,0.8376528345617948,0.023158111188991012,1314.0191579578423,1744.772925770369,1.0063483970403153,16.476109462438306,copath_syn_app_REGION-RF_rank364_region402_cPSV,402,cPSV,364
gamma,0.08178556103533524,0.06135563849171532,0.0012851855830223048,1531.1539069023775,1024.2141133009013,1.005288651174849,19.19869982198008,copath_syn_app_REGION-RF_rank364_region402_cPSV,402,cPSV,364
sigma,0.24822351067760715,0.3213397899796202,0.00776137148264682,1931.9300480348006,1842.7463331885792,1.0004310472714821,24.22391694399961,copath_syn_app_REGION-RF_rank364_region402_cPSV,402,cPSV,364
u0,0.007762117289534506,0.005925713440934164,0.00013192206991939533,1433.3952395757158,1337.9092582578603,1.0027367364300879,17.97293192200564,copath_syn_app_REGION-RF_rank364_region402_cPSV,402,cPSV,364
alpha,0.8303782129547406,0.6060039041386138,0.013921764564666842,1195.295638802036,606.3316529363586,1.0032560143994587,13.510745323861602,copath_syn_app_REGION-RF_rank365_region403_cSOC,403,cSOC,365
beta,-0.7139450953413018,0.7478414229208771,0.022196366753260612,1187.8132121161775,1356.3826144913005,1.0013418294580152,13.426169459886713,copath_syn_app_REGION-RF_rank365_region403_cSOC,403,cSOC,365
gamma,0.08017593526928839,0.06020290077954348,0.001489961713382198,1084.5157975207478,1245.2602523739251,1.0042316847840342,12.258571239072543,copath_syn_app_REGION-RF_rank365_region403_cSOC,403,cSOC,365
sigma,0.014497144931615358,0.018916496787977223,0.00046410160949906387,1710.3539301736093,2220.886624862324,1.0003240906301858,19.332586528468514,copath_syn_app_REGION-RF_rank365_region403_cSOC,403,cSOC,365
u0,0.006390555081324011,0.005561533103984339,0.0001255001096629642,1393.7433327382937,1320.178512964737,1.0012852096821925,15.753852523321958,copath_syn_app_REGION-RF_rank365_region403_cSOC,403,cSOC,365
alpha,0.4611281314747158,0.46345769996750913,0.017223286484357694,727.0835103705616,950.9888363084273,1.0067169022670188,7.394245053651052,copath_syn_app_REGION-RF_rank293_region404_cPG,404,cPG,293
beta,-0.2106284964585921,0.6059780934295714,0.018684880985155174,1149.6965335177626,1248.6960463994367,1.0122196254110043,11.692106594235415,copath_syn_app_REGION-RF_rank293_region404_cPG,404,cPG,293
gamma,0.07739439043300118,0.06297256726846857,0.002474822280939527,420.7723536992051,379.80941033222325,1.021711862880931,4.279142424049436,copath_syn_app_REGION-RF_rank293_region404_cPG,404,cPG,293
sigma,0.024856101112873626,0.004507389283834305,0.00016883974296442322,706.5788722928693,1571.1780787464356,1.006706265005499,7.1857183623971,copath_syn_app_REGION-RF_rank293_region404_cPG,404,cPG,293
u0,0.011171241427667445,0.006331211762187625,0.00023091610591006613,653.7038947309342,586.6102826487262,1.009475867238132,6.6479939666120975,copath_syn_app_REGION-RF_rank293_region404_cPG,404,cPG,293
alpha,0.7242223941585748,0.5852497387157959,0.013502160942284581,1051.1486365112887,808.3646891128731,1.001590242798653,13.40870532459899,copath_syn_app_REGION-RF_rank366_region405_cSUT,405,cSUT,366
beta,-0.36371667965149346,0.8486381097157104,0.022692055230616712,1441.7201030597823,1302.6342334683027,1.0027046032533045,18.390929076062687,copath_syn_app_REGION-RF_rank366_region405_cSUT,405,cSUT,366
gamma,0.08146360682698445,0.0609034296600549,0.0012381362749666791,1608.5498764440192,1156.062110175201,1.0022279219774362,20.51904986981005,copath_syn_app_REGION-RF_rank366_region405_cSUT,405,cSUT,366
sigma,0.23972339437933984,0.30399260824302754,0.006821432398638742,1952.4354833343316,2199.6798340937867,1.0032534208485193,24.905737544606428,copath_syn_app_REGION-RF_rank366_region405_cSUT,405,cSUT,366
u0,0.007735172770338835,0.005930213091412861,0.0001265600341702721,1300.578703048565,685.6953967876121,1.0047589942874922,16.590495363725907,copath_syn_app_REGION-RF_rank366_region405_cSUT,405,cSUT,366
alpha,0.4496271897852472,0.4505522939336644,0.02497546935052752,381.83588434369545,305.16637807554525,1.0059707955752701,2.916046557232501,copath_syn_app_REGION-RF_rank235_region406_cTRN,406,cTRN,235
beta,0.18637764438826776,0.6065106438499185,0.020832712814360898,887.184947650908,997.4418944423378,1.00585268567817,6.77535223456701,copath_syn_app_REGION-RF_rank235_region406_cTRN,406,cTRN,235
gamma,0.08271032972053598,0.06169959859006561,0.0023343534681289206,484.5635453683234,159.92581721970987,1.0127404355435345,3.7005685326311704,copath_syn_app_REGION-RF_rank235_region406_cTRN,406,cTRN,235
sigma,0.045750599380392845,0.008727425025419854,0.00039647597436890156,402.04611967861956,178.90417556637112,1.0104942090080553,3.0703903200523857,copath_syn_app_REGION-RF_rank235_region406_cTRN,406,cTRN,235
u0,0.014941069174718095,0.007164195491498734,0.000282713137788507,573.9041279641484,306.33392304130075,1.003092815178704,4.382854585309244,copath_syn_app_REGION-RF_rank235_region406_cTRN,406,cTRN,235
alpha,0.8046228605171023,0.6028068917900055,0.012492055089111265,1508.0402175982586,784.6170268025605,1.001063963162766,22.120135204961624,copath_syn_app_REGION-RF_rank1_region407_cP5,407,cP5,412
beta,-0.01133772291679538,0.9747489387691687,0.019096048679910792,2598.5499574378696,2443.4075723931173,1.0062646624192653,38.11587763018511,copath_syn_app_REGION-RF_rank1_region407_cP5,407,cP5,412
gamma,0.08058040009728089,0.061176187290728753,0.0012648513770810135,1559.5483793252952,1188.0579288601384,1.001320645761449,22.875663796483977,copath_syn_app_REGION-RF_rank1_region407_cP5,407,cP5,412
sigma,1.6850432452554482,2.4472853014977876,0.05190499720658014,2634.5622750073862,2059.735478793078,1.000956066787599,38.64411111121945,copath_syn_app_REGION-RF_rank1_region407_cP5,407,cP5,412
u0,0.00802940781496262,0.006021929909717479,0.00012428044280218494,1635.8174149399683,1274.0969488058654,1.0013246442102814,23.994388191271998,copath_syn_app_REGION-RF_rank1_region407_cP5,407,cP5,412
alpha,0.7248705865500802,0.5737910916405801,0.01302541535765593,1403.9111502734775,1392.0509199217063,1.000849975901223,17.542091817839054,copath_syn_app_REGION-RF_rank367_region408_cPC5,408,cPC5,367
beta,-0.4502290351654674,0.7677764666335037,0.01961304379520924,1567.7855840206446,1529.899111563221,1.0007393898793258,19.589728780355667,copath_syn_app_REGION-RF_rank367_region408_cPC5,408,cPC5,367
gamma,0.0789261983114645,0.06010003018469514,0.0013455958974573252,1319.5695367935768,1128.9769075404597,1.0004512778308163,16.488230020786656,copath_syn_app_REGION-RF_rank367_region408_cPC5,408,cPC5,367
sigma,0.09197386614552885,0.11407605970004085,0.002632805611070693,1637.8826461536562,2070.304943507634,1.0018806184546487,20.465602655891544,copath_syn_app_REGION-RF_rank367_region408_cPC5,408,cPC5,367
u0,0.007504120284821806,0.005877852986461351,0.00013251410958826148,1291.7127354208435,967.8409815728575,1.0000409117067177,16.14015488274348,copath_syn_app_REGION-RF_rank367_region408_cPC5,408,cPC5,367
alpha,2.992050517612551,0.5154529349940368,0.011318720302113009,2046.1241621424074,2564.7712694362067,1.0022605421390238,20.963312966983324,copath_syn_app_REGION-RF_rank64_region409_cCS,409,cCS,64
beta,0.4330563936698042,0.06022026533754706,0.0015198510179561273,1683.5777942445352,1297.7529537853795,1.0031475153121552,17.248888829921984,copath_syn_app_REGION-RF_rank64_region409_cCS,409,cCS,64
gamma,0.28280833370768643,0.058972931440146946,0.0014602232118597258,1759.653770400446,1515.9076788773527,1.0036427568213468,18.028315869068656,copath_syn_app_REGION-RF_rank64_region409_cCS,409,cCS,64
sigma,0.07680048697707818,0.015245711199100644,0.0003107897279711791,2564.7378547538924,2309.119723068067,1.000394980182912,26.276705647803826,copath_syn_app_REGION-RF_rank64_region409_cCS,409,cCS,64
u0,0.01649819907007859,0.006693882609588059,0.00014588492615673967,1802.320613407244,1241.4624018375857,1.0019081924539222,18.465453751418924,copath_syn_app_REGION-RF_rank64_region409_cCS,409,cCS,64
alpha,0.3077910745345889,0.3339663436793041,0.03855792785595206,134.06436831114075,78.05287949551249,1.039721673844027,0.9182176522115048,copath_syn_app_REGION-RF_rank239_region410_cPRNr,410,cPRNr,239
beta,0.3299376718774946,0.4493627659385312,0.01764003728909677,527.6826794656664,827.4365034885147,1.0053522540884248,3.614141155889637,copath_syn_app_REGION-RF_rank239_region410_cPRNr,410,cPRNr,239
gamma,0.07998689573800499,0.06065850910282788,0.003150762914918009,288.6471454588967,241.23007436884373,1.0140478406466675,1.9769675385013987,copath_syn_app_REGION-RF_rank239_region410_cPRNr,410,cPRNr,239
sigma,0.025021878381232463,0.004848766000167392,0.00027532781848283713,259.9628610938087,469.63142587662037,1.0243664647969348,1.7805065654861734,copath_syn_app_REGION-RF_rank239_region410_cPRNr,410,cPRNr,239
u0,0.02474229113566985,0.006722361802177276,0.00047482154332828086,203.97664556073977,143.7689883097085,1.0215298776066501,1.3970524677972658,copath_syn_app_REGION-RF_rank239_region410_cPRNr,410,cPRNr,239
alpha,0.7468981757315397,0.5926755002229537,0.011996190183928047,1641.0242465789945,1148.2893985395815,1.000369653769022,20.92422566946325,copath_syn_app_REGION-RF_rank368_region411_cNTB,411,cNTB,368
beta,-0.1974486278731137,0.9120964153952089,0.020819329923813704,1902.252530718588,2117.5698903788766,1.002020940155955,24.255071986925266,copath_syn_app_REGION-RF_rank368_region411_cNTB,411,cNTB,368
gamma,0.07906135024894548,0.06064300934130244,0.0011511759233915374,1834.5452971452316,1173.3127631025018,1.0016018318916269,23.39175662903377,copath_syn_app_REGION-RF_rank368_region411_cNTB,411,cNTB,368
sigma,0.6729439085824533,0.8248267396260441,0.020673465195087667,2367.6181105734577,1841.8362253036992,1.0024602560870575,30.188813936188524,copath_syn_app_REGION-RF_rank368_region411_cNTB,411,cNTB,368
u0,0.007851814669631117,0.006060082948528994,0.0001263963926821201,1389.4656251484578,948.9934813567777,1.0007527597145434,17.716674425242044,copath_syn_app_REGION-RF_rank368_region411_cNTB,411,cNTB,368
alpha,0.5776390066808925,0.532543986692807,0.021308357154815345,551.9997730233684,774.0007133116521,1.009173529417799,5.338540730793996,copath_syn_app_REGION-RF_rank232_region412_cCB,412,cCB,232
beta,-0.05869542658017888,0.7412249425969109,0.024345981792460374,878.1351409605677,1550.9950405579593,1.0050691755293577,8.492685044928555,copath_syn_app_REGION-RF_rank232_region412_cCB,412,cCB,232
gamma,0.08040523562056566,0.061368446424131716,0.0020105794956084898,627.5335762030165,415.2494645725467,1.005477507507617,6.069048793537815,copath_syn_app_REGION-RF_rank232_region412_cCB,412,cCB,232
sigma,0.0746710608286397,0.01277646174007462,0.0004416958171898115,822.709598199953,1227.5763467594331,1.0031504151863,7.956649466628816,copath_syn_app_REGION-RF_rank232_region412_cCB,412,cCB,232
u0,0.009981864705967703,0.006176473703163211,0.00017334929309921037,996.2039173492537,745.2471681063992,1.0014981612666995,9.634560463343492,copath_syn_app_REGION-RF_rank232_region412_cCB,412,cCB,232
