parameter,mean,std,mcse,ess_bulk,ess_tail,rhat,ess_per_sec,run_id,region_index,region,rank
alpha,2.4035648348790257,0.31732749963259665,0.0100347766304525,NaN,NaN,NaN,NaN,copath_syn_mapt_REGION-RF_rank305_region1_iFRP,1,iFRP,305
beta,-1.5293163446078857,0.2104300764953606,0.00665438329928802,NaN,NaN,NaN,NaN,copath_syn_mapt_REGION-RF_rank305_region1_iFRP,1,iFRP,305
gamma,0.06213109511502754,0.043259772572068575,0.0013679941238861726,NaN,NaN,NaN,NaN,copath_syn_mapt_REGION-RF_rank305_region1_iFRP,1,iFRP,305
u0,0.0031664238941161104,0.0002746600240074069,8.685512580599335e-6,NaN,NaN,NaN,NaN,copath_syn_mapt_REGION-RF_rank305_region1_iFRP,1,iFRP,305
sigma,1.1744538547301643e-7,3.756178623689246e-8,1.1878079749294512e-9,NaN,NaN,NaN,NaN,copath_syn_mapt_REGION-RF_rank305_region1_iFRP,1,iFRP,305
alpha,0.2607161022854896,0.3615519046806281,0.05041056340642058,99.02686427854495,61.790605569501,1.026423305678936,0.7282243813871113,copath_syn_mapt_REGION-RF_rank256_region2_iMOp,2,iMOp,256
beta,0.09160790342984296,0.5231196518024988,0.015841749053100627,951.3637362636146,1062.6453630067192,1.0175054129004506,6.996144666016697,copath_syn_mapt_REGION-RF_rank256_region2_iMOp,2,iMOp,256
gamma,0.07643981748089278,0.05891787370001868,0.0031605447166237507,308.9811455612472,644.5223470250693,1.0126124092373598,2.272187504127303,copath_syn_mapt_REGION-RF_rank256_region2_iMOp,2,iMOp,256
sigma,0.009202402597134405,0.0016619917647661526,0.00011055267497397151,223.33147236768565,822.4364145592674,1.02616044333973,1.6423363952206556,copath_syn_mapt_REGION-RF_rank256_region2_iMOp,2,iMOp,256
u0,0.016949625226353546,0.0035185159161153314,0.00025345308073129453,191.19725262518008,265.4827550304084,1.022817053603015,1.4060275666635786,copath_syn_mapt_REGION-RF_rank256_region2_iMOp,2,iMOp,256
alpha,0.33136325135357086,0.3563948350363752,0.02921681145016577,261.83529769146554,269.9558577673603,1.0249782348186915,1.98771168926238,copath_syn_mapt_REGION-RF_rank212_region3_iMOs,3,iMOs,212
beta,0.10549567884716163,0.4696777438725402,0.017396685212762893,675.3695175252853,854.5286285036091,1.0120259686586976,5.12703938847226,copath_syn_mapt_REGION-RF_rank212_region3_iMOs,3,iMOs,212
gamma,0.08125862459005348,0.06039843613510372,0.002199415349331517,550.6613075194592,249.09181800965848,1.010163082108188,4.180322238565057,copath_syn_mapt_REGION-RF_rank212_region3_iMOs,3,iMOs,212
sigma,0.019487759443410805,0.0037819099825117603,0.00016293419027243572,521.192845934288,1056.8174799846686,1.006821634837053,3.956613647424507,copath_syn_mapt_REGION-RF_rank212_region3_iMOs,3,iMOs,212
u0,0.01835130324805955,0.00566076947367498,0.0003038037481281364,350.5252073075985,197.89347300402935,1.0125740939471959,2.66099742123937,copath_syn_mapt_REGION-RF_rank212_region3_iMOs,3,iMOs,212
alpha,0.7808988373935313,0.619525117129311,0.01261475771123284,1566.854287913169,1068.627656749371,1.0026605657302854,22.968004337694325,copath_syn_mapt_REGION-RF_rank1_region4_iSSp-n,4,iSSp-n,359
beta,0.002318046716242489,0.9818698023314762,0.018321785151259352,2875.012583379847,2265.119951390074,0.9999508823590053,42.14386876647045,copath_syn_mapt_REGION-RF_rank1_region4_iSSp-n,4,iSSp-n,359
gamma,0.07711255031800487,0.06086102106520476,0.0012649463506229264,1273.0468886309966,603.9465568279297,1.0018265822701145,18.66117780429201,copath_syn_mapt_REGION-RF_rank1_region4_iSSp-n,4,iSSp-n,359
sigma,1.7084755907851554,2.2875037393786344,0.048845180052514744,2472.7346876457136,2391.10344097146,1.002124510732321,36.247008716716955,copath_syn_mapt_REGION-RF_rank1_region4_iSSp-n,4,iSSp-n,359
u0,0.008085559082645279,0.006034879385905118,0.00012092025284533843,1524.9914541230135,991.501182205896,1.0026794779672863,22.354350754526063,copath_syn_mapt_REGION-RF_rank1_region4_iSSp-n,4,iSSp-n,359
alpha,0.45231671900890896,0.5283040936588673,0.09128342251097651,67.6638275269488,20.423427481264635,1.048167672834762,0.5413495973866022,copath_syn_mapt_REGION-RF_rank224_region5_iSSp-bfd,5,iSSp-bfd,224
beta,0.2510757627121899,0.5586851423022322,0.02264635252876467,574.3580436740693,743.9039186955575,1.0087043052872813,4.595195203447203,copath_syn_mapt_REGION-RF_rank224_region5_iSSp-bfd,5,iSSp-bfd,224
gamma,0.0877103356655142,0.06601573014878566,0.007027535921345151,113.52521778890835,105.990767149574,1.0264157307288864,0.9082671375451701,copath_syn_mapt_REGION-RF_rank224_region5_iSSp-bfd,5,iSSp-bfd,224
sigma,0.024319408058251935,0.004540462702030487,0.00037787762846699545,120.53763138267334,39.372948658930966,1.0300648972866886,0.9643704857363598,copath_syn_mapt_REGION-RF_rank224_region5_iSSp-bfd,5,iSSp-bfd,224
u0,0.014387610954112375,0.005996412001306379,0.0004598335071428047,147.17083236944802,46.05756351056986,1.0396922133546975,1.1774514354589372,copath_syn_mapt_REGION-RF_rank224_region5_iSSp-bfd,5,iSSp-bfd,224
alpha,0.8028091277239855,0.6144317606116583,0.011643756667800131,1666.3448356647452,867.0260661348266,1.0005516984867786,24.03289540303371,copath_syn_mapt_REGION-RF_rank1_region6_iSSp-ll,6,iSSp-ll,360
beta,-0.010278954580008765,1.0014564691737757,0.01890311279676265,2810.899651643231,2265.429332379356,0.9998241266092851,40.540262657829,copath_syn_mapt_REGION-RF_rank1_region6_iSSp-ll,6,iSSp-ll,360
gamma,0.07907962307623455,0.060192725969855414,0.0011318722395306491,1886.395730437298,1220.9240617847008,1.0012629698753035,27.206584320371785,copath_syn_mapt_REGION-RF_rank1_region6_iSSp-ll,6,iSSp-ll,360
sigma,1.740932430780272,2.3566306678869267,0.04846675324090241,2800.0433389208606,2269.4187911927525,1.0001015237708513,40.383687246464476,copath_syn_mapt_REGION-RF_rank1_region6_iSSp-ll,6,iSSp-ll,360
u0,0.008010506575530388,0.006083953721704887,0.00011957901218478958,1333.1038403118032,607.671705732188,1.0010593738254847,19.22671974604539,copath_syn_mapt_REGION-RF_rank1_region6_iSSp-ll,6,iSSp-ll,360
alpha,0.3799669173557085,0.41646942313927326,0.03741372012826411,176.3914163775548,128.61978242542034,1.0164128103276904,1.2748360583501113,copath_syn_mapt_REGION-RF_rank210_region7_iSSp-m,7,iSSp-m,210
beta,0.2320084479639087,0.49859460578967535,0.018930735676034975,495.7795006037664,609.1242281917724,1.0226882410095595,3.58315385941261,copath_syn_mapt_REGION-RF_rank210_region7_iSSp-m,7,iSSp-m,210
gamma,0.08647429836437198,0.06176939306899013,0.00398508685862332,243.43660664274594,204.86676148954868,1.0219344379739088,1.7593926645857734,copath_syn_mapt_REGION-RF_rank210_region7_iSSp-m,7,iSSp-m,210
sigma,0.018717275659683574,0.0035589966414121643,0.00017545245571360939,458.2331933152486,287.36070583818315,1.0057165134336754,3.311794927258887,copath_syn_mapt_REGION-RF_rank210_region7_iSSp-m,7,iSSp-m,210
u0,0.013862304284627239,0.005238864744234782,0.0004474281085340474,121.72326774857088,207.73428021436837,1.0336549909611095,0.8797322117644103,copath_syn_mapt_REGION-RF_rank210_region7_iSSp-m,7,iSSp-m,210
alpha,0.6442222972743143,0.5737517621787429,0.015280243495559193,957.9060723944566,909.1749937264287,1.0022797000415498,10.63997236884178,copath_syn_mapt_REGION-RF_rank229_region8_iSSp-ul,8,iSSp-ul,229
beta,-0.46010819380682577,0.7348012552567454,0.023303207298964644,1016.719967047901,1384.015745583148,1.0052374698786612,11.293249586776495,copath_syn_mapt_REGION-RF_rank229_region8_iSSp-ul,8,iSSp-ul,229
gamma,0.07864406477112197,0.059207469137303334,0.0017043295040711547,710.8203721094377,497.89975616268464,1.0130955876408823,7.89546004186915,copath_syn_mapt_REGION-RF_rank229_region8_iSSp-ul,8,iSSp-ul,229
sigma,0.027238171268996175,0.005101077389266535,0.0001461169487381216,1376.1201006484778,1432.0621938647355,1.0106562203437979,15.285298077824677,copath_syn_mapt_REGION-RF_rank229_region8_iSSp-ul,8,iSSp-ul,229
u0,0.007055958125028886,0.005200595899264498,0.00013107376994880382,1017.0646068936192,807.0181701430241,1.0035863981946789,11.297077684897301,copath_syn_mapt_REGION-RF_rank229_region8_iSSp-ul,8,iSSp-ul,229
alpha,0.5439936369978904,0.5185305233712865,0.013962779612114446,1140.1445977216056,1523.7177319069792,1.0032801496747066,11.802128230646504,copath_syn_mapt_REGION-RF_rank265_region9_iSSp-tr,9,iSSp-tr,265
beta,-0.27873520028758764,0.6848695545658009,0.021367535387186137,1093.4221845590364,1151.6248214047318,1.0044656781174148,11.318484390653033,copath_syn_mapt_REGION-RF_rank265_region9_iSSp-tr,9,iSSp-tr,265
gamma,0.07707089743863696,0.05870797426352452,0.0017843896012092117,635.8162514389975,565.7212280639689,1.0119433595291603,6.581608109714792,copath_syn_mapt_REGION-RF_rank265_region9_iSSp-tr,9,iSSp-tr,265
sigma,0.030328754645438917,0.005603367866672765,0.00015392533548536625,1349.0878967372632,1470.4575327466373,1.002702107452983,13.96499039115225,copath_syn_mapt_REGION-RF_rank265_region9_iSSp-tr,9,iSSp-tr,265
u0,0.009180170641737007,0.0059299403715332225,0.00016580396529090413,793.7301816168799,403.4511223519933,1.0077061863338412,8.216243275367527,copath_syn_mapt_REGION-RF_rank265_region9_iSSp-tr,9,iSSp-tr,265
alpha,0.7413156507720468,0.5835553372886118,0.01242777739889075,1489.1656457972085,1280.2835311010222,1.0019860923886696,19.51263982018932,copath_syn_mapt_REGION-RF_rank306_region10_iSSp-un,10,iSSp-un,306
beta,-0.30355953375263306,0.8997475268967656,0.021666903182375342,1732.69342869046,1915.8558644903956,1.00164450978668,22.703601099222464,copath_syn_mapt_REGION-RF_rank306_region10_iSSp-un,10,iSSp-un,306
gamma,0.07912540049202794,0.060745288933377516,0.0011836982718935924,1898.1649349224783,1416.4018020174933,1.0017684003934044,24.871785619676594,copath_syn_mapt_REGION-RF_rank306_region10_iSSp-un,10,iSSp-un,306
sigma,0.09222038470486164,0.1128698637883408,0.002255391732429106,2381.0229515242436,2469.433067260171,1.0009941788908545,31.198707402241197,copath_syn_mapt_REGION-RF_rank306_region10_iSSp-un,10,iSSp-un,306
u0,0.007040332463403685,0.005721570438559006,0.00011315707239401476,1706.789037803462,1148.0410988443264,1.00089974675744,22.364174084796012,copath_syn_mapt_REGION-RF_rank306_region10_iSSp-un,10,iSSp-un,306
alpha,0.5402407046144905,0.5148432412162377,0.03356190795717732,288.2694679373363,270.3344891375487,1.0080132710274143,,copath_syn_mapt_REGION-RF_rank153_region11_iSSs,11,iSSs,153
beta,0.37999099362873767,0.5699158767076056,0.02554244552038557,497.62149043802395,444.92560673707203,1.0083528791655947,,copath_syn_mapt_REGION-RF_rank153_region11_iSSs,11,iSSs,153
gamma,0.07556439950279169,0.06004290228994457,0.0027830914496831814,338.5854927344258,355.41914600489696,1.0116685688258318,,copath_syn_mapt_REGION-RF_rank153_region11_iSSs,11,iSSs,153
u0,0.012385190745147899,0.006903169352925293,0.00040072484986686225,237.6372076537947,159.28280746472765,1.0103392577845274,,copath_syn_mapt_REGION-RF_rank153_region11_iSSs,11,iSSs,153
sigma,0.05632838781279121,0.010426039631186707,0.0006035177878658167,313.45906047556724,564.9143459934655,1.0018434448357714,,copath_syn_mapt_REGION-RF_rank153_region11_iSSs,11,iSSs,153
alpha,0.67879822420754,0.544436876003504,0.030396665827492765,430.3777764754554,138.06454845114237,1.008854758148829,4.422613386448423,copath_syn_mapt_REGION-RF_rank283_region12_iGU,12,iGU,283
beta,-0.548304512286524,0.5775565435335402,0.019265153870677485,937.5033328556218,1085.8639058149902,1.0039546915449324,9.633896117226083,copath_syn_mapt_REGION-RF_rank283_region12_iGU,12,iGU,283
gamma,0.0828141933221143,0.06135512726743098,0.001774585612975284,919.0661383075723,854.7476932239936,1.0038850945948132,9.444433306008161,copath_syn_mapt_REGION-RF_rank283_region12_iGU,12,iGU,283
sigma,0.011997628529354374,0.0023138261379349995,8.693136653347044e-5,486.6461818793133,123.65317409183987,1.0102753594042126,5.0008342346789565,copath_syn_mapt_REGION-RF_rank283_region12_iGU,12,iGU,283
u0,0.010488595005009373,0.006786241392504086,0.00034116181327913575,424.4801686258583,614.5533349723775,1.014077864574523,4.362008864446254,copath_syn_mapt_REGION-RF_rank283_region12_iGU,12,iGU,283
alpha,0.5882845378793022,0.4890708354967177,0.021371120580153606,495.5193136058481,674.8383116795738,1.0051617128414587,4.483526181739487,copath_syn_mapt_REGION-RF_rank121_region13_iVISC,13,iVISC,121
beta,0.12883335184360323,0.7997314803911647,0.033704396428802554,559.3311447565513,722.0252734366499,1.008464141485382,5.060904313758155,copath_syn_mapt_REGION-RF_rank121_region13_iVISC,13,iVISC,121
gamma,0.07859807965719727,0.061067035088774424,0.0023868550393469756,467.71572765976043,298.8252632253001,1.003845515783907,4.231955552477022,copath_syn_mapt_REGION-RF_rank121_region13_iVISC,13,iVISC,121
sigma,0.0809772746745024,0.01672475839516734,0.0008392143900734279,366.0937750386387,386.474057148904,1.0018395208499495,3.3124662960426954,copath_syn_mapt_REGION-RF_rank121_region13_iVISC,13,iVISC,121
u0,0.009027291399961276,0.006114420189811306,0.00023753650687647444,567.10556448577,521.8783715581898,1.007923930311219,5.131248321442001,copath_syn_mapt_REGION-RF_rank121_region13_iVISC,13,iVISC,121
alpha,0.4435723704614666,0.4413943214187966,0.02199966769556785,431.7054645423872,589.4206847191805,1.012356602677023,3.056148781254068,copath_syn_mapt_REGION-RF_rank152_region14_iAUDd,14,iAUDd,152
beta,0.296023015717425,0.5983398878878505,0.02436212488252332,599.2939994493472,820.5365933592105,1.0080770034974567,4.242549090666349,copath_syn_mapt_REGION-RF_rank152_region14_iAUDd,14,iAUDd,152
gamma,0.08254260896588898,0.06128753459149351,0.002012000502404099,710.957980152496,607.0318201834838,1.0029482950061763,5.0330457754781746,copath_syn_mapt_REGION-RF_rank152_region14_iAUDd,14,iAUDd,152
sigma,0.041777558380255125,0.007631583468999738,0.0003090635541791053,587.6053995515521,559.6969767988303,1.0053517876957698,4.159802627472795,copath_syn_mapt_REGION-RF_rank152_region14_iAUDd,14,iAUDd,152
u0,0.012402167496359423,0.00616280035033635,0.00030520408756657855,314.46608465740485,444.2445223680725,1.0214578424105079,2.2261824792748364,copath_syn_mapt_REGION-RF_rank152_region14_iAUDd,14,iAUDd,152
alpha,0.44521025531142355,0.38517873319745977,0.023163165600647965,262.0480166032542,495.97327967016736,1.020182333271312,1.5943830600659188,copath_syn_mapt_REGION-RF_rank181_region15_iAUDp,15,iAUDp,181
beta,0.408547895658501,0.5199859587582848,0.019638067673776242,533.763632748879,918.3109972387847,1.0127196596876984,3.247586855131689,copath_syn_mapt_REGION-RF_rank181_region15_iAUDp,15,iAUDp,181
gamma,0.08161857708220303,0.05960548842420827,0.00335052502850551,254.01348796107547,262.7220871632641,1.0185924809319653,1.545498445220316,copath_syn_mapt_REGION-RF_rank181_region15_iAUDp,15,iAUDp,181
sigma,0.03306235339175726,0.005626029608471826,0.00023910765304103828,584.4907811357007,669.4794922260804,1.0111096677632976,3.556226878902028,copath_syn_mapt_REGION-RF_rank181_region15_iAUDp,15,iAUDp,181
u0,0.01166396340575673,0.005932349008664685,0.000342411218002385,252.40375087641286,208.94445841515125,1.0336763941053495,1.5357042953839073,copath_syn_mapt_REGION-RF_rank181_region15_iAUDp,15,iAUDp,181
alpha,0.5555007243739976,0.4611926769597153,0.024224095903559156,409.6110654187333,461.403436921573,1.0082985242365097,2.169090581543811,copath_syn_mapt_REGION-RF_rank135_region16_iAUDpo,16,iAUDpo,135
beta,0.47920395378921105,0.5486879376888366,0.01992156841551556,747.5406519207621,740.9648154532647,1.0059716272265062,3.958592734170526,copath_syn_mapt_REGION-RF_rank135_region16_iAUDpo,16,iAUDpo,135
gamma,0.08410796074424082,0.06302787611820114,0.0026678353227023188,324.8174563310808,142.9043628273639,1.009175548810514,1.7200670214524507,copath_syn_mapt_REGION-RF_rank135_region16_iAUDpo,16,iAUDpo,135
sigma,0.05431905269053991,0.01037301759783343,0.0003852769565784719,708.2297800948072,830.6266970449783,1.003418747457303,3.750422474554158,copath_syn_mapt_REGION-RF_rank135_region16_iAUDpo,16,iAUDpo,135
u0,0.011364921977168553,0.006196580489708803,0.0002308714643345572,637.0443717177634,642.1325515586816,1.0084193735253035,3.3734609813480376,copath_syn_mapt_REGION-RF_rank135_region16_iAUDpo,16,iAUDpo,135
alpha,0.6056160338906057,0.6057442541736618,0.058658037010701124,208.21430295454323,78.46726790764538,1.0258180863892696,1.1301683355020178,copath_syn_mapt_REGION-RF_rank170_region17_iAUDv,17,iAUDv,170
beta,0.4440433668370938,0.45551879520506866,0.017232956777403184,533.3140729491965,1045.459229560071,1.0085730708218381,2.8947803756612362,copath_syn_mapt_REGION-RF_rank170_region17_iAUDv,17,iAUDv,170
gamma,0.08050806623144327,0.06190135599386981,0.0027327262591106353,393.53934025733497,528.7679978514069,1.00437644348252,2.136095814850407,copath_syn_mapt_REGION-RF_rank170_region17_iAUDv,17,iAUDv,170
sigma,0.03702345459764361,0.00676851630924964,0.0003288492853217217,443.12809149852706,474.1835047140344,1.0109083458290489,2.4052590551015673,copath_syn_mapt_REGION-RF_rank170_region17_iAUDv,17,iAUDv,170
u0,0.014798486282191806,0.006628603756986775,0.00030039028697357835,439.24347617501013,380.2001058201199,1.0072509951520103,2.3841737157567326,copath_syn_mapt_REGION-RF_rank170_region17_iAUDv,17,iAUDv,170
alpha,0.4880226965098517,0.46985597107440213,0.027792619950167855,346.21480791687986,245.82449835802402,1.0244958195054956,2.634575289295345,copath_syn_mapt_REGION-RF_rank197_region18_iVISal,18,iVISal,197
beta,0.2348948417155285,0.5906321790342608,0.020868524874958744,785.4251265473916,974.3788371670987,1.0166662231039965,5.976814343799589,copath_syn_mapt_REGION-RF_rank197_region18_iVISal,18,iVISal,197
gamma,0.07703247996784325,0.059825633569375265,0.002366751150722137,297.31446232534523,75.86059940248744,1.0128827943682785,2.262460523584948,copath_syn_mapt_REGION-RF_rank197_region18_iVISal,18,iVISal,197
sigma,0.04225488249949263,0.00792501142126281,0.0004019301375916683,326.912109346851,198.12336719867938,1.013210006149943,2.487688410090791,copath_syn_mapt_REGION-RF_rank197_region18_iVISal,18,iVISal,197
u0,0.012654621782394054,0.006559200077331112,0.00035098746636523986,312.55161468464536,299.94478594588946,1.0163326528205705,2.3784099982090323,copath_syn_mapt_REGION-RF_rank197_region18_iVISal,18,iVISal,197
alpha,0.5348783687980848,0.553621043927731,0.015376819969023124,1007.7131297182402,1263.598770534144,1.0012529787236417,9.81698129292002,copath_syn_mapt_REGION-RF_rank252_region19_iVISam,19,iVISam,252
beta,-0.3173754001850472,0.7050026453492179,0.020775919482545032,1196.2867685413858,1511.8871619655565,1.002559750075591,11.654035738347645,copath_syn_mapt_REGION-RF_rank252_region19_iVISam,19,iVISam,252
gamma,0.07847387488309042,0.05873977307154071,0.001467391606810153,1140.3282102405838,883.7537997755805,1.0026156881245165,11.108896349153275,copath_syn_mapt_REGION-RF_rank252_region19_iVISam,19,iVISam,252
sigma,0.027926662567384134,0.0051816308454382,0.00013868833611004608,1476.5707244015796,1435.0177014259282,1.001394078971858,14.384517529484457,copath_syn_mapt_REGION-RF_rank252_region19_iVISam,19,iVISam,252
u0,0.009584654877179648,0.006280071630613644,0.00018359417695055106,908.9351040993057,693.4598753267305,1.0029445729133306,8.854701452501759,copath_syn_mapt_REGION-RF_rank252_region19_iVISam,19,iVISam,252
alpha,0.47955272939827603,0.39855688981349685,0.022938422394015646,239.2366078658371,603.9654249463701,1.0172015549093354,1.514002429284611,copath_syn_mapt_REGION-RF_rank151_region20_iVISl,20,iVISl,151
beta,0.41832616197798894,0.6301791861912327,0.02724635496857286,491.14317941680514,515.1139283133141,1.0082839647110964,3.1081863824980074,copath_syn_mapt_REGION-RF_rank151_region20_iVISl,20,iVISl,151
gamma,0.07560954273018602,0.06165490522357955,0.0031413419844910865,357.0058952035122,555.0738930389728,1.0103548122018469,2.259302192205297,copath_syn_mapt_REGION-RF_rank151_region20_iVISl,20,iVISl,151
sigma,0.04819761271420471,0.009343283107588312,0.000561827761864896,256.2352081192351,334.7567216761834,1.0181873127604262,1.6215776131482578,copath_syn_mapt_REGION-RF_rank151_region20_iVISl,20,iVISl,151
u0,0.009722882796403015,0.0059865851498704685,0.0003364116971240874,243.32754149770585,159.48140212342014,1.0181307141212566,1.5398917925887623,copath_syn_mapt_REGION-RF_rank151_region20_iVISl,20,iVISl,151
alpha,0.4474608775789775,0.4496686933297986,0.04014346370888159,186.55337825299526,99.11456266558108,1.0134745288812292,1.1366196201364482,copath_syn_mapt_REGION-RF_rank187_region21_iVISp,21,iVISp,187
beta,0.4342728907068873,0.47196197389772054,0.01876107782305267,342.7579599403268,841.2633169932419,1.017114964067538,2.0883321753508004,copath_syn_mapt_REGION-RF_rank187_region21_iVISp,21,iVISp,187
gamma,0.08183996266812951,0.05953868094594711,0.0023580008760036345,504.6579300553464,735.5391693841459,1.0064519179581681,3.074745202311256,copath_syn_mapt_REGION-RF_rank187_region21_iVISp,21,iVISp,187
sigma,0.028797953322837272,0.005155758818482131,0.00026586410595125996,507.8267152966699,447.42934226361615,1.0071879048798613,3.094051759560531,copath_syn_mapt_REGION-RF_rank187_region21_iVISp,21,iVISp,187
u0,0.016297501970716978,0.005982099921657582,0.0003239065804507558,298.1385936707885,164.7025462435776,1.014580809862702,1.8164783627051029,copath_syn_mapt_REGION-RF_rank187_region21_iVISp,21,iVISp,187
alpha,0.5259142765678214,0.4652831448518469,0.036710204010883485,182.17205237719594,346.07317059944967,1.0236532823024813,1.301740343543506,copath_syn_mapt_REGION-RF_rank195_region22_iVISpl,22,iVISpl,195
beta,0.27272687287558595,0.5750032744051377,0.02156288597172889,718.4863747541413,962.2886589835414,1.0054247157476028,5.134062487078076,copath_syn_mapt_REGION-RF_rank195_region22_iVISpl,22,iVISpl,195
gamma,0.08165320324323812,0.06112679178325025,0.0025287158602528255,401.46121530318345,256.298570559604,1.007013320440087,2.868707101383997,copath_syn_mapt_REGION-RF_rank195_region22_iVISpl,22,iVISpl,195
sigma,0.04907930698974228,0.0090160296865687,0.0004600087931218904,383.47628963364036,741.9379399931121,1.0127940794385,2.7401928588634132,copath_syn_mapt_REGION-RF_rank195_region22_iVISpl,22,iVISpl,195
u0,0.01106887026705837,0.006386477044727568,0.00033818597282012666,280.32688039387034,156.57058429195823,1.0157879548552693,2.0031218006636204,copath_syn_mapt_REGION-RF_rank195_region22_iVISpl,22,iVISpl,195
alpha,0.5817184020357958,0.5192892328661648,0.029558704179245568,337.7072080153329,551.1914096891794,1.0168939100325742,2.803782643115502,copath_syn_mapt_REGION-RF_rank134_region23_iVISpm,23,iVISpm,134
beta,0.19400077247645584,0.6813326473234669,0.024539211338738695,739.3894553224112,784.3811860866654,1.0093804362786838,6.138712091811429,copath_syn_mapt_REGION-RF_rank134_region23_iVISpm,23,iVISpm,134
gamma,0.07772759895160451,0.06165737781520866,0.003037061458562677,306.4101613938004,311.7805403561986,1.0088441921155002,2.5439418283045687,copath_syn_mapt_REGION-RF_rank134_region23_iVISpm,23,iVISpm,134
sigma,0.06973942521020376,0.012093609551982217,0.0006624111866850442,306.8757094722007,255.18471592107406,1.0054808205931953,2.547806997867948,copath_syn_mapt_REGION-RF_rank134_region23_iVISpm,23,iVISpm,134
u0,0.012412036878318508,0.006993992532706245,0.00036200473448340484,304.5470055718901,196.00393311578043,1.013234313243238,2.5284731506130504,copath_syn_mapt_REGION-RF_rank134_region23_iVISpm,23,iVISpm,134
alpha,0.5005402680994907,0.41898964392151794,0.02321612070003664,410.9950256324336,496.06800572212904,1.0110196557365,2.163871985850073,copath_syn_mapt_REGION-RF_rank160_region24_iVISli,24,iVISli,160
beta,0.5330602435460386,0.4912725521753054,0.018628356357022303,643.0129120428252,899.2731436028025,1.004762968424189,3.3854366601354418,copath_syn_mapt_REGION-RF_rank160_region24_iVISli,24,iVISli,160
gamma,0.07705281387447156,0.0608219098603193,0.0020803027185011804,632.4690172766211,502.79861554026104,1.0042157554138929,3.329923485806308,copath_syn_mapt_REGION-RF_rank160_region24_iVISli,24,iVISli,160
sigma,0.036611363246107385,0.006500316307742801,0.00029203129645650485,515.4158838204223,844.3004172412813,1.009792007521506,2.7136435297360797,copath_syn_mapt_REGION-RF_rank160_region24_iVISli,24,iVISli,160
u0,0.011298690690596212,0.005632292633975618,0.0002703574292391309,336.01040716908,225.7347672152339,1.0022475210699784,1.7690810391401268,copath_syn_mapt_REGION-RF_rank160_region24_iVISli,24,iVISli,160
alpha,0.742897328101046,0.6032099620904197,0.027677410543156113,455.73812117885336,748.7968597785191,1.0144598906540125,2.325859026961037,copath_syn_mapt_REGION-RF_rank80_region25_iVISpor,25,iVISpor,80
beta,0.5372364176316935,0.46317884789999086,0.018656097577935783,750.9326197562214,819.5536470393807,1.010672855269496,3.832383843119572,copath_syn_mapt_REGION-RF_rank80_region25_iVISpor,25,iVISpor,80
gamma,0.08514183039579733,0.0644097108709755,0.002175140105909131,729.5478052773364,766.3493592978942,1.0032374900010699,3.7232464646906074,copath_syn_mapt_REGION-RF_rank80_region25_iVISpor,25,iVISpor,80
sigma,0.07717737465243385,0.013282991317837051,0.0004144332364435179,1003.5177949829774,1302.9254487346527,1.0028498702523214,5.1214520219194135,copath_syn_mapt_REGION-RF_rank80_region25_iVISpor,25,iVISpor,80
u0,0.015664217220530602,0.006974680119683614,0.00022133022758510966,893.5075092549027,397.08866448882554,1.0036123933729708,4.560014643239409,copath_syn_mapt_REGION-RF_rank80_region25_iVISpor,25,iVISpor,80
alpha,0.4201188033618663,0.43834654633543246,0.03446356788450267,227.30930133861906,137.82045445908906,1.0122625658863127,1.6402867774960062,copath_syn_mapt_REGION-RF_rank177_region26_iACAd,26,iACAd,177
beta,0.33101533815157197,0.4840316261977104,0.019832165923294436,534.6812117668544,627.4278184991675,1.0096368543293246,3.8583133935650737,copath_syn_mapt_REGION-RF_rank177_region26_iACAd,26,iACAd,177
gamma,0.0808225394226985,0.06073942737953249,0.003008291204025404,262.04857836307707,214.35369707881932,1.022142812966723,1.890968894010471,copath_syn_mapt_REGION-RF_rank177_region26_iACAd,26,iACAd,177
sigma,0.031485078620814705,0.005906234931673304,0.00028160004329446796,480.2633836632418,635.3716687672162,1.020444676507476,3.465628873517934,copath_syn_mapt_REGION-RF_rank177_region26_iACAd,26,iACAd,177
u0,0.016596356198657774,0.007198652727965925,0.00039521654006706924,279.6215711990958,251.36004297700754,1.0067202469830403,2.0177773775182084,copath_syn_mapt_REGION-RF_rank177_region26_iACAd,26,iACAd,177
alpha,0.5360322814393891,0.4994816600498845,0.03153069521427657,321.82913492023596,222.27798652802815,1.0050503552643475,2.2765667481589342,copath_syn_mapt_REGION-RF_rank165_region27_iACAv,27,iACAv,165
beta,0.3507836296656811,0.5145121291791824,0.021039879240330787,576.0559589143529,732.2975736003174,1.0033767232641992,4.074925787773247,copath_syn_mapt_REGION-RF_rank165_region27_iACAv,27,iACAv,165
gamma,0.0823897790893649,0.05993815285696543,0.0023777622215885577,562.5926679517055,534.789922932725,1.0057393367200769,3.9796886659571995,copath_syn_mapt_REGION-RF_rank165_region27_iACAv,27,iACAv,165
sigma,0.04923896033730542,0.009105784429072797,0.00039144520478341194,523.558329191734,1017.6149861970773,1.0056301052659717,3.7035661275818366,copath_syn_mapt_REGION-RF_rank165_region27_iACAv,27,iACAv,165
u0,0.014254675924704968,0.006914917276533415,0.00037153374202810883,303.2634106948771,170.66144253798677,1.0151283521605763,2.1452358466312766,copath_syn_mapt_REGION-RF_rank165_region27_iACAv,27,iACAv,165
alpha,0.4766070285110998,0.48249352434822457,0.039016538750643995,178.95724799019433,222.36758097499904,1.009557212909918,1.3129851354399502,copath_syn_mapt_REGION-RF_rank183_region28_iPL,28,iPL,183
beta,0.39315156672362456,0.6018881268895088,0.03843551977545164,249.50939559734292,247.6422412759049,1.0079267299387116,1.830616704554307,copath_syn_mapt_REGION-RF_rank183_region28_iPL,28,iPL,183
gamma,0.07062671356895266,0.05993674793644081,0.0036621010244256985,254.11671310145857,420.3664100894715,1.0177240217366819,1.8644199702230302,copath_syn_mapt_REGION-RF_rank183_region28_iPL,28,iPL,183
sigma,0.03699960844642208,0.007168632520810565,0.00047859734807892396,236.7516802125241,314.6479771831499,1.0079297139583334,1.7370150714795822,copath_syn_mapt_REGION-RF_rank183_region28_iPL,28,iPL,183
u0,0.013879340897470104,0.00681074490027592,0.0004899803829462695,155.14476968352565,86.41634880801801,1.0165714214939774,1.1382762012907428,copath_syn_mapt_REGION-RF_rank183_region28_iPL,28,iPL,183
alpha,0.5036065572391009,0.3641699472760639,0.026176549127824047,264.92072738673266,155.3869194392946,1.020182499497468,1.187064418127339,copath_syn_mapt_REGION-RF_rank155_region29_iILA,29,iILA,155
beta,0.5484969596460689,0.424186203467151,0.017219778778198268,520.0199568874924,1166.281741558791,1.0074290546347158,2.3301203859225463,copath_syn_mapt_REGION-RF_rank155_region29_iILA,29,iILA,155
gamma,0.07830031684065956,0.06133725833220067,0.002987324644301475,363.8440510102145,356.5873687950515,1.00545507428874,1.630322893048059,copath_syn_mapt_REGION-RF_rank155_region29_iILA,29,iILA,155
sigma,0.022978344741212416,0.0042624396112205315,0.00020609454107641968,315.70920892675736,226.35221714968753,1.0175445993813892,1.4146389076042234,copath_syn_mapt_REGION-RF_rank155_region29_iILA,29,iILA,155
u0,0.010216188521922886,0.004852714733986249,0.00021137660240042914,359.7511518561652,331.40998496314114,1.0144360723919328,1.6119833127491463,copath_syn_mapt_REGION-RF_rank155_region29_iILA,29,iILA,155
alpha,0.490806935061839,0.4626401891269205,0.028311604075872496,279.4310668414924,351.99334530151145,1.0105358324143956,2.0017699212096134,copath_syn_mapt_REGION-RF_rank126_region30_iORBl,30,iORBl,126
beta,0.3497717248418433,0.6408723787911088,0.02530594937078688,632.1132397575338,667.1035874618058,1.0045646829733705,4.5282913043550765,copath_syn_mapt_REGION-RF_rank126_region30_iORBl,30,iORBl,126
gamma,0.08575305067325187,0.06298148302560688,0.0031084049106971687,221.28589109675815,140.546582809279,1.025487465370543,1.5852333306834068,copath_syn_mapt_REGION-RF_rank126_region30_iORBl,30,iORBl,126
sigma,0.061268188890306774,0.011439253544237471,0.0005637222570779011,370.09783496501535,777.3787367493886,1.0048339674100566,2.6512825589218245,copath_syn_mapt_REGION-RF_rank126_region30_iORBl,30,iORBl,126
u0,0.01223148780044337,0.00669350667159707,0.00028157564227574377,521.0328958831705,563.5234657480636,1.0027088310850572,3.7325412336177606,copath_syn_mapt_REGION-RF_rank126_region30_iORBl,30,iORBl,126
alpha,0.4274455293323239,0.4281760208978623,0.01354011465505099,NaN,NaN,NaN,NaN,copath_syn_mapt_REGION-RF_rank185_region31_iORBm,31,iORBm,185
beta,0.33149523677108944,0.5226487496190737,0.016527604650353335,NaN,NaN,NaN,NaN,copath_syn_mapt_REGION-RF_rank185_region31_iORBm,31,iORBm,185
gamma,0.09058769728056201,0.0625730083685429,0.001978732264933723,NaN,NaN,NaN,NaN,copath_syn_mapt_REGION-RF_rank185_region31_iORBm,31,iORBm,185
u0,0.01665304300956521,0.007028257222304478,0.00022225300804010518,NaN,NaN,NaN,NaN,copath_syn_mapt_REGION-RF_rank185_region31_iORBm,31,iORBm,185
sigma,0.03488099728853614,0.0064745252909223375,0.00020474246687678886,NaN,NaN,NaN,NaN,copath_syn_mapt_REGION-RF_rank185_region31_iORBm,31,iORBm,185
alpha,0.5523644791751199,0.4646196601522306,0.04108708906802218,170.23783702703844,323.89527143016335,1.020768047903052,1.3108124694086363,copath_syn_mapt_REGION-RF_rank164_region32_iORBvl,32,iORBvl,164
beta,0.32809518195670206,0.5664621169300654,0.023334450744272213,534.8024173194178,661.6408825530866,1.0079584195727596,4.117919315321376,copath_syn_mapt_REGION-RF_rank164_region32_iORBvl,32,iORBvl,164
gamma,0.07472459529630032,0.06293647641226972,0.004037299652196171,202.8271003590841,327.86286348401444,1.0279374016987914,1.5617461836199034,copath_syn_mapt_REGION-RF_rank164_region32_iORBvl,32,iORBvl,164
sigma,0.0518379590013687,0.009652066978845615,0.0007354857630976038,137.31602003588884,211.27954831371937,1.0462949165917974,1.0573181288952878,copath_syn_mapt_REGION-RF_rank164_region32_iORBvl,32,iORBvl,164
u0,0.012415530937353567,0.006425456816224532,0.00037365504969116636,267.6049144893544,296.51159978918764,1.0187103201045062,2.060528169962381,copath_syn_mapt_REGION-RF_rank164_region32_iORBvl,32,iORBvl,164
alpha,0.40583982704952604,0.3952681617485814,0.030836967631581433,242.1538866225713,176.84560830283894,1.0145495065082555,1.3390060417292684,copath_syn_mapt_REGION-RF_rank226_region33_iAId,33,iAId,226
beta,0.3999147499754002,0.4943695692761487,0.01748982108624602,854.138326422372,897.385543682779,1.005324486463083,4.723014755219203,copath_syn_mapt_REGION-RF_rank226_region33_iAId,33,iAId,226
gamma,0.0779239902688046,0.06211149979223555,0.0021753475935463434,576.0627228252907,486.00278021877267,1.0072060502396167,3.1853771873599124,copath_syn_mapt_REGION-RF_rank226_region33_iAId,33,iAId,226
sigma,0.016193705620696625,0.002948872193733139,0.00010958148701159378,762.1566867942373,769.1556980592877,1.0064167327800297,4.214396153601613,copath_syn_mapt_REGION-RF_rank226_region33_iAId,33,iAId,226
u0,0.01075233484008044,0.0047856817256157706,0.00029533532235805434,205.87861306571628,63.633252769243285,1.0155977429065246,1.1384195009329279,copath_syn_mapt_REGION-RF_rank226_region33_iAId,33,iAId,226
alpha,0.49134794215812116,0.48160056299211274,0.03988725888797005,223.2933525178645,46.179270575110294,1.0148863706496933,2.0159925652338324,copath_syn_mapt_REGION-RF_rank175_region34_iAIp,34,iAIp,175
beta,0.10115435646502241,0.6553735801154261,0.022028723533732142,919.5590232343878,862.3290025522498,1.0145431072671107,8.30219141425581,copath_syn_mapt_REGION-RF_rank175_region34_iAIp,34,iAIp,175
gamma,0.07973320672224773,0.06235913042604766,0.0027705722570036616,320.377143239518,372.1609005081185,1.0144221973801502,2.89250858370291,copath_syn_mapt_REGION-RF_rank175_region34_iAIp,34,iAIp,175
sigma,0.037179787140158696,0.006670087725454516,0.00031766712004897276,374.37663747466667,365.76008360940244,1.0062577881517893,3.3800402440810995,copath_syn_mapt_REGION-RF_rank175_region34_iAIp,34,iAIp,175
u0,0.012776710706088157,0.006402587449402218,0.0002430452793714688,606.9229444068445,292.90253386016514,1.005396011236028,5.479572633028273,copath_syn_mapt_REGION-RF_rank175_region34_iAIp,34,iAIp,175
alpha,0.42745712264699354,0.4871296887261699,0.02814375281305502,463.38923059088523,363.7518454071216,1.0219161290546994,3.812459732042891,copath_syn_mapt_REGION-RF_rank174_region35_iAIv,35,iAIv,174
beta,0.13221198158280506,0.5996295088777152,0.02270707208529665,757.2575180298294,892.4897791707328,1.0125583164984278,6.230213400933222,copath_syn_mapt_REGION-RF_rank174_region35_iAIv,35,iAIv,174
gamma,0.08299842043825739,0.061908622036173505,0.0022461407176155843,554.5228948662323,258.69700143775077,1.0054827306448904,4.562247172808914,copath_syn_mapt_REGION-RF_rank174_region35_iAIv,35,iAIv,174
sigma,0.033485722852126865,0.00634395487107086,0.00024264681268499664,684.9220759539473,995.4352801944054,1.0048378484831213,5.635085284204723,copath_syn_mapt_REGION-RF_rank174_region35_iAIv,35,iAIv,174
u0,0.013259170108434653,0.006691897203575722,0.0002748288547359929,508.9792655010196,258.86857376434097,1.0024506818055803,4.187544349472788,copath_syn_mapt_REGION-RF_rank174_region35_iAIv,35,iAIv,174
alpha,0.5751378344872287,0.48008089861298847,0.03887920170261886,191.2425498141523,175.91471940198448,1.031954060568874,1.0387858351031076,copath_syn_mapt_REGION-RF_rank139_region36_iRSPagl,36,iRSPagl,139
beta,0.47475439984861917,0.43513884914418344,0.01895960725351906,408.77987989529504,719.3632887063595,1.0129694831165166,2.220398908731546,copath_syn_mapt_REGION-RF_rank139_region36_iRSPagl,36,iRSPagl,139
gamma,0.08048945177325553,0.0625115395673594,0.0026315626085939054,452.71085133684545,478.5307734139431,1.0034289965958194,2.4590219081641993,copath_syn_mapt_REGION-RF_rank139_region36_iRSPagl,36,iRSPagl,139
sigma,0.04145156322031688,0.007084977587401962,0.0003224280241830339,451.6923049840744,497.8147298533381,1.0070281315591418,2.4534893970954927,copath_syn_mapt_REGION-RF_rank139_region36_iRSPagl,36,iRSPagl,139
u0,0.0171547906128707,0.006527930463304047,0.00031991648221576895,396.9059126583322,529.046639073489,1.0113579225379714,2.1559022316885867,copath_syn_mapt_REGION-RF_rank139_region36_iRSPagl,36,iRSPagl,139
alpha,0.6434901377934277,0.5393441121164102,0.025671702522358904,454.0117760887043,566.8041365161625,1.0037725711567014,2.073264604211743,copath_syn_mapt_REGION-RF_rank114_region37_iRSPd,37,iRSPd,114
beta,0.5083680177201086,0.4429771314714781,0.019884598799404053,470.0675691058376,700.7692031143641,1.0061205459409897,2.146584084251989,copath_syn_mapt_REGION-RF_rank114_region37_iRSPd,37,iRSPd,114
gamma,0.086707979053096,0.06439237544982923,0.0023066531302780883,582.0621964416486,452.6713051041974,1.0032042658508558,2.6580124412817763,copath_syn_mapt_REGION-RF_rank114_region37_iRSPd,37,iRSPd,114
sigma,0.04615468321805314,0.008301105490235803,0.0003053084311705103,761.8338567852736,999.6842084498767,1.003892614518672,3.4789475796646037,copath_syn_mapt_REGION-RF_rank114_region37_iRSPd,37,iRSPd,114
u0,0.018942745796256787,0.007000234793679255,0.0002382685464385276,798.931557742634,768.8499979569251,1.0034376026069591,3.6483558513071,copath_syn_mapt_REGION-RF_rank114_region37_iRSPd,37,iRSPd,114
alpha,0.8381187731922823,0.6065020556926576,0.024762645727754277,584.8971526211966,1031.9916502551555,1.0105708181920563,2.692115788796052,copath_syn_mapt_REGION-RF_rank87_region38_iRSPv,38,iRSPv,87
beta,0.4952372219171301,0.3962043508177179,0.015106028601096303,639.729315052135,804.3382041210141,1.0087311742945704,2.9444926888247656,copath_syn_mapt_REGION-RF_rank87_region38_iRSPv,38,iRSPv,87
gamma,0.08803397343407725,0.0659396011942115,0.0024569369080150007,560.8441706599115,610.38350108162,1.0051545656372864,2.581406731288399,copath_syn_mapt_REGION-RF_rank87_region38_iRSPv,38,iRSPv,87
sigma,0.0675915883768031,0.011110802825784244,0.0003964653597024473,709.926880330958,533.7691329538627,1.0094915642109714,3.2675921824284764,copath_syn_mapt_REGION-RF_rank87_region38_iRSPv,38,iRSPv,87
u0,0.016568422688138927,0.007018786358789757,0.00027352304972843433,595.8183349899265,518.4510381457078,1.012472346685459,2.7423828953384906,copath_syn_mapt_REGION-RF_rank87_region38_iRSPv,38,iRSPv,87
alpha,0.2985778831241234,0.2891273494633142,0.01808839896280203,306.7413660258836,316.94134424258704,1.0093569330315864,2.4651523014834216,copath_syn_mapt_REGION-RF_rank217_region39_iVISa,39,iVISa,217
beta,0.20337817888018248,0.5151843175086978,0.01758173249280293,924.9983208816816,806.4692729252621,1.010319058319011,7.433825340001138,copath_syn_mapt_REGION-RF_rank217_region39_iVISa,39,iVISa,217
gamma,0.07565401325990383,0.05937065530656378,0.0025605147520276986,443.7948504210741,642.0752301817607,1.0144190381955558,3.5665939389788246,copath_syn_mapt_REGION-RF_rank217_region39_iVISa,39,iVISa,217
sigma,0.022383743745219745,0.004109108357436607,0.0001877831483437857,392.0374299257663,235.13062410663656,1.0079218806438206,3.150641157957151,copath_syn_mapt_REGION-RF_rank217_region39_iVISa,39,iVISa,217
u0,0.0149952798610635,0.005626875945693798,0.00026744266123897504,403.30862266123427,167.9664013233886,1.0079288987865744,3.2412230285156776,copath_syn_mapt_REGION-RF_rank217_region39_iVISa,39,iVISa,217
alpha,0.5325423866608364,0.5282640203925166,0.01835414627484067,877.4270826852727,1095.9201908213188,1.0064001608713173,9.260053218706046,copath_syn_mapt_REGION-RF_rank251_region40_iVISrl,40,iVISrl,251
beta,-0.2642675381021663,0.6748042437752235,0.02009684194938974,1143.0059716437454,1079.0225147121114,1.0028316733329128,12.062878312722896,copath_syn_mapt_REGION-RF_rank251_region40_iVISrl,40,iVISrl,251
gamma,0.07667702737221106,0.06044197306591779,0.0017988824171118057,785.5068083519818,701.2836606501426,1.0031860958044487,8.289959351077334,copath_syn_mapt_REGION-RF_rank251_region40_iVISrl,40,iVISrl,251
sigma,0.03148327669255403,0.005323425954360614,0.0001735793466177988,940.2166223810459,884.8143283322588,1.003857923693002,9.922711678462607,copath_syn_mapt_REGION-RF_rank251_region40_iVISrl,40,iVISrl,251
u0,0.009550099791215723,0.006057650504906256,0.00019825729961756033,706.2110820408207,471.9917247177353,1.0045100909987845,7.453100471123337,copath_syn_mapt_REGION-RF_rank251_region40_iVISrl,40,iVISrl,251
alpha,0.5940505739702321,0.4682191088226058,0.04534356708686919,139.03188250772934,88.98051196555332,1.0267137389979941,0.657227525882347,copath_syn_mapt_REGION-RF_rank132_region41_iTEa,41,iTEa,132
beta,0.45624367872943017,0.3885936377988004,0.01808436646425784,237.8417423441166,913.1760094569187,1.012284993097195,1.1243186602445676,copath_syn_mapt_REGION-RF_rank132_region41_iTEa,41,iTEa,132
gamma,0.08648542101428723,0.05993552683309742,0.001982050938599659,830.6671922999606,967.9966840226482,1.004231821019866,3.9267061179049203,copath_syn_mapt_REGION-RF_rank132_region41_iTEa,41,iTEa,132
sigma,0.030295135799166345,0.005460105277968297,0.0002584567147360024,440.96839654374526,709.9472554714305,1.0053993783628357,2.084533151859174,copath_syn_mapt_REGION-RF_rank132_region41_iTEa,41,iTEa,132
u0,0.01815601975245106,0.00612842855300204,0.0003771870099975301,240.12026960349144,72.6021365457835,1.02566124379995,1.1350896489294915,copath_syn_mapt_REGION-RF_rank132_region41_iTEa,41,iTEa,132
alpha,1.1485168324523656,0.8062799185055841,0.08360297884663176,100.90178845996417,92.89983518809373,1.0385117653136442,0.43828800727990064,copath_syn_mapt_REGION-RF_rank96_region42_iPERI,42,iPERI,96
beta,0.33679359000796133,0.31249522344013597,0.021505083878398917,107.47008622868967,151.3010791222456,1.03996093015268,0.46681878145362077,copath_syn_mapt_REGION-RF_rank96_region42_iPERI,42,iPERI,96
gamma,0.10917887204552276,0.07061645203116729,0.004713627689404535,230.91745987224922,690.0412012091764,1.0136819143978189,1.0030382501465969,copath_syn_mapt_REGION-RF_rank96_region42_iPERI,42,iPERI,96
sigma,0.03662847126668364,0.006240924967538194,0.000434498052662389,160.89870248815384,180.88390039821218,1.0355599134151972,0.6988971430911304,copath_syn_mapt_REGION-RF_rank96_region42_iPERI,42,iPERI,96
u0,0.02225992759323475,0.0070713014437784275,0.001007094685208704,50.28655810225697,78.00534253174384,1.0999486229677158,0.21843017532189912,copath_syn_mapt_REGION-RF_rank96_region42_iPERI,42,iPERI,96
alpha,0.5927772925544378,0.5006973563350743,0.07104755211646786,82.11393543285382,57.85041497725988,1.0423461526918998,0.446012022535014,copath_syn_mapt_REGION-RF_rank147_region43_iECT,43,iECT,147
beta,0.4759335337943265,0.41845072671545996,0.02007563432621138,199.29580883709986,444.8030891341259,1.0289280007700996,1.0824998986301437,copath_syn_mapt_REGION-RF_rank147_region43_iECT,43,iECT,147
gamma,0.07988163418090394,0.05922795861829905,0.002096261014537388,570.6879021465123,613.8235485054437,1.0144571658968997,3.0997621065277925,copath_syn_mapt_REGION-RF_rank147_region43_iECT,43,iECT,147
sigma,0.032640572084296764,0.0054999866251764255,0.0003084985876108,340.707104224132,652.4015034137108,1.0226561868332762,1.8505928847036344,copath_syn_mapt_REGION-RF_rank147_region43_iECT,43,iECT,147
u0,0.01605955830745292,0.006720343517176553,0.0005453362246535228,140.1605778443338,86.06040172526147,1.0268196256338513,0.7612995586497733,copath_syn_mapt_REGION-RF_rank147_region43_iECT,43,iECT,147
alpha,0.7849814758889845,0.610777461426478,0.01292926521576806,1494.3708661284259,1020.946274079303,1.0009626900448305,21.69244532695243,copath_syn_mapt_REGION-RF_rank1_region44_iMOB,44,iMOB,361
beta,-0.04700845863759433,1.005927073090846,0.01889312358751893,2835.939214764105,2491.830156108032,1.0006641604155166,41.16679317110287,copath_syn_mapt_REGION-RF_rank1_region44_iMOB,44,iMOB,361
gamma,0.07718286783680374,0.06034565438399226,0.0011606899369559058,1868.6779778030725,1332.625149547082,1.001133551196816,27.125926894033483,copath_syn_mapt_REGION-RF_rank1_region44_iMOB,44,iMOB,361
sigma,1.6240153252992588,2.113019755646017,0.042072271702999604,2352.277814177765,2268.610041783548,1.0005799145906207,34.14591319626885,copath_syn_mapt_REGION-RF_rank1_region44_iMOB,44,iMOB,361
u0,0.008146692279882189,0.005985830569161728,0.00011829000064724309,1731.0760380880126,1162.3263290825091,1.0021957981160499,25.12848260372502,copath_syn_mapt_REGION-RF_rank1_region44_iMOB,44,iMOB,361
alpha,0.8472885900013892,0.6764916339260885,0.034252754089158635,426.51637066564933,571.0857622288078,1.0065187248974001,2.1581778425407805,copath_syn_mapt_REGION-RF_rank104_region45_iAON,45,iAON,104
beta,0.40976424323702365,0.34710545570760204,0.012020133609707925,492.87652818482735,1307.4851496644503,1.0061754903224303,2.49396101860479,copath_syn_mapt_REGION-RF_rank104_region45_iAON,45,iAON,104
gamma,0.09076956305620774,0.06493677817597562,0.002299034312526099,687.1686042524012,761.1540106754367,1.0070993533096733,3.4770812043455446,copath_syn_mapt_REGION-RF_rank104_region45_iAON,45,iAON,104
sigma,0.053511818454015696,0.010781401440541386,0.00042562752501284736,478.7770353647882,185.58181736079578,1.0067360824974352,2.4226174194182417,copath_syn_mapt_REGION-RF_rank104_region45_iAON,45,iAON,104
u0,0.02041609349441229,0.007374221543180926,0.00028278845402896863,672.1474343669256,1085.2579535934326,1.0081645221981248,3.401073908388111,copath_syn_mapt_REGION-RF_rank104_region45_iAON,45,iAON,104
alpha,0.48573663879255347,0.4511609913394981,0.01908092829821122,535.1579847959343,736.705278464822,1.0079499982155053,3.0621576677019675,copath_syn_mapt_REGION-RF_rank117_region46_iTT,46,iTT,117
beta,0.38900844002231133,0.5119928374920791,0.016692924315904304,896.6456058478049,787.3769698547306,1.0084816249792448,5.130578810676079,copath_syn_mapt_REGION-RF_rank117_region46_iTT,46,iTT,117
gamma,0.08190192185967222,0.062245099880707484,0.0018875195295372607,640.9054132318927,509.34839669067264,1.0069245140248764,3.6672412281171445,copath_syn_mapt_REGION-RF_rank117_region46_iTT,46,iTT,117
sigma,0.04678160570189994,0.00904053377388503,0.0002911346339575383,980.6650759502406,1336.548466780888,1.0026595633759445,5.61133565616823,copath_syn_mapt_REGION-RF_rank117_region46_iTT,46,iTT,117
u0,0.015054911849027141,0.007007092999136923,0.00022830178355713395,845.5816109943875,459.05532210324225,1.0013371581979358,4.838392189479515,copath_syn_mapt_REGION-RF_rank117_region46_iTT,46,iTT,117
alpha,0.5268628635851729,0.33900296399323215,0.02471004011205709,227.2594714478561,262.19820531849376,1.0207315643202335,,copath_syn_mapt_REGION-RF_rank113_region47_iDP,47,iDP,113
beta,0.6885032331097451,0.4393908061856928,0.021690733033030915,320.1335898468099,273.7103697358596,1.0104479788305762,,copath_syn_mapt_REGION-RF_rank113_region47_iDP,47,iDP,113
gamma,0.07969523661912069,0.059371182679035385,0.002863776351966739,329.0005442848218,243.66920020563117,1.005379612789765,,copath_syn_mapt_REGION-RF_rank113_region47_iDP,47,iDP,113
u0,0.008170639398526414,0.004777416549692661,0.0002903333883785971,200.19409312940607,116.39376729627739,1.013607136806583,,copath_syn_mapt_REGION-RF_rank113_region47_iDP,47,iDP,113
sigma,0.031482515745228104,0.005225227258276373,0.00025716586218182914,419.7399255404844,764.9135315408158,1.0094702712162724,,copath_syn_mapt_REGION-RF_rank113_region47_iDP,47,iDP,113
alpha,1.51693783020093,0.8836726546703568,0.05700667774934339,229.26594995095468,472.72623464798176,1.0179150823153071,0.8448712419239048,copath_syn_mapt_REGION-RF_rank95_region48_iPIR,48,iPIR,95
beta,0.2588081580817524,0.2557228988251251,0.014355976482732229,314.45171175178035,472.37111619537785,1.0177599835111995,1.1587905150749933,copath_syn_mapt_REGION-RF_rank95_region48_iPIR,48,iPIR,95
gamma,0.1415645242683122,0.08148196417001226,0.0035934354790039947,481.6356731407368,611.5794483900971,1.0105977123474856,1.774882530128525,copath_syn_mapt_REGION-RF_rank95_region48_iPIR,48,iPIR,95
sigma,0.026414535126766978,0.005550724108877254,0.0003421749177184217,214.45182167068393,40.13121872788904,1.022325471401179,0.7902794852288969,copath_syn_mapt_REGION-RF_rank95_region48_iPIR,48,iPIR,95
u0,0.02290124889776424,0.006099553394812729,0.00023080927925449505,693.0938686856309,995.6424397084377,1.008043016804676,2.554130160765438,copath_syn_mapt_REGION-RF_rank95_region48_iPIR,48,iPIR,95
alpha,0.7853281388687325,0.5895934089060151,0.01147235515538943,1630.4264369753155,934.6906878741272,1.000933865712879,23.06706710301513,copath_syn_mapt_REGION-RF_rank1_region49_iNLOT,49,iNLOT,362
beta,0.018226514227822437,0.9959730264799719,0.018792588919887238,2798.746440838775,2361.922190016181,1.0016541757960493,39.59631081235357,copath_syn_mapt_REGION-RF_rank1_region49_iNLOT,49,iNLOT,362
gamma,0.07928898630210632,0.06044527536499119,0.001154323854432637,1643.1664363864309,966.1004046625848,1.002478368516101,23.24731100402409,copath_syn_mapt_REGION-RF_rank1_region49_iNLOT,49,iNLOT,362
sigma,1.6634978279301693,2.11190372559101,0.043510447298027236,2971.344360296909,2571.25140095783,1.000980556865112,42.038204356086545,copath_syn_mapt_REGION-RF_rank1_region49_iNLOT,49,iNLOT,362
u0,0.008014363940673504,0.00615095665300045,0.0001271993549733495,1560.5030752376335,1174.338748177272,1.0011709509437707,22.07780022123926,copath_syn_mapt_REGION-RF_rank1_region49_iNLOT,49,iNLOT,362
alpha,0.37344785753562787,0.4136146377426935,0.04708627103475593,131.20883121370156,75.62206838108857,1.0086364517772162,,copath_syn_mapt_REGION-RF_rank168_region50_iCOAp,50,iCOAp,168
beta,0.337253098829559,0.5024483331555177,0.027017543798291514,368.9223560153338,383.0142193463968,1.007626286235627,,copath_syn_mapt_REGION-RF_rank168_region50_iCOAp,50,iCOAp,168
gamma,0.0849770585460568,0.06413503630884318,0.0038193857814409187,139.71563538578073,60.84331375968455,1.0236919349952476,,copath_syn_mapt_REGION-RF_rank168_region50_iCOAp,50,iCOAp,168
u0,0.019478724795150774,0.006409871695027951,0.0003381823656406798,335.4526211062427,422.2915089833126,1.0035749533343206,,copath_syn_mapt_REGION-RF_rank168_region50_iCOAp,50,iCOAp,168
sigma,0.030862460347843373,0.005148049784326828,0.00024756020348250176,433.3196177850846,598.8103709391033,1.005290405160531,,copath_syn_mapt_REGION-RF_rank168_region50_iCOAp,50,iCOAp,168
alpha,0.5161558982983747,0.5189868138628907,0.018538192420258462,640.214959081368,1201.3656027786508,1.0037896880165251,6.9006527451212385,copath_syn_mapt_REGION-RF_rank194_region51_iPAA,51,iPAA,194
beta,-0.20129904406740892,0.7206247164989885,0.02155964655084257,1108.1799964054765,1181.3739514119454,1.006105411266736,11.94468393124813,copath_syn_mapt_REGION-RF_rank194_region51_iPAA,51,iPAA,194
gamma,0.0798602853911823,0.05941625571045053,0.0017437834956282167,698.9923428816813,472.239708558035,1.0051048991271054,7.534193572493763,copath_syn_mapt_REGION-RF_rank194_region51_iPAA,51,iPAA,194
sigma,0.042066867488479584,0.006836283413868901,0.0002246124193211586,904.0922219981811,1396.484521073423,1.0039040157474253,9.744893312906152,copath_syn_mapt_REGION-RF_rank194_region51_iPAA,51,iPAA,194
u0,0.009900573243283172,0.0061989442619924985,0.00019475129176892213,810.7415538338878,637.7306491504332,1.005115431822437,8.738699166097781,copath_syn_mapt_REGION-RF_rank194_region51_iPAA,51,iPAA,194
alpha,1.219712759691199,0.8313035775554715,0.03380689482233163,504.511924658364,568.4995962255276,1.0035796122496272,2.3276965099604787,copath_syn_mapt_REGION-RF_rank69_region52_iTR,52,iTR,69
beta,0.4087898559258765,0.3964183994029808,0.020631049433183713,466.0030567705447,384.03690693555984,1.0060068450574235,2.1500258682889166,copath_syn_mapt_REGION-RF_rank69_region52_iTR,52,iTR,69
gamma,0.1059793278709025,0.07458726595693181,0.002901560699552611,516.7377230375322,401.1333822350928,1.0046467876644112,2.384103399129532,copath_syn_mapt_REGION-RF_rank69_region52_iTR,52,iTR,69
sigma,0.06172157542800868,0.011510165683385188,0.00041573878572326615,670.8193282284176,662.9914848493428,1.006384164331182,3.0949988153177617,copath_syn_mapt_REGION-RF_rank69_region52_iTR,52,iTR,69
u0,0.01966310787684484,0.006884844352597263,0.00020925601361139042,1015.9339894711519,1036.0751266224786,1.004906283080034,4.6872747423037975,copath_syn_mapt_REGION-RF_rank69_region52_iTR,52,iTR,69
alpha,2.461088981962853,0.42949022252538477,0.011724161936906658,1333.5655238944425,1903.1422603249337,1.001773568782226,10.011978677405967,copath_syn_mapt_REGION-RF_rank17_region53_iCA1,53,iCA1,17
beta,0.615314608116475,0.0672584384681064,0.001864944860914771,1310.6056761398843,1727.8209060144734,1.0028305621221738,9.839603565695056,copath_syn_mapt_REGION-RF_rank17_region53_iCA1,53,iCA1,17
gamma,0.16682690717271556,0.038715250385731224,0.0010553197192467426,1335.112378900282,1631.5262761773677,1.0016607393333026,10.023591964535854,copath_syn_mapt_REGION-RF_rank17_region53_iCA1,53,iCA1,17
sigma,0.07709563665502196,0.012646504173686663,0.00026043434981788547,2374.8906409085507,2129.4809300065012,1.0013911961212618,17.82991089069987,copath_syn_mapt_REGION-RF_rank17_region53_iCA1,53,iCA1,17
u0,0.014007324102552348,0.006293001426723031,0.00014777455921816688,1557.8234090001165,903.0914531190651,1.0050777954746586,11.695634353627458,copath_syn_mapt_REGION-RF_rank17_region53_iCA1,53,iCA1,17
alpha,2.290655070304876,0.49475469966700675,0.013092370987037683,1336.3713859848758,1615.7352467691765,1.001120352348515,12.669068816632782,copath_syn_mapt_REGION-RF_rank8_region54_iCA2,54,iCA2,8
beta,0.8991194577846621,0.11429750866759811,0.003470080722570862,1211.6408876195258,642.6724583553253,1.0039022443529686,11.486598671060984,copath_syn_mapt_REGION-RF_rank8_region54_iCA2,54,iCA2,8
gamma,0.16543151819100263,0.04418110669300983,0.0012289396223029777,1376.5629271534733,850.5679871626221,1.0020194043535988,13.050092689376234,copath_syn_mapt_REGION-RF_rank8_region54_iCA2,54,iCA2,8
sigma,0.1757446771374162,0.029687577902343193,0.0006709843606673943,2068.8836645802094,2093.868404259546,1.0016855743459907,19.613432160444898,copath_syn_mapt_REGION-RF_rank8_region54_iCA2,54,iCA2,8
u0,0.012214304088259619,0.006346669344043146,0.00014067204207640605,1601.6927619134665,814.1572226406707,1.003427903691846,15.184368684181019,copath_syn_mapt_REGION-RF_rank8_region54_iCA2,54,iCA2,8
alpha,1.3904517000161987,0.444650795065348,0.02628347245952833,138.63280486407348,131.2844331433689,1.021147530889105,,copath_syn_mapt_REGION-RF_rank4_region55_iCA3,55,iCA3,4
beta,1.8325417847776837,0.2361241322388248,0.01998556802202053,156.13760167904684,142.80026970468887,1.0136318130196005,,copath_syn_mapt_REGION-RF_rank4_region55_iCA3,55,iCA3,4
gamma,0.17453097127822745,0.043895308931802574,0.003685821198488277,153.58061786492132,99.45668312734979,1.014930230035514,,copath_syn_mapt_REGION-RF_rank4_region55_iCA3,55,iCA3,4
u0,0.009656232440711487,0.00631308305640537,0.000290619076965476,355.12652775804304,296.5113782367997,1.0140365907261577,,copath_syn_mapt_REGION-RF_rank4_region55_iCA3,55,iCA3,4
sigma,0.26720713404741275,0.046121450165986656,0.003229602712344505,154.0249235029288,106.31153943472599,1.0134652084278675,,copath_syn_mapt_REGION-RF_rank4_region55_iCA3,55,iCA3,4
alpha,1.207714606282115,0.284479696758779,0.012523313738713007,879.1542647047794,678.7675985620608,1.0060873765497058,6.068615540279697,copath_syn_mapt_REGION-RF_rank3_region56_iDG,56,iDG,3
beta,1.5883159130569202,0.21382449813637958,0.006275441390350277,1149.4212755765548,1558.181625183608,1.0041512738836829,7.934211429474592,copath_syn_mapt_REGION-RF_rank3_region56_iDG,56,iDG,3
gamma,0.07467554407080129,0.03611172231288368,0.0010421823852747175,1107.3306441355082,1020.9342189845512,1.0052799816225817,7.643668722331957,copath_syn_mapt_REGION-RF_rank3_region56_iDG,56,iDG,3
sigma,0.2946111087371522,0.04768610414712854,0.001139619123601447,1716.5931051196565,1998.4337785424852,1.0024634041943328,11.84927834885073,copath_syn_mapt_REGION-RF_rank3_region56_iDG,56,iDG,3
u0,0.009346638251555631,0.006270383017325852,0.00015161338706832348,1119.8593704301995,554.9080283522228,1.003400413402941,7.73015186430637,copath_syn_mapt_REGION-RF_rank3_region56_iDG,56,iDG,3
alpha,0.9094050327359857,0.5873890494194505,0.019374727292395286,850.5802558482359,964.725644069206,1.0032857345127133,3.7583411652994276,copath_syn_mapt_REGION-RF_rank41_region57_iFC,57,iFC,41
beta,0.5984471961251447,0.38025855485201965,0.014269778961200479,862.2390640780693,952.0532784813734,1.0022793611327045,3.8098563263994434,copath_syn_mapt_REGION-RF_rank41_region57_iFC,57,iFC,41
gamma,0.08371162446904562,0.06018429078487068,0.001436286037820759,1339.3904420052654,1184.3308725533677,1.0015043989787065,5.918179031297844,copath_syn_mapt_REGION-RF_rank41_region57_iFC,57,iFC,41
sigma,0.10876253981696891,0.017766768562018174,0.0004412340719650173,1595.1454337015293,1740.4353355082494,1.0023475654464231,7.048248189280257,copath_syn_mapt_REGION-RF_rank41_region57_iFC,57,iFC,41
u0,0.013785141114806066,0.0067610137818710616,0.00017155551980875902,1289.1494849443343,761.009232961037,1.0039333493052043,5.696186273050903,copath_syn_mapt_REGION-RF_rank41_region57_iFC,57,iFC,41
alpha,0.6668136447719014,0.575588525563904,0.013547306357418035,1212.6188088543688,1173.1400394520394,1.0030557032865295,13.256141598390494,copath_syn_mapt_REGION-RF_rank32_region58_iIG,58,iIG,32
beta,-0.23326282397551587,0.8436980076311972,0.02393747348407558,1259.3212241445328,1159.471735458882,1.0052514865316418,13.766684421537155,copath_syn_mapt_REGION-RF_rank32_region58_iIG,58,iIG,32
gamma,0.0815774575504236,0.05865487586115042,0.0013413075683002854,1348.9700461294983,895.7196609325198,1.000509232094726,14.746710023716584,copath_syn_mapt_REGION-RF_rank32_region58_iIG,58,iIG,32
sigma,0.24199839543014331,0.041631884916964707,0.0010641337481824146,1684.546824948996,1485.1229653888693,1.0017242490463245,18.415178024279548,copath_syn_mapt_REGION-RF_rank32_region58_iIG,58,iIG,32
u0,0.008717393444715575,0.0063650561348696285,0.000141494178275129,1393.5053796977134,684.645798751046,1.0024389572373145,15.233562679803592,copath_syn_mapt_REGION-RF_rank32_region58_iIG,58,iIG,32
alpha,2.521127649396962,0.5264159754379791,0.012329663498887564,1852.5343247557003,2050.406688995877,1.0009846356683558,16.89790592766371,copath_syn_mapt_REGION-RF_rank29_region59_iENTl,59,iENTl,29
beta,0.3520258618926818,0.04993759389212586,0.0012462208663281955,1803.6952240388518,2026.6902716507734,1.0016321800284835,16.452419699162206,copath_syn_mapt_REGION-RF_rank29_region59_iENTl,59,iENTl,29
gamma,0.20723193468541765,0.058326318114000665,0.0013202146911215759,1933.9816611292897,2080.996334741511,1.0015456509935503,17.640828425621308,copath_syn_mapt_REGION-RF_rank29_region59_iENTl,59,iENTl,29
sigma,0.06161239075134929,0.01110942036768643,0.00026393771818596887,1878.6645598642235,1763.6806916079581,1.0011676712853972,17.136253065868445,copath_syn_mapt_REGION-RF_rank29_region59_iENTl,59,iENTl,29
u0,0.01643035815990993,0.006128646736958692,0.000124384467758794,2202.6981275826015,1759.5264547109518,1.0019393313187765,20.091927717366453,copath_syn_mapt_REGION-RF_rank29_region59_iENTl,59,iENTl,29
alpha,1.851493556246321,0.9292925712989732,0.052211824336401466,325.5495739176891,449.3223934453796,1.012407647891872,2.3039112681095877,copath_syn_mapt_REGION-RF_rank55_region60_iENTm,60,iENTm,55
beta,0.3186864659638719,0.2610490681193972,0.01586440189360789,359.34961596794204,414.0007492215521,1.010468076263684,2.543113847320595,copath_syn_mapt_REGION-RF_rank55_region60_iENTm,60,iENTm,55
gamma,0.1513188989666453,0.08746432902601048,0.004118671588942254,427.4684141717674,526.3552751284726,1.0141377446515556,3.025189940565787,copath_syn_mapt_REGION-RF_rank55_region60_iENTm,60,iENTm,55
sigma,0.05870753906547412,0.013372482202723279,0.0007775297921814672,217.55213937661833,175.50996228870036,1.0080197029616529,1.5396144411415067,copath_syn_mapt_REGION-RF_rank55_region60_iENTm,60,iENTm,55
u0,0.017470467532911385,0.006670543442333325,0.0003469177446364427,445.368292013325,931.6615661480386,1.0156776289879605,3.151867207443048,copath_syn_mapt_REGION-RF_rank55_region60_iENTm,60,iENTm,55
alpha,0.8522482678330402,0.6663463906006878,0.021684968678533287,794.5731272181362,1078.861649635653,1.0016083893788341,3.6196263049869994,copath_syn_mapt_REGION-RF_rank71_region61_iPAR,61,iPAR,71
beta,0.4964004241403056,0.4116200923514315,0.015987636167722787,806.8800892987746,846.2813164510598,1.0027370611412931,3.675689871895583,copath_syn_mapt_REGION-RF_rank71_region61_iPAR,61,iPAR,71
gamma,0.0886928323612972,0.06513604575542073,0.0018072926954324584,846.1634826246674,557.5307041531586,1.0078547483933273,3.854642820291126,copath_syn_mapt_REGION-RF_rank71_region61_iPAR,61,iPAR,71
sigma,0.06881688992252813,0.013085207015830424,0.0004100659436231076,978.4836059863011,1128.9347472683696,1.0022324008362828,4.457418553313628,copath_syn_mapt_REGION-RF_rank71_region61_iPAR,61,iPAR,71
u0,0.01590253254231135,0.006777946715310668,0.00019968522000638356,966.5873275442996,646.0578402816794,1.0055156991259409,4.403225829063218,copath_syn_mapt_REGION-RF_rank71_region61_iPAR,61,iPAR,71
alpha,0.724313010626895,0.5507973122897378,0.027373379559265283,455.82296749451706,484.30134175591775,1.013430716489234,2.1801053528719074,copath_syn_mapt_REGION-RF_rank97_region62_iPOST,62,iPOST,97
beta,0.49229897574525583,0.3850978517077758,0.015622904747044185,502.37772557312775,559.198727174078,1.005574603944401,2.4027669661001982,copath_syn_mapt_REGION-RF_rank97_region62_iPOST,62,iPOST,97
gamma,0.09102233919275082,0.06478531190200096,0.0023172703056785152,545.1574923713935,345.8092824942522,1.0070829495161076,2.6073735902555133,copath_syn_mapt_REGION-RF_rank97_region62_iPOST,62,iPOST,97
sigma,0.05589342385190585,0.010340448581905753,0.0004622911963393545,468.96915583244197,422.93437686348125,1.0073041305760533,2.2429808058639007,copath_syn_mapt_REGION-RF_rank97_region62_iPOST,62,iPOST,97
u0,0.019581092250364,0.007569368107894879,0.00039222673568646175,343.47861752006264,280.4416016078736,1.0099975600720188,1.6427859630867294,copath_syn_mapt_REGION-RF_rank97_region62_iPOST,62,iPOST,97
alpha,1.0015307632913029,0.7282568889448915,0.03345438778605701,536.6043333279216,524.8002996901777,1.0115598271083128,2.680113743228205,copath_syn_mapt_REGION-RF_rank60_region63_iPRE,63,iPRE,60
beta,0.4760767534837771,0.38061266911203007,0.014665081278820274,586.8110399654406,847.7999076677111,1.0139938328006495,2.930875200234948,copath_syn_mapt_REGION-RF_rank60_region63_iPRE,63,iPRE,60
gamma,0.09276548370706139,0.06732838360887676,0.0025026819034440306,559.4281333959495,569.2652865670402,1.0050921126593353,2.7941090586511113,copath_syn_mapt_REGION-RF_rank60_region63_iPRE,63,iPRE,60
sigma,0.08540093981192058,0.01532754260806819,0.0005866029866853529,678.4309503136132,967.2046278015525,1.0066789503000657,3.388478252663925,copath_syn_mapt_REGION-RF_rank60_region63_iPRE,63,iPRE,60
u0,0.01485320830356855,0.0067604481676381755,0.0002023217293800902,972.1896498403047,764.1897156993871,1.0034591523483158,4.855679836578835,copath_syn_mapt_REGION-RF_rank60_region63_iPRE,63,iPRE,60
alpha,1.1650364863951588,0.732531429921411,0.032397276063567654,423.2755452986999,327.6227800929392,1.0061509653968739,1.677813940568341,copath_syn_mapt_REGION-RF_rank73_region64_iSUB,64,iSUB,73
beta,0.3696662819329583,0.31958474826950095,0.021105948513100752,391.589965596379,322.72048281675035,1.0051828858835237,1.552216069559688,copath_syn_mapt_REGION-RF_rank73_region64_iSUB,64,iSUB,73
gamma,0.10564024411713771,0.06864214916652756,0.0022053805365603524,653.2560365353643,498.11497760943814,1.0126815793766024,2.5894292666636183,copath_syn_mapt_REGION-RF_rank73_region64_iSUB,64,iSUB,73
sigma,0.03790363588362433,0.00702359244779308,0.00021507276045817765,1080.4112169998978,1648.5514167251029,1.0019648915829034,4.282621619799974,copath_syn_mapt_REGION-RF_rank73_region64_iSUB,64,iSUB,73
u0,0.023319305060396138,0.006634209618372047,0.00016469961305949748,1581.02268733066,1328.3248870459668,1.0036534646124684,6.26698597313543,copath_syn_mapt_REGION-RF_rank73_region64_iSUB,64,iSUB,73
alpha,1.573455895664971,0.7322556313130889,0.03798162829692749,329.8576615649083,209.59823120700935,1.0128396750933053,2.20323722783227,copath_syn_mapt_REGION-RF_rank50_region65_iProS,65,iProS,50
beta,0.3466681263230521,0.1787704375167153,0.015400541797498701,335.82689243247904,168.5493833396314,1.0134146952302,2.24310785447336,copath_syn_mapt_REGION-RF_rank50_region65_iProS,65,iProS,50
gamma,0.11511339573678753,0.0700478876784069,0.0018710062082952091,1082.2165624610204,834.3715945091693,1.0004086982577887,7.228511254456937,copath_syn_mapt_REGION-RF_rank50_region65_iProS,65,iProS,50
sigma,0.06975322196486577,0.0126608362981721,0.00037196747144694253,1256.9542956904295,2019.4628151926065,1.0017980474222257,8.395647033967402,copath_syn_mapt_REGION-RF_rank50_region65_iProS,65,iProS,50
u0,0.019677256691090203,0.0068831871544410735,0.00018186591528493126,1305.5709392889719,911.0558349787566,1.0061450087761479,8.720374974377798,copath_syn_mapt_REGION-RF_rank50_region65_iProS,65,iProS,50
alpha,0.5129527576984797,0.4913653121477072,0.03062476719045894,365.08379621225714,265.28067884544953,1.018890937829203,3.319758451731399,copath_syn_mapt_REGION-RF_rank120_region66_iHATA,66,iHATA,120
beta,0.1284656931721708,0.6584647732630321,0.023783250056814618,737.780178666974,990.2616243971571,1.0060229085664614,6.708739223872897,copath_syn_mapt_REGION-RF_rank120_region66_iHATA,66,iHATA,120
gamma,0.08055206969699981,0.06239436404044714,0.0033629327589275917,230.81315330669437,170.47759684193915,1.0174423747686097,2.0988165577613995,copath_syn_mapt_REGION-RF_rank120_region66_iHATA,66,iHATA,120
sigma,0.07179026293905959,0.013140547616806796,0.0006265674964654008,394.90191494946527,453.9068487106312,1.0085031621366685,3.590898811066946,copath_syn_mapt_REGION-RF_rank120_region66_iHATA,66,iHATA,120
u0,0.01327975945744209,0.007191455874432096,0.00025575098586235964,694.3668245169199,493.29528766676486,1.005321109538201,6.3139754714058896,copath_syn_mapt_REGION-RF_rank120_region66_iHATA,66,iHATA,120
alpha,0.5687456916628514,0.4741713928532729,0.02599096432551239,369.07142287359216,445.11800526180843,1.0050542910576654,2.5381258836923766,copath_syn_mapt_REGION-RF_rank150_region67_iAPr,67,iAPr,150
beta,0.2157482700777994,0.7533587534340752,0.027483485770274593,750.3138971327703,1181.2259241644097,1.005668726764569,5.159952803658391,copath_syn_mapt_REGION-RF_rank150_region67_iAPr,67,iAPr,150
gamma,0.08459627992908383,0.06307823441999062,0.0027191590110209438,453.6137537181377,360.2962210661852,1.0112262775925638,3.1195284656465994,copath_syn_mapt_REGION-RF_rank150_region67_iAPr,67,iAPr,150
sigma,0.06304159316230021,0.01039485509407074,0.00044406491389435986,535.423057560436,902.594457140468,1.0039682832226395,3.68213586015113,copath_syn_mapt_REGION-RF_rank150_region67_iAPr,67,iAPr,150
u0,0.008591469559250506,0.006020155045220021,0.00026930540186848224,333.2226487288653,208.3177927054145,1.010057010666772,2.2915917552926897,copath_syn_mapt_REGION-RF_rank150_region67_iAPr,67,iAPr,150
alpha,0.6084347255809595,0.4889524726641845,0.04455752412830221,120.23647328177816,265.614151184763,1.0311561637105504,0.9383138361787263,copath_syn_mapt_REGION-RF_rank123_region68_iCLA,68,iCLA,123
beta,0.25496997961455653,0.7015919380011217,0.039876295554895566,283.4082822600845,743.9581740802109,1.025830246176925,2.211690889411543,copath_syn_mapt_REGION-RF_rank123_region68_iCLA,68,iCLA,123
gamma,0.0754776032108698,0.056725491062714,0.0034221147572544024,199.4123420387082,177.99872758967845,1.0196543393142334,1.556194676479099,copath_syn_mapt_REGION-RF_rank123_region68_iCLA,68,iCLA,123
sigma,0.05721011087242001,0.010153422864872268,0.0007326669232871503,172.4449541999496,284.86183287419465,1.0281341609225028,1.3457437838002637,copath_syn_mapt_REGION-RF_rank123_region68_iCLA,68,iCLA,123
u0,0.0069438451385045764,0.005474719735761927,0.0006106372955440605,54.69996880009143,124.03532956048608,1.0847662085458745,0.42687327865469626,copath_syn_mapt_REGION-RF_rank123_region68_iCLA,68,iCLA,123
alpha,0.6444084893264592,0.5423072828676685,0.03296876053745662,323.2813329572573,225.2233225665108,1.016369867701424,1.6679892317790537,copath_syn_mapt_REGION-RF_rank119_region69_iEP,69,iEP,119
beta,0.4540654952953503,0.4131813129205397,0.016284818447528715,505.1341102954513,1073.2015016517362,1.0145540303122669,2.6062694337148895,copath_syn_mapt_REGION-RF_rank119_region69_iEP,69,iEP,119
gamma,0.08552653696534245,0.06010649056309116,0.0018915573643821135,805.5266729532608,665.2391424950474,1.0094827769913852,4.156162696144575,copath_syn_mapt_REGION-RF_rank119_region69_iEP,69,iEP,119
sigma,0.042250177977938466,0.007726302683409246,0.00027544472140736723,721.1465957696605,854.1057932026562,1.0076552882891379,3.7207986779643503,copath_syn_mapt_REGION-RF_rank119_region69_iEP,69,iEP,119
u0,0.017813524402986034,0.006690268772946745,0.0002667178434882265,583.3522895755721,567.0526399833964,1.0088094274226986,3.0098407738078685,copath_syn_mapt_REGION-RF_rank119_region69_iEP,69,iEP,119
alpha,0.45252167195113663,0.4862345012548909,0.03023709675069817,346.80841575248485,292.16390261245687,1.0171187870817955,2.833540988549151,copath_syn_mapt_REGION-RF_rank179_region70_iLA,70,iLA,179
beta,0.2123397774093153,0.6050729305482652,0.024758339720988523,595.9603014430057,730.1077916640104,1.0132137318076444,4.869195397184549,copath_syn_mapt_REGION-RF_rank179_region70_iLA,70,iLA,179
gamma,0.08149989734684213,0.060672565763900475,0.002510346020763261,483.86323041176234,439.97747747099754,1.0091983233550743,3.953324757845665,copath_syn_mapt_REGION-RF_rank179_region70_iLA,70,iLA,179
sigma,0.040000649350087236,0.007006500000488476,0.0003380316153599707,427.2865938788721,966.4306399883391,1.0069672043188365,3.4910746758735893,copath_syn_mapt_REGION-RF_rank179_region70_iLA,70,iLA,179
u0,0.012456398600282918,0.006700248160594388,0.00037837537613838966,282.7540683240411,253.5757037462544,1.0209623793801943,2.310195502426925,copath_syn_mapt_REGION-RF_rank179_region70_iLA,70,iLA,179
alpha,0.46705379652229706,0.3915653447345878,0.020925040007923477,357.1276169191978,612.9001175001664,1.0125279160209224,,copath_syn_mapt_REGION-RF_rank142_region71_iBLA,71,iBLA,142
beta,0.5559007006856955,0.46486485445460407,0.022213636788974648,444.793529031139,848.040472777202,1.0134625101791637,,copath_syn_mapt_REGION-RF_rank142_region71_iBLA,71,iBLA,142
gamma,0.08568917998299673,0.06075848242249998,0.002348829734045508,439.23844427172924,240.545524624517,1.0012008866352622,,copath_syn_mapt_REGION-RF_rank142_region71_iBLA,71,iBLA,142
u0,0.015656139414291524,0.006355217041130776,0.00026533991239691975,513.9067970457752,453.0819683697923,1.0079193457069164,,copath_syn_mapt_REGION-RF_rank142_region71_iBLA,71,iBLA,142
sigma,0.043359794652999946,0.007290483219298527,0.0002725054326334422,702.9253700231485,780.3097088506686,1.0058757487048664,,copath_syn_mapt_REGION-RF_rank142_region71_iBLA,71,iBLA,142
alpha,0.5175565798932155,0.469299394094939,0.02873099860584884,298.4577587064209,454.32164705076514,1.014968104153072,,copath_syn_mapt_REGION-RF_rank138_region72_iBMA,72,iBMA,138
beta,0.4033111852438524,0.46770103068565544,0.018627330177439057,656.352656198065,384.7299756562537,1.0065238774709162,,copath_syn_mapt_REGION-RF_rank138_region72_iBMA,72,iBMA,138
gamma,0.08338403196211783,0.05991776349121862,0.0021032213595319387,623.7527945192052,621.0977756816586,1.0116065786834392,,copath_syn_mapt_REGION-RF_rank138_region72_iBMA,72,iBMA,138
u0,0.014525481722815314,0.0060408556058730144,0.00022055504086030217,709.4916792205752,521.6790625706369,1.0053782236110185,,copath_syn_mapt_REGION-RF_rank138_region72_iBMA,72,iBMA,138
sigma,0.03733678634551278,0.0061895567126437805,0.00025680734228309397,632.5077479097462,579.4151220827578,1.0173465230908554,,copath_syn_mapt_REGION-RF_rank138_region72_iBMA,72,iBMA,138
alpha,0.512222777758938,0.5093482170555946,0.02623404295113424,441.13017986703113,537.7521404998578,1.0109588783979493,3.3797122336065764,copath_syn_mapt_REGION-RF_rank128_region73_iPA,73,iPA,128
beta,0.20609508741421068,0.6391497254163746,0.021100664236682862,924.8824014990556,1055.6235208405674,1.005165360500152,7.0859725986918445,copath_syn_mapt_REGION-RF_rank128_region73_iPA,73,iPA,128
gamma,0.08060495444630357,0.06292089483600609,0.002378208051177985,565.4183599382638,360.0969744279418,1.0038440826817716,4.33194425456252,copath_syn_mapt_REGION-RF_rank128_region73_iPA,73,iPA,128
sigma,0.04737308264223834,0.008300121540150985,0.0003907906659649144,403.7278120835436,226.62710205065355,1.0065977340009178,3.0931545557759446,copath_syn_mapt_REGION-RF_rank128_region73_iPA,73,iPA,128
u0,0.012558696830303508,0.006798263593407694,0.0002784808238198915,493.41227097628826,428.9654401199764,1.005348101795236,3.7802706877430663,copath_syn_mapt_REGION-RF_rank128_region73_iPA,73,iPA,128
alpha,0.41444084185336433,0.34026517622289776,0.02018448145629755,335.1685584105264,441.4452117910054,1.0089323717901422,1.4371223915862412,copath_syn_mapt_REGION-RF_rank162_region74_iCP,74,iCP,162
beta,0.5565802315477602,0.46263373881507874,0.02033075983724776,502.53498862447077,834.8897509201255,1.0050563022396763,2.154749503153522,copath_syn_mapt_REGION-RF_rank162_region74_iCP,74,iCP,162
gamma,0.0787373345899282,0.0607861166311477,0.002475856718418318,267.9041902202082,69.83583487275925,1.0108097461583907,1.1487089134824682,copath_syn_mapt_REGION-RF_rank162_region74_iCP,74,iCP,162
sigma,0.01851066022838279,0.0034073348363729233,0.00011863428182147199,847.1538330430211,744.5507758874411,1.0059751596896631,3.6323924545841346,copath_syn_mapt_REGION-RF_rank162_region74_iCP,74,iCP,162
u0,0.016323281159703773,0.005008648598716874,0.0002208500682374827,488.21294085286115,575.6971925468106,1.006757574454665,2.093339997310979,copath_syn_mapt_REGION-RF_rank162_region74_iCP,74,iCP,162
alpha,0.7330499933096503,0.6012496784684531,0.06273648473656801,137.1632986160772,88.04320612954056,1.0309961907157772,0.6236821580815151,copath_syn_mapt_REGION-RF_rank105_region75_iACB,75,iACB,105
beta,0.38762782720543487,0.37998753256117906,0.016695067905978002,144.63257350384737,71.14597700302899,1.0331017352747789,0.6576449858081044,copath_syn_mapt_REGION-RF_rank105_region75_iACB,75,iACB,105
gamma,0.08491940482062414,0.06545756697951907,0.005366481536808103,134.73174250605584,427.27168692799466,1.035731822897038,0.6126258611165435,copath_syn_mapt_REGION-RF_rank105_region75_iACB,75,iACB,105
sigma,0.028293633105870845,0.005805345041656113,0.0003054374094069003,370.09931966888337,838.7936408409871,1.01321488341152,1.6828433314488274,copath_syn_mapt_REGION-RF_rank105_region75_iACB,75,iACB,105
u0,0.020613642687519244,0.006776710628719999,0.000467789932819248,224.6929040348102,433.9111203465172,1.022319952762627,1.0216796818679559,copath_syn_mapt_REGION-RF_rank105_region75_iACB,75,iACB,105
alpha,0.7890759868485434,0.592784864594217,0.011032552392018533,1515.0284413190018,1063.5635657888029,1.004123939539721,22.198869436745422,copath_syn_mapt_REGION-RF_rank1_region76_iFS,76,iFS,363
beta,-0.006909946922414688,1.022450120275361,0.01810391103493562,3187.854195408694,2708.510738528996,1.0011165340418908,46.70985516657915,copath_syn_mapt_REGION-RF_rank1_region76_iFS,76,iFS,363
gamma,0.08085689328757116,0.06017327884902871,0.0011432636229754475,1923.9524423254124,1316.7656998508817,1.001530892153215,28.190605473060195,copath_syn_mapt_REGION-RF_rank1_region76_iFS,76,iFS,363
sigma,1.698823337157854,2.1217284450843903,0.05206210733782071,3043.9473449530196,1894.7786761923687,1.0026338561077108,44.601268095079995,copath_syn_mapt_REGION-RF_rank1_region76_iFS,76,iFS,363
u0,0.008041485443441243,0.0059232707276425265,0.00011594522913046547,1849.8803182983509,1276.6635508476636,1.001945104515316,27.105267821743507,copath_syn_mapt_REGION-RF_rank1_region76_iFS,76,iFS,363
alpha,0.46207420920877135,0.4929838554162065,0.018011762309685927,770.5255937616306,999.3911829616379,1.0035432495030319,7.2978187185591485,copath_syn_mapt_REGION-RF_rank255_region77_iOT,77,iOT,255
beta,-0.151176525334277,0.6559174333127173,0.019693335951113364,1175.6335943599197,918.2894593675121,1.0037254063647667,11.134686401787405,copath_syn_mapt_REGION-RF_rank255_region77_iOT,77,iOT,255
gamma,0.07639498350491757,0.06065615643540032,0.002006982823630563,658.970625764305,561.218333171271,1.0091440739010515,6.241256885713657,copath_syn_mapt_REGION-RF_rank255_region77_iOT,77,iOT,255
sigma,0.02402070287327544,0.004409906145665707,0.0001469426098362314,912.3559587964979,1499.7771595241343,1.0027721493771589,8.641125548587349,copath_syn_mapt_REGION-RF_rank255_region77_iOT,77,iOT,255
u0,0.009781317158625067,0.005724576001751515,0.00017031617695111698,868.1119211721724,710.3588732168699,1.0017258943716894,8.222080459658963,copath_syn_mapt_REGION-RF_rank255_region77_iOT,77,iOT,255
alpha,1.1828741753357308,0.8492546492594782,0.03787540275004902,434.33799749210783,511.3491224832485,1.013730161463585,1.916929991579609,copath_syn_mapt_REGION-RF_rank85_region78_iLS,78,iLS,85
beta,0.36198034220455666,0.3537396187690512,0.020037611283142395,472.9136821504853,458.217113114882,1.0119838936435888,2.0871819319908433,copath_syn_mapt_REGION-RF_rank85_region78_iLS,78,iLS,85
gamma,0.11354117171920634,0.07588090632175196,0.002633660104517272,643.4989543871845,533.0648301969695,1.0021806651740308,2.8400518774260064,copath_syn_mapt_REGION-RF_rank85_region78_iLS,78,iLS,85
sigma,0.038502924436950615,0.008359794708983018,0.00029037121835055356,746.4446951289249,946.0801302700836,1.0080479549941732,3.294397983621347,copath_syn_mapt_REGION-RF_rank85_region78_iLS,78,iLS,85
u0,0.02303369048906057,0.007073291631556333,0.00020478514444796054,1152.6899851107753,859.3576930328247,1.0058303435485132,5.087342153370885,copath_syn_mapt_REGION-RF_rank85_region78_iLS,78,iLS,85
alpha,0.802561609820985,0.6082924885929865,0.012013801332870548,1935.9686019232956,1363.1536761786904,1.001182447243754,28.587841138855516,copath_syn_mapt_REGION-RF_rank1_region79_iSF,79,iSF,364
beta,-0.0178885065064914,0.986631784911268,0.017994103044257633,3010.333069945937,2680.524295526584,1.0017792276948152,44.452644269727365,copath_syn_mapt_REGION-RF_rank1_region79_iSF,79,iSF,364
gamma,0.07925011227003532,0.060365332664385624,0.0011897124681169232,1644.0360689246475,1025.3295573823727,1.0030544670832997,24.276964987073942,copath_syn_mapt_REGION-RF_rank1_region79_iSF,79,iSF,364
sigma,1.619238540573748,2.120128390321166,0.04376183451173107,2740.906728645994,2621.9998298980186,1.0005996895897076,40.47410999181917,copath_syn_mapt_REGION-RF_rank1_region79_iSF,79,iSF,364
u0,0.008009585842039108,0.006026992597957801,0.00012064496543817688,1851.9845432330585,1524.9536995030815,1.0019037501363184,27.347674885308013,copath_syn_mapt_REGION-RF_rank1_region79_iSF,79,iSF,364
alpha,0.6087586738985806,0.4864020069064632,0.03170757113517829,325.799383850879,347.8052922594691,1.0206833294812865,2.086077321075177,copath_syn_mapt_REGION-RF_rank110_region80_iSH,80,iSH,110
beta,0.3511673961038636,0.6018776074715201,0.026215283908916878,458.4852873769388,881.1606644011083,1.0148763538351322,2.935658590690999,copath_syn_mapt_REGION-RF_rank110_region80_iSH,80,iSH,110
gamma,0.07737780158998402,0.06276303663896131,0.003075325853073604,306.49322913377983,223.70524597287266,1.0138270162482452,1.9624609684704621,copath_syn_mapt_REGION-RF_rank110_region80_iSH,80,iSH,110
sigma,0.06730901446308718,0.01281942623452403,0.0006913315959398445,319.4508692164614,661.670886179111,1.0053484441865383,2.045428096252106,copath_syn_mapt_REGION-RF_rank110_region80_iSH,80,iSH,110
u0,0.010624156265029314,0.00649837102859677,0.0003722567617660951,249.09169206247688,207.64212794973017,1.0150828827716825,1.5949217691510769,copath_syn_mapt_REGION-RF_rank110_region80_iSH,80,iSH,110
alpha,0.7830142409325099,0.591990129024233,0.011627509669020245,1726.8053428143662,1124.1010476596061,1.002238573445733,24.372349618415637,copath_syn_mapt_REGION-RF_rank1_region81_iBA,81,iBA,365
beta,-0.03289590164374521,0.9952799280965434,0.018816459646917416,2799.050614004942,2267.387472367514,1.001050252506106,39.50615536837789,copath_syn_mapt_REGION-RF_rank1_region81_iBA,81,iBA,365
gamma,0.0798427641384499,0.05977368050521374,0.0011709145330242835,1708.8308514256537,1085.764595307916,1.0018405481961428,24.118655367258807,copath_syn_mapt_REGION-RF_rank1_region81_iBA,81,iBA,365
sigma,1.6885584863386107,2.28582682658531,0.04420588182522342,2953.1791052566655,2467.959100167459,0.9997020930219911,41.68154444195093,copath_syn_mapt_REGION-RF_rank1_region81_iBA,81,iBA,365
u0,0.00786912556322704,0.006028874873088795,0.0001210821697574614,1709.3094159065174,1403.6920976022452,1.003179292135921,24.125409887037833,copath_syn_mapt_REGION-RF_rank1_region81_iBA,81,iBA,365
alpha,0.6199602520315133,0.49234472684315145,0.033798439205658545,249.0587034399715,297.39088565291667,1.0161274128245006,1.3659326926112862,copath_syn_mapt_REGION-RF_rank141_region82_iCEA,82,iCEA,141
beta,0.4574272382111002,0.5379459837891837,0.0196252263279298,701.2241781056429,528.0312141683584,1.0131978208591903,3.8457801975783323,copath_syn_mapt_REGION-RF_rank141_region82_iCEA,82,iCEA,141
gamma,0.0774068543095793,0.05708399440092709,0.0028597283950270802,344.5691044674829,633.3030291920543,1.0124227130378936,1.8897480720619233,copath_syn_mapt_REGION-RF_rank141_region82_iCEA,82,iCEA,141
sigma,0.047933446100069804,0.008049374768883705,0.00041202271194542954,381.3074481248123,959.3412090832759,1.0077549688952998,2.0912351270446443,copath_syn_mapt_REGION-RF_rank141_region82_iCEA,82,iCEA,141
u0,0.009596133697380126,0.0059168646695910414,0.00034101174167708813,225.16675544113744,176.2275328680974,1.0175299603920853,1.2349001592726474,copath_syn_mapt_REGION-RF_rank141_region82_iCEA,82,iCEA,141
alpha,0.6878592585977276,0.5778351676787197,0.016033242724488646,1032.5003670604422,1142.7027345726594,1.0033664699248324,10.757229137342858,copath_syn_mapt_REGION-RF_rank245_region83_iIA,83,iIA,245
beta,-0.3769006492107353,0.810201019665879,0.027616290793184613,902.0976640276504,853.8435799343052,1.0030012631842335,9.39861290687473,copath_syn_mapt_REGION-RF_rank245_region83_iIA,83,iIA,245
gamma,0.08057185215614544,0.060393627408411414,0.0014714560915891942,1196.5000200690977,1018.6939970741827,1.0051774154749349,12.465879228075032,copath_syn_mapt_REGION-RF_rank245_region83_iIA,83,iIA,245
sigma,0.037758220298076586,0.005901732196212136,0.00015851230405840408,1480.9883349494562,1690.1086831624918,1.0020946542892315,15.429854920187704,copath_syn_mapt_REGION-RF_rank245_region83_iIA,83,iIA,245
u0,0.0069243497656944755,0.005393181036658724,0.00017712983447125904,594.6099572362607,469.1173299561518,1.0021653435318247,6.1950152865772825,copath_syn_mapt_REGION-RF_rank245_region83_iIA,83,iIA,245
alpha,0.38366900024813694,0.4024164836490029,0.021596749699190513,426.4567570667769,533.6374046602979,1.0092722908945637,3.8105755943561745,copath_syn_mapt_REGION-RF_rank250_region84_iMEA,84,iMEA,250
beta,-0.17563001275244103,0.5884258616170446,0.016885446572116658,1136.167952375682,1297.2877903148494,1.007257082996085,10.152152120160856,copath_syn_mapt_REGION-RF_rank250_region84_iMEA,84,iMEA,250
gamma,0.07951109736265534,0.05945940753593,0.0018346803095575538,676.1189401231366,463.83403663495477,1.0063012130223858,6.041415194909811,copath_syn_mapt_REGION-RF_rank250_region84_iMEA,84,iMEA,250
sigma,0.016340094308488904,0.002899257024915004,0.00010710982059974223,696.7337543232788,1200.2040732346356,1.0015269180711164,6.225617477020559,copath_syn_mapt_REGION-RF_rank250_region84_iMEA,84,iMEA,250
u0,0.01089367451900147,0.004872347144981165,0.00017813729364968286,621.2862344479057,437.78089305275154,1.0053307605058115,5.5514612510312,copath_syn_mapt_REGION-RF_rank250_region84_iMEA,84,iMEA,250
alpha,2.2415399839398886,0.047815437934249264,0.0015120569119064413,NaN,NaN,NaN,NaN,copath_syn_mapt_REGION-RF_rank307_region85_iPALd,85,iPALd,307
beta,-2.295614124481991,0.04841207516978784,0.001530924237918124,NaN,NaN,NaN,NaN,copath_syn_mapt_REGION-RF_rank307_region85_iPALd,85,iPALd,307
gamma,0.023657855022782334,0.003475992097494742,0.0001099205215682945,NaN,NaN,NaN,NaN,copath_syn_mapt_REGION-RF_rank307_region85_iPALd,85,iPALd,307
u0,0.004262984369397053,8.495744671397438e-5,2.686590358085467e-6,NaN,NaN,NaN,NaN,copath_syn_mapt_REGION-RF_rank307_region85_iPALd,85,iPALd,307
sigma,1.4456057753941813e-7,2.1502953443714833e-8,6.799830930270014e-10,NaN,NaN,NaN,NaN,copath_syn_mapt_REGION-RF_rank307_region85_iPALd,85,iPALd,307
alpha,0.4594003560888911,0.45429277410667573,0.02354457517828564,360.361137107585,646.3451317718154,1.0096982981563685,2.9116562607165597,copath_syn_mapt_REGION-RF_rank211_region86_iSI,86,iSI,211
beta,0.1329792982262322,0.64716754994486,0.021850989132742558,897.8676303929566,1063.9832707752932,1.00398442512238,7.254616655701988,copath_syn_mapt_REGION-RF_rank211_region86_iSI,86,iSI,211
gamma,0.07629517132436363,0.06008157481584694,0.0022795646101141593,486.2437833189102,311.301955317486,1.0034981641748513,3.9287664793674315,copath_syn_mapt_REGION-RF_rank211_region86_iSI,86,iSI,211
sigma,0.03497185755588385,0.0063225559348988,0.0002758427833379834,484.3363223059173,846.2306060789616,1.002581414160143,3.913354521115964,copath_syn_mapt_REGION-RF_rank211_region86_iSI,86,iSI,211
u0,0.011742027434470514,0.006433150889516882,0.00035350504375923023,255.57302310609737,129.21247620167424,1.0171191947760647,2.064986248988788,copath_syn_mapt_REGION-RF_rank211_region86_iSI,86,iSI,211
alpha,0.8089137748289689,0.6058203777450188,0.011677315834870122,1940.5537262787286,1453.3566218820076,1.0013006274682734,27.86430404030166,copath_syn_mapt_REGION-RF_rank1_region87_iMA,87,iMA,366
beta,0.0389744006474496,0.9955980901971545,0.019699347614418522,2552.7249185706823,2439.520118442757,1.0021312549947525,36.65443646268372,copath_syn_mapt_REGION-RF_rank1_region87_iMA,87,iMA,366
gamma,0.07899951538007584,0.05895703735432191,0.0011954023921688375,1648.0188030458864,1218.0149306445242,1.0018048113113274,23.66381119489233,copath_syn_mapt_REGION-RF_rank1_region87_iMA,87,iMA,366
sigma,1.6917165281421993,2.187293765067883,0.049775836486808334,2501.6553864333955,2103.115905043205,1.0026336844760932,35.921131864414164,copath_syn_mapt_REGION-RF_rank1_region87_iMA,87,iMA,366
u0,0.008009695345580086,0.005961255782279708,0.000122005248529677,1701.1925749845573,1086.9160237820174,1.000032024683047,24.427330456536296,copath_syn_mapt_REGION-RF_rank1_region87_iMA,87,iMA,366
alpha,1.5089109586673681,0.9839684105725695,0.059176987362207896,251.12907027414371,391.47876087194584,1.0227371389629736,1.7018776787350482,copath_syn_mapt_REGION-RF_rank43_region88_iMS,88,iMS,43
beta,0.39344211933407736,0.39152787523862775,0.024955736115374272,414.6305876422121,327.543425655835,1.0147001771933428,2.8099118164964225,copath_syn_mapt_REGION-RF_rank43_region88_iMS,88,iMS,43
gamma,0.1369501954763417,0.0928877887405495,0.0042849757603339025,420.2223841010737,673.1615243146327,1.0180165339012268,2.847806886019746,copath_syn_mapt_REGION-RF_rank43_region88_iMS,88,iMS,43
sigma,0.09052249106319729,0.020916863057871667,0.000952410059649688,457.08685593077905,645.7699555641088,1.0103947947178331,3.097633884052447,copath_syn_mapt_REGION-RF_rank43_region88_iMS,88,iMS,43
u0,0.016150167917036214,0.006826030647683335,0.00026263710747309463,624.2853317158662,465.02627608038495,1.0083422830681519,4.230721955244417,copath_syn_mapt_REGION-RF_rank43_region88_iMS,88,iMS,43
alpha,1.069346213903873,0.8287762004146745,0.09488725387606355,107.49242816400373,98.88065716701249,1.029689555037101,0.41792836072675565,copath_syn_mapt_REGION-RF_rank81_region89_iNDB,89,iNDB,81
beta,0.4061613588210009,0.38253077076766273,0.017693924937479347,380.29288506686515,939.2144198052591,1.0101875028198262,1.4785709539424703,copath_syn_mapt_REGION-RF_rank81_region89_iNDB,89,iNDB,81
gamma,0.10774763517391868,0.07481110820726061,0.006888074404600186,134.4116362935391,343.69924370023733,1.0336086847100248,0.5225896909971466,copath_syn_mapt_REGION-RF_rank81_region89_iNDB,89,iNDB,81
sigma,0.038675126248359344,0.008764653553356698,0.0006902076819302936,91.6731109541283,24.36375448476958,1.0319063007075988,0.3564231791780357,copath_syn_mapt_REGION-RF_rank81_region89_iNDB,89,iNDB,81
u0,0.020755084864414974,0.006540713505362201,0.00037169554193006984,346.19334550723244,1009.9855044011894,1.01914024171604,1.3459926420268522,copath_syn_mapt_REGION-RF_rank81_region89_iNDB,89,iNDB,81
alpha,0.8007751103477857,0.6097762330109877,0.01130646341997425,1817.8202107650168,1247.416906391795,1.0020175453836997,26.278571893964827,copath_syn_mapt_REGION-RF_rank1_region90_iBST,90,iBST,367
beta,-0.01685607923117432,1.0052907284514905,0.01865520859255876,2902.337124485447,2238.3179639065006,1.00130122772165,41.95644560152435,copath_syn_mapt_REGION-RF_rank1_region90_iBST,90,iBST,367
gamma,0.07806717412915788,0.05884682249960809,0.0011775154431419336,1753.9056259273002,1340.8238298599451,1.0026608170426752,25.35461692703,copath_syn_mapt_REGION-RF_rank1_region90_iBST,90,iBST,367
sigma,1.7089496309278323,2.3218696503669674,0.04921626469511642,3126.702643988274,2396.5994779999937,1.0009385907638655,45.19989366083519,copath_syn_mapt_REGION-RF_rank1_region90_iBST,90,iBST,367
u0,0.008100813333190637,0.00612514950029593,0.00010972166827125656,2257.9458260747947,1520.280450455619,1.0001499820101014,32.6410672363541,copath_syn_mapt_REGION-RF_rank1_region90_iBST,90,iBST,367
alpha,2.495546188361386,0.04933035078873292,0.0015599626626747972,NaN,NaN,NaN,NaN,copath_syn_mapt_REGION-RF_rank308_region91_iVAL,91,iVAL,308
beta,-1.847917022375522,0.030054885946638406,0.000950418944079632,NaN,NaN,NaN,NaN,copath_syn_mapt_REGION-RF_rank308_region91_iVAL,91,iVAL,308
gamma,0.019412099316930897,0.009375685964932235,0.00029648522275659424,NaN,NaN,NaN,NaN,copath_syn_mapt_REGION-RF_rank308_region91_iVAL,91,iVAL,308
u0,0.0009781910311924507,0.00010403211049643761,3.2897841896305304e-6,NaN,NaN,NaN,NaN,copath_syn_mapt_REGION-RF_rank308_region91_iVAL,91,iVAL,308
sigma,2.105146172408551e-7,5.739586925888966e-8,1.815016751433318e-9,NaN,NaN,NaN,NaN,copath_syn_mapt_REGION-RF_rank308_region91_iVAL,91,iVAL,308
alpha,0.6025818031761304,0.5116958515572642,0.02650870280437117,364.8364900882204,722.0941958995371,1.0064278405454818,3.278751270193312,copath_syn_mapt_REGION-RF_rank137_region92_iVM,92,iVM,137
beta,0.07892016478671686,0.7747398320058159,0.028986751635129173,655.8049898948307,1071.9955548601445,1.0099994988519252,5.893657849566657,copath_syn_mapt_REGION-RF_rank137_region92_iVM,92,iVM,137
gamma,0.0831134697102924,0.06134384136617121,0.002673205223189319,419.64604913213174,369.4694908298608,1.008657482665302,3.77131962948902,copath_syn_mapt_REGION-RF_rank137_region92_iVM,92,iVM,137
sigma,0.06483267918585531,0.010647085464745267,0.00042721421531018665,574.9509634689498,625.5927670175455,1.0037077710581381,5.167030308061703,copath_syn_mapt_REGION-RF_rank137_region92_iVM,92,iVM,137
u0,0.008383260228060711,0.0058792754800200036,0.0002559470199648262,376.6314432972153,292.58669124244335,1.0115381602219697,3.3847514068751208,copath_syn_mapt_REGION-RF_rank137_region92_iVM,92,iVM,137
alpha,0.44701223369902093,0.42604429600244537,0.026931269567943235,285.0252696068102,274.57329467749236,1.0230070898335624,1.9480515716772275,copath_syn_mapt_REGION-RF_rank264_region93_iVPL,93,iVPL,264
beta,0.17395791799179874,0.5635225829182986,0.020635458028103095,632.5649284363708,798.4749819613318,1.0066851185941297,4.323367906039592,copath_syn_mapt_REGION-RF_rank264_region93_iVPL,93,iVPL,264
gamma,0.07382747054752357,0.05832705957133948,0.002311165759598753,419.81628032052623,328.6752666301509,1.0127042827816677,2.869302661557936,copath_syn_mapt_REGION-RF_rank264_region93_iVPL,93,iVPL,264
sigma,0.019706967868579853,0.0035716026824530243,0.00019735015177988591,237.84355567981407,715.4524079575413,1.0199688743898396,1.6255804725473066,copath_syn_mapt_REGION-RF_rank264_region93_iVPL,93,iVPL,264
u0,0.008498852820636196,0.0048799226365358085,0.00038014096060719736,103.96340358869118,40.30349499466245,1.0295404766839804,0.7105547940968416,copath_syn_mapt_REGION-RF_rank264_region93_iVPL,93,iVPL,264
alpha,1.0923691958959032,0.6766398886387995,0.05842669672560437,146.5595771244551,623.7435668749347,1.015757397755146,0.6270652743823034,copath_syn_mapt_REGION-RF_rank54_region94_iVPM,94,iVPM,54
beta,0.4991108163340814,0.3475749958875556,0.018099894154410122,335.3226975296189,862.6539643116439,1.0092183028706136,1.4347013239159983,copath_syn_mapt_REGION-RF_rank54_region94_iVPM,94,iVPM,54
gamma,0.08659412731848519,0.06404022361629115,0.002706980401980925,544.9555381015599,675.3668896789407,1.0131288553429767,2.3316299127666507,copath_syn_mapt_REGION-RF_rank54_region94_iVPM,94,iVPM,54
sigma,0.08036033028829405,0.01309819141334491,0.0005529507934505112,539.8973042359592,1361.5278007316676,1.0056200130151918,2.3099879097733607,copath_syn_mapt_REGION-RF_rank54_region94_iVPM,94,iVPM,54
u0,0.013447327266830778,0.006489698682298675,0.0004721905447518474,137.7252806629597,109.54334561835218,1.0317354310954951,0.5892671267396007,copath_syn_mapt_REGION-RF_rank54_region94_iVPM,94,iVPM,54
alpha,0.6745995493130647,0.5751669865615612,0.018464748525875346,750.9737004152664,993.0416533552952,1.0043431914841647,7.690541638063538,copath_syn_mapt_REGION-RF_rank291_region95_iPoT,95,iPoT,291
beta,-0.35047480305966544,0.820551717241628,0.045129252699837426,321.56268947003196,257.9150070449301,1.0107345192855979,3.2930464159390467,copath_syn_mapt_REGION-RF_rank291_region95_iPoT,95,iPoT,291
gamma,0.07838874712743851,0.058888064582639246,0.0019097745318210724,726.9556930439148,501.96744348574117,1.0079737943176077,7.444578982313335,copath_syn_mapt_REGION-RF_rank291_region95_iPoT,95,iPoT,291
sigma,0.012593507669095018,0.0021626345390744653,8.401731316287454e-5,599.8391716206517,841.6542107113037,1.0063670214280669,6.142809159547478,copath_syn_mapt_REGION-RF_rank291_region95_iPoT,95,iPoT,291
u0,0.004716830417276628,0.004791718587373984,0.00019234267338318525,259.31454643255734,194.4905094645731,1.0124982362869688,2.655578105587946,copath_syn_mapt_REGION-RF_rank291_region95_iPoT,95,iPoT,291
alpha,2.3213872252686176,0.04524128664776123,0.0014306551008348932,NaN,NaN,NaN,NaN,copath_syn_mapt_REGION-RF_rank309_region96_iSPF,96,iSPF,309
beta,-2.143637034097114,0.05460666775267889,0.001726814455305335,NaN,NaN,NaN,NaN,copath_syn_mapt_REGION-RF_rank309_region96_iSPF,96,iSPF,309
gamma,0.03210116006548246,0.012293726965550587,0.0003887617814337022,NaN,NaN,NaN,NaN,copath_syn_mapt_REGION-RF_rank309_region96_iSPF,96,iSPF,309
u0,0.0004260163184359072,4.515931858947233e-5,1.4280630432391496e-6,NaN,NaN,NaN,NaN,copath_syn_mapt_REGION-RF_rank309_region96_iSPF,96,iSPF,309
sigma,1.207759507653889e-7,1.9562960833349066e-8,6.186351401004874e-10,NaN,NaN,NaN,NaN,copath_syn_mapt_REGION-RF_rank309_region96_iSPF,96,iSPF,309
alpha,0.811488625809724,0.6025862165902411,0.010901493038739737,2201.371530100381,1399.0910956368373,1.001839729021442,31.501266851269005,copath_syn_mapt_REGION-RF_rank1_region97_iSPA,97,iSPA,368
beta,-0.007708621545733992,1.0030361979816023,0.017814413472455586,3176.718520838865,2389.1353291160312,0.9996331030664197,45.45832289915665,copath_syn_mapt_REGION-RF_rank1_region97_iSPA,97,iSPA,368
gamma,0.07891636298157485,0.05948122997381527,0.0010587181004139653,2266.7452608549597,1281.8947631103845,1.0017007187851998,32.43675425510088,copath_syn_mapt_REGION-RF_rank1_region97_iSPA,97,iSPA,368
sigma,1.6591136891845013,2.155237400242831,0.04424628080745234,3072.1053317840024,2249.4585660647854,1.000662629735697,43.96132525949461,copath_syn_mapt_REGION-RF_rank1_region97_iSPA,97,iSPA,368
u0,0.007982148992500928,0.006034398253604814,0.0001096187167064068,1852.8793949411154,1135.379496365967,1.0016248558710146,26.514401347143973,copath_syn_mapt_REGION-RF_rank1_region97_iSPA,97,iSPA,368
alpha,0.696822162815551,0.5909286918745452,0.013778286208213242,1207.6952556424926,1305.9973287414684,1.002448550314976,13.570981960450974,copath_syn_mapt_REGION-RF_rank278_region98_iPP,98,iPP,278
beta,-0.5644895554991989,0.7382906942984964,0.019652335229651603,1434.3217564297202,1407.9765725838784,1.0012147586987468,16.117604661479476,copath_syn_mapt_REGION-RF_rank278_region98_iPP,98,iPP,278
gamma,0.08091001944005416,0.06115415538605885,0.0016109279317252623,1010.8464915536816,729.3025735943608,1.0019394534107025,11.358974408127581,copath_syn_mapt_REGION-RF_rank278_region98_iPP,98,iPP,278
sigma,0.02354541848054853,0.003893911185128095,9.491150344970125e-5,1794.0283698696537,1558.6531775940782,1.0053277273679921,20.159660750746184,copath_syn_mapt_REGION-RF_rank278_region98_iPP,98,iPP,278
u0,0.006707440958637845,0.005147198729086219,0.00013348907131647533,1045.3058921436464,962.5519033886003,1.0035293431301764,11.746197841845202,copath_syn_mapt_REGION-RF_rank278_region98_iPP,98,iPP,278
alpha,0.4851121537667387,0.45486811374589586,0.03219573730865867,308.46912589413654,333.81312664393704,1.0168059472529198,2.1931995186148154,copath_syn_mapt_REGION-RF_rank206_region99_iMG,99,iMG,206
beta,0.2627063152156782,0.5868322913500178,0.019597446517601275,867.7460559723684,975.8065913412479,1.0074036695796182,6.1696295430604655,copath_syn_mapt_REGION-RF_rank206_region99_iMG,99,iMG,206
gamma,0.08356109423498273,0.060633875576437395,0.0026336452421584847,451.7737320600768,487.93991954676983,1.0096026684710158,3.212087850947591,copath_syn_mapt_REGION-RF_rank206_region99_iMG,99,iMG,206
sigma,0.0347020175707397,0.0059248085497927575,0.0003014947072333621,376.2987954205521,474.3461479310855,1.0047352942546097,2.675464958055231,copath_syn_mapt_REGION-RF_rank206_region99_iMG,99,iMG,206
u0,0.00999815735425857,0.005748068609708899,0.0003248776880903653,277.21966206931836,457.63763847021187,1.0112781298190217,1.97101744830583,copath_syn_mapt_REGION-RF_rank206_region99_iMG,99,iMG,206
alpha,0.6686545596487012,0.5958644538010184,0.02582883253201783,537.2011622770856,566.6983182285913,1.0052117156363858,4.705603986239603,copath_syn_mapt_REGION-RF_rank106_region100_iLGd,100,iLGd,106
beta,0.06952526591255472,0.7382163499222044,0.02569231762968293,831.2768729118146,1167.31331870942,1.0031590630538691,7.281554921180556,copath_syn_mapt_REGION-RF_rank106_region100_iLGd,100,iLGd,106
gamma,0.07784626049363655,0.059680386026565356,0.00217705372824549,577.8336859937488,631.6400361370551,1.0059449090329087,5.061523852015108,copath_syn_mapt_REGION-RF_rank106_region100_iLGd,100,iLGd,106
sigma,0.11207696565426513,0.017363778028833564,0.0006190453695137494,744.27869599481,848.4380490489356,1.002332616405119,6.519495944314308,copath_syn_mapt_REGION-RF_rank106_region100_iLGd,100,iLGd,106
u0,0.010496455634305424,0.006589127670531744,0.00028895596353984706,399.328026417463,277.39663875811283,1.0106386596520462,3.4979067151719745,copath_syn_mapt_REGION-RF_rank106_region100_iLGd,100,iLGd,106
alpha,0.5171610166861708,0.4238277536384645,0.04925372893374634,125.19218062597076,40.10350530682651,1.0128755237738771,,copath_syn_mapt_REGION-RF_rank161_region101_iLP,101,iLP,161
beta,0.572861744824563,0.5049725994577653,0.031639110160852905,227.15343582816985,413.6017445334556,1.0054554511187919,,copath_syn_mapt_REGION-RF_rank161_region101_iLP,101,iLP,161
gamma,0.07627733977291153,0.0587800018541401,0.0030308087161884088,337.67286269275473,373.5785465607671,1.0058371237329282,,copath_syn_mapt_REGION-RF_rank161_region101_iLP,101,iLP,161
u0,0.010541030410928442,0.005329305161972938,0.00031991557226042073,230.1572550201516,190.709047186439,1.0062685553681305,,copath_syn_mapt_REGION-RF_rank161_region101_iLP,101,iLP,161
sigma,0.034529870945267875,0.0058477774016880615,0.0003931424514039787,221.71136514195453,266.7021794850866,1.0157161522098,,copath_syn_mapt_REGION-RF_rank161_region101_iLP,101,iLP,161
alpha,0.39911111812375566,0.4105495972824883,0.029216389271902135,254.0779874521827,153.33506983797383,1.0142438146539614,1.9172079792656682,copath_syn_mapt_REGION-RF_rank241_region102_iPO,102,iPO,241
beta,0.16491826491525824,0.5835150132188901,0.024192963581544887,494.51485297189515,574.8925153147044,1.0097089490255848,3.731483516105604,copath_syn_mapt_REGION-RF_rank241_region102_iPO,102,iPO,241
gamma,0.0781587013428545,0.05933048340670363,0.0023960834405574965,549.8995914365601,588.4348915710374,1.00916943513357,4.1494026895797775,copath_syn_mapt_REGION-RF_rank241_region102_iPO,102,iPO,241
sigma,0.022014622370971317,0.003695886512511047,0.00021653178924608776,286.8699238243353,671.3631621641789,1.0152204713944346,2.164647604786533,copath_syn_mapt_REGION-RF_rank241_region102_iPO,102,iPO,241
u0,0.01125586638604961,0.006014376263189931,0.0006079839199429136,77.55547563566245,52.689688745444215,1.0534179262778187,0.5852139266980754,copath_syn_mapt_REGION-RF_rank241_region102_iPO,102,iPO,241
alpha,0.7065703545861952,0.5810709354902381,0.016522960246988554,1004.4820010359537,1346.731603560899,1.0011041709416557,10.94910673565749,copath_syn_mapt_REGION-RF_rank303_region103_iPOL,103,iPOL,303
beta,-0.611846351035351,0.6624592485702284,0.019866148291866278,1137.2112022250142,1552.8663809110335,1.0047945493380297,12.395888449275834,copath_syn_mapt_REGION-RF_rank303_region103_iPOL,103,iPOL,303
gamma,0.07890363467726175,0.060678958491719434,0.0013817072324411885,1325.6187622046702,1020.9644731974719,1.0013021297666087,14.44957829328948,copath_syn_mapt_REGION-RF_rank303_region103_iPOL,103,iPOL,303
sigma,0.0116839103149095,0.0019223937711613623,4.964619431002777e-5,1567.46809192802,1521.3231358695145,1.001616676534331,17.085796883923436,copath_syn_mapt_REGION-RF_rank303_region103_iPOL,103,iPOL,303
u0,0.006960546400180093,0.005359804191931363,0.00015142750571113287,983.1145172437293,1061.1945690963698,1.0029014888738765,10.716195782079216,copath_syn_mapt_REGION-RF_rank303_region103_iPOL,103,iPOL,303
alpha,0.7263784313640474,0.5906122186534608,0.01417556809634535,1283.8682768058068,1370.8087302547856,1.0034233150718617,13.453508087664327,copath_syn_mapt_REGION-RF_rank304_region104_iSGN,104,iSGN,304
beta,-0.5908725599988395,0.7503905315653534,0.02340770358163361,1007.8685011928887,1419.744618535342,1.0013486873495263,10.561338166120597,copath_syn_mapt_REGION-RF_rank304_region104_iSGN,104,iSGN,304
gamma,0.07881906273049653,0.058680368198719024,0.001493352420551977,1052.3980594272698,505.8394271093659,1.0057869980548597,11.02795828803594,copath_syn_mapt_REGION-RF_rank304_region104_iSGN,104,iSGN,304
sigma,0.011546125405973825,0.001859712381027937,4.8733752581282634e-5,1409.7040899039278,1063.781290402684,1.0033744746091204,14.772127107868885,copath_syn_mapt_REGION-RF_rank304_region104_iSGN,104,iSGN,304
u0,0.005806532869009675,0.00508348573834014,0.00015487031410726774,660.9348283360707,659.1319095033064,1.002676137407468,6.925860089448503,copath_syn_mapt_REGION-RF_rank304_region104_iSGN,104,iSGN,304
alpha,1.7929089596339667,0.2548706341594297,0.008059717126353123,NaN,NaN,NaN,NaN,copath_syn_mapt_REGION-RF_rank310_region105_iEth,105,iEth,310
beta,-1.703691607052985,0.22976035701255046,0.007265660441730996,NaN,NaN,NaN,NaN,copath_syn_mapt_REGION-RF_rank310_region105_iEth,105,iEth,310
gamma,0.12193299278650484,0.05484853176196867,0.0017344628668390931,NaN,NaN,NaN,NaN,copath_syn_mapt_REGION-RF_rank310_region105_iEth,105,iEth,310
u0,0.00031823671584898914,2.3179249705616796e-5,7.329922352353647e-7,NaN,NaN,NaN,NaN,copath_syn_mapt_REGION-RF_rank310_region105_iEth,105,iEth,310
sigma,5.7209377364741014e-8,1.200814877869396e-8,3.797310062284212e-10,NaN,NaN,NaN,NaN,copath_syn_mapt_REGION-RF_rank310_region105_iEth,105,iEth,310
alpha,0.6399519618605019,0.5600836049119644,0.016944582956356168,982.7795308988742,1190.7254880094806,1.0040100728408055,11.620213194193015,copath_syn_mapt_REGION-RF_rank192_region106_iLD,106,iLD,192
beta,-0.35823324026817616,0.7765676686336073,0.02052199433170208,1449.1156762423,1662.5128857147988,1.001296896104978,17.13409017135442,copath_syn_mapt_REGION-RF_rank192_region106_iLD,106,iLD,192
gamma,0.0801074400666343,0.05972782953087687,0.0013980918152203224,1121.9628594790324,854.1576584205923,1.005663419385706,13.265892515270853,copath_syn_mapt_REGION-RF_rank192_region106_iLD,106,iLD,192
sigma,0.05298058844830953,0.015639096643687435,0.0004330182353522711,1578.128436298652,1884.9146566959846,1.0037599393877563,18.659514469981104,copath_syn_mapt_REGION-RF_rank192_region106_iLD,106,iLD,192
u0,0.008507051201768881,0.006247280050592345,0.00016029435673713666,1007.4272861242197,746.5389849492136,1.001657111735918,11.911643938802479,copath_syn_mapt_REGION-RF_rank192_region106_iLD,106,iLD,192
alpha,0.6079750247096827,0.5525183297267068,0.017993624326630958,801.1025345777754,1073.865045517446,1.0022932170392063,8.52844617522889,copath_syn_mapt_REGION-RF_rank289_region107_iIMD,107,iIMD,289
beta,-0.34005837622288343,0.791687041640686,0.02671259540491355,835.833724836535,1026.1325691028403,1.0026113453639025,8.89819046380436,copath_syn_mapt_REGION-RF_rank289_region107_iIMD,107,iIMD,289
gamma,0.08109003990799366,0.06043765584135748,0.001643614417689023,977.2831815127598,648.0838730948386,1.0034877698848508,10.40404523982796,copath_syn_mapt_REGION-RF_rank289_region107_iIMD,107,iIMD,289
sigma,0.016016006963359673,0.0026698556241007295,8.00382268126399e-5,1087.1050717498151,1315.9760765497451,1.0035597357005466,11.573196552327882,copath_syn_mapt_REGION-RF_rank289_region107_iIMD,107,iIMD,289
u0,0.005926345116781328,0.004829971849879187,0.00014856796542335595,706.3246181741309,583.1040081922089,1.0065578351781164,7.519451291602854,copath_syn_mapt_REGION-RF_rank289_region107_iIMD,107,iIMD,289
alpha,0.42922971900615337,0.4677847099099007,0.026085843217964127,380.4755981474245,262.5233019820898,1.004190452815732,3.483985441843696,copath_syn_mapt_REGION-RF_rank228_region108_iMD,108,iMD,228
beta,0.07391469760928959,0.595816164347581,0.021709413194433095,762.2618993337567,786.1505117047977,1.0036831408746805,6.979972889409623,copath_syn_mapt_REGION-RF_rank228_region108_iMD,108,iMD,228
gamma,0.07899098538850108,0.061109178443544694,0.0021567788405327535,615.288090554456,375.81084807880734,1.0046035048223987,5.634145160607433,copath_syn_mapt_REGION-RF_rank228_region108_iMD,108,iMD,228
sigma,0.03200661335162054,0.005274580237538308,0.0002070963667092916,626.2602210304422,1021.5656600173857,1.0046481334621498,5.734616105473479,copath_syn_mapt_REGION-RF_rank228_region108_iMD,108,iMD,228
u0,0.01299083366534708,0.006358719904002162,0.0003648025923224563,305.8121925860379,271.6824164153417,1.0167105344838394,2.8002984477738417,copath_syn_mapt_REGION-RF_rank228_region108_iMD,108,iMD,228
alpha,1.8114833657411737,0.5808439696793111,0.01766319483933226,1058.7603438200008,1119.6946808679477,1.0006372444285188,7.615337292814506,copath_syn_mapt_REGION-RF_rank311_region109_iSMT,109,iSMT,311
beta,-1.8299207795498251,0.5959952287037447,0.019742185954593126,921.2467911505753,1413.107788649558,1.0030648739921233,6.626244631738296,copath_syn_mapt_REGION-RF_rank311_region109_iSMT,109,iSMT,311
gamma,0.07946678788738543,0.06089444826998898,0.0015353819147383336,1080.4113518813238,880.4217781347262,1.0034310813249194,7.7710663301540945,copath_syn_mapt_REGION-RF_rank311_region109_iSMT,109,iSMT,311
sigma,6.0948071723363795e-6,8.299741247452573e-6,2.569719262526611e-7,1448.8275631169267,1505.4365237894604,1.0063498530604515,10.42097074816174,copath_syn_mapt_REGION-RF_rank311_region109_iSMT,109,iSMT,311
u0,0.005569715053378618,0.0056185777664196305,0.0001300287919194729,999.9764967771382,926.0812049418524,1.0032103373676597,7.192523173251372,copath_syn_mapt_REGION-RF_rank311_region109_iSMT,109,iSMT,311
alpha,3.1422235185147884,0.043987285629261935,0.0013910001067686062,NaN,NaN,NaN,NaN,copath_syn_mapt_REGION-RF_rank312_region110_iPR,110,iPR,312
beta,-1.80728190080822,0.019077692491151273,0.000603289607723297,NaN,NaN,NaN,NaN,copath_syn_mapt_REGION-RF_rank312_region110_iPR,110,iPR,312
gamma,0.035026925000502626,0.002119861164351927,6.703589602688627e-5,NaN,NaN,NaN,NaN,copath_syn_mapt_REGION-RF_rank312_region110_iPR,110,iPR,312
u0,0.0138136439257447,0.0006105505235582072,1.9307302810522262e-5,NaN,NaN,NaN,NaN,copath_syn_mapt_REGION-RF_rank312_region110_iPR,110,iPR,312
sigma,2.492450137347401e-7,6.788863705782077e-9,2.1468272034722578e-10,NaN,NaN,NaN,NaN,copath_syn_mapt_REGION-RF_rank312_region110_iPR,110,iPR,312
alpha,0.608633997041315,0.5519655971274092,0.019593858470121614,802.9670843380021,800.4902668164808,1.0099429096796593,7.561892192360594,copath_syn_mapt_REGION-RF_rank232_region111_iPVT,111,iPVT,232
beta,-0.21748530283503972,0.7035754653584249,0.022992990777086778,923.4288762700811,1119.5280756283046,1.003437968639375,8.696333568173593,copath_syn_mapt_REGION-RF_rank232_region111_iPVT,111,iPVT,232
gamma,0.0790627704582719,0.05915256575876019,0.0018490940084084713,761.0794861188633,869.6453264322281,1.0025092795648276,7.1674183613552,copath_syn_mapt_REGION-RF_rank232_region111_iPVT,111,iPVT,232
sigma,0.028871227149135672,0.004976375199194553,0.00017603248394177498,828.8456954387663,943.9716268649335,1.0042550782047643,7.805602390510672,copath_syn_mapt_REGION-RF_rank232_region111_iPVT,111,iPVT,232
u0,0.007882161351743433,0.0049931885926361805,0.00014843872322372633,902.2440532641765,779.1996874194417,1.0059437136043423,8.49682682523286,copath_syn_mapt_REGION-RF_rank232_region111_iPVT,111,iPVT,232
alpha,0.6333498435155132,0.5781619830574195,0.014737116787928373,1023.4590565785167,1147.994018470473,1.0024465388228332,10.98014222270697,copath_syn_mapt_REGION-RF_rank246_region112_iRE,112,iRE,246
beta,-0.3921814457562408,0.7304430525269118,0.02041844144022566,1287.1413868180177,1331.1296220325682,1.0026618017571565,13.809048243943973,copath_syn_mapt_REGION-RF_rank246_region112_iRE,112,iRE,246
gamma,0.08161894598388403,0.06075274100574693,0.001494079047105152,1161.7656305580088,810.7953863677989,1.0034685880968754,12.463959130544028,copath_syn_mapt_REGION-RF_rank246_region112_iRE,112,iRE,246
sigma,0.027478750153687344,0.0047734838792688064,0.00012489604817556574,1534.8041270077676,1746.5170879898699,1.003127345993008,16.466088692283744,copath_syn_mapt_REGION-RF_rank246_region112_iRE,112,iRE,246
u0,0.007222295314730383,0.005454453864759177,0.00013956698535805558,1072.9558579824777,679.057261801804,1.0020814159813936,11.511166805948694,copath_syn_mapt_REGION-RF_rank246_region112_iRE,112,iRE,246
alpha,0.6954199827511034,0.5891023291634812,0.012113281402227043,1358.8354207581579,1171.6596865451843,1.0057111170604538,16.18933234157979,copath_syn_mapt_REGION-RF_rank239_region113_iXi,113,iXi,239
beta,-0.537191099274524,0.7426189054122944,0.02311105678709323,1051.050958020823,1350.2519712657415,1.0036605273969041,12.522350394605558,copath_syn_mapt_REGION-RF_rank239_region113_iXi,113,iXi,239
gamma,0.07938224835793452,0.06010279758708398,0.0015267892697687993,985.7226595307621,511.72878679268274,1.0036244553431555,11.744021010922417,copath_syn_mapt_REGION-RF_rank239_region113_iXi,113,iXi,239
sigma,0.03713284132385309,0.0077137500158137645,0.00021803877189130222,1563.1640936391523,1075.460631862305,1.003061852676366,18.623729282997978,copath_syn_mapt_REGION-RF_rank239_region113_iXi,113,iXi,239
u0,0.008012400942633089,0.00586723366245666,0.00014438400335917514,1329.8895518646175,1252.031965276467,1.0021122686751418,15.84446769919958,copath_syn_mapt_REGION-RF_rank239_region113_iXi,113,iXi,239
alpha,1.4963303712445573,0.030031312216836987,0.0009496734772884534,NaN,NaN,NaN,NaN,copath_syn_mapt_REGION-RF_rank313_region114_iRH,114,iRH,313
beta,-3.0226567152682824,0.1285425670319735,0.004064872881059062,NaN,NaN,NaN,NaN,copath_syn_mapt_REGION-RF_rank313_region114_iRH,114,iRH,313
gamma,0.15243043809107598,0.04645098387987573,0.0014689090861617253,NaN,NaN,NaN,NaN,copath_syn_mapt_REGION-RF_rank313_region114_iRH,114,iRH,313
u0,0.017713015994967052,0.0060504302153318945,0.00019133140304351806,NaN,NaN,NaN,NaN,copath_syn_mapt_REGION-RF_rank313_region114_iRH,114,iRH,313
sigma,1.8695714404156104e-7,2.1960703410821083e-8,6.944584179762305e-10,NaN,NaN,NaN,NaN,copath_syn_mapt_REGION-RF_rank313_region114_iRH,114,iRH,313
alpha,0.5729308326277895,0.5423801784070449,0.017755841381911393,832.8861386798624,1270.886434688451,1.0054114060170707,7.970659929564016,copath_syn_mapt_REGION-RF_rank288_region115_iCM,115,iCM,288
beta,-0.2536914262013832,0.6961860626854347,0.02771760519361872,683.1298785150518,499.3471435661648,1.006403313233074,6.5375033831134015,copath_syn_mapt_REGION-RF_rank288_region115_iCM,115,iCM,288
gamma,0.07741056721597604,0.05961291392684989,0.0017382902996129189,892.0359411386464,774.5948155275745,1.0043834156111582,8.536719248364944,copath_syn_mapt_REGION-RF_rank288_region115_iCM,115,iCM,288
sigma,0.019977948890437972,0.0032663283074472593,9.78167651706491e-5,1067.0077716854332,1318.04356103657,1.0023342117998209,10.211186974232332,copath_syn_mapt_REGION-RF_rank288_region115_iCM,115,iCM,288
u0,0.007272576517969927,0.0050399716303266865,0.00015024823418807842,627.8235951118039,282.3374555716794,1.0051340616865552,6.008226262864891,copath_syn_mapt_REGION-RF_rank288_region115_iCM,115,iCM,288
alpha,1.7864239969944087,0.2757767102945278,0.008720825301591125,NaN,NaN,NaN,NaN,copath_syn_mapt_REGION-RF_rank314_region116_iPCN,116,iPCN,314
beta,-1.5063944537868657,0.27792407253804136,0.008788730858100644,NaN,NaN,NaN,NaN,copath_syn_mapt_REGION-RF_rank314_region116_iPCN,116,iPCN,314
gamma,0.005444371454713754,0.0017284282276430825,5.465769971480146e-5,NaN,NaN,NaN,NaN,copath_syn_mapt_REGION-RF_rank314_region116_iPCN,116,iPCN,314
u0,4.121931010760088e-5,5.8098620338521785e-6,1.837239691831117e-7,NaN,NaN,NaN,NaN,copath_syn_mapt_REGION-RF_rank314_region116_iPCN,116,iPCN,314
sigma,2.857955064455099e-8,1.0297371485357911e-8,3.25631478066022e-10,NaN,NaN,NaN,NaN,copath_syn_mapt_REGION-RF_rank314_region116_iPCN,116,iPCN,314
alpha,0.5172315476513172,0.47654762463842504,0.031531128306572086,231.93025012385587,373.29938690138835,1.0112470523074164,1.614079072765748,copath_syn_mapt_REGION-RF_rank231_region117_iCL,117,iCL,231
beta,0.256724116526105,0.6633608882766387,0.03395532756649757,346.0803956716801,656.8608301195895,1.0097237065877769,2.4084875683523097,copath_syn_mapt_REGION-RF_rank231_region117_iCL,117,iCL,231
gamma,0.07197152608193855,0.06163676276681518,0.004196557094876765,160.33055054607547,165.4090088449917,1.0259940492651276,1.1157931586036485,copath_syn_mapt_REGION-RF_rank231_region117_iCL,117,iCL,231
sigma,0.023128593659963257,0.004122824988767148,0.00027719796449652293,200.64677696670796,556.3215592373208,1.0073361043772777,1.3963670696121422,copath_syn_mapt_REGION-RF_rank231_region117_iCL,117,iCL,231
u0,0.0062558089895188825,0.004660537728852614,0.00038786717754688796,97.05104313927238,71.50211621894073,1.0603261614358803,0.6754102047384153,copath_syn_mapt_REGION-RF_rank231_region117_iCL,117,iCL,231
alpha,0.7241147179242514,0.5878031839802434,0.01291300804485167,1219.413564509043,1109.5634158059997,1.001712338409817,15.525821730166959,copath_syn_mapt_REGION-RF_rank315_region118_iPF,118,iPF,315
beta,-0.3635907047689736,0.8416629596321616,0.020631324539426524,1687.1229214743717,1667.8493584805071,1.000709812216928,21.480792471121728,copath_syn_mapt_REGION-RF_rank315_region118_iPF,118,iPF,315
gamma,0.08207624692484942,0.060274100233582414,0.0013949810884128688,1322.2827760752286,958.8937915481654,1.0054994051794113,16.835573472138485,copath_syn_mapt_REGION-RF_rank315_region118_iPF,118,iPF,315
sigma,0.2273454670134702,0.2742243802963161,0.005470768577105358,2329.796070435137,1931.191179731289,1.0020664704111926,29.663437827824158,copath_syn_mapt_REGION-RF_rank315_region118_iPF,118,iPF,315
u0,0.007589546356420509,0.005943921508071052,0.00015284105234372877,876.7327390607051,637.6939076413105,1.0067241009141261,11.162739703603279,copath_syn_mapt_REGION-RF_rank315_region118_iPF,118,iPF,315
alpha,0.4969347769030127,0.4992856956505483,0.016059043167415455,904.118945970749,1396.9481880727842,1.0033013428589463,8.964720394740356,copath_syn_mapt_REGION-RF_rank261_region119_iPIL,119,iPIL,261
beta,-0.29317606381698696,0.6595760846921269,0.02079319466599374,1082.3586675649462,988.0293506085529,1.0051107078649029,10.732042354366715,copath_syn_mapt_REGION-RF_rank261_region119_iPIL,119,iPIL,261
gamma,0.07617488259581197,0.05856745636532437,0.001666940983853464,878.2005897242163,635.3578472990633,1.0027024434935392,8.707728969135438,copath_syn_mapt_REGION-RF_rank261_region119_iPIL,119,iPIL,261
sigma,0.02275943151009541,0.00382871947580878,0.0001267721604147373,919.433568443415,1347.688285108191,1.0035800704627702,9.116571330980884,copath_syn_mapt_REGION-RF_rank261_region119_iPIL,119,iPIL,261
u0,0.00959643294340523,0.00590177196941221,0.00019213813983553877,791.1376804808051,626.777968243185,1.0058532307084724,7.844463530889564,copath_syn_mapt_REGION-RF_rank261_region119_iPIL,119,iPIL,261
alpha,0.4705823513106404,0.4405993563155983,0.03045679792846501,205.1644421476563,346.3834549178547,1.010658149149791,,copath_syn_mapt_REGION-RF_rank248_region120_iRT,120,iRT,248
beta,0.2754740574199869,0.5949858547463315,0.02989252316756852,357.4517799381253,515.1171273152468,1.0087470583422244,,copath_syn_mapt_REGION-RF_rank248_region120_iRT,120,iRT,248
gamma,0.07618350460161395,0.057738606164518036,0.002756377711487909,316.46175186675544,220.71972106963372,1.0138845157090102,,copath_syn_mapt_REGION-RF_rank248_region120_iRT,120,iRT,248
u0,0.007622906339077867,0.004863830474939242,0.00039646944992469254,108.84235311526425,62.120550183799295,1.0080396243050342,,copath_syn_mapt_REGION-RF_rank248_region120_iRT,120,iRT,248
sigma,0.022920801719258737,0.003638975495159005,0.00017240893727779366,373.57711177557945,769.4549096095658,1.0115649321360654,,copath_syn_mapt_REGION-RF_rank248_region120_iRT,120,iRT,248
alpha,0.7376024295930915,0.5895873419425947,0.012121741356975798,1525.3420418313801,1058.1062045198976,1.0011227747073908,19.60064817763046,copath_syn_mapt_REGION-RF_rank316_region121_iIGL,121,iIGL,316
beta,-0.3946128453428819,0.8054520603729187,0.020327477272513758,1600.79453281889,1542.6037369309686,1.0029310060947043,20.57021283225466,copath_syn_mapt_REGION-RF_rank316_region121_iIGL,121,iIGL,316
gamma,0.08101296245385094,0.05941342818648311,0.0011809536278497628,1717.4661149253634,1048.519380163637,1.0013767727075578,22.06944288720735,copath_syn_mapt_REGION-RF_rank316_region121_iIGL,121,iIGL,316
sigma,0.09306889614872951,0.1401625353066304,0.003022111568324846,1905.1965557883407,2154.2898980350583,1.0029223829553642,24.48177941414709,copath_syn_mapt_REGION-RF_rank316_region121_iIGL,121,iIGL,316
u0,0.007413894930066855,0.0059118155058416515,0.00012289776393697722,1445.9169383203173,1019.4197507807268,1.0003757854912412,18.580035444421394,copath_syn_mapt_REGION-RF_rank316_region121_iIGL,121,iIGL,316
alpha,0.7291625576405222,0.5626563358004824,0.009548160564657814,1955.9083084555305,1349.0103660838845,1.0005810801027835,26.011840310341793,copath_syn_mapt_REGION-RF_rank317_region122_iIntG,122,iIntG,317
beta,-0.19266159023598164,0.926560711631533,0.020518718325707837,2034.596652087804,2135.63197085703,1.0008740763548192,27.058325270807178,copath_syn_mapt_REGION-RF_rank317_region122_iIntG,122,iIntG,317
gamma,0.08000470714943685,0.059949157495550076,0.0012471275285330314,1436.6172480335788,1170.9907745993366,1.0006648912871887,19.10573122542762,copath_syn_mapt_REGION-RF_rank317_region122_iIntG,122,iIntG,317
sigma,0.2331757708046933,0.32846293923694087,0.007095682388271849,2837.4249059204712,2712.111335929904,1.0009630293872323,37.73522676207189,copath_syn_mapt_REGION-RF_rank317_region122_iIntG,122,iIntG,317
u0,0.00788619658701854,0.005821858732034057,0.00011036110663926737,1724.2955179007201,940.2363670019706,1.00111414704691,22.931596264289496,copath_syn_mapt_REGION-RF_rank317_region122_iIntG,122,iIntG,317
alpha,0.6434631396447222,0.5681686527325075,0.013808466878352226,1154.2865108124684,1156.3424327608293,1.0051691352086356,12.515575647444035,copath_syn_mapt_REGION-RF_rank173_region123_iLGv,123,iLGv,173
beta,-0.33581463869663575,0.795511027427297,0.023142738541179597,1241.101851553094,1412.8360483179952,1.0060973942060407,13.456887838325608,copath_syn_mapt_REGION-RF_rank173_region123_iLGv,123,iLGv,173
gamma,0.07992615705121286,0.06141835367340301,0.001393948754309681,1200.428856128868,667.4528963450737,1.0025840322357675,13.015882987041548,copath_syn_mapt_REGION-RF_rank173_region123_iLGv,123,iLGv,173
sigma,0.08604339848310763,0.01300252605511756,0.00034473298999166,1564.0876988114512,1129.8265741019773,1.0025506501489372,16.9589246087029,copath_syn_mapt_REGION-RF_rank173_region123_iLGv,123,iLGv,173
u0,0.008699242448106562,0.006240424453964804,0.0001578711570337589,1122.8612846009535,869.6549634180157,1.001236383324,12.174841529697636,copath_syn_mapt_REGION-RF_rank173_region123_iLGv,123,iLGv,173
alpha,0.8118508702847578,0.5925525839020096,0.01129282485676196,2047.3053496483792,1452.9304473096531,1.0004954391433165,29.611011710274504,copath_syn_mapt_REGION-RF_rank1_region124_iSubG,124,iSubG,369
beta,-0.015474742852562937,1.0235750643385062,0.01935249240780638,2792.798422287452,2020.1362962866165,1.000426505856937,40.39338186704443,copath_syn_mapt_REGION-RF_rank1_region124_iSubG,124,iSubG,369
gamma,0.08057473262992207,0.0616414023666984,0.0011464198283190256,2064.516601339655,1158.388619845405,1.0007576789523172,29.85994505842718,copath_syn_mapt_REGION-RF_rank1_region124_iSubG,124,iSubG,369
sigma,1.6490068938126567,2.0494199614514694,0.0415448257875696,2964.4706712461634,2475.4989585578587,1.0003658591756859,42.87634757370789,copath_syn_mapt_REGION-RF_rank1_region124_iSubG,124,iSubG,369
u0,0.008110474908721148,0.005953132938647956,0.00011506278556767653,1822.952956550622,1110.4641075873394,1.0002312071810795,26.366111607616748,copath_syn_mapt_REGION-RF_rank1_region124_iSubG,124,iSubG,369
alpha,0.5901811887446583,0.5054775436477891,0.028359860957751778,292.3099629751912,578.9124385821561,1.007026376865979,1.8078866628847963,copath_syn_mapt_REGION-RF_rank75_region125_iMH,125,iMH,75
beta,0.38040227600228643,0.5901152065573312,0.02775919722441389,396.4360954467225,837.3899307539541,1.0034940048906136,2.451888818121065,copath_syn_mapt_REGION-RF_rank75_region125_iMH,125,iMH,75
gamma,0.0831253356904545,0.060280258262968,0.002278632465095533,568.8237335841459,590.2915726179407,1.0020955476318147,3.518076602699961,copath_syn_mapt_REGION-RF_rank75_region125_iMH,125,iMH,75
sigma,0.08651488526879277,0.014826690705420194,0.0007663788481378652,380.7298483719139,759.9539519941808,1.0083676690337402,2.35474839115269,copath_syn_mapt_REGION-RF_rank75_region125_iMH,125,iMH,75
u0,0.013148988930986125,0.0069356008996750125,0.0002714550521642237,569.7310173536636,631.7211087951056,1.008869260751743,3.523687996200435,copath_syn_mapt_REGION-RF_rank75_region125_iMH,125,iMH,75
alpha,0.46705575351733036,0.47209332421149974,0.022399199489843893,462.30300928740104,611.6257262667398,1.0098388868599955,3.7253359008469267,copath_syn_mapt_REGION-RF_rank269_region126_iLH,126,iLH,269
beta,0.05428961541536632,0.6686743387224114,0.021615194513890226,962.7976112555285,1162.3407759355716,1.0087461195337486,7.758427772271115,copath_syn_mapt_REGION-RF_rank269_region126_iLH,126,iLH,269
gamma,0.0824267297765714,0.061390519663369385,0.002295936681724481,589.4541592760638,694.0258091032593,1.0060531155941108,4.7499468905458135,copath_syn_mapt_REGION-RF_rank269_region126_iLH,126,iLH,269
sigma,0.023600430717137244,0.003927782276228688,0.0001569123420179794,544.5193638665368,381.7853876112994,1.00755332390918,4.387852759265226,copath_syn_mapt_REGION-RF_rank269_region126_iLH,126,iLH,269
u0,0.008560939271742904,0.0051208372141253395,0.00019034276043302216,541.1170698472143,342.9634633260311,1.0091557527331059,4.360436350977174,copath_syn_mapt_REGION-RF_rank269_region126_iLH,126,iLH,269
alpha,0.7949199348360013,0.6032166954010652,0.011228510952279218,1974.45555418963,1151.1865544546358,1.003165067317396,27.58197323726521,copath_syn_mapt_REGION-RF_rank1_region127_iPVH,127,iPVH,370
beta,-0.0039939469377909004,0.9800914912247495,0.017747698053546666,3050.7981616397533,2537.814091289717,1.0010476007169264,42.61784119074881,copath_syn_mapt_REGION-RF_rank1_region127_iPVH,127,iPVH,370
gamma,0.07840576590817315,0.058993078870363425,0.0011028560171260587,1811.3657639533267,1268.3719871442745,1.0003494069209948,25.3037055801261,copath_syn_mapt_REGION-RF_rank1_region127_iPVH,127,iPVH,370
sigma,1.680242199536127,2.283390109426934,0.04770797001613146,2836.4730853450187,2403.439105321303,1.0003015398728006,39.62384696996604,copath_syn_mapt_REGION-RF_rank1_region127_iPVH,127,iPVH,370
u0,0.008048242610945517,0.005996460953589024,0.00011171825448789734,1985.5485405815834,1104.3544308260412,1.0002066923679476,27.73693567900515,copath_syn_mapt_REGION-RF_rank1_region127_iPVH,127,iPVH,370
alpha,0.6606656131281191,0.5878477998232364,0.01666966502778767,906.0265636786647,964.644847851666,1.00593244415226,9.786629260501034,copath_syn_mapt_REGION-RF_rank276_region128_iARH,128,iARH,276
beta,-0.5156369977406825,0.7509650640212265,0.02301655261610828,1091.0876372360297,1329.00667136935,1.0042744312841134,11.785603893322708,copath_syn_mapt_REGION-RF_rank276_region128_iARH,128,iARH,276
gamma,0.08071510523555227,0.05927458597258401,0.001604518374924603,948.8251697405177,808.2151474872817,1.0026250610154714,10.248927064102894,copath_syn_mapt_REGION-RF_rank276_region128_iARH,128,iARH,276
sigma,0.016983660160405634,0.002847945626921483,8.830862017450787e-5,1087.0378291490156,1509.8061831253146,1.0027238409133141,11.741859071799084,copath_syn_mapt_REGION-RF_rank276_region128_iARH,128,iARH,276
u0,0.006467114600211581,0.0049361779591030695,0.0001239795072651046,1097.5065171497895,928.4502933923357,1.005067778916492,11.85493872356056,copath_syn_mapt_REGION-RF_rank276_region128_iARH,128,iARH,276
alpha,0.7856009606707406,0.6024400345495137,0.012990771373589416,1317.877454803698,879.9396453913447,1.0010074718106985,18.905413286716175,copath_syn_mapt_REGION-RF_rank1_region129_iADP,129,iADP,371
beta,-7.753842897578877e-5,0.9903972684936851,0.01763346983111644,3151.8206212400532,2059.4946988138768,1.0017530661097498,45.21396980648199,copath_syn_mapt_REGION-RF_rank1_region129_iADP,129,iADP,371
gamma,0.07809461991891378,0.06219131021433505,0.001207876425855575,1689.887821926618,1027.6669181421644,1.0051488729316884,24.242032189912607,copath_syn_mapt_REGION-RF_rank1_region129_iADP,129,iADP,371
sigma,1.6606798145665689,2.176872757273357,0.04852519419422854,2682.183689481809,2165.158449052711,1.0017216713131334,38.47686366870575,copath_syn_mapt_REGION-RF_rank1_region129_iADP,129,iADP,371
u0,0.00784770629101759,0.005897627993297273,0.00011230617680630873,1826.6083982464588,1399.3824418328018,1.0012224897361335,26.203336703244325,copath_syn_mapt_REGION-RF_rank1_region129_iADP,129,iADP,371
alpha,0.8192942447734681,0.615957419220142,0.011140048875988101,2118.2251858930476,1541.6560629891426,1.0019672077783957,29.51572033961831,copath_syn_mapt_REGION-RF_rank1_region130_iAVP,130,iAVP,372
beta,0.0047994713595609344,0.9988094280483252,0.018231242134502355,3010.72731449003,2342.152211304884,1.0004902034240397,41.95200114943051,copath_syn_mapt_REGION-RF_rank1_region130_iAVP,130,iAVP,372
gamma,0.07966977687193458,0.060791263721491344,0.001160498704418323,1824.24638684223,1464.1571907131233,1.0013634134616396,25.419368319848257,copath_syn_mapt_REGION-RF_rank1_region130_iAVP,130,iAVP,372
sigma,1.6481014078751477,2.271298828871801,0.04502501659457023,2758.235295965393,2443.114899556322,1.0008694994015344,38.433733187935694,copath_syn_mapt_REGION-RF_rank1_region130_iAVP,130,iAVP,372
u0,0.008049295581429696,0.005975740229130079,0.0001229172320080239,1568.8316544993006,1010.8361590715654,1.003626514352733,21.860374752658647,copath_syn_mapt_REGION-RF_rank1_region130_iAVP,130,iAVP,372
alpha,0.7533044159992555,0.5885333225726725,0.011110488643165497,1919.0267766353002,1018.9157051570013,1.0006069068030232,26.134809291214527,copath_syn_mapt_REGION-RF_rank318_region131_iAVPV,131,iAVPV,318
beta,-0.11887495121446544,0.9660993335331409,0.020384260783968627,2261.4454293633603,2166.15541716391,1.0008771530484606,30.798134626618733,copath_syn_mapt_REGION-RF_rank318_region131_iAVPV,131,iAVPV,318
gamma,0.0808839905061994,0.059506832293500185,0.001131924591825269,1863.6042547137408,1263.0236432995816,1.0014609283693323,25.380021990436084,copath_syn_mapt_REGION-RF_rank318_region131_iAVPV,131,iAVPV,318
sigma,0.6672049582092527,1.0586790198388232,0.021751348155833027,2477.3142168964023,2306.46205168321,1.0012840226436117,33.73800480601953,copath_syn_mapt_REGION-RF_rank318_region131_iAVPV,131,iAVPV,318
u0,0.007784129213666361,0.005996891704850013,0.00011735453400474379,1731.964655833985,1118.0437166060976,1.0008835716410653,23.58725085572241,copath_syn_mapt_REGION-RF_rank318_region131_iAVPV,131,iAVPV,318
alpha,0.5206376819360289,0.4935742418580855,0.016776156661547224,765.1760429522806,1024.6987299272046,1.0037489466899818,7.226140739940321,copath_syn_mapt_REGION-RF_rank190_region132_iDMH,132,iDMH,190
beta,-0.10919829229882114,0.7687800180756391,0.025946063668090765,872.8782534451539,1108.6840618320202,1.003849735541324,8.24325482524463,copath_syn_mapt_REGION-RF_rank190_region132_iDMH,132,iDMH,190
gamma,0.08120008463190743,0.0612274502065823,0.0020133167178186056,639.9328860795135,486.4468105414148,1.0104935117085185,6.043374124841945,copath_syn_mapt_REGION-RF_rank190_region132_iDMH,132,iDMH,190
sigma,0.04478985552056437,0.007625556851621874,0.00025726168389587293,813.8770502496599,660.4454595613993,1.0128078838041965,7.68606148125092,copath_syn_mapt_REGION-RF_rank190_region132_iDMH,132,iDMH,190
u0,0.009170899340139442,0.005740966225695937,0.00019954650100286017,665.7326491096495,665.356560962377,1.002065922697057,6.287020956744258,copath_syn_mapt_REGION-RF_rank190_region132_iDMH,132,iDMH,190
alpha,0.8100150135779939,0.6006481702882165,0.01124636777573635,2069.366547089873,1366.5795063665837,1.0019579838801635,29.5919712153564,copath_syn_mapt_REGION-RF_rank1_region133_iMEPO,133,iMEPO,373
beta,-0.0009490884284846449,1.0041900914243778,0.019670583989891896,2606.7648000817,2099.710763809941,1.0002567986267379,37.27677391794222,copath_syn_mapt_REGION-RF_rank1_region133_iMEPO,133,iMEPO,373
gamma,0.08084463916861252,0.05959951228585983,0.001137259552125695,1976.955832865727,1241.417572666771,1.0010064436660595,28.270496680476572,copath_syn_mapt_REGION-RF_rank1_region133_iMEPO,133,iMEPO,373
sigma,1.692956586008867,2.290840821708287,0.0469402359355482,2981.1965736479806,2283.9315299275436,1.0007839320121539,42.63115363431975,copath_syn_mapt_REGION-RF_rank1_region133_iMEPO,133,iMEPO,373
u0,0.008161945299690132,0.005973917764651142,0.00011728150260220513,1733.3407846147265,1092.6421334888319,1.001502144288081,24.786798006788594,copath_syn_mapt_REGION-RF_rank1_region133_iMEPO,133,iMEPO,373
alpha,0.7718512214189238,0.5868385326545315,0.011728230245174063,1588.7366864318174,1103.9745419975409,1.0011362488699524,23.02316735402454,copath_syn_mapt_REGION-RF_rank1_region134_iMPO,134,iMPO,374
beta,0.024844137477280603,1.013223657204974,0.019121569774473317,2821.311164394845,2192.530259020853,1.0015378079429826,40.88501238145734,copath_syn_mapt_REGION-RF_rank1_region134_iMPO,134,iMPO,374
gamma,0.07771443402505838,0.06051744101853545,0.0011472295600889158,1763.0057703459431,998.7183751836093,1.0014363762159937,25.54858664965283,copath_syn_mapt_REGION-RF_rank1_region134_iMPO,134,iMPO,374
sigma,1.7273299668312125,3.434359894525727,0.0887912024203651,2957.221108387586,2345.5556616429294,1.0026759388042836,42.85455045050555,copath_syn_mapt_REGION-RF_rank1_region134_iMPO,134,iMPO,374
u0,0.007855497280225774,0.0058653039538513006,0.00010550601150470683,1902.6380621123783,1335.9198164307381,1.0005722934639565,27.572067097243405,copath_syn_mapt_REGION-RF_rank1_region134_iMPO,134,iMPO,374
alpha,0.8104236157542153,0.589378295312229,0.011329301997287131,1989.7114297896737,1567.6858090239248,1.0024876449194666,28.62729382178973,copath_syn_mapt_REGION-RF_rank1_region135_iPS,135,iPS,375
beta,0.008005814487762353,1.0026314836187127,0.017943086706434415,3123.3789426507606,2756.6411117036337,1.0015629624613858,44.93811784430767,copath_syn_mapt_REGION-RF_rank1_region135_iPS,135,iPS,375
gamma,0.08003417819670738,0.061426474021123376,0.0011460773920744557,1868.5912264967146,1073.5633656593225,1.0002293018251107,26.88465737938413,copath_syn_mapt_REGION-RF_rank1_region135_iPS,135,iPS,375
sigma,1.6498392997313691,2.152952625561942,0.047317592130945677,2644.1117847995383,1898.9241414781245,1.0001223136815205,38.04258438074842,copath_syn_mapt_REGION-RF_rank1_region135_iPS,135,iPS,375
u0,0.007972220969124505,0.005908818525809477,0.00011767802065867183,1691.7744093759322,1215.7601377894798,1.000521442873615,24.340676930477844,copath_syn_mapt_REGION-RF_rank1_region135_iPS,135,iPS,375
alpha,0.767324711990134,0.5904990022260425,0.01032576824165221,2228.276943062284,1441.6818147514596,1.000490423555822,31.575413675248463,copath_syn_mapt_REGION-RF_rank1_region136_iVLPO,136,iVLPO,376
beta,0.005060416375459973,1.009581675551479,0.01903868923618019,2814.6707325190105,2679.631489319016,1.0016911906003405,39.88480561880418,copath_syn_mapt_REGION-RF_rank1_region136_iVLPO,136,iVLPO,376
gamma,0.08049340174831525,0.05900337380182531,0.0010575807542782735,2248.740794932922,1463.7088325764403,1.0012373877966538,31.865393154781387,copath_syn_mapt_REGION-RF_rank1_region136_iVLPO,136,iVLPO,376
sigma,1.7015766123075553,2.340460952053422,0.04846277555478671,3095.896361928229,2226.385570740204,1.000903910101861,43.869864842400865,copath_syn_mapt_REGION-RF_rank1_region136_iVLPO,136,iVLPO,376
u0,0.007879006340863332,0.005965860736092023,0.00011047663361600224,2052.410211768972,1311.1457002942025,1.001409086756784,29.08332452556288,copath_syn_mapt_REGION-RF_rank1_region136_iVLPO,136,iVLPO,376
alpha,0.8010381349074339,0.6046838816685113,0.010930415270436023,1633.2910760713928,1327.7493369803592,1.0029384002806476,22.4073078441974,copath_syn_mapt_REGION-RF_rank1_region137_iAHN,137,iAHN,377
beta,-0.0030415140293355643,0.9679980386968233,0.01837760253057799,2774.1658180372037,2171.9795942464684,1.0007080748767592,38.05909945037389,copath_syn_mapt_REGION-RF_rank1_region137_iAHN,137,iAHN,377
gamma,0.08081418036311729,0.06012160105977292,0.001091907040867838,1945.591220897596,1121.0707609943981,1.002318626587433,26.691789396463157,copath_syn_mapt_REGION-RF_rank1_region137_iAHN,137,iAHN,377
sigma,1.6444679114814698,2.0411583892715255,0.040570716298669186,2879.348963241109,2483.5528595217565,0.9999566086859225,39.502119098943744,copath_syn_mapt_REGION-RF_rank1_region137_iAHN,137,iAHN,377
u0,0.007975672963365541,0.005896113810198192,0.00011142592029143077,1947.3469403323434,1430.6225489610306,1.0014253548189265,26.715876313020033,copath_syn_mapt_REGION-RF_rank1_region137_iAHN,137,iAHN,377
alpha,0.6738166904010318,0.5665352572486726,0.01363410682297308,1122.5175071108833,1053.1483977516227,1.0019066427847474,12.90398329820535,copath_syn_mapt_REGION-RF_rank62_region138_iLM,138,iLM,62
beta,-0.3342101215346057,0.8283138588428705,0.020199236772167756,1691.3691844257298,1640.2924732637769,1.0030756603326612,19.44325996580906,copath_syn_mapt_REGION-RF_rank62_region138_iLM,138,iLM,62
gamma,0.07973072361900368,0.06040959479179002,0.0013830618103630322,1309.951727107975,927.4974512414476,1.0006576441788213,15.058647282537937,copath_syn_mapt_REGION-RF_rank62_region138_iLM,138,iLM,62
sigma,0.14361032784300481,0.031800919242163043,0.0008423533084381918,1603.241709724182,1492.3173869516722,1.0005631345715535,18.43018404097232,copath_syn_mapt_REGION-RF_rank62_region138_iLM,138,iLM,62
u0,0.008511657289722502,0.006353355913488222,0.00015850983434645928,1015.9405321335344,698.1667614915485,1.0058970764042479,11.678819773922685,copath_syn_mapt_REGION-RF_rank62_region138_iLM,138,iLM,62
alpha,0.5333514766326207,0.5023721814809591,0.022549483835899026,491.69323683015995,961.0389288749961,1.0096242962060225,4.80878284218095,copath_syn_mapt_REGION-RF_rank94_region139_iMM,139,iMM,94
beta,0.04813699753547894,0.7000938230857231,0.02590413084316243,762.6377126461152,988.4126496195997,1.0044656242341723,7.458632481942271,copath_syn_mapt_REGION-RF_rank94_region139_iMM,139,iMM,94
gamma,0.08218910025803244,0.061954931711027485,0.0025637871167039994,544.0376096546239,754.6519213593477,1.0083489201303935,5.320713255431583,copath_syn_mapt_REGION-RF_rank94_region139_iMM,139,iMM,94
sigma,0.07607893884070155,0.013287136355574634,0.0005706357241378334,483.4199755993261,215.30739855564224,1.0089520119820548,4.727869960579821,copath_syn_mapt_REGION-RF_rank94_region139_iMM,139,iMM,94
u0,0.011600511015694107,0.007150142144187881,0.00028777913193554484,538.750442371168,568.7753482038185,1.0019321278118842,5.269004512231592,copath_syn_mapt_REGION-RF_rank94_region139_iMM,139,iMM,94
alpha,2.2437090461208347,0.6955695609441311,0.02199584083666754,NaN,NaN,NaN,NaN,copath_syn_mapt_REGION-RF_rank23_region140_iSUM,140,iSUM,23
beta,0.38037082289813745,0.29588719293409793,0.009356774601454291,NaN,NaN,NaN,NaN,copath_syn_mapt_REGION-RF_rank23_region140_iSUM,140,iSUM,23
gamma,0.1673145028233652,0.0641187038671498,0.002027611448380397,NaN,NaN,NaN,NaN,copath_syn_mapt_REGION-RF_rank23_region140_iSUM,140,iSUM,23
u0,0.01386985824942217,0.004703940955793954,0.00014875167399258315,NaN,NaN,NaN,NaN,copath_syn_mapt_REGION-RF_rank23_region140_iSUM,140,iSUM,23
sigma,0.1909265206695316,0.048691559477482875,0.0015397623077440402,NaN,NaN,NaN,NaN,copath_syn_mapt_REGION-RF_rank23_region140_iSUM,140,iSUM,23
alpha,0.7300012970723017,0.581630069782884,0.011788844673214425,1738.7796353012304,1399.9365410179219,1.002996001943127,21.344671568353714,copath_syn_mapt_REGION-RF_rank319_region141_iTM,141,iTM,319
beta,-0.343435715187259,0.8283700684548257,0.0192663756518998,1878.4906536521482,2096.9216454445605,1.000161589600518,23.059716845303925,copath_syn_mapt_REGION-RF_rank319_region141_iTM,141,iTM,319
gamma,0.07811560155115763,0.059746071561793096,0.0013974244982013402,1116.641129494621,679.6261857913232,1.0033323623956578,13.707509384677776,copath_syn_mapt_REGION-RF_rank319_region141_iTM,141,iTM,319
sigma,0.242161068279122,0.32411121927532477,0.006643812244513966,2390.7109408396436,2417.713563173881,1.0004695779059196,29.347560099674002,copath_syn_mapt_REGION-RF_rank319_region141_iTM,141,iTM,319
u0,0.007501708834401382,0.005721814729631768,0.00012882097417714892,1360.0042509755463,1270.7178767812939,1.0013343489767328,16.694952873432353,copath_syn_mapt_REGION-RF_rank319_region141_iTM,141,iTM,319
alpha,0.7829163688946362,0.5983351697327095,0.011589761887519439,1722.3217143185204,940.2147278252913,1.0011484402832012,24.216781461432216,copath_syn_mapt_REGION-RF_rank1_region142_iMPN,142,iMPN,378
beta,0.007967122916691898,1.0055767032039438,0.019143221945423918,2760.0158512718963,2419.131399239492,1.0023341660845535,38.80732626470236,copath_syn_mapt_REGION-RF_rank1_region142_iMPN,142,iMPN,378
gamma,0.08056779251222301,0.060703133880547475,0.0013455908304749213,1489.304484893863,1160.0744228671113,1.0015442481292887,20.94043228995463,copath_syn_mapt_REGION-RF_rank1_region142_iMPN,142,iMPN,378
sigma,1.6278526754659424,1.9507355122454575,0.03906047777697841,2786.227566631902,2471.7026691030537,1.0007865378013114,39.17587726032961,copath_syn_mapt_REGION-RF_rank1_region142_iMPN,142,iMPN,378
u0,0.007988054114363858,0.005916165038935,0.00011402986830333336,1836.0476838729649,1213.6209496250558,1.0003798426524262,25.815830540529028,copath_syn_mapt_REGION-RF_rank1_region142_iMPN,142,iMPN,378
alpha,0.7499588087138661,0.5956397614167374,0.012547864044548364,1542.7427257826666,1000.9649950869599,1.0013053562271161,20.1502406648555,copath_syn_mapt_REGION-RF_rank320_region143_iPMd,143,iPMd,320
beta,-0.1126052070197619,0.9268218719830063,0.018017525211005733,2634.143523046968,2479.8238585635413,1.0003491481150228,34.40536458095358,copath_syn_mapt_REGION-RF_rank320_region143_iPMd,143,iPMd,320
gamma,0.08093680326661448,0.06225237292607535,0.0012406985743511072,1722.1971962883072,975.943019628514,1.0006415274468303,22.4941510969973,copath_syn_mapt_REGION-RF_rank320_region143_iPMd,143,iPMd,320
sigma,0.6417305884553334,0.8649218169146692,0.017027885702024077,2479.8097456981563,2179.3741628723888,1.0005382928215696,32.38956330422607,copath_syn_mapt_REGION-RF_rank320_region143_iPMd,143,iPMd,320
u0,0.00792205254746212,0.006172513616358844,0.00012056614602571322,1735.5286618225675,1227.801413315198,1.002286828299436,22.66827749827026,copath_syn_mapt_REGION-RF_rank320_region143_iPMd,143,iPMd,320
alpha,0.7271590000261571,0.5914717377316416,0.01297546835240654,1375.2167058743378,1099.8921915507049,1.0010222998659328,17.298323344331294,copath_syn_mapt_REGION-RF_rank321_region144_iPMv,144,iPMv,321
beta,-0.4549285834210316,0.7904821362803431,0.02042425980738169,1500.9577782171207,1344.326293209723,1.0021683084757371,18.87997205304554,copath_syn_mapt_REGION-RF_rank321_region144_iPMv,144,iPMv,321
gamma,0.08078319006684263,0.06064250829381482,0.001313012470691717,1459.625548268644,958.1016564753444,1.0024811633094994,18.360069789542692,copath_syn_mapt_REGION-RF_rank321_region144_iPMv,144,iPMv,321
sigma,0.0908976790074987,0.11944225529140624,0.0025549002164167644,2197.9078901234398,2260.9995695400553,1.0012010703829377,27.646640127338866,copath_syn_mapt_REGION-RF_rank321_region144_iPMv,144,iPMv,321
u0,0.007226921111164998,0.005702013554102225,0.0001225018037693779,1465.3802495164778,999.0123257088687,0.9998310829007774,18.432455968760728,copath_syn_mapt_REGION-RF_rank321_region144_iPMv,144,iPMv,321
alpha,0.6869069779562851,0.5735074296923385,0.02015566953027735,696.3910836566256,802.5450816526505,1.002419887260238,7.6136606351718195,copath_syn_mapt_REGION-RF_rank296_region145_iVMH,145,iVMH,296
beta,-0.4536618780713483,0.7153725263005519,0.02316255781123504,855.9334751084361,1079.6036102911473,1.0111930542937126,9.357941476706495,copath_syn_mapt_REGION-RF_rank296_region145_iVMH,145,iVMH,296
gamma,0.08017702146472636,0.06398126178376125,0.0029355734487826,531.1259257127408,150.2019674415489,1.0063766331240027,5.806812648555101,copath_syn_mapt_REGION-RF_rank296_region145_iVMH,145,iVMH,296
sigma,0.015321126818872478,0.0025401947102979606,7.94579836011909e-5,1044.593737258404,1319.1703518883346,1.0005844751647592,11.420568705949796,copath_syn_mapt_REGION-RF_rank296_region145_iVMH,145,iVMH,296
u0,0.006524999752638079,0.005176474672193326,0.00013847667778601666,930.5218696040063,707.3481527690294,1.0051649031382273,10.173418205715855,copath_syn_mapt_REGION-RF_rank296_region145_iVMH,145,iVMH,296
alpha,0.5571349881724552,0.45694903208662985,0.03750879674184759,199.08457210376395,202.3271797805812,1.0202801923495237,1.1870409450780428,copath_syn_mapt_REGION-RF_rank163_region146_iPH,146,iPH,163
beta,0.43480552198483235,0.6142487686323914,0.028733256998518,414.1140196821391,610.0070213680838,1.010075278091428,2.4691531448119672,copath_syn_mapt_REGION-RF_rank163_region146_iPH,146,iPH,163
gamma,0.08385277559117983,0.060717961973292364,0.003915325629148267,216.85298732598255,209.12087361065375,1.0224240504132724,1.2929850480039504,copath_syn_mapt_REGION-RF_rank163_region146_iPH,146,iPH,163
sigma,0.04275127217669727,0.007891648614187462,0.0005814899405397532,169.89483004911523,449.2500684336693,1.0366483738265473,1.0129972277322554,copath_syn_mapt_REGION-RF_rank163_region146_iPH,146,iPH,163
u0,0.007460005386966399,0.005528731855846744,0.00039936598132030745,109.11590280152461,54.79036839665005,1.0542323768595334,0.6506031231644434,copath_syn_mapt_REGION-RF_rank163_region146_iPH,146,iPH,163
alpha,0.50755593610697,0.46680448861140944,0.0357864798077401,212.7661288204056,241.5502004628728,1.0421967644330274,1.2743157477339897,copath_syn_mapt_REGION-RF_rank149_region147_iLHA,147,iLHA,149
beta,0.3705499346974228,0.4308499198966805,0.01862016226787143,356.0016766084641,823.0075415677613,1.0193618245941982,2.1321934334049897,copath_syn_mapt_REGION-RF_rank149_region147_iLHA,147,iLHA,149
gamma,0.08014447872398807,0.06186974831595253,0.0029134087332262277,363.5122713735972,560.6081041026042,1.0067680190781583,2.1771764823381976,copath_syn_mapt_REGION-RF_rank149_region147_iLHA,147,iLHA,149
sigma,0.03557613890155382,0.006495693576931556,0.00035974558432002354,242.2549042593506,138.5979196324079,1.022910220009367,1.4509322568164023,copath_syn_mapt_REGION-RF_rank149_region147_iLHA,147,iLHA,149
u0,0.020042239297534282,0.006902984073254414,0.00032839910475626784,433.03626970038533,446.6017592181339,1.0058533548627107,2.5935751187397678,copath_syn_mapt_REGION-RF_rank149_region147_iLHA,147,iLHA,149
alpha,0.6574981652145903,0.560902406812147,0.013537669322976169,1242.4654680581275,1154.2321874508816,1.0006123672294387,15.776337604699734,copath_syn_mapt_REGION-RF_rank76_region148_iLPO,148,iLPO,76
beta,-0.3282488379174788,0.8203795561680094,0.021545857459198754,1469.9339376628143,1634.4692920497394,1.0019639832191078,18.664642723164427,copath_syn_mapt_REGION-RF_rank76_region148_iLPO,148,iLPO,76
gamma,0.08147791688660438,0.061187509120221854,0.0012880281476853662,1473.4436184391932,703.9043783468012,1.0028999786219053,18.70920726860762,copath_syn_mapt_REGION-RF_rank76_region148_iLPO,148,iLPO,76
sigma,0.08642605695609965,0.04805867662114215,0.001296937472611078,1799.8820752083366,1839.253181720874,1.0001872633706073,22.854194339512876,copath_syn_mapt_REGION-RF_rank76_region148_iLPO,148,iLPO,76
u0,0.007700938234622573,0.005930047646310254,0.0001485953703515203,1056.3677036277822,702.4051079552057,1.0016925123355338,13.413341421214936,copath_syn_mapt_REGION-RF_rank76_region148_iLPO,148,iLPO,76
alpha,0.6378606782916124,0.5439384087987225,0.014883393503621343,997.6669762325764,1379.0545346474598,1.0048563255927698,10.8700817841664,copath_syn_mapt_REGION-RF_rank158_region149_iPST,149,iPST,158
beta,-0.2668601824374896,0.7996046276995956,0.0237919346911151,1114.777998781553,1618.9350130778018,1.003758477866457,12.14606507644886,copath_syn_mapt_REGION-RF_rank158_region149_iPST,149,iPST,158
gamma,0.07920370157561465,0.06070359697343211,0.0015508102289216404,1079.1695746256164,851.0956537172668,1.0030546752339262,11.758093446635103,copath_syn_mapt_REGION-RF_rank158_region149_iPST,149,iPST,158
sigma,0.049008574444476254,0.011439894740124393,0.00035900794896176935,1130.0925319842386,1346.7604772519564,1.0022181715167011,12.312924592064137,copath_syn_mapt_REGION-RF_rank158_region149_iPST,149,iPST,158
u0,0.008091661419966239,0.005838064231911048,0.00017531341208447027,804.2542489932333,579.4652194586115,1.004887353892105,8.76275317324101,copath_syn_mapt_REGION-RF_rank158_region149_iPST,149,iPST,158
alpha,0.7145364331872766,0.5820916292031791,0.03392872451209093,286.26131091586603,1222.0618132921902,1.016468402792085,3.1351861971378225,copath_syn_mapt_REGION-RF_rank275_region150_iPSTN,150,iPSTN,275
beta,-0.36009803685785835,0.771793820039914,0.02791186977003581,707.7681094189674,1057.1609167570168,1.0140014414584755,7.751605693152338,copath_syn_mapt_REGION-RF_rank275_region150_iPSTN,150,iPSTN,275
gamma,0.08088473576665162,0.056931377819453004,0.0023998954522856755,363.2574750201785,492.3396936753935,1.018665259878656,3.978462258999173,copath_syn_mapt_REGION-RF_rank275_region150_iPSTN,150,iPSTN,275
sigma,0.02961481000111945,0.006902261509364537,0.00030052305588510614,309.2743718564629,33.93471604643608,1.025600342953183,3.3872294466569874,copath_syn_mapt_REGION-RF_rank275_region150_iPSTN,150,iPSTN,275
u0,0.007279382586428083,0.005388232636760449,0.00016447063975299575,811.674527481431,656.1531278667976,1.0064589639430832,8.889607774751179,copath_syn_mapt_REGION-RF_rank275_region150_iPSTN,150,iPSTN,275
alpha,0.6589159233070779,0.5807685364755786,0.013625478921624105,1218.225780308142,1237.4004338581792,1.0027384088979725,14.961507421744718,copath_syn_mapt_REGION-RF_rank254_region151_iPeF,151,iPeF,254
beta,-0.37275687733361423,0.7910306809896388,0.021151717793644383,1402.7835391460465,1592.2500750470358,1.0025084083486422,17.228133463672215,copath_syn_mapt_REGION-RF_rank254_region151_iPeF,151,iPeF,254
gamma,0.07877527166436908,0.05849828774356574,0.0012940806903655885,1389.148677098347,856.066535844979,1.0028719492299667,17.06067838841554,copath_syn_mapt_REGION-RF_rank254_region151_iPeF,151,iPeF,254
sigma,0.05685371136673527,0.029680480882188488,0.0008835043999804362,1520.189212118553,1457.1367946709895,1.0012917158979187,18.670038466773345,copath_syn_mapt_REGION-RF_rank254_region151_iPeF,151,iPeF,254
u0,0.007608909866114827,0.005754907721751886,0.00013623674897585055,1097.2382250689545,594.6821079581982,1.0027082736841968,13.475611921165191,copath_syn_mapt_REGION-RF_rank254_region151_iPeF,151,iPeF,254
alpha,0.7969882766865662,0.5965220122629208,0.011151871916127772,1963.9087299569455,1176.2063172738592,1.0005307645940196,28.171341499533025,copath_syn_mapt_REGION-RF_rank1_region152_iRCH,152,iRCH,379
beta,0.0023836716546265695,0.9696638465933214,0.018171969272647318,2847.501727614789,2650.505295989915,1.0015734668869274,40.84606497518095,copath_syn_mapt_REGION-RF_rank1_region152_iRCH,152,iRCH,379
gamma,0.08038896557525807,0.06065755767510357,0.0011773563474098,1756.0524180671675,1114.1967366948459,1.0015028170039093,25.18974105356487,copath_syn_mapt_REGION-RF_rank1_region152_iRCH,152,iRCH,379
sigma,1.6219102069838787,2.0422243008377916,0.04327064517491203,2225.849400825611,1903.2147917509453,1.0009220901809064,31.928756484810744,copath_syn_mapt_REGION-RF_rank1_region152_iRCH,152,iRCH,379
u0,0.00797378627818781,0.006205812578274657,0.0001186086060527881,1892.899951490332,1250.9324346909361,1.003614065932434,27.1527541705325,copath_syn_mapt_REGION-RF_rank1_region152_iRCH,152,iRCH,379
alpha,0.5557783490093791,0.5038983055410227,0.01524167974475085,884.167350883486,1357.2412764992662,0.9998322535067623,9.068755137477293,copath_syn_mapt_REGION-RF_rank260_region153_iSTN,153,iSTN,260
beta,-0.22931143771360754,0.7555691992713843,0.023702087506118012,996.6669144224566,1199.488732356348,1.0018220726494727,10.222644153836635,copath_syn_mapt_REGION-RF_rank260_region153_iSTN,153,iSTN,260
gamma,0.07978970658314487,0.06004176174502768,0.0019606164589631276,748.5464515039118,623.8433378209265,1.0081857518764594,7.677714485762615,copath_syn_mapt_REGION-RF_rank260_region153_iSTN,153,iSTN,260
sigma,0.03884146449001383,0.006434067236416175,0.00021827307418371142,994.7863532578799,1101.5653367260284,1.002354544993064,10.203355555693362,copath_syn_mapt_REGION-RF_rank260_region153_iSTN,153,iSTN,260
u0,0.00889246025467275,0.005825879420053237,0.00018145095642210963,713.9233354766701,431.56642755989935,1.0062220339362753,7.322591034264689,copath_syn_mapt_REGION-RF_rank260_region153_iSTN,153,iSTN,260
alpha,0.5126732456060016,0.5043360011503363,0.029222390600423438,389.41681397247646,381.00628414460255,1.0100816127264487,3.2991080252164697,copath_syn_mapt_REGION-RF_rank143_region154_iTU,154,iTU,143
beta,0.10017024360396502,0.6561026273254297,0.022738263227812347,846.544396167287,1120.7001052822677,1.0017566506804636,7.1718562498817064,copath_syn_mapt_REGION-RF_rank143_region154_iTU,154,iTU,143
gamma,0.0769037715989048,0.0597942599135231,0.002102108991208232,585.7278706938962,544.0804798927817,1.0076695737463792,4.962239557883512,copath_syn_mapt_REGION-RF_rank143_region154_iTU,154,iTU,143
sigma,0.04858639735800657,0.00807871402861869,0.00039691739100190175,372.9096718657903,721.3487016783786,1.0116706209674882,3.159260840802378,copath_syn_mapt_REGION-RF_rank143_region154_iTU,154,iTU,143
u0,0.011902781013047647,0.0066397109521690815,0.0002797762598422801,457.8199286638653,264.21673449170686,1.0101075045650767,3.878613728439941,copath_syn_mapt_REGION-RF_rank143_region154_iTU,154,iTU,143
alpha,0.7592135420659263,0.5835597906253716,0.012577254048178318,1531.9904414240195,1222.4184984889407,1.0024872457224894,20.318984063344953,copath_syn_mapt_REGION-RF_rank322_region155_iFF,155,iFF,322
beta,-0.10909864515692269,0.9518528100209491,0.019987160896855684,2288.2640600288555,2174.505637041628,1.0011998591730473,30.349537249875397,copath_syn_mapt_REGION-RF_rank322_region155_iFF,155,iFF,322
gamma,0.0789996585469541,0.05945352020444853,0.0012245781346754794,1356.1197503876901,852.852281171572,1.0010617341013293,17.98638872087338,copath_syn_mapt_REGION-RF_rank322_region155_iFF,155,iFF,322
sigma,0.6672637519092615,0.9801169343225677,0.025898652390437413,1838.9304945068752,2082.107675164159,1.00055640784753,24.389969024057656,copath_syn_mapt_REGION-RF_rank322_region155_iFF,155,iFF,322
u0,0.007817626649977597,0.0060185231537544966,0.00011584003299723406,1929.2368469090652,1224.906037540699,1.0019398313622476,25.587713661141226,copath_syn_mapt_REGION-RF_rank322_region155_iFF,155,iFF,322
alpha,0.616411071503527,0.5472889962826653,0.015906516937031486,1004.36857155344,1176.823437819599,1.0028209180855203,10.833093218356003,copath_syn_mapt_REGION-RF_rank277_region156_iME,156,iME,277
beta,-0.2643228900824413,0.7468656309113938,0.023255325204090817,1028.3649538916577,1138.4885147881587,1.0033111381795854,11.09191757241873,copath_syn_mapt_REGION-RF_rank277_region156_iME,156,iME,277
gamma,0.08041917324831854,0.06132688799080727,0.0016158455923060138,984.3761575664009,613.1062775192642,1.0024001067656811,10.61745556250365,copath_syn_mapt_REGION-RF_rank277_region156_iME,156,iME,277
sigma,0.03313240370297519,0.005472657524000529,0.00014919780235829293,1362.4488912051977,1528.8129165171842,1.0011996832955787,14.695338207211478,copath_syn_mapt_REGION-RF_rank277_region156_iME,156,iME,277
u0,0.007901231610636055,0.005476844969606953,0.00015500732322119837,927.9677688167438,702.3975549944839,1.0036327214560221,10.009036152607983,copath_syn_mapt_REGION-RF_rank277_region156_iME,156,iME,277
alpha,0.43086024603231504,0.43938311334986907,0.027509007224758728,367.53005285672407,283.64670894356686,1.0070315638910192,3.648520388912622,copath_syn_mapt_REGION-RF_rank267_region157_iSCs,157,iSCs,267
beta,-0.12029277769107424,0.6506127356124215,0.02315145975177202,771.2047726758509,931.8552294064237,1.0031656393306312,7.6558537601589425,copath_syn_mapt_REGION-RF_rank267_region157_iSCs,157,iSCs,267
gamma,0.08064234074111665,0.0604129819754122,0.0027458200285376717,509.42676552463837,407.82649088667137,1.0068986873836256,5.057148187549768,copath_syn_mapt_REGION-RF_rank267_region157_iSCs,157,iSCs,267
sigma,0.020901326044393088,0.0037383333535881266,0.00016918284477527448,393.31772331739205,207.4307857567098,1.0082080755337202,3.9045180705361853,copath_syn_mapt_REGION-RF_rank267_region157_iSCs,157,iSCs,267
u0,0.01020329010529219,0.005412250799643585,0.00022130128590475153,504.2324467868972,436.2549258136675,1.005984387633832,5.005583485088423,copath_syn_mapt_REGION-RF_rank267_region157_iSCs,157,iSCs,267
alpha,0.5527574073442295,0.5241438356472714,0.018977195329616996,628.9586106797361,906.0113247595259,1.0034806880505245,5.924070930392165,copath_syn_mapt_REGION-RF_rank216_region158_iIC,158,iIC,216
beta,-0.15504333505216505,0.7326736365847109,0.023653528839431424,998.6044836740828,1191.8534396607076,1.0042299648910615,9.405712382726596,copath_syn_mapt_REGION-RF_rank216_region158_iIC,158,iIC,216
gamma,0.0818517294981952,0.061334966527668344,0.0017908912104574763,932.8967058187966,843.0079203149586,1.0062793599292768,8.786820248834855,copath_syn_mapt_REGION-RF_rank216_region158_iIC,158,iIC,216
sigma,0.040361969920740495,0.006766365402806487,0.00025457305126890114,644.1609462651987,479.69175244752137,1.0084724640282852,6.067259548508983,copath_syn_mapt_REGION-RF_rank216_region158_iIC,158,iIC,216
u0,0.009084037253043966,0.005735391694043259,0.000218934435486989,489.7901280450716,290.84709812617683,1.0082436722490862,4.613262956061709,copath_syn_mapt_REGION-RF_rank216_region158_iIC,158,iIC,216
alpha,0.6483533430709082,0.558524807439813,0.016267140762320265,773.509735088704,837.8469968106007,1.0038662350809775,7.199524707868689,copath_syn_mapt_REGION-RF_rank274_region159_iSAG,159,iSAG,274
beta,-0.3776317454148634,0.8452043697672884,0.031926481654565415,665.2877784722422,801.7139805720983,1.0061040098399179,6.1922372553006095,copath_syn_mapt_REGION-RF_rank274_region159_iSAG,159,iSAG,274
gamma,0.0785360652224389,0.06002655412587046,0.002140060520517344,583.6700352291633,614.4390742311022,1.0075596985417472,5.432571368210458,copath_syn_mapt_REGION-RF_rank274_region159_iSAG,159,iSAG,274
sigma,0.01654859887332037,0.002994351538629972,0.00010199895672556286,690.6769446655104,818.490514245036,1.0097224061664956,6.428549639009209,copath_syn_mapt_REGION-RF_rank274_region159_iSAG,159,iSAG,274
u0,0.005595607950466872,0.0047051790219349195,0.0001650867578947369,466.2252243948253,133.10384491513156,1.0124719219381115,4.339441212174586,copath_syn_mapt_REGION-RF_rank274_region159_iSAG,159,iSAG,274
alpha,0.7881939836669993,0.5421551839956226,0.017144452266938344,NaN,NaN,NaN,NaN,copath_syn_mapt_REGION-RF_rank323_region160_iPBG,160,iPBG,323
beta,-0.6220236321372422,0.6888391289973327,0.021783005890781096,NaN,NaN,NaN,NaN,copath_syn_mapt_REGION-RF_rank323_region160_iPBG,160,iPBG,323
gamma,0.08192971899603188,0.057001819746758636,0.0018025558117411964,NaN,NaN,NaN,NaN,copath_syn_mapt_REGION-RF_rank323_region160_iPBG,160,iPBG,323
u0,2.3501043270271485e-9,5.004233137397774e-9,1.58247746566673e-10,NaN,NaN,NaN,NaN,copath_syn_mapt_REGION-RF_rank323_region160_iPBG,160,iPBG,323
sigma,1.8208575746726866e-9,2.448120375379184e-9,7.74163637246462e-11,NaN,NaN,NaN,NaN,copath_syn_mapt_REGION-RF_rank323_region160_iPBG,160,iPBG,323
alpha,2.160922132923889,0.6342854675475338,0.020057867641950215,NaN,NaN,NaN,NaN,copath_syn_mapt_REGION-RF_rank324_region161_iSCO,161,iSCO,324
beta,-1.8432815820452453,0.5552232649885271,0.017557701272789678,NaN,NaN,NaN,NaN,copath_syn_mapt_REGION-RF_rank324_region161_iSCO,161,iSCO,324
gamma,0.05928855666115961,0.06395951947367748,0.002022577595867147,NaN,NaN,NaN,NaN,copath_syn_mapt_REGION-RF_rank324_region161_iSCO,161,iSCO,324
u0,0.0057130558995583,0.005042262635212156,0.00015945034488033143,NaN,NaN,NaN,NaN,copath_syn_mapt_REGION-RF_rank324_region161_iSCO,161,iSCO,324
sigma,4.547929288836373e-7,2.7403165486291846e-7,8.665641803519787e-9,NaN,NaN,NaN,NaN,copath_syn_mapt_REGION-RF_rank324_region161_iSCO,161,iSCO,324
alpha,0.7890470103174665,0.6216335308613082,0.01208354629696812,1712.2764530882203,1097.2437701051529,1.0008167204574467,23.52189646388104,copath_syn_mapt_REGION-RF_rank1_region162_iSNr,162,iSNr,380
beta,0.021167394530187584,1.0045078841623618,0.019921460342163713,2535.6311207613094,1975.735436660608,1.003378547816331,34.83249015401208,copath_syn_mapt_REGION-RF_rank1_region162_iSNr,162,iSNr,380
gamma,0.0793615351644617,0.05972683174488532,0.001012419410926532,2492.382366295395,1651.374899510931,1.0010816155190485,34.23837305165733,copath_syn_mapt_REGION-RF_rank1_region162_iSNr,162,iSNr,380
sigma,1.6631026717581612,2.2106561970000356,0.043101532742857225,2689.2014185543626,2265.6429385126185,1.00070077755202,36.94211715851861,copath_syn_mapt_REGION-RF_rank1_region162_iSNr,162,iSNr,380
u0,0.008000859338397788,0.006040839122232731,0.00010306241771935245,2445.777744115391,1431.8873110449365,1.0005345857560204,33.59815569909185,copath_syn_mapt_REGION-RF_rank1_region162_iSNr,162,iSNr,380
alpha,0.45740758764141004,0.47066524951652533,0.020001611113515026,518.9539309827942,829.7037647622939,1.0028712269156712,3.8455844546254423,copath_syn_mapt_REGION-RF_rank100_region163_iVTA,163,iVTA,100
beta,0.2618473429542118,0.5072906315423896,0.01827847285957006,871.4230090216166,759.041541548092,1.002710708219761,6.45747257478152,copath_syn_mapt_REGION-RF_rank100_region163_iVTA,163,iVTA,100
gamma,0.08382313382432721,0.06105987527790653,0.002143213293013256,411.8480895251129,204.88531887550226,1.0053965990331057,3.05190213656455,copath_syn_mapt_REGION-RF_rank100_region163_iVTA,163,iVTA,100
sigma,0.05204883872523371,0.00975682275634312,0.0003574353421516246,781.7504389235081,1112.6939551701334,1.0089494654382376,5.792975360312921,copath_syn_mapt_REGION-RF_rank100_region163_iVTA,163,iVTA,100
u0,0.01914040329931783,0.007821172197095988,0.0002745115349101014,785.792410914842,796.4373165262351,1.0033599651368166,5.82292743067583,copath_syn_mapt_REGION-RF_rank100_region163_iVTA,163,iVTA,100
alpha,0.48280935416508053,0.46663133568074044,0.03348350442574343,222.26544782582576,209.6072628238195,1.024402278908457,1.1495913884951914,copath_syn_mapt_REGION-RF_rank171_region164_iMRN,164,iMRN,171
beta,0.431002077536701,0.45888937195486634,0.01914287127525409,501.48058133256455,847.7368677574127,1.0057375440383438,2.5937353890886383,copath_syn_mapt_REGION-RF_rank171_region164_iMRN,164,iMRN,171
gamma,0.08254782535359291,0.057063977605512906,0.0019805872444662817,733.5030689489379,842.1447580354151,1.009674699056912,3.7937917015301195,copath_syn_mapt_REGION-RF_rank171_region164_iMRN,164,iMRN,171
sigma,0.029218418653277275,0.0051415548081347445,0.00021206362056296662,514.8549075346901,417.13410381943027,1.0200021364313103,2.6629094797054464,copath_syn_mapt_REGION-RF_rank171_region164_iMRN,164,iMRN,171
u0,0.016836008742441153,0.006391427347175344,0.00033582792896840315,308.83450583196,217.15453518612142,1.0146395082526678,1.5973399907519796,copath_syn_mapt_REGION-RF_rank171_region164_iMRN,164,iMRN,171
alpha,0.28996790681838225,0.30964870020033913,0.046568475382164125,81.91091956313319,30.724707638773307,1.0493740114127126,0.5433091644709457,copath_syn_mapt_REGION-RF_rank214_region165_iSCm,165,iSCm,214
beta,0.27432172767828594,0.4824758783409139,0.018119050616135415,524.009159781521,873.3470412899718,1.0068682368637212,3.4757145969602687,copath_syn_mapt_REGION-RF_rank214_region165_iSCm,165,iSCm,214
gamma,0.08092495242075026,0.06183453279927676,0.0047117140326471555,170.40112179135994,636.308010598242,1.0171242942680565,1.1302582317369643,copath_syn_mapt_REGION-RF_rank214_region165_iSCm,165,iSCm,214
sigma,0.01662071026320755,0.0027846555104504224,0.00012586092251090712,443.34808758937316,462.5947725857625,1.0187871542796234,2.9406955790835494,copath_syn_mapt_REGION-RF_rank214_region165_iSCm,165,iSCm,214
u0,0.019650012903434298,0.004971385605960306,0.0002646447987218227,354.19810622954765,499.2196672072276,1.010232890672205,2.3493702448846707,copath_syn_mapt_REGION-RF_rank214_region165_iSCm,165,iSCm,214
alpha,0.7343868955010936,0.5864590958889574,0.010630428438483504,2096.470187329646,1328.9328788027146,1.0007778396315625,27.957036196370744,copath_syn_mapt_REGION-RF_rank325_region166_iPRC,166,iPRC,325
beta,-0.16572073958826855,0.9031737040340937,0.020097696378929365,2041.1384717811752,2106.329224429135,1.0048937094053505,27.21917176894178,copath_syn_mapt_REGION-RF_rank325_region166_iPRC,166,iPRC,325
gamma,0.07961810828823784,0.06020639092199637,0.0012485801756535013,1539.1599398199799,1054.8574651298882,1.0021469753243757,20.525142885222895,copath_syn_mapt_REGION-RF_rank325_region166_iPRC,166,iPRC,325
sigma,0.6115767983756182,0.7172632776365174,0.014203884958002476,2706.413918435354,2337.6761351734403,1.0020965628265603,36.09081223159868,copath_syn_mapt_REGION-RF_rank325_region166_iPRC,166,iPRC,325
u0,0.007991112456080302,0.005982796733424615,0.00011397557509424425,1798.4244702679468,1261.0976056821662,0.9998962942779949,23.98251037176048,copath_syn_mapt_REGION-RF_rank325_region166_iPRC,166,iPRC,325
alpha,0.6061691069919318,0.5821929607440474,0.02897995676192084,453.12101142665296,368.2842116939006,1.0093294852535466,4.684631805910085,copath_syn_mapt_REGION-RF_rank263_region167_iINC,167,iINC,263
beta,-0.22888500415498877,0.7250209247410909,0.022919837620651036,1008.8300675450963,1389.4648968780755,1.0042733873650396,10.42987921990278,copath_syn_mapt_REGION-RF_rank263_region167_iINC,167,iINC,263
gamma,0.08029405426126085,0.06477321807690212,0.0025038814208892036,595.3600177161911,466.3241836905212,1.0058039282207254,6.155182400787709,copath_syn_mapt_REGION-RF_rank263_region167_iINC,167,iINC,263
sigma,0.0444998074093779,0.007367529433339239,0.0002505177772872011,923.1917832916504,1107.79454808862,1.0010500710147219,9.544500214956324,copath_syn_mapt_REGION-RF_rank263_region167_iINC,167,iINC,263
u0,0.00869530855140367,0.005940667606533969,0.00021547556124610666,525.95055892264,414.92063098669183,1.007706882033968,5.437586548696201,copath_syn_mapt_REGION-RF_rank263_region167_iINC,167,iINC,263
alpha,1.4290416599361477,0.34055957496237677,0.010769439358599626,NaN,NaN,NaN,NaN,copath_syn_mapt_REGION-RF_rank326_region168_iND,168,iND,326
beta,-1.6709803250179596,0.3278868654257398,0.010368693095984528,NaN,NaN,NaN,NaN,copath_syn_mapt_REGION-RF_rank326_region168_iND,168,iND,326
gamma,0.10175178788761724,0.058167714293746224,0.0018394246345417062,NaN,NaN,NaN,NaN,copath_syn_mapt_REGION-RF_rank326_region168_iND,168,iND,326
u0,9.412476486801112e-6,1.0113553162856427e-6,3.1981863231826136e-8,NaN,NaN,NaN,NaN,copath_syn_mapt_REGION-RF_rank326_region168_iND,168,iND,326
sigma,1.652609488051022e-8,2.8316032975307648e-9,8.954315850240655e-11,NaN,NaN,NaN,NaN,copath_syn_mapt_REGION-RF_rank326_region168_iND,168,iND,326
alpha,1.359655500290421,0.6167149773229139,0.017779326472575196,1014.3280025227801,760.1846486779027,1.0061345591355106,9.18118377721359,copath_syn_mapt_REGION-RF_rank327_region169_iSu3,169,iSu3,327
beta,-1.349481891167461,0.6504799563997451,0.022337783262440646,854.0699483363278,891.0302965215661,1.0042169577157964,7.730608969454175,copath_syn_mapt_REGION-RF_rank327_region169_iSu3,169,iSu3,327
gamma,0.07871312153117443,0.05916736900303832,0.0014355835139617074,1127.7266436382072,893.8479009647594,1.002035088237273,10.207610891103352,copath_syn_mapt_REGION-RF_rank327_region169_iSu3,169,iSu3,327
sigma,0.00028043906670120934,0.0003267530333705818,8.795873089019737e-6,1346.0960255677223,1392.271378418358,1.0053756814910295,12.184180030301889,copath_syn_mapt_REGION-RF_rank327_region169_iSu3,169,iSu3,327
u0,0.005523879967318182,0.005664213100009232,0.0001384496906249975,882.6134620402496,670.2075954325035,1.0067003492780888,7.9889704110306,copath_syn_mapt_REGION-RF_rank327_region169_iSu3,169,iSu3,327
alpha,0.5331247103203971,0.5241220336265211,0.023120378320919927,549.9893316541139,706.1404912424656,1.0051538720826791,5.192693565222572,copath_syn_mapt_REGION-RF_rank148_region170_iAPN,170,iAPN,148
beta,-0.03197749001695329,0.6871854777687941,0.023240391195452112,871.9267138316143,1294.1750571281016,1.0048023977251166,8.232247383130163,copath_syn_mapt_REGION-RF_rank148_region170_iAPN,170,iAPN,148
gamma,0.07971389614650981,0.060903689299765966,0.002123132918386404,555.9659442605068,444.84809639855183,1.0082504844411797,5.249121419431501,copath_syn_mapt_REGION-RF_rank148_region170_iAPN,170,iAPN,148
sigma,0.05389296002528202,0.009313424778232755,0.0003827422961676426,583.575880548391,992.1421907626168,1.0054551367625018,5.5097990912458075,copath_syn_mapt_REGION-RF_rank148_region170_iAPN,170,iAPN,148
u0,0.010994908043433853,0.0066644600745573625,0.0002279335324041977,714.9529781019909,754.3054922394709,1.003344816186675,6.750188622134436,copath_syn_mapt_REGION-RF_rank148_region170_iAPN,170,iAPN,148
alpha,0.7095325546767355,0.5884204517864788,0.013829984022768754,1290.7693539765808,1118.3467238071216,1.0067913134523356,15.060607362191012,copath_syn_mapt_REGION-RF_rank328_region171_iMPT,171,iMPT,328
beta,-0.3346743458121449,0.8093821676918574,0.020878956305711006,1513.9411563738813,1266.2584638863011,1.002910333451595,17.664560485081164,copath_syn_mapt_REGION-RF_rank328_region171_iMPT,171,iMPT,328
gamma,0.08135207949147642,0.059570358188476516,0.0013717435751936782,1257.2912033149748,712.0894370249462,1.0012316413759395,14.6699866205586,copath_syn_mapt_REGION-RF_rank328_region171_iMPT,171,iMPT,328
sigma,0.2344467050942019,0.2959543561886229,0.006337855831534071,1969.4867452677122,1387.86349473342,1.0004816407669113,22.979834843564696,copath_syn_mapt_REGION-RF_rank328_region171_iMPT,171,iMPT,328
u0,0.0075979714659192826,0.006171500923705875,0.00015677542562901982,1545.818105127283,1424.1982565667452,1.000786766256142,18.036498513823965,copath_syn_mapt_REGION-RF_rank328_region171_iMPT,171,iMPT,328
alpha,0.6801889646158242,0.5479897330161729,0.017519718151614076,906.4795052641557,1105.8424112505845,1.0031652420840174,10.070987404194645,copath_syn_mapt_REGION-RF_rank295_region172_iNOT,172,iNOT,295
beta,-0.6200915226342919,0.6241702280823733,0.02167802984017779,843.7681654549148,1036.6287478639986,1.0051749443233677,9.374264411946747,copath_syn_mapt_REGION-RF_rank295_region172_iNOT,172,iNOT,295
gamma,0.08016958599481054,0.05892480652120575,0.001583183839050276,975.7295630705864,740.3073129730166,1.0034838481091775,10.840355554117771,copath_syn_mapt_REGION-RF_rank295_region172_iNOT,172,iNOT,295
sigma,0.01303564535380254,0.002776333990165732,7.655934985360841e-5,1230.4350441655931,1082.512873428297,1.0020469144025557,13.670133477381075,copath_syn_mapt_REGION-RF_rank295_region172_iNOT,172,iNOT,295
u0,0.008197910220715584,0.0059447551668734494,0.00016937042237739723,932.7989521531415,766.6844674987697,1.0027184132273719,10.363396462055366,copath_syn_mapt_REGION-RF_rank295_region172_iNOT,172,iNOT,295
alpha,0.7508082889675911,0.5957707809589456,0.016921790794730725,933.6548852722484,966.8997561693579,1.0024276692111926,10.060069016380574,copath_syn_mapt_REGION-RF_rank297_region173_iNPC,173,iNPC,297
beta,-0.6011177537402969,0.7933188587350277,0.026437951842422338,903.9999460498293,971.5644969907848,1.004239202960765,9.74053902734494,copath_syn_mapt_REGION-RF_rank297_region173_iNPC,173,iNPC,297
gamma,0.0822292855333334,0.061479741266611224,0.0014601956278319332,1283.8917976524037,1212.585203964871,1.0010933027801547,13.83384834984488,copath_syn_mapt_REGION-RF_rank297_region173_iNPC,173,iNPC,297
sigma,0.014256220416963944,0.0034681006955111287,9.753199882973711e-5,1336.7956044713274,1309.8441071682887,1.0027771656460815,14.403883334101879,copath_syn_mapt_REGION-RF_rank297_region173_iNPC,173,iNPC,297
u0,0.005850259723394497,0.004998223464132866,0.00012946422471634645,1001.9402119192163,844.0263972541445,1.0031753945932835,10.795838849228689,copath_syn_mapt_REGION-RF_rank297_region173_iNPC,173,iNPC,297
alpha,0.7894334583953573,0.6141724534489438,0.012042543324310652,1738.3160570738894,1146.3085381060391,1.0004173016882663,24.028807999030857,copath_syn_mapt_REGION-RF_rank1_region174_iOP,174,iOP,381
beta,0.041563371219800006,0.976125942159546,0.01728803978196819,3189.181940061548,2359.51810562091,1.0014819833092907,44.08418146968674,copath_syn_mapt_REGION-RF_rank1_region174_iOP,174,iOP,381
gamma,0.0807554474583932,0.06147512484303911,0.0012085189174965438,1812.247498001022,1469.3239716209218,1.0007066136151452,25.05076507749225,copath_syn_mapt_REGION-RF_rank1_region174_iOP,174,iOP,381
sigma,1.5980940362144693,1.9521686793265038,0.03944517917275197,2908.3511415981425,2350.3546747395308,1.000232755105592,40.20224681860225,copath_syn_mapt_REGION-RF_rank1_region174_iOP,174,iOP,381
u0,0.00774129980453429,0.006001930210045959,0.0001125351979606841,1733.3522828687423,1081.2607552491788,1.000285489245194,23.96019356217937,copath_syn_mapt_REGION-RF_rank1_region174_iOP,174,iOP,381
alpha,0.8000518006582145,0.6048928969063764,0.01507394160683776,1073.2135944997174,1090.0702091750245,1.0061525535844127,11.785008614628042,copath_syn_mapt_REGION-RF_rank301_region175_iPPT,175,iPPT,301
beta,-0.6867700846478838,0.7673566366670319,0.02853869279142911,716.0755960062256,986.0050586751879,1.0027851899304654,7.863259570050574,copath_syn_mapt_REGION-RF_rank301_region175_iPPT,175,iPPT,301
gamma,0.07927527592508861,0.060303955882138126,0.0016625733556501917,727.4246050385311,401.37346282936966,1.0047925371175386,7.98788356838481,copath_syn_mapt_REGION-RF_rank301_region175_iPPT,175,iPPT,301
sigma,0.008887427716688993,0.0018874034404415395,5.529129036429326e-5,1314.1537899642353,1495.8730021127026,1.0035260188169044,14.430784156153068,copath_syn_mapt_REGION-RF_rank301_region175_iPPT,175,iPPT,301
u0,0.005172217848012389,0.004832505029590748,0.00014195757791400252,739.0270735797131,541.7769538246288,1.0055322882624087,8.115290817425967,copath_syn_mapt_REGION-RF_rank301_region175_iPPT,175,iPPT,301
alpha,0.7654712836491796,0.5698438758198546,0.01112584782110553,1770.5762491449927,1265.7926070212582,1.0023143300817956,24.120320534356765,copath_syn_mapt_REGION-RF_rank329_region176_iRPF,176,iRPF,329
beta,-0.11027994585236962,0.9383609991372832,0.020340742938021083,2140.3626359822083,2074.0593266206065,1.0010763900719357,29.157870419069397,copath_syn_mapt_REGION-RF_rank329_region176_iRPF,176,iRPF,329
gamma,0.08026160539068007,0.05867897171806989,0.001138201703165121,1793.613754039498,1012.4962290625481,1.0019858295285045,24.43415734462439,copath_syn_mapt_REGION-RF_rank329_region176_iRPF,176,iRPF,329
sigma,0.6090001920650471,0.7838018432804994,0.01584088694034405,2464.9847021718083,2048.930648759579,1.0019694469932985,33.58015287812724,copath_syn_mapt_REGION-RF_rank329_region176_iRPF,176,iRPF,329
u0,0.007607542978044922,0.005950697756277075,0.00011635815331611501,1704.218852120269,1192.0218022454587,1.0024509484898625,23.216342698420686,copath_syn_mapt_REGION-RF_rank329_region176_iRPF,176,iRPF,329
alpha,0.7074618640497077,0.5794299548937979,0.01282212099118168,1340.5694453134074,918.3293239949036,1.0014684169893278,16.305060270420192,copath_syn_mapt_REGION-RF_rank227_region177_iCUN,177,iCUN,227
beta,-0.5411122592791923,0.750171577276667,0.02152542515213153,1283.7975530571448,1608.457614687183,1.0008561155817668,15.614555852211739,copath_syn_mapt_REGION-RF_rank227_region177_iCUN,177,iCUN,227
gamma,0.07941848022735107,0.06013350289315221,0.0012654384327791957,1370.3469954691907,853.0616353771343,1.0022540332584502,16.66723826253607,copath_syn_mapt_REGION-RF_rank227_region177_iCUN,177,iCUN,227
sigma,0.02793925222244084,0.011499545734238835,0.0003361194177316858,1489.301046659713,1502.358251908043,1.0016011781660705,18.114051018751525,copath_syn_mapt_REGION-RF_rank227_region177_iCUN,177,iCUN,227
u0,0.007307418248494374,0.005561295394354897,0.00012419322520937687,1278.1866420668705,774.2049397154707,1.005170396281236,15.54631153843283,copath_syn_mapt_REGION-RF_rank227_region177_iCUN,177,iCUN,227
alpha,0.45611207261360714,0.37348817379412885,0.03167686411492281,172.0880990439335,142.13944771545485,1.0298918014141456,0.870098589563826,copath_syn_mapt_REGION-RF_rank219_region178_iRN,178,iRN,219
beta,0.4579378881664099,0.4333157804092312,0.02322770723824455,391.7820476963854,534.7876701624662,1.0109262189693446,1.9808982085973577,copath_syn_mapt_REGION-RF_rank219_region178_iRN,178,iRN,219
gamma,0.07808716902581136,0.06202524204531791,0.0033309733707552773,160.19394308894474,61.46238187220512,1.0275540671900734,0.8099602744915803,copath_syn_mapt_REGION-RF_rank219_region178_iRN,178,iRN,219
sigma,0.016568375621647605,0.0028953914393559403,0.00016608294656519218,266.9564531229321,343.00842512034586,1.0139921256987545,1.349764653265912,copath_syn_mapt_REGION-RF_rank219_region178_iRN,178,iRN,219
u0,0.008447868143705916,0.004207201242082366,0.00026323972199236825,205.53153378818416,187.56904158100494,1.0162797843523896,1.0391927079997176,copath_syn_mapt_REGION-RF_rank219_region178_iRN,178,iRN,219
alpha,0.6224601684573717,0.5487468154785489,0.01627485316482024,771.5531499035933,696.0587577876371,1.0066093905785913,8.260386599113456,copath_syn_mapt_REGION-RF_rank221_region179_iIII,179,iIII,221
beta,-0.19992475115915773,0.7870817044794074,0.02577841739229198,905.9925837202161,967.4290907296206,1.0030893116074238,9.69971932380001,copath_syn_mapt_REGION-RF_rank221_region179_iIII,179,iIII,221
gamma,0.08281403195662386,0.061108564367880126,0.001748585363725155,960.5778450213317,919.0326552484979,1.0012322210668685,10.284118935177634,copath_syn_mapt_REGION-RF_rank221_region179_iIII,179,iIII,221
sigma,0.047425056184968506,0.009921241284423012,0.00032133056643225704,918.8431474726254,1225.2776214245546,1.0049945696609583,9.837299767382826,copath_syn_mapt_REGION-RF_rank221_region179_iIII,179,iIII,221
u0,0.007693443769982031,0.005805535557744659,0.00020157536287765293,517.9894335149619,408.4763609238616,1.0059209119755772,5.545687909671555,copath_syn_mapt_REGION-RF_rank221_region179_iIII,179,iIII,221
alpha,0.6701303066217235,0.607564186164452,0.013955528930432311,1208.4987977373012,966.627715120941,1.002682333966936,14.061304296204565,copath_syn_mapt_REGION-RF_rank218_region180_iMA3,180,iMA3,218
beta,-0.4730393689550986,0.7939633920428604,0.02397396677747385,1121.0268957737196,1438.1445690382127,1.0040890833479372,13.043538260209665,copath_syn_mapt_REGION-RF_rank218_region180_iMA3,180,iMA3,218
gamma,0.08194042917678877,0.06018550846230039,0.0014908181823845216,1030.695548240664,626.9186191297409,1.0023060694623789,11.99250157938989,copath_syn_mapt_REGION-RF_rank218_region180_iMA3,180,iMA3,218
sigma,0.047902424108174343,0.008182744251051165,0.00023435698164468483,1297.097157812933,1345.4907270323163,1.0042885447148668,15.092177064552132,copath_syn_mapt_REGION-RF_rank218_region180_iMA3,180,iMA3,218
u0,0.007459994431723415,0.005609502471848382,0.00013481731807931622,1194.2327700382843,920.3666295709894,1.0006172555927733,13.895314096669782,copath_syn_mapt_REGION-RF_rank218_region180_iMA3,180,iMA3,218
alpha,0.6909612501400695,0.5654125558043582,0.016709342239961733,820.4991380688762,801.2237165794558,1.002379892730937,8.751430714502284,copath_syn_mapt_REGION-RF_rank273_region181_iIV,181,iIV,273
beta,-0.434569222697934,0.7910804941960304,0.030926077572413134,599.695774448452,1039.3043069433957,1.0039425144283582,6.396345561334229,copath_syn_mapt_REGION-RF_rank273_region181_iIV,181,iIV,273
gamma,0.08077345622460592,0.0608402931535222,0.0014469644255115611,1342.4486559029408,1202.2647155242523,1.0018846608759953,14.318535943330994,copath_syn_mapt_REGION-RF_rank273_region181_iIV,181,iIV,273
sigma,0.02315582112355541,0.004509007802002731,0.0001357100633252956,1075.1230699330315,1382.9553108407436,1.0053427755732482,11.467245508906432,copath_syn_mapt_REGION-RF_rank273_region181_iIV,181,iIV,273
u0,0.006087462946221201,0.005066859398853498,0.00014424480915196274,781.9444056390987,541.2070030378425,1.00293005236018,8.340206553597623,copath_syn_mapt_REGION-RF_rank273_region181_iIV,181,iIV,273
alpha,0.6757834520301037,0.5840071562531748,0.013906367713708892,1208.6942148751489,1049.1826658554323,1.0032170664213023,13.863238956210775,copath_syn_mapt_REGION-RF_rank223_region182_iPa4,182,iPa4,223
beta,-0.538101514072141,0.7688172565365827,0.023230271434279956,1155.2638884372393,1314.8751033697943,1.0021734533984155,13.25041449341346,copath_syn_mapt_REGION-RF_rank223_region182_iPa4,182,iPa4,223
gamma,0.07956454364189312,0.06250375343579308,0.0018294460818001949,545.1258751221856,303.3749005553573,1.0110440034708899,6.25237564226531,copath_syn_mapt_REGION-RF_rank223_region182_iPa4,182,iPa4,223
sigma,0.037234163674419826,0.006527710276361279,0.00018650516096801166,1299.452629513542,1398.6749987510761,1.0011258820687567,14.904201652924657,copath_syn_mapt_REGION-RF_rank223_region182_iPa4,182,iPa4,223
u0,0.007370815912554731,0.005564240496241153,0.0001410026277295618,1133.794185101823,834.5108383393101,1.0016687140995668,13.004165587780552,copath_syn_mapt_REGION-RF_rank223_region182_iPa4,182,iPa4,223
alpha,0.8080674584938178,0.6095416448478876,0.01115190795252133,2048.8851109077864,1078.8865750062625,1.0007438231268226,28.810061038960956,copath_syn_mapt_REGION-RF_rank1_region183_iVTN,183,iVTN,382
beta,0.0045927975126536826,1.0048104463996477,0.017742573294799814,3219.065824347427,2405.221621931707,1.0030247836901047,45.264364699684,copath_syn_mapt_REGION-RF_rank1_region183_iVTN,183,iVTN,382
gamma,0.07905672340756104,0.06149266994005889,0.001079646578182986,1728.4104773153142,997.1272387394961,1.003573488466893,24.303759682147927,copath_syn_mapt_REGION-RF_rank1_region183_iVTN,183,iVTN,382
sigma,1.6736082018613625,2.32483332888496,0.04541433830073847,3105.5921062520206,2566.074502216873,1.0000193749810153,43.668772673931976,copath_syn_mapt_REGION-RF_rank1_region183_iVTN,183,iVTN,382
u0,0.008015787482861645,0.005921488014858808,0.00010345070273832396,1742.8580642455784,945.2670132455617,1.0012587021369657,24.506912049799322,copath_syn_mapt_REGION-RF_rank1_region183_iVTN,183,iVTN,382
alpha,0.5201129193902708,0.5114267880095084,0.016618403421464527,764.3696144129633,1020.9229781049753,1.0023942259365874,7.244591593257099,copath_syn_mapt_REGION-RF_rank207_region184_iAT,184,iAT,207
beta,-0.06094888886810175,0.7705175797529304,0.025789629821926275,897.6313038060971,1301.8936328193342,1.0057069965276504,8.507627821381087,copath_syn_mapt_REGION-RF_rank207_region184_iAT,184,iAT,207
gamma,0.07989056054756719,0.059636141157595655,0.0020884634911725055,585.1872114656163,412.8919794299424,1.0016639733832515,5.546325066730007,copath_syn_mapt_REGION-RF_rank207_region184_iAT,184,iAT,207
sigma,0.051306396107855895,0.009077616955084402,0.00034028663496833694,678.9342560558317,1292.102467936002,1.0057690256193725,6.434846847717557,copath_syn_mapt_REGION-RF_rank207_region184_iAT,184,iAT,207
u0,0.00975433954799589,0.00622300289714431,0.00023190693305987268,576.6085466979778,620.9866593259593,1.0055751010341691,5.465017644921075,copath_syn_mapt_REGION-RF_rank207_region184_iAT,184,iAT,207
alpha,0.5728005878929852,0.5101028716527728,0.020226783203468806,513.8246325524243,699.9464080096377,1.0080322035656062,4.906886621328599,copath_syn_mapt_REGION-RF_rank146_region185_iLT,185,iLT,146
beta,0.10020637318270637,0.7961567502334813,0.03609169187922037,499.12254290902194,392.4279357456283,1.0082565224097406,4.766485631562068,copath_syn_mapt_REGION-RF_rank146_region185_iLT,185,iLT,146
gamma,0.07723827630673516,0.05904676418219987,0.0023782984819044413,380.1965973921728,210.98411686453514,1.0066126659396146,3.6307749357033163,copath_syn_mapt_REGION-RF_rank146_region185_iLT,185,iLT,146
sigma,0.0769230690101112,0.013438811248907214,0.0005464338695666138,535.603126577707,582.2133870930678,1.0032459837170802,5.114865363870573,copath_syn_mapt_REGION-RF_rank146_region185_iLT,185,iLT,146
u0,0.009157772859147902,0.0061382406623784695,0.000238343586026984,539.9019855594755,478.52379187931024,1.0020195812113082,5.155918307400807,copath_syn_mapt_REGION-RF_rank146_region185_iLT,185,iLT,146
alpha,0.659409604449931,0.5668593568801071,0.023221148418737004,597.837556745232,1109.5592198574293,1.0051315499053028,5.880465811687719,copath_syn_mapt_REGION-RF_rank208_region186_iMT,186,iMT,208
beta,-0.14270118296019232,0.8085252425617155,0.03473025588156777,543.5126206701885,352.5639141343011,1.0138848529874311,5.3461134182874,copath_syn_mapt_REGION-RF_rank208_region186_iMT,186,iMT,208
gamma,0.07859514417498113,0.06051314284434805,0.0022054000611058033,574.88636996754,267.5031267798444,1.0060100744021943,5.654712732676338,copath_syn_mapt_REGION-RF_rank208_region186_iMT,186,iMT,208
sigma,0.0366967967272852,0.006205983073316569,0.00024260460961732276,643.7127313973883,1044.094958966372,1.005645270126457,6.3317044351289855,copath_syn_mapt_REGION-RF_rank208_region186_iMT,186,iMT,208
u0,0.006584588013733558,0.004893744101932374,0.00015860723588342145,603.9999443922303,447.6612482968301,1.007423885238372,5.941080454357254,copath_syn_mapt_REGION-RF_rank208_region186_iMT,186,iMT,208
alpha,0.8084158210902929,0.6063905963986995,0.010908030626119239,2281.5123460095588,1592.4935267566364,1.0003949480447567,31.457420629690443,copath_syn_mapt_REGION-RF_rank1_region187_iSNc,187,iSNc,383
beta,0.01017929501515418,0.9862023388887938,0.018690645675284754,2785.8537469482253,2384.4789238042295,1.0007890322685213,38.41126403888518,copath_syn_mapt_REGION-RF_rank1_region187_iSNc,187,iSNc,383
gamma,0.07926276941018198,0.06096401763786455,0.0011795192280360715,1977.7579277821326,1627.2398428740075,1.0010536891215587,27.269264243414625,copath_syn_mapt_REGION-RF_rank1_region187_iSNc,187,iSNc,383
sigma,1.6391862082890647,2.145821577498831,0.05083533474783498,2601.0121728738454,2382.1163480124237,1.0012690458240872,35.86267421613807,copath_syn_mapt_REGION-RF_rank1_region187_iSNc,187,iSNc,383
u0,0.008044700977479462,0.005894628982053152,0.00011043534815995639,1966.4988948617702,1333.881751015984,1.0004124432694206,27.11402505083307,copath_syn_mapt_REGION-RF_rank1_region187_iSNc,187,iSNc,383
alpha,0.5931237561554618,0.5596691846237156,0.023830615377379447,580.4420226915696,657.3548023164816,1.003169093768284,3.9371487087953336,copath_syn_mapt_REGION-RF_rank101_region188_iPPN,188,iPPN,101
beta,0.15775745423047075,0.6909092586809652,0.02415366750309199,820.3136340657711,1328.0654528527186,1.0063070072147653,5.564202175081709,copath_syn_mapt_REGION-RF_rank101_region188_iPPN,188,iPPN,101
gamma,0.08461966497611771,0.06083903988792671,0.0018854907810505652,752.4631141584886,681.3401648689987,1.0036630217633256,5.103970874795584,copath_syn_mapt_REGION-RF_rank101_region188_iPPN,188,iPPN,101
sigma,0.08350391927637975,0.01430447128106037,0.000514133900980979,776.2630855152405,1031.2702043730496,1.0060925586286469,5.2654065097657865,copath_syn_mapt_REGION-RF_rank101_region188_iPPN,188,iPPN,101
u0,0.011362252152487571,0.006598761301341348,0.00021344036818931903,884.4292775846275,876.8099582946494,1.0080802918630982,5.999099741462741,copath_syn_mapt_REGION-RF_rank101_region188_iPPN,188,iPPN,101
alpha,0.5481939699362519,0.5414340924434292,0.019060528705702417,673.2567183887116,1028.0715969932155,1.0022110691196715,6.782076341177714,copath_syn_mapt_REGION-RF_rank186_region189_iIF,189,iIF,186
beta,-0.1446816070508527,0.6846575546254525,0.019867980292924015,1184.4025738659036,1314.7422120982671,1.0107321688807702,11.931122936092512,copath_syn_mapt_REGION-RF_rank186_region189_iIF,189,iIF,186
gamma,0.07952746481290729,0.06216897126491645,0.001957592867422334,669.8491197110424,501.5591329875099,1.0017412748217207,6.747749770434597,copath_syn_mapt_REGION-RF_rank186_region189_iIF,189,iIF,186
sigma,0.04018438394835202,0.007052228983569884,0.0002693091792572769,655.7182951899266,428.86853706171314,1.0076475404275171,6.605402389341459,copath_syn_mapt_REGION-RF_rank186_region189_iIF,189,iIF,186
u0,0.00955309222906578,0.005899278278963204,0.0002190523573819022,586.9699556742568,535.16806313167,1.0081200223175537,5.9128634600005725,copath_syn_mapt_REGION-RF_rank186_region189_iIF,189,iIF,186
alpha,0.384401259730059,0.399938004051896,0.020313470581091078,405.6767828508471,463.40916761324286,1.007793142696025,3.941479551623484,copath_syn_mapt_REGION-RF_rank222_region190_iIPN,190,iIPN,222
beta,-0.19735480931908192,0.5418038940566573,0.01678272880859059,1084.2224122808677,958.9478058086585,1.0091664454496199,10.534101649559075,copath_syn_mapt_REGION-RF_rank222_region190_iIPN,190,iIPN,222
gamma,0.08092449265715364,0.061097595714057644,0.0017900162123202657,892.7972291161763,804.4228242799894,1.0021019155076094,8.674250465058794,copath_syn_mapt_REGION-RF_rank222_region190_iIPN,190,iIPN,222
sigma,0.022589538024691283,0.004145743737296757,0.00019631626843040354,376.6483253902905,306.0264724709243,1.0090207969938478,3.65944450221317,copath_syn_mapt_REGION-RF_rank222_region190_iIPN,190,iIPN,222
u0,0.015143658535611473,0.00655650282725196,0.0003554138163395181,317.0841996899051,388.5583388708974,1.014256769525827,3.080730626086035,copath_syn_mapt_REGION-RF_rank222_region190_iIPN,190,iIPN,222
alpha,0.6186813966210948,0.5685081855239843,0.015284525482036947,1114.2880825501422,1455.9192451991473,1.0018608892464997,11.480759579939027,copath_syn_mapt_REGION-RF_rank257_region191_iRL,191,iRL,257
beta,-0.31452833076958453,0.7719770630761428,0.02275645766736259,1145.2977996212617,1477.721966287582,1.001544625683959,11.800259637339519,copath_syn_mapt_REGION-RF_rank257_region191_iRL,191,iRL,257
gamma,0.08090962024709444,0.059455588464331056,0.0015838522214822166,1019.1290920364017,931.6389792885336,1.0061318308285576,10.500315196599955,copath_syn_mapt_REGION-RF_rank257_region191_iRL,191,iRL,257
sigma,0.038764270234314106,0.006263728173146394,0.00015368008602937197,1670.1108374395005,1951.4687049473232,1.0003567862964062,17.207525860468596,copath_syn_mapt_REGION-RF_rank257_region191_iRL,191,iRL,257
u0,0.0071395396028789615,0.005363870059297376,0.0001520688315851152,823.0966285896518,651.0256273444562,1.0036426960961655,8.480548838204887,copath_syn_mapt_REGION-RF_rank257_region191_iRL,191,iRL,257
alpha,0.6773480617252629,0.5687739241249755,0.01737331608445681,844.3125052272295,1051.2935958786277,1.0050040142460799,8.910291643121136,copath_syn_mapt_REGION-RF_rank86_region192_iCLI,192,iCLI,86
beta,-0.16887893056401274,0.868468028340096,0.03937079401139753,487.24943388191065,491.65723858981164,1.010205784524227,5.1420943453455745,copath_syn_mapt_REGION-RF_rank86_region192_iCLI,192,iCLI,86
gamma,0.07915666622502632,0.061770459803196856,0.0017848792005985387,956.5535585052158,877.8786236033443,1.002351199058085,10.09480627821919,copath_syn_mapt_REGION-RF_rank86_region192_iCLI,192,iCLI,86
sigma,0.13772320634966917,0.032210119616063786,0.0011626653812306402,829.1076631924553,1043.754200069613,1.0032102131813228,8.749830230932336,copath_syn_mapt_REGION-RF_rank86_region192_iCLI,192,iCLI,86
u0,0.00790636615525351,0.005739732181518574,0.00016078118831049676,941.8785445867767,701.7179798045602,1.002245524219941,9.939936306413,copath_syn_mapt_REGION-RF_rank86_region192_iCLI,192,iCLI,86
alpha,0.634416178019686,0.558495894650016,0.019232470468021762,668.4014868523265,504.1105256382342,1.0048679068251838,7.074603741067607,copath_syn_mapt_REGION-RF_rank196_region193_iDR,193,iDR,196
beta,-0.14514803031527287,0.8382517035433122,0.029676811261361402,795.3663466555691,763.1676524058561,1.006457629118686,8.41844586263158,copath_syn_mapt_REGION-RF_rank196_region193_iDR,193,iDR,196
gamma,0.08354611893233246,0.060408782311364824,0.00167719634021826,972.7995867792678,879.2696735749507,1.005522497065667,10.296463624501401,copath_syn_mapt_REGION-RF_rank196_region193_iDR,193,iDR,196
sigma,0.06454536219805136,0.01044520892232028,0.00039643093084304877,677.5251016839886,921.6526563848588,1.0090977911569001,7.171171389239817,copath_syn_mapt_REGION-RF_rank196_region193_iDR,193,iDR,196
u0,0.007708415875907432,0.0056935320898708645,0.00018684066478459092,575.730205810498,344.2048876668219,1.0064755294705185,6.093737294112956,copath_syn_mapt_REGION-RF_rank196_region193_iDR,193,iDR,196
alpha,0.6411815559246651,0.5601322803376643,0.02563328912254305,456.23156039889176,920.2195739280088,1.0083818864137444,4.25390732306659,copath_syn_mapt_REGION-RF_rank284_region194_iNLL,194,iNLL,284
beta,-0.2065936155476831,0.8740584540289774,0.04521177375575284,355.86166992924103,366.1263341772619,1.003039646353007,3.318057528477772,copath_syn_mapt_REGION-RF_rank284_region194_iNLL,194,iNLL,284
gamma,0.0837118614831209,0.05800725944633177,0.0025912662369544067,420.852710021339,578.8256053771618,1.0101443339557181,3.924034592273557,copath_syn_mapt_REGION-RF_rank284_region194_iNLL,194,iNLL,284
sigma,0.011919132038440194,0.0021890377823213154,0.00010677411652608478,380.49488049430755,386.5831576337382,1.0088075360256676,3.5477378134667372,copath_syn_mapt_REGION-RF_rank284_region194_iNLL,194,iNLL,284
u0,0.0045400498669497915,0.004524978989875967,0.0002028753053488981,246.78485493976788,250.64395851791,1.0039078051711623,2.3010242884826844,copath_syn_mapt_REGION-RF_rank284_region194_iNLL,194,iNLL,284
alpha,0.7252745236443177,0.5913572060439979,0.0116519519087182,1670.6964131638274,1447.3892990077004,1.0011119800838402,21.546530302993684,copath_syn_mapt_REGION-RF_rank330_region195_iPSV,195,iPSV,330
beta,-0.3908104564877897,0.8306733981428278,0.01967937295901331,1805.6648787496483,1932.922033918332,1.002893116811544,23.28718294986585,copath_syn_mapt_REGION-RF_rank330_region195_iPSV,195,iPSV,330
gamma,0.07951170932983316,0.05931585251936951,0.001110148215143229,1792.6025612190574,1088.3192130062887,1.000264304462739,23.11872169126578,copath_syn_mapt_REGION-RF_rank330_region195_iPSV,195,iPSV,330
sigma,0.0936976278469047,0.11842721759351796,0.0028084699099368915,2007.3035096365586,2153.7412237069993,0.9997741258926605,25.88766310677928,copath_syn_mapt_REGION-RF_rank330_region195_iPSV,195,iPSV,330
u0,0.007341299843639125,0.00555639202698413,0.0001111431306011952,1647.165022060164,1041.570556283681,1.0008240070633452,21.243052168072374,copath_syn_mapt_REGION-RF_rank330_region195_iPSV,195,iPSV,330
alpha,0.8091256560249038,0.6093615440127192,0.012796848070817582,1582.9245839478665,805.4544395404371,1.00075389696573,22.127045541500554,copath_syn_mapt_REGION-RF_rank1_region196_iPB,196,iPB,384
beta,-0.015123377970405565,0.9851813846140279,0.021075994082969392,2211.0503008879145,2058.491942039566,1.0017394293045576,30.907354145879317,copath_syn_mapt_REGION-RF_rank1_region196_iPB,196,iPB,384
gamma,0.07796401107716514,0.059188075955022006,0.0012290505199313347,1534.909278316006,1020.4955762279747,1.0025311915725081,21.455859519639997,copath_syn_mapt_REGION-RF_rank1_region196_iPB,196,iPB,384
sigma,1.6926396875547989,2.1191473762841317,0.04518777925595476,2573.3334653780103,2103.284054401808,1.0004053580717531,35.971560085241556,copath_syn_mapt_REGION-RF_rank1_region196_iPB,196,iPB,384
u0,0.008023631123793439,0.0060365602471909715,0.00013199759234093635,1467.5127240159288,1140.3304345987074,1.003806000822893,20.5137510695844,copath_syn_mapt_REGION-RF_rank1_region196_iPB,196,iPB,384
alpha,1.36724095535936,0.6216968836032039,0.01999587694324367,877.6050432657343,675.4604546816308,1.0032810120187132,7.970981319398132,copath_syn_mapt_REGION-RF_rank331_region197_iSOC,197,iSOC,331
beta,-1.383042664943172,0.6215367959748215,0.01990882269789622,958.2359600840841,1435.2132007138757,1.0023575807135832,8.70332388813882,copath_syn_mapt_REGION-RF_rank331_region197_iSOC,197,iSOC,331
gamma,0.0777304486664387,0.0588400530118706,0.0014002896897424024,1069.4679210989173,808.7734260741497,1.0073273925243742,9.71360509626628,copath_syn_mapt_REGION-RF_rank331_region197_iSOC,197,iSOC,331
sigma,0.00031176442675109374,0.00040590496287267353,1.0129491396855374e-5,1357.780430087652,1708.4939561248675,1.0036444404781015,12.332247321413732,copath_syn_mapt_REGION-RF_rank331_region197_iSOC,197,iSOC,331
u0,0.005377846655477288,0.005314332965435724,0.0001409804420786534,906.751084780189,972.6546381768967,1.0028526580747146,8.235704675569382,copath_syn_mapt_REGION-RF_rank331_region197_iSOC,197,iSOC,331
alpha,0.5957879637492106,0.5214330396702487,0.015132118279909111,907.0510857942152,1098.627343203683,1.0079581489571547,9.583820271694087,copath_syn_mapt_REGION-RF_rank299_region198_iPG,198,iPG,299
beta,-0.4255128275978501,0.6633774793393417,0.021649351393856004,942.7451813169963,993.0655430894834,1.0017727771676115,9.960960877784078,copath_syn_mapt_REGION-RF_rank299_region198_iPG,198,iPG,299
gamma,0.07821220964192703,0.058874538281089316,0.0016500615450246927,875.9603665609337,763.3480441531758,1.0032554727146705,9.255318525854081,copath_syn_mapt_REGION-RF_rank299_region198_iPG,198,iPG,299
sigma,0.01332522417973479,0.00230619883304533,7.657323064812309e-5,1034.339020984762,710.2498307295674,1.0066259741854489,10.928733157778222,copath_syn_mapt_REGION-RF_rank299_region198_iPG,198,iPG,299
u0,0.00693216695501657,0.005108519873165743,0.00015605030315682587,747.3806014188393,632.0426453731507,1.0094216888799128,7.896756280576046,copath_syn_mapt_REGION-RF_rank299_region198_iPG,198,iPG,299
alpha,0.7875522356091428,0.5983434577049391,0.013807358296450542,1213.422266638589,834.9750561232602,1.0005979112099115,17.00685737205271,copath_syn_mapt_REGION-RF_rank1_region199_iSUT,199,iSUT,385
beta,0.015339082631942762,0.9994818377990506,0.019034268266677184,2752.1630597658927,2413.26522361733,1.0018538692212886,38.57325344105583,copath_syn_mapt_REGION-RF_rank1_region199_iSUT,199,iSUT,385
gamma,0.08124616263272866,0.061209165060032655,0.0012806372444818497,1613.7274778636672,1148.3484829918445,1.0043201849158963,22.617380451914773,copath_syn_mapt_REGION-RF_rank1_region199_iSUT,199,iSUT,385
sigma,1.634916419398238,2.33573723109543,0.05412431445664379,2048.654982336432,2188.0433221558765,1.0025968677953592,28.71315620872657,copath_syn_mapt_REGION-RF_rank1_region199_iSUT,199,iSUT,385
u0,0.00784152264243887,0.005854942829122761,0.0001182588887614952,1750.96537849323,1096.6342892089529,1.0015385305186897,24.540853810049615,copath_syn_mapt_REGION-RF_rank1_region199_iSUT,199,iSUT,385
alpha,0.4473410434471727,0.45747277915263657,0.03945897262926171,220.32241196351157,247.7822364635174,1.0290861983168074,1.9037129596874838,copath_syn_mapt_REGION-RF_rank184_region200_iTRN,200,iTRN,184
beta,0.03945111600470175,0.45777787008427057,0.015193368142348167,893.8149079209869,1001.1361426802094,1.0209250528480565,7.723077323848746,copath_syn_mapt_REGION-RF_rank184_region200_iTRN,200,iTRN,184
gamma,0.08032868139484263,0.05955625375384681,0.002654794855443972,409.0954105543316,937.262597433225,1.0085970450596848,3.534820756001586,copath_syn_mapt_REGION-RF_rank184_region200_iTRN,200,iTRN,184
sigma,0.026437284144157816,0.004926543029387258,0.00027332222736926154,289.7099966047887,92.69969681905172,1.016901373846053,2.5032617888138105,copath_syn_mapt_REGION-RF_rank184_region200_iTRN,200,iTRN,184
u0,0.01727107547046775,0.006307841136201376,0.0002885354218287052,457.1951960086689,182.90295074036402,1.009145372087589,3.950430698320003,copath_syn_mapt_REGION-RF_rank184_region200_iTRN,200,iTRN,184
alpha,0.7998605757522299,0.6047865015941032,0.012255413527528273,1622.5615419798457,983.4120427687769,1.0025414306847895,22.60559151232074,copath_syn_mapt_REGION-RF_rank1_region201_iP5,201,iP5,386
beta,-0.000767646175185618,0.9726647797385591,0.018636669709539755,2718.367871556324,2281.771131026082,1.0014951287703333,37.87240859267348,copath_syn_mapt_REGION-RF_rank1_region201_iP5,201,iP5,386
gamma,0.07831427409076297,0.06078324831622483,0.0011866557618097728,1722.4470101922075,1482.8694401449607,1.0006243796499548,23.99719980205647,copath_syn_mapt_REGION-RF_rank1_region201_iP5,201,iP5,386
sigma,1.6955748337666479,2.289906169400044,0.046308995303847675,2737.8916504181407,2099.964492043201,1.0016642856100468,38.144414651185485,copath_syn_mapt_REGION-RF_rank1_region201_iP5,201,iP5,386
u0,0.007921397386903152,0.005986092371285691,0.00011473951973607323,1965.4215880090148,1441.9520572954991,1.0023925455273077,27.382331220432935,copath_syn_mapt_REGION-RF_rank1_region201_iP5,201,iP5,386
alpha,0.754237031377357,0.5781709513346951,0.012683548969689987,1470.682824260467,1359.6366463438367,1.001832933795016,17.329266078222005,copath_syn_mapt_REGION-RF_rank332_region202_iPC5,202,iPC5,332
beta,-0.5924937597710206,0.792663406708366,0.021942037276207943,1313.979386062364,1425.2487023887363,1.0015775017481818,15.482807051767637,copath_syn_mapt_REGION-RF_rank332_region202_iPC5,202,iPC5,332
gamma,0.07908732966704335,0.06048658567381075,0.0013754502991247227,1259.0329121097477,899.8812945531918,1.0009641824479443,14.835364889883556,copath_syn_mapt_REGION-RF_rank332_region202_iPC5,202,iPC5,332
sigma,0.03642447935004035,0.040779380431842524,0.0009662523170782384,1946.7387832270051,1824.9330678938122,1.002194978546898,22.938701535661743,copath_syn_mapt_REGION-RF_rank332_region202_iPC5,202,iPC5,332
u0,0.006919881943846757,0.005621952913750253,0.00011771527226588659,1481.6190675544556,1192.2291893470492,1.001028881538907,17.4581293972269,copath_syn_mapt_REGION-RF_rank332_region202_iPC5,202,iPC5,332
alpha,2.969428101098867,1.111479364891219,0.09426245290638484,190.36823350083196,198.62791595668187,1.0178067993328008,1.4853371318287518,copath_syn_mapt_REGION-RF_rank33_region203_iCS,203,iCS,33
beta,0.35840689208662535,0.21338103621948398,0.011413140154003711,775.7070804806656,195.4914960462477,1.0094292206709512,6.052409631963997,copath_syn_mapt_REGION-RF_rank33_region203_iCS,203,iCS,33
gamma,0.2348301363787369,0.08824214668536613,0.0068347652838491105,213.06588819687119,242.34208735608533,1.0213322316860842,1.6624342698620622,copath_syn_mapt_REGION-RF_rank33_region203_iCS,203,iCS,33
sigma,0.08415601685274547,0.026592244889004992,0.0020878640229598532,234.62383286156788,371.60698290282687,1.0189731923807428,1.8306388862916387,copath_syn_mapt_REGION-RF_rank33_region203_iCS,203,iCS,33
u0,0.01987432741666889,0.007426748892486881,0.0003237797688672547,469.994320400356,176.68299994501712,1.0072446103637194,3.6671035025190655,copath_syn_mapt_REGION-RF_rank33_region203_iCS,203,iCS,33
alpha,0.3320938393483354,0.3580013992498133,0.030602939901899162,193.58776834666705,112.94146212369395,1.0217266274310939,1.3807775092129002,copath_syn_mapt_REGION-RF_rank199_region204_iPRNr,204,iPRNr,199
beta,0.3285745374296167,0.4701001819014785,0.01999935765905439,457.13149756147175,900.9495268235664,1.0074128339242787,3.2605205172641742,copath_syn_mapt_REGION-RF_rank199_region204_iPRNr,204,iPRNr,199
gamma,0.08121026514406209,0.057783896178808955,0.0025556185216691328,396.8144397039041,221.45483223295005,1.001807235350144,2.830305129055963,copath_syn_mapt_REGION-RF_rank199_region204_iPRNr,204,iPRNr,199
sigma,0.023449221511426935,0.0038675991463351907,0.00015582595413992102,612.0427519481243,1015.4634178480176,1.0098707828977953,4.365435243064466,copath_syn_mapt_REGION-RF_rank199_region204_iPRNr,204,iPRNr,199
u0,0.018132414955123688,0.00567793617968876,0.00034742322377723857,258.11340657700106,436.11114812506554,1.0251963779116264,1.8410108741458828,copath_syn_mapt_REGION-RF_rank199_region204_iPRNr,204,iPRNr,199
alpha,0.7587366968006048,0.5927944534838201,0.011886989651040583,1380.671832604044,1126.9780904144625,1.0043312306811083,17.792850659227085,copath_syn_mapt_REGION-RF_rank89_region205_iNTB,205,iNTB,89
beta,-0.12571967175437837,0.8968732899646027,0.020128686314288973,1991.5835184224977,2043.8065663001485,1.00018745904939,25.66572829390953,copath_syn_mapt_REGION-RF_rank89_region205_iNTB,205,iNTB,89
gamma,0.07950836111161022,0.05952580318137233,0.0012594234217469492,1319.2445035666244,887.7038178204996,1.0009122419064098,17.001230763645818,copath_syn_mapt_REGION-RF_rank89_region205_iNTB,205,iNTB,89
sigma,0.6989643963633071,0.9082351266363782,0.01939548439968324,2155.7273795647643,2269.7306097473797,1.001897320020175,27.781066014984656,copath_syn_mapt_REGION-RF_rank89_region205_iNTB,205,iNTB,89
u0,0.007904176944922061,0.005862791256443639,0.00011213407021914023,1816.3484413075169,1098.6604721919896,1.0016865263259032,23.407457006166695,copath_syn_mapt_REGION-RF_rank89_region205_iNTB,205,iNTB,89
alpha,0.6843687782495872,0.5676210492913504,0.014950804551518806,1052.0456864004218,1000.0823811358748,1.0021116476341352,11.298226796688237,copath_syn_mapt_REGION-RF_rank236_region206_iCB,206,iCB,236
beta,-0.36140257761128314,0.7664803767572793,0.027297514233963125,788.4612690020399,947.5682933924808,1.0039016408671932,8.467516527793718,copath_syn_mapt_REGION-RF_rank236_region206_iCB,206,iCB,236
gamma,0.07890572200087437,0.059753247848349844,0.0015683033042777586,942.300734945004,871.4822622196032,1.0057122129816125,10.119643615973667,copath_syn_mapt_REGION-RF_rank236_region206_iCB,206,iCB,236
sigma,0.04123574372789198,0.006730227239632258,0.00021188193189719887,1065.2322080576052,1370.2463306486873,1.0011480476249643,11.439840715425976,copath_syn_mapt_REGION-RF_rank236_region206_iCB,206,iCB,236
u0,0.006940286339534367,0.0053026802955226824,0.00013703861356731867,969.5368241524747,733.0289306065448,1.0057728788929292,10.412139956102868,copath_syn_mapt_REGION-RF_rank236_region206_iCB,206,iCB,236
alpha,0.9591788111905939,0.5106689761665677,0.016148770950725956,NaN,NaN,NaN,NaN,copath_syn_mapt_REGION-RF_rank333_region207_cFRP,207,cFRP,333
beta,-1.0612341291019114,0.4976263130248838,0.01573632572790547,NaN,NaN,NaN,NaN,copath_syn_mapt_REGION-RF_rank333_region207_cFRP,207,cFRP,333
gamma,0.07823186394712132,0.059427447570122326,0.0018792608985182548,NaN,NaN,NaN,NaN,copath_syn_mapt_REGION-RF_rank333_region207_cFRP,207,cFRP,333
u0,4.4536769636310357e-7,1.1844616758654833e-6,3.745596696915018e-8,NaN,NaN,NaN,NaN,copath_syn_mapt_REGION-RF_rank333_region207_cFRP,207,cFRP,333
sigma,6.763622336288633e-9,7.515675753835197e-9,2.376665353742219e-10,NaN,NaN,NaN,NaN,copath_syn_mapt_REGION-RF_rank333_region207_cFRP,207,cFRP,333
alpha,0.2167963863973052,0.20804126486722735,0.006578842442828058,NaN,NaN,NaN,NaN,copath_syn_mapt_REGION-RF_rank234_region208_cMOp,208,cMOp,234
beta,-0.022805515344612032,0.459592310692302,0.014533584968874316,NaN,NaN,NaN,NaN,copath_syn_mapt_REGION-RF_rank234_region208_cMOp,208,cMOp,234
gamma,0.09666476117927364,0.060995297823075396,0.0019288406768122831,NaN,NaN,NaN,NaN,copath_syn_mapt_REGION-RF_rank234_region208_cMOp,208,cMOp,234
u0,0.019323034337305704,0.003589089905466352,0.00011349698828392084,NaN,NaN,NaN,NaN,copath_syn_mapt_REGION-RF_rank234_region208_cMOp,208,cMOp,234
sigma,0.00996499292989086,0.0016779563212444544,5.3061637894096546e-5,NaN,NaN,NaN,NaN,copath_syn_mapt_REGION-RF_rank234_region208_cMOp,208,cMOp,234
alpha,0.30680935190079434,0.39797675144027883,0.03435333100491122,210.41254140377197,131.6495233551473,1.0118233568881794,1.5320780949465695,copath_syn_mapt_REGION-RF_rank167_region209_cMOs,209,cMOs,167
beta,0.20712012180832273,0.5617783667789413,0.021256603646044328,714.7931934091791,813.4376440798125,1.0079186520316898,5.204627950087952,copath_syn_mapt_REGION-RF_rank167_region209_cMOs,209,cMOs,167
gamma,0.08055115810668839,0.060127206746160365,0.002274404523605443,656.0140655804994,812.769795842888,1.0052553156985253,4.776639135421365,copath_syn_mapt_REGION-RF_rank167_region209_cMOs,209,cMOs,167
sigma,0.023422534224807494,0.004710443169305496,0.00021345318774350502,530.9403691402299,767.6508261865663,1.0082056967472302,3.865939282210531,copath_syn_mapt_REGION-RF_rank167_region209_cMOs,209,cMOs,167
u0,0.02428799484648423,0.0069889137319531815,0.0004338879259383074,255.8786401585336,163.79775888019893,1.0159367651812201,1.8631306714713598,copath_syn_mapt_REGION-RF_rank167_region209_cMOs,209,cMOs,167
alpha,0.8077905896936581,0.6090675717635885,0.011362352493650613,1967.1882963551784,1283.0714394733805,1.0009265863893921,28.127200794337618,copath_syn_mapt_REGION-RF_rank1_region210_cSSp-n,210,cSSp-n,387
beta,-0.017080502246446357,1.0182905351485727,0.021601882698158097,2242.546051474298,1903.746635402895,1.0027187215847724,32.064313923194476,copath_syn_mapt_REGION-RF_rank1_region210_cSSp-n,210,cSSp-n,387
gamma,0.08063559128560992,0.060694614444968195,0.0011665320606045575,1875.9084550647688,1207.9694083629336,1.0023281091082334,26.822065729632524,copath_syn_mapt_REGION-RF_rank1_region210_cSSp-n,210,cSSp-n,387
sigma,1.6050170898031748,2.010463642435556,0.04272283899940719,2559.7495030342798,2205.7890896357344,1.0004407912317301,36.59974410606786,copath_syn_mapt_REGION-RF_rank1_region210_cSSp-n,210,cSSp-n,387
u0,0.00788526004484944,0.005941978209239058,0.00011421077853533686,1718.4437745274483,1014.8868109795279,0.9999278792016466,24.570608309061445,copath_syn_mapt_REGION-RF_rank1_region210_cSSp-n,210,cSSp-n,387
alpha,0.48292006804358445,0.47909665059843565,0.0291978573225862,307.00859976915575,291.4058107069447,1.0071176879240227,1.8409543897986147,copath_syn_mapt_REGION-RF_rank140_region211_cSSp-bfd,211,cSSp-bfd,140
beta,0.40686679695546285,0.4338645263210289,0.017296146378517376,657.1725821403063,888.7790305142208,1.0065830626405148,3.940686843483122,copath_syn_mapt_REGION-RF_rank140_region211_cSSp-bfd,211,cSSp-bfd,140
gamma,0.0851678605104086,0.06121731821854321,0.0024425063098615024,571.6073195395448,760.0460697324863,1.00345672143169,3.4276010670013366,copath_syn_mapt_REGION-RF_rank140_region211_cSSp-bfd,211,cSSp-bfd,140
sigma,0.034909417497241205,0.006436896858290923,0.0002536228051042256,679.4735981010757,718.1021804190174,1.0028813710365991,4.074413238316418,copath_syn_mapt_REGION-RF_rank140_region211_cSSp-bfd,211,cSSp-bfd,140
u0,0.020288281782277092,0.007556278183801459,0.0004539601855723326,254.89533260216552,197.07841336013837,1.0091781637131383,1.5284610328374222,copath_syn_mapt_REGION-RF_rank140_region211_cSSp-bfd,211,cSSp-bfd,140
alpha,0.772469532064687,0.6013562741552209,0.012132674143111864,1678.00466405938,1153.8260204470369,1.001110628908881,23.583048698710947,copath_syn_mapt_REGION-RF_rank1_region212_cSSp-ll,212,cSSp-ll,388
beta,0.03478423190352402,1.0117649862655544,0.01909765432613245,2802.5793751422816,2299.3698184489326,1.000078318900562,39.38807042770201,copath_syn_mapt_REGION-RF_rank1_region212_cSSp-ll,212,cSSp-ll,388
gamma,0.08168899653808309,0.0605188037398528,0.0011685816017190582,1745.4170427352872,1303.8977571087314,1.0035522696978112,24.53047717925157,copath_syn_mapt_REGION-RF_rank1_region212_cSSp-ll,212,cSSp-ll,388
sigma,1.6194573542891606,1.9582609593897462,0.04141865752419934,3033.472729098428,2123.2149899902174,1.002162613531044,42.63309669442508,copath_syn_mapt_REGION-RF_rank1_region212_cSSp-ll,212,cSSp-ll,388
u0,0.007851783183188346,0.006045405990136041,0.00012451608182054998,1674.852306592677,1187.5897123668524,1.001346155357602,23.538744769618663,copath_syn_mapt_REGION-RF_rank1_region212_cSSp-ll,212,cSSp-ll,388
alpha,0.30072649927797673,0.309535691280758,0.016593039656322587,396.7659167054189,425.3765787982925,1.0071597810911155,3.0231857171571295,copath_syn_mapt_REGION-RF_rank268_region213_cSSp-m,213,cSSp-m,268
beta,0.09171789490226472,0.5456765700379338,0.018748916955604166,778.974406841415,1080.6309155854597,1.0040167078409308,5.935450102036825,copath_syn_mapt_REGION-RF_rank268_region213_cSSp-m,213,cSSp-m,268
gamma,0.08058820482461306,0.06005462028980444,0.0018989906698489516,761.5090349547675,623.5619247741503,1.00417903635161,5.80237147655662,copath_syn_mapt_REGION-RF_rank268_region213_cSSp-m,213,cSSp-m,268
sigma,0.015180419628999723,0.002959737265248188,0.00011015664479469205,758.3861222844879,848.2631269083747,1.0027423596025506,5.7785762245372085,copath_syn_mapt_REGION-RF_rank268_region213_cSSp-m,213,cSSp-m,268
u0,0.011237453057148593,0.004819207182132445,0.00022731845264447264,366.17488561909994,193.93137065417582,1.0094851053994711,2.7900952112457227,copath_syn_mapt_REGION-RF_rank268_region213_cSSp-m,213,cSSp-m,268
alpha,1.4217888606915325,0.5059572017774545,0.015999771561821495,NaN,NaN,NaN,NaN,copath_syn_mapt_REGION-RF_rank334_region214_cSSp-ul,214,cSSp-ul,334
beta,-1.2004321663853381,0.46373225581150973,0.014664501528522254,NaN,NaN,NaN,NaN,copath_syn_mapt_REGION-RF_rank334_region214_cSSp-ul,214,cSSp-ul,334
gamma,0.06895474335995178,0.06947877650127568,0.002197111827858158,NaN,NaN,NaN,NaN,copath_syn_mapt_REGION-RF_rank334_region214_cSSp-ul,214,cSSp-ul,334
u0,1.5781635958956892e-6,3.1480704919735904e-6,9.955072989403365e-8,NaN,NaN,NaN,NaN,copath_syn_mapt_REGION-RF_rank334_region214_cSSp-ul,214,cSSp-ul,334
sigma,1.669509189473617e-8,1.2125745079031106e-8,3.834497277631673e-10,NaN,NaN,NaN,NaN,copath_syn_mapt_REGION-RF_rank334_region214_cSSp-ul,214,cSSp-ul,334
alpha,0.6147580839193051,0.5626918092791143,0.03287874245239012,298.254862940897,400.2685416529427,1.0166402295726014,2.4902093406659125,copath_syn_mapt_REGION-RF_rank83_region215_cSSp-tr,215,cSSp-tr,83
beta,0.18796911746774236,0.7034908582369963,0.026486221048951514,676.2227759823928,1115.4382209932712,1.0082976324919681,5.645964181499635,copath_syn_mapt_REGION-RF_rank83_region215_cSSp-tr,215,cSSp-tr,83
gamma,0.08023466342170034,0.06111917363708077,0.002134201002739795,691.9966428520821,629.2023450640182,1.0063232543608835,5.777664399997346,copath_syn_mapt_REGION-RF_rank83_region215_cSSp-tr,215,cSSp-tr,83
sigma,0.09761166833108058,0.017798794886078495,0.0008949469300205271,353.9238705746204,619.8849267561133,1.014224283651223,2.955004722133241,copath_syn_mapt_REGION-RF_rank83_region215_cSSp-tr,215,cSSp-tr,83
u0,0.012479792374879516,0.007265913719257954,0.0003859765228175743,331.6860477013518,670.5977148382992,1.0098179183425582,2.769335212207895,copath_syn_mapt_REGION-RF_rank83_region215_cSSp-tr,215,cSSp-tr,83
alpha,0.8522161681960198,0.630610689150502,0.013786814183756985,1474.283680314814,1010.4576500940206,1.0004898578154287,17.57694311024386,copath_syn_mapt_REGION-RF_rank335_region216_cSSp-un,216,cSSp-un,335
beta,-0.8012275689093832,0.7225370700819167,0.020670329510056536,1267.5899722564488,1207.7404338348924,1.00154762821871,15.112665986175411,copath_syn_mapt_REGION-RF_rank335_region216_cSSp-un,216,cSSp-un,335
gamma,0.08160026153311202,0.06208229653158867,0.0013770188440656974,1510.3129041059567,1312.3443074350903,1.0012631791853346,18.006496543778393,copath_syn_mapt_REGION-RF_rank335_region216_cSSp-un,216,cSSp-un,335
sigma,0.013993273922416824,0.015962933299517867,0.00041100032855483,1536.6775556480634,2056.123302932399,1.0010731753139581,18.320825452430533,copath_syn_mapt_REGION-RF_rank335_region216_cSSp-un,216,cSSp-un,335
u0,0.006677058609346835,0.005548124026329869,0.00012901454961615299,1298.7119996112096,935.3698060128236,1.0007139315918714,15.483714049444533,copath_syn_mapt_REGION-RF_rank335_region216_cSSp-un,216,cSSp-un,335
alpha,0.4908462434076705,0.43511265787982956,0.028615579092258658,314.20780751518373,420.5368913675996,1.0087211028224004,1.9394585916447564,copath_syn_mapt_REGION-RF_rank131_region217_cSSs,217,cSSs,131
beta,0.41520082528054497,0.4926674363258681,0.018361673984873754,709.4895974996385,760.0925778955619,1.0032760519220774,4.379349152508755,copath_syn_mapt_REGION-RF_rank131_region217_cSSs,217,cSSs,131
gamma,0.08376549230014968,0.059829465972576656,0.002079271033244811,556.2350574406447,497.9944946167495,1.0091312892344322,3.4333801876490337,copath_syn_mapt_REGION-RF_rank131_region217_cSSs,217,cSSs,131
sigma,0.045650040245455645,0.008465488460243248,0.00034397972285970526,603.3874891928325,890.3442741608876,1.0113414847788018,3.724430208340529,copath_syn_mapt_REGION-RF_rank131_region217_cSSs,217,cSSs,131
u0,0.017530620994088208,0.007356294075661486,0.0003145841876990574,513.8637167190885,426.7502929188084,1.008103402543346,3.1718416171984622,copath_syn_mapt_REGION-RF_rank131_region217_cSSs,217,cSSs,131
alpha,0.4415270564579124,0.477561628619861,0.0405327294511053,244.57939769037898,144.69544244865295,1.016457461103156,2.4265032758606973,copath_syn_mapt_REGION-RF_rank213_region218_cGU,218,cGU,213
beta,-0.1880761663796635,0.5370975700855956,0.014751453412376497,1289.1799351081263,1302.4666097585564,1.0074952237817267,12.790117913667606,copath_syn_mapt_REGION-RF_rank213_region218_cGU,218,cGU,213
gamma,0.08070484466819491,0.05957301093576449,0.0020310905058598012,515.986073743855,312.7985522646053,1.0123908355923652,5.119163388499975,copath_syn_mapt_REGION-RF_rank213_region218_cGU,218,cGU,213
sigma,0.021701075982923285,0.004407799859232654,0.0001661264669935845,616.8599098169716,267.6648841781416,1.006497024473196,6.119945531196702,copath_syn_mapt_REGION-RF_rank213_region218_cGU,218,cGU,213
u0,0.015332650570845544,0.00635976069157501,0.0002945051352351974,436.1383358619689,346.25293219945866,1.0120083910257063,4.326983837114628,copath_syn_mapt_REGION-RF_rank213_region218_cGU,218,cGU,213
alpha,0.5422087904716798,0.45798953489546457,0.02995732651517438,263.60754767176934,308.33046468573616,1.0177599757653648,1.7162173184010816,copath_syn_mapt_REGION-RF_rank129_region219_cVISC,219,cVISC,129
beta,0.4164929981131309,0.5265978597562496,0.020058828957487458,581.8334236135677,571.0316428435308,1.0125737374712438,3.7880273415901744,copath_syn_mapt_REGION-RF_rank129_region219_cVISC,219,cVISC,129
gamma,0.0793278069627614,0.05918406324867495,0.0025653325702643466,393.2951306838474,522.7931164035485,1.0082720439732626,2.56054851419841,copath_syn_mapt_REGION-RF_rank129_region219_cVISC,219,cVISC,129
sigma,0.06148715773605696,0.011199460569075906,0.0005738070517099361,345.0903093186541,402.8084766387012,1.007449011005817,2.2467109553422184,copath_syn_mapt_REGION-RF_rank129_region219_cVISC,219,cVISC,129
u0,0.014386540292268166,0.006690097513816947,0.00043189004606067913,222.4307836534443,549.6167076573821,1.0186772722668922,1.4481359370137912,copath_syn_mapt_REGION-RF_rank129_region219_cVISC,219,cVISC,129
alpha,0.421483185027399,0.43637930512385614,0.017037451698946993,643.3220575031334,513.9356139000729,1.004141463234232,6.696597765134056,copath_syn_mapt_REGION-RF_rank215_region220_cAUDd,220,cAUDd,215
beta,-0.10846448712515147,0.6552004066029409,0.022199740495474022,899.8758437073448,1100.1756120180946,1.0041306893445352,9.367169201779433,copath_syn_mapt_REGION-RF_rank215_region220_cAUDd,220,cAUDd,215
gamma,0.08212702131057523,0.05936221746269776,0.0018996640845388387,720.3426190887741,678.5747748190822,1.0036748078942543,7.4983357353594275,copath_syn_mapt_REGION-RF_rank215_region220_cAUDd,220,cAUDd,215
sigma,0.03212331180784408,0.00567346985074988,0.00019959287999336806,807.7298491186956,1338.0661679688283,1.0058366945136834,8.407984522455116,copath_syn_mapt_REGION-RF_rank215_region220_cAUDd,220,cAUDd,215
u0,0.012016708040031644,0.006549931165187074,0.00027910585552280264,452.28200058912927,580.4943018906664,1.0097328712475002,4.7079850582315395,copath_syn_mapt_REGION-RF_rank215_region220_cAUDd,220,cAUDd,215
alpha,0.7659841298563198,0.6208503516504473,0.02781187409024705,499.04332067424184,807.2158814288924,1.0014425046806705,2.8130172242847826,copath_syn_mapt_REGION-RF_rank72_region221_cAUDp,221,cAUDp,72
beta,0.47068296999962833,0.48623668864761793,0.018560231143734722,706.0914206588067,679.1481047606426,1.0020568784864405,3.980110034434242,copath_syn_mapt_REGION-RF_rank72_region221_cAUDp,221,cAUDp,72
gamma,0.0861469395135868,0.0642095940548668,0.0021920175928741552,626.0776476374529,641.6573910955035,1.006348631496208,3.5290868218903237,copath_syn_mapt_REGION-RF_rank72_region221_cAUDp,221,cAUDp,72
sigma,0.09478651558771148,0.017414975086202867,0.0006636018590068961,612.6304818215433,659.1776428372074,1.0039482053146902,3.453287572625029,copath_syn_mapt_REGION-RF_rank72_region221_cAUDp,221,cAUDp,72
u0,0.01493505382555324,0.007370765925276925,0.000277737951951719,581.4113013446515,328.7280692576252,1.0096161230852665,3.277310680897672,copath_syn_mapt_REGION-RF_rank72_region221_cAUDp,221,cAUDp,72
alpha,0.7392816937598597,0.5609644998798877,0.021915602420446094,690.5842748300533,885.5206667167948,1.0037278833747556,3.5229757468769143,copath_syn_mapt_REGION-RF_rank77_region222_cAUDpo,222,cAUDpo,77
beta,0.547179975892516,0.4118189006274642,0.013999883299724014,856.9025250663198,1271.1840741133606,1.000704712452587,4.3714386835540715,copath_syn_mapt_REGION-RF_rank77_region222_cAUDpo,222,cAUDpo,77
gamma,0.08547631095469364,0.06278826850181747,0.0016885568450676258,894.0458829575704,517.6932031189028,1.003057372488997,4.560923376122038,copath_syn_mapt_REGION-RF_rank77_region222_cAUDpo,222,cAUDpo,77
sigma,0.08079706049998418,0.013758247304495161,0.00046424811512948234,833.7162991263156,938.636111007009,1.0036315288341675,4.253155492601968,copath_syn_mapt_REGION-RF_rank77_region222_cAUDpo,222,cAUDpo,77
u0,0.015940642383769094,0.007131122912253908,0.00023790307256313302,791.5546413179428,546.1188200287985,1.0060356713248415,4.038070233176428,copath_syn_mapt_REGION-RF_rank77_region222_cAUDpo,222,cAUDpo,77
alpha,0.6510251789238765,0.5756524169077962,0.025946779818129175,549.8437495276028,625.3415747406672,1.0110671838896914,2.7109402710113337,copath_syn_mapt_REGION-RF_rank82_region223_cAUDv,223,cAUDv,82
beta,0.4541203986281323,0.41717550850982626,0.0157115720517565,740.0165025188594,1058.2905349542798,1.0043155615556534,3.648564777929926,copath_syn_mapt_REGION-RF_rank82_region223_cAUDv,223,cAUDv,82
gamma,0.08629610650411905,0.06154546336961093,0.001675107012865776,1079.703368631677,1007.6643446958198,1.003020488608427,5.323351125269578,copath_syn_mapt_REGION-RF_rank82_region223_cAUDv,223,cAUDv,82
sigma,0.05811341224843048,0.011280928966489521,0.000551470154505177,481.4773390011157,874.7548913362272,1.0217411878544844,2.3738676833171404,copath_syn_mapt_REGION-RF_rank82_region223_cAUDv,223,cAUDv,82
u0,0.019389798084269046,0.008136313994690999,0.0003489773542494469,453.7081683297177,294.75373176854833,1.0112198121664284,2.2369550365327457,copath_syn_mapt_REGION-RF_rank82_region223_cAUDv,223,cAUDv,82
alpha,0.6933614271011806,0.556359771425353,0.026355535058036388,474.84649364276856,452.81189178327196,1.0041909157890019,2.6854795478043694,copath_syn_mapt_REGION-RF_rank78_region224_cVISal,224,cVISal,78
beta,0.5162082649079772,0.4607390611968731,0.017019717472893794,694.6394070513153,791.3270618156955,1.0035971042255565,3.928511520480236,copath_syn_mapt_REGION-RF_rank78_region224_cVISal,224,cVISal,78
gamma,0.0814910633659527,0.062297986385188756,0.0019840916234338903,743.2262699182494,711.4173184808176,1.0039318513807103,4.203293009378178,copath_syn_mapt_REGION-RF_rank78_region224_cVISal,224,cVISal,78
sigma,0.09421271990357566,0.016575405461070666,0.000555441104476919,895.2844080693474,1325.1453153637,1.0028492014304318,5.063253071311771,copath_syn_mapt_REGION-RF_rank78_region224_cVISal,224,cVISal,78
u0,0.014079840541449479,0.00731013788195943,0.00023152354430930325,806.8823641341247,400.6216754410031,1.0021917417672888,4.563298066588196,copath_syn_mapt_REGION-RF_rank78_region224_cVISal,224,cVISal,78
alpha,0.6108017519792039,0.5028181842245163,0.02607661339906641,415.6169595500742,515.5535077723351,1.0096949566642304,2.346964822658209,copath_syn_mapt_REGION-RF_rank103_region225_cVISam,225,cVISam,103
beta,0.43368302767612726,0.6069126568343265,0.027670064364739008,492.79419932531914,626.9090056840058,1.0157192604646874,2.7827802115644804,copath_syn_mapt_REGION-RF_rank103_region225_cVISam,225,cVISam,103
gamma,0.08088431313043308,0.06187816476925174,0.0026548225647199993,371.13512045326183,290.6278829750416,1.0042987352180104,2.095778461734977,copath_syn_mapt_REGION-RF_rank103_region225_cVISam,225,cVISam,103
sigma,0.07273113284614252,0.014687775092648942,0.0007011320268380257,382.5911884380683,786.0605897411723,1.0085489307657063,2.1604702120317603,copath_syn_mapt_REGION-RF_rank103_region225_cVISam,225,cVISam,103
u0,0.011866762836801907,0.006277136445228368,0.00023704655010434918,593.8720773121506,512.8207576225832,1.0027090947389585,3.3535611157913943,copath_syn_mapt_REGION-RF_rank103_region225_cVISam,225,cVISam,103
alpha,0.7242822283598362,0.6086275227965865,0.025568007699297794,661.6245065209074,553.7253230854983,1.0039136474890107,3.5271027039812104,copath_syn_mapt_REGION-RF_rank99_region226_cVISl,226,cVISl,99
beta,0.46715560277143264,0.4197979512103452,0.015690131055434486,798.8959546610245,1089.041291646779,1.0020051414518636,4.258893154822262,copath_syn_mapt_REGION-RF_rank99_region226_cVISl,226,cVISl,99
gamma,0.08566373617532413,0.06317661944494543,0.0013832316271621097,1539.8587555852855,1105.3053937526677,1.0031159604483704,8.20894620293569,copath_syn_mapt_REGION-RF_rank99_region226_cVISl,226,cVISl,99
sigma,0.06916525484105325,0.012536496618414977,0.0003768708123823277,1037.542725074361,906.4977744764819,1.0044734117371268,5.531112761147657,copath_syn_mapt_REGION-RF_rank99_region226_cVISl,226,cVISl,99
u0,0.017332696240785806,0.007044166678891624,0.00020141512546620148,1144.2885327705549,1016.7535462577821,1.0026076821796188,6.100171832045307,copath_syn_mapt_REGION-RF_rank99_region226_cVISl,226,cVISl,99
alpha,0.7504694947144975,0.5819398703324128,0.025786151195973855,634.106445562388,521.3116173767377,1.0077508611545258,3.166321020854204,copath_syn_mapt_REGION-RF_rank92_region227_cVISp,227,cVISp,92
beta,0.47416172250101535,0.44044487333180415,0.015066040290385442,755.5734156820009,630.4794590854194,1.0082556570136276,3.77284918898865,copath_syn_mapt_REGION-RF_rank92_region227_cVISp,227,cVISp,92
gamma,0.08323593090119459,0.06378088159073705,0.0024641971878557405,475.0518628373999,352.71139402623317,1.0039638823326367,2.372104415314631,copath_syn_mapt_REGION-RF_rank92_region227_cVISp,227,cVISp,92
sigma,0.08555438272738078,0.015193445596088609,0.000649378180901117,438.24366647150697,223.1757213810924,1.0092581824326223,2.1883078828733136,copath_syn_mapt_REGION-RF_rank92_region227_cVISp,227,cVISp,92
u0,0.015168791453146258,0.00742196624516045,0.00023725384222962766,818.2780179005732,592.4880019750536,1.0053505033175298,4.085955768330986,copath_syn_mapt_REGION-RF_rank92_region227_cVISp,227,cVISp,92
alpha,0.9755144396782112,0.6269664681724728,0.0206995938293648,871.3244087537718,1091.6613208106687,1.0025366201385475,4.0111977495650635,copath_syn_mapt_REGION-RF_rank38_region228_cVISpl,228,cVISpl,38
beta,0.578163994477429,0.3694891867046078,0.013425366812238172,883.4489703408838,689.087479290947,1.0030470799960778,4.067013945764876,copath_syn_mapt_REGION-RF_rank38_region228_cVISpl,228,cVISpl,38
gamma,0.08458220935946446,0.062430119239042584,0.0015280372882419775,1127.30074057777,873.8585259001288,1.0011950730450718,5.18960119590361,copath_syn_mapt_REGION-RF_rank38_region228_cVISpl,228,cVISpl,38
sigma,0.11673264897582676,0.01998261299047607,0.0005862720582780027,1128.2396013493396,835.4541377852223,1.001934226570593,5.193923301627081,copath_syn_mapt_REGION-RF_rank38_region228_cVISpl,228,cVISpl,38
u0,0.01375132044843514,0.0066738426609762,0.0001850395730831882,1073.4360478061537,789.4034807882507,1.003641404286276,4.941631631117118,copath_syn_mapt_REGION-RF_rank38_region228_cVISpl,228,cVISpl,38
alpha,0.9721318053472953,0.6753471030632278,0.020733001998765647,912.864573062251,1227.2531030546647,1.0031638164510799,5.08528487425423,copath_syn_mapt_REGION-RF_rank59_region229_cVISpm,229,cVISpm,59
beta,0.504475292902372,0.43672804105026014,0.018025901698150625,706.2388883878701,698.0581104239401,1.0072791340706406,3.9342373915128888,copath_syn_mapt_REGION-RF_rank59_region229_cVISpm,229,cVISpm,59
gamma,0.08782793821864675,0.06511386271465813,0.0017335512884561538,1050.6502250918315,974.0207715343905,1.0018945748935948,5.852845926387974,copath_syn_mapt_REGION-RF_rank59_region229_cVISpm,229,cVISpm,59
sigma,0.13762773837182748,0.023899673004428256,0.0007397761471132424,1027.7975697339755,781.8062958695277,1.005562347508255,5.7255408845918945,copath_syn_mapt_REGION-RF_rank59_region229_cVISpm,229,cVISpm,59
u0,0.014503523987088025,0.0069371199084868294,0.00018352217968471967,1234.3228307645184,993.2878647175081,1.0032765459656863,6.876028938418918,copath_syn_mapt_REGION-RF_rank59_region229_cVISpm,229,cVISpm,59
alpha,0.5652886375017813,0.5245947389949424,0.029313736144427435,404.009284896488,334.9627462001183,1.0112681712990343,2.993171317309527,copath_syn_mapt_REGION-RF_rank107_region230_cVISli,230,cVISli,107
beta,0.33576014611965005,0.6045777679308397,0.026499042967185915,542.3613317018694,535.2554106887983,1.0058311938914208,4.018175924060169,copath_syn_mapt_REGION-RF_rank107_region230_cVISli,230,cVISli,107
gamma,0.07881582127621584,0.06161019389872303,0.002922350305659265,370.2538210131013,341.6753618047249,1.0061486530349422,2.743088237352299,copath_syn_mapt_REGION-RF_rank107_region230_cVISli,230,cVISli,107
sigma,0.08027272849819614,0.013899944485448231,0.000754928385193046,304.5216638719236,151.43351451069915,1.0074014599803425,2.2561004013418846,copath_syn_mapt_REGION-RF_rank107_region230_cVISli,230,cVISli,107
u0,0.012791657139808057,0.007521153177853375,0.000405996942351546,293.27139771344383,273.411386387099,1.007045297796641,2.172750896178192,copath_syn_mapt_REGION-RF_rank107_region230_cVISli,230,cVISli,107
alpha,2.2969466269175527,0.7812834506736631,0.025612063721730124,991.3467040781237,541.31668978834,1.0002409861368449,10.03905562667089,copath_syn_mapt_REGION-RF_rank28_region231_cVISpor,231,cVISpor,28
beta,0.38083467982655084,0.09488769566167932,0.0037069141849564785,1076.4713121439593,627.3601185314969,1.0027522121338912,10.901085703591523,copath_syn_mapt_REGION-RF_rank28_region231_cVISpor,231,cVISpor,28
gamma,0.14827673019792723,0.06873645196043288,0.0017754371076841554,1388.2635788899954,1091.4449686606597,1.001795264849809,14.058507720483199,copath_syn_mapt_REGION-RF_rank28_region231_cVISpor,231,cVISpor,28
sigma,0.1304363700959923,0.025928730710686698,0.000726461763987489,1340.2841923645808,1685.1896004656974,1.0004440940393622,13.57263559493849,copath_syn_mapt_REGION-RF_rank28_region231_cVISpor,231,cVISpor,28
u0,0.017928821876978914,0.0068673813685427776,0.00014650016807877666,2002.803950858671,1427.6165025102277,1.001803787472888,20.281764380992932,copath_syn_mapt_REGION-RF_rank28_region231_cVISpor,231,cVISpor,28
alpha,0.6590174438291927,0.5345810398193703,0.030753295057827482,359.3809974655365,413.5204779920531,1.0044352233066718,1.9286718479817988,copath_syn_mapt_REGION-RF_rank109_region232_cACAd,232,cACAd,109
beta,0.4926992304903838,0.46262793995560236,0.017027955965154707,637.978275843165,1075.352947777983,1.0052888268663946,3.4238057908464543,copath_syn_mapt_REGION-RF_rank109_region232_cACAd,232,cACAd,109
gamma,0.08085306151528147,0.0608194269443784,0.0021351747222220453,561.4837333100558,383.3309653717393,1.004667109129427,3.013286392914175,copath_syn_mapt_REGION-RF_rank109_region232_cACAd,232,cACAd,109
sigma,0.0626760488003387,0.01180167579252098,0.0004534327590004059,607.4435301891393,314.03630209073606,1.0114976467416625,3.2599365135515375,copath_syn_mapt_REGION-RF_rank109_region232_cACAd,232,cACAd,109
u0,0.015182955767936658,0.0069492340313926345,0.00026637180599961167,616.5336692051816,448.29680635088545,1.0063600678044995,3.30872010349681,copath_syn_mapt_REGION-RF_rank109_region232_cACAd,232,cACAd,109
alpha,0.8499128334995442,0.588941717768853,0.0206324760985663,701.1902652505827,880.1579061881872,1.0064938049928434,3.3451659260188187,copath_syn_mapt_REGION-RF_rank64_region233_cACAv,233,cACAv,64
beta,0.5576610818603591,0.41289933626819364,0.0158384859727001,751.9635127613004,996.4064147220848,1.0035194503409288,3.587389678890624,copath_syn_mapt_REGION-RF_rank64_region233_cACAv,233,cACAv,64
gamma,0.08921219672897444,0.06591318235946125,0.002212513690107052,728.0856624976562,635.0047586870248,1.0012270174056743,3.4734757028316765,copath_syn_mapt_REGION-RF_rank64_region233_cACAv,233,cACAv,64
sigma,0.08937060379791638,0.016380684607870347,0.0006455725089466176,604.9976158619736,864.2006374741734,1.0068461776550657,2.8862599927579566,copath_syn_mapt_REGION-RF_rank64_region233_cACAv,233,cACAv,64
u0,0.013977280128154634,0.006797119782911471,0.0002762161623645072,450.95000455937435,188.79535092782382,1.0072046879754033,2.151345596691877,copath_syn_mapt_REGION-RF_rank64_region233_cACAv,233,cACAv,64
alpha,0.6497673774254559,0.5830941501784352,0.052984328550719724,156.24133659999907,92.58041060295076,1.0186689303108731,,copath_syn_mapt_REGION-RF_rank127_region234_cPL,234,cPL,127
beta,0.4275770248763785,0.45349646400210225,0.017720054803900747,486.104955757299,593.4793537660997,1.0056971316332854,,copath_syn_mapt_REGION-RF_rank127_region234_cPL,234,cPL,127
gamma,0.08516034010850917,0.06320474931235358,0.002867358288622767,474.6132661202508,704.1191820426263,1.0079657707576197,,copath_syn_mapt_REGION-RF_rank127_region234_cPL,234,cPL,127
u0,0.018590423299807507,0.007021472549524807,0.00031627240405803685,459.9951019606637,586.1236862673636,1.0144496823865625,,copath_syn_mapt_REGION-RF_rank127_region234_cPL,234,cPL,127
sigma,0.04453062277144376,0.009503059211008495,0.0005702453450005988,201.67260517365492,33.0945163736016,1.0102665978275835,,copath_syn_mapt_REGION-RF_rank127_region234_cPL,234,cPL,127
alpha,0.9768245341217469,0.7167350103450756,0.024387035677645493,708.4151706493045,865.0459537509865,1.004044000882014,3.9310972356904497,copath_syn_mapt_REGION-RF_rank63_region235_cILA,235,cILA,63
beta,0.46100401950913783,0.4041536457254237,0.01551929088726465,844.2756453342554,710.6763156980869,1.005467560321985,4.685006466606674,copath_syn_mapt_REGION-RF_rank63_region235_cILA,235,cILA,63
gamma,0.09706733075912809,0.06681544378505583,0.0019203527823643076,872.7018556139972,835.0104261143127,1.0019317003616923,4.842747578431575,copath_syn_mapt_REGION-RF_rank63_region235_cILA,235,cILA,63
sigma,0.10004953020374842,0.01921345567479303,0.0005632087359367791,1097.2509078784658,914.4612219997549,1.001764667984016,6.088802427630659,copath_syn_mapt_REGION-RF_rank63_region235_cILA,235,cILA,63
u0,0.015647750275704787,0.00720655384236994,0.0001972405944645361,1182.621032103294,656.1510549139036,1.0019289580175181,6.56253347300505,copath_syn_mapt_REGION-RF_rank63_region235_cILA,235,cILA,63
alpha,0.52747929456228,0.4866624471046864,0.02769144520373529,434.22406817692524,271.8452148259549,1.0091384215255166,2.3646942088185097,copath_syn_mapt_REGION-RF_rank157_region236_cORBl,236,cORBl,157
beta,0.48729698553003387,0.4692463246132385,0.016375477574206074,637.061653514711,1268.1606110851214,1.0019118123591217,3.4693056261284285,copath_syn_mapt_REGION-RF_rank157_region236_cORBl,236,cORBl,157
gamma,0.0820254595684249,0.057854095731470635,0.0018633492815440214,630.7283653637423,440.24654705693933,1.0087737303784456,3.4348158525047507,copath_syn_mapt_REGION-RF_rank157_region236_cORBl,236,cORBl,157
sigma,0.04086634296066513,0.007680374052697304,0.00030316554934353105,588.0189646689686,378.985675978379,1.0077300781068734,3.2022293150770507,copath_syn_mapt_REGION-RF_rank157_region236_cORBl,236,cORBl,157
u0,0.017123580862145653,0.006805780360208871,0.00026689097137401897,597.8058306199637,464.3279225836352,1.006563307842905,3.255526557060817,copath_syn_mapt_REGION-RF_rank157_region236_cORBl,236,cORBl,157
alpha,1.7664373028274085,1.0409635287155592,0.056417965331171514,345.30096597005627,678.9610169129264,1.0050446237863926,2.2418792386205713,copath_syn_mapt_REGION-RF_rank52_region237_cORBm,237,cORBm,52
beta,0.3425251200730576,0.2795225578484304,0.014063813255413287,571.1199130135586,543.6298191715072,1.008383111961106,3.708017068967353,copath_syn_mapt_REGION-RF_rank52_region237_cORBm,237,cORBm,52
gamma,0.15375917651604123,0.09348721121180972,0.004500188550838054,427.70533870036945,613.0317602979546,1.0141496002707147,2.776892663435782,copath_syn_mapt_REGION-RF_rank52_region237_cORBm,237,cORBm,52
sigma,0.07812848846197,0.01924124064455851,0.0009659817389606134,326.51973563073165,275.1963359806785,1.004658345389518,2.1199414089501674,copath_syn_mapt_REGION-RF_rank52_region237_cORBm,237,cORBm,52
u0,0.017799690725310922,0.00689417394262973,0.00023469034868490679,818.0385514134618,743.5189304205003,1.0075208912064322,5.31114542252431,copath_syn_mapt_REGION-RF_rank52_region237_cORBm,237,cORBm,52
alpha,0.8358504844610538,0.7072444963776526,0.09693707753545708,117.79738526698529,35.789397437749734,1.036748339172868,0.5059829528368117,copath_syn_mapt_REGION-RF_rank79_region238_cORBvl,238,cORBvl,79
beta,0.5118681352215858,0.38371478767818723,0.017336648128557095,150.51835800701278,43.78304517047012,1.0223816217794095,0.6465315258731955,copath_syn_mapt_REGION-RF_rank79_region238_cORBvl,238,cORBvl,79
gamma,0.08218805099211589,0.06307366364369389,0.0031945531969052128,373.70868487089973,578.7248522257948,1.0193737901770084,1.6052157986628512,copath_syn_mapt_REGION-RF_rank79_region238_cORBvl,238,cORBvl,79
sigma,0.06142473339688057,0.01141160603372834,0.0003482906716289412,1055.1708132208885,1309.4663287324731,1.0081149271902512,4.532345455806642,copath_syn_mapt_REGION-RF_rank79_region238_cORBvl,238,cORBvl,79
u0,0.016075544737127592,0.006604926618976524,0.00020050873886962421,1007.2207049973143,910.6555145485725,1.0089831676628216,4.32638216304917,copath_syn_mapt_REGION-RF_rank79_region238_cORBvl,238,cORBvl,79
alpha,0.41319274026829483,0.3244158025613329,0.010258928450452988,NaN,NaN,NaN,NaN,copath_syn_mapt_REGION-RF_rank136_region239_cAId,239,cAId,136
beta,0.5736996778837573,0.5030664868527425,0.015908359129538172,NaN,NaN,NaN,NaN,copath_syn_mapt_REGION-RF_rank136_region239_cAId,239,cAId,136
gamma,0.07645065057213,0.06303725887694052,0.0019934131550479986,NaN,NaN,NaN,NaN,copath_syn_mapt_REGION-RF_rank136_region239_cAId,239,cAId,136
u0,0.017970376389752466,0.008115450236560405,0.00025663306985283156,NaN,NaN,NaN,NaN,copath_syn_mapt_REGION-RF_rank136_region239_cAId,239,cAId,136
sigma,0.03727732735772128,0.007914067757739285,0.00025026479671357797,NaN,NaN,NaN,NaN,copath_syn_mapt_REGION-RF_rank136_region239_cAId,239,cAId,136
alpha,1.1668754993891381,0.7657203531519184,0.024396787873211877,847.6467534843994,885.6391852587963,1.0057932950949096,3.82103415338469,copath_syn_mapt_REGION-RF_rank67_region240_cAIp,240,cAIp,67
beta,0.4412861474157875,0.34790407786613226,0.013195407602695657,928.146592317938,859.9870791960915,1.0053405032460103,4.183912477710833,copath_syn_mapt_REGION-RF_rank67_region240_cAIp,240,cAIp,67
gamma,0.10203134734552599,0.07092193159527833,0.0016594586244822955,1378.6316934623273,890.2419226154619,1.0015404122785974,6.214615656821573,copath_syn_mapt_REGION-RF_rank67_region240_cAIp,240,cAIp,67
sigma,0.07352061249816279,0.013982744939420977,0.0003828173817035664,1317.1834682652461,1042.5794302364302,1.0022039438937447,5.937618468809289,copath_syn_mapt_REGION-RF_rank67_region240_cAIp,240,cAIp,67
u0,0.0172713850673457,0.006776893713264587,0.00016458913514505176,1542.6904554588648,1215.5904155216429,1.0011591100276303,6.954162089547122,copath_syn_mapt_REGION-RF_rank67_region240_cAIp,240,cAIp,67
alpha,0.656751725001594,0.539550299744509,0.01876265614947593,760.2522121592078,1031.9972882232614,1.0080514455915242,3.623388899709309,copath_syn_mapt_REGION-RF_rank115_region241_cAIv,241,cAIv,115
beta,0.4947120808323597,0.43108689050246735,0.015312331613347283,906.1206832536494,1007.8747277652669,1.0049198854793242,4.318603185873706,copath_syn_mapt_REGION-RF_rank115_region241_cAIv,241,cAIv,115
gamma,0.08491938918919863,0.06343723743661615,0.0018467129632673686,810.8705348550318,694.3866491166542,1.0018836946719991,3.8646376138130747,copath_syn_mapt_REGION-RF_rank115_region241_cAIv,241,cAIv,115
sigma,0.05116193342390694,0.009572405589978461,0.00030162330933020896,1017.8586863796457,1406.770135129126,1.0064083640037897,4.851150456012571,copath_syn_mapt_REGION-RF_rank115_region241_cAIv,241,cAIv,115
u0,0.017575589422746694,0.0070121313380214125,0.00019340757762728922,1235.661856922215,929.6211970283033,1.0050502509486883,5.889208060901424,copath_syn_mapt_REGION-RF_rank115_region241_cAIv,241,cAIv,115
alpha,1.0042076804572448,0.6914467412496638,0.028598770827472638,522.9152118972597,615.3038057112539,1.0117920246532326,3.3329203914570327,copath_syn_mapt_REGION-RF_rank51_region242_cRSPagl,242,cRSPagl,51
beta,0.536348396913887,0.46975591884264617,0.023178205669168707,466.32297114783125,510.5769246823566,1.0049681998889999,2.9722167268845925,copath_syn_mapt_REGION-RF_rank51_region242_cRSPagl,242,cRSPagl,51
gamma,0.09106541373139043,0.06635734835600736,0.0029406401010999735,303.139233755787,173.49295336861502,1.004088178879776,1.932127638761119,copath_syn_mapt_REGION-RF_rank51_region242_cRSPagl,242,cRSPagl,51
sigma,0.15179019676152175,0.02630993064019949,0.0010308032958817705,488.01962201249336,305.30411597264634,1.0137746704066635,3.1105053221442076,copath_syn_mapt_REGION-RF_rank51_region242_cRSPagl,242,cRSPagl,51
u0,0.014375014748354413,0.006933935949118005,0.0002338954221445136,802.6358455432248,874.6798910319349,1.0063958938008588,5.115784195337137,copath_syn_mapt_REGION-RF_rank51_region242_cRSPagl,242,cRSPagl,51
alpha,1.0985446640411616,0.6704415792785495,0.021413580485921554,767.9212547166728,1027.1383749702914,1.0044386059001458,4.868210462125958,copath_syn_mapt_REGION-RF_rank37_region243_cRSPd,243,cRSPd,37
beta,0.5158012058431719,0.36428461847954874,0.016224683790722446,624.3689091931907,542.5903810033603,1.0057443269785287,3.958165290114178,copath_syn_mapt_REGION-RF_rank37_region243_cRSPd,243,cRSPd,37
gamma,0.0903755534064883,0.06487984953796543,0.0023226148032214266,559.5269319515534,490.78006311774055,1.0066852207877999,3.5471017988332427,copath_syn_mapt_REGION-RF_rank37_region243_cRSPd,243,cRSPd,37
sigma,0.18939252434552425,0.03298395833877751,0.0013215815720425469,598.5351413873026,810.3913177892808,1.0044111545492074,3.794393004953041,copath_syn_mapt_REGION-RF_rank37_region243_cRSPd,243,cRSPd,37
u0,0.013417252916104086,0.006912779372460309,0.00029579241638540783,523.441174021949,747.1463358603438,1.003327322001762,3.318337373825291,copath_syn_mapt_REGION-RF_rank37_region243_cRSPd,243,cRSPd,37
alpha,1.4070773240504963,0.6275482138279806,0.028716462042289396,342.0162350588527,190.94700340734465,1.0110072486200226,2.887138787618415,copath_syn_mapt_REGION-RF_rank21_region244_cRSPv,244,cRSPv,21
beta,0.5182254233709733,0.3477178278114301,0.026925689334424078,551.413660252405,322.6031722828826,1.0141581885099773,4.654772503017043,copath_syn_mapt_REGION-RF_rank21_region244_cRSPv,244,cRSPv,21
gamma,0.09478882981120448,0.06387423324467903,0.0013625740740360055,1407.5007812523365,993.7149616649549,1.0026072179637195,11.88145381010228,copath_syn_mapt_REGION-RF_rank21_region244_cRSPv,244,cRSPv,21
sigma,0.20174611929460526,0.03583599205264843,0.0015860830025655767,862.9546732822802,408.2145488822286,1.00354904310805,7.284653925159799,copath_syn_mapt_REGION-RF_rank21_region244_cRSPv,244,cRSPv,21
u0,0.013190353277651404,0.006766691091167042,0.0001495538990703922,1675.8670152091004,1247.6378684884337,1.000783342992971,14.14687423147592,copath_syn_mapt_REGION-RF_rank21_region244_cRSPv,244,cRSPv,21
alpha,0.7391169291722829,0.5933956912432734,0.024519379208293356,537.7508690577993,885.302250555351,1.0119950292494424,2.855046530455369,copath_syn_mapt_REGION-RF_rank61_region245_cVISa,245,cVISa,61
beta,0.5004862488065684,0.4744430890245937,0.017765982155404605,701.4443303810763,602.4216132565896,1.0083212214956365,3.7241338266379063,copath_syn_mapt_REGION-RF_rank61_region245_cVISa,245,cVISa,61
gamma,0.08478071965846729,0.06358512601807485,0.0020929879680694026,548.6594649767773,340.6412515782703,1.0055285567237016,2.912962845839827,copath_syn_mapt_REGION-RF_rank61_region245_cVISa,245,cVISa,61
sigma,0.10418637892797275,0.01861711368057037,0.0007501251751006889,577.2335079204215,699.4151410900835,1.0088059980959532,3.0646691969802204,copath_syn_mapt_REGION-RF_rank61_region245_cVISa,245,cVISa,61
u0,0.01597933917662177,0.007316262695282778,0.00024260874774387035,844.8201916633395,760.7526648531696,1.0039004445293715,4.4853501795230155,copath_syn_mapt_REGION-RF_rank61_region245_cVISa,245,cVISa,61
alpha,0.5328197538262313,0.5031848384972042,0.01675347969405118,757.5001546644886,1325.2459081760346,1.0087467453729837,7.69387186698988,copath_syn_mapt_REGION-RF_rank233_region246_cVISrl,246,cVISrl,233
beta,-0.17519642213319245,0.6892692713443925,0.023316043075875904,934.0006739091107,1085.1991067914507,1.0051425408149894,9.486574312214826,copath_syn_mapt_REGION-RF_rank233_region246_cVISrl,246,cVISrl,233
gamma,0.07794111412286917,0.06047373744702651,0.0019675685447206955,664.8323191663281,598.7228980894797,1.0032117086384298,6.752651659807304,copath_syn_mapt_REGION-RF_rank233_region246_cVISrl,246,cVISrl,233
sigma,0.03831210450977142,0.00748369312278524,0.0002629261019514538,761.1871767513024,720.479678924287,1.0067983248577423,7.7313206718937835,copath_syn_mapt_REGION-RF_rank233_region246_cVISrl,246,cVISrl,233
u0,0.010197102857453543,0.006153799697684441,0.00018443337260036884,914.1149100196536,874.179361353146,1.0037890011555306,9.284596110097544,copath_syn_mapt_REGION-RF_rank233_region246_cVISrl,246,cVISrl,233
alpha,1.6671937113642386,1.1097505594539125,0.06316253176925925,306.3891663444616,432.10784464483476,1.0216656169550886,1.6234344819527555,copath_syn_mapt_REGION-RF_rank74_region247_cTEa,247,cTEa,74
beta,0.2991020449590662,0.28722917456591085,0.011359335260537019,842.9679481002306,785.1605999206181,1.0124530576407773,4.466552295091007,copath_syn_mapt_REGION-RF_rank74_region247_cTEa,247,cTEa,74
gamma,0.15103583792678354,0.09618830463643896,0.0045420502198028284,424.8733336575708,587.9625639711692,1.0206768623792162,2.251235017710955,copath_syn_mapt_REGION-RF_rank74_region247_cTEa,247,cTEa,74
sigma,0.05922371788079354,0.01465250248172336,0.0008723626308805819,245.0412481151653,286.63269577265913,1.0332787434065176,1.2983762331976818,copath_syn_mapt_REGION-RF_rank74_region247_cTEa,247,cTEa,74
u0,0.0223893544772044,0.00755428923168037,0.0003255969165168851,523.4309659475447,472.8594617863354,1.0106157694662183,2.773452760029167,copath_syn_mapt_REGION-RF_rank74_region247_cTEa,247,cTEa,74
alpha,2.725042436752403,0.5393920511725112,0.01259834145870433,1832.1575681216245,2166.3593243816904,1.0014646819240722,15.938041565148316,copath_syn_mapt_REGION-RF_rank18_region248_cPERI,248,cPERI,18
beta,0.496227597876795,0.06345605678587599,0.0015286172584190222,1683.868573531226,1924.2763201635253,1.0025964079513872,14.648067274422392,copath_syn_mapt_REGION-RF_rank18_region248_cPERI,248,cPERI,18
gamma,0.10495500360673955,0.039975679565333745,0.0009492698205906826,1703.5721147733657,1517.8567449742204,1.002496942452063,14.81946948608904,copath_syn_mapt_REGION-RF_rank18_region248_cPERI,248,cPERI,18
sigma,0.09573420403168256,0.016564050797216234,0.0003533907863288048,2406.9301988003153,2043.5700145148319,1.000347972722823,20.938020954289204,copath_syn_mapt_REGION-RF_rank18_region248_cPERI,248,cPERI,18
u0,0.016630507044471225,0.006757604528290576,0.00013633974914853024,2226.004303433579,1378.5228738945132,1.0007765031615228,19.364136431069365,copath_syn_mapt_REGION-RF_rank18_region248_cPERI,248,cPERI,18
alpha,2.2417632498435394,0.6080033647707119,0.014838266795275789,1617.3952911495776,901.4224419518321,1.0017449667368765,15.549784559286035,copath_syn_mapt_REGION-RF_rank42_region249_cECT,249,cECT,42
beta,0.3130831755178558,0.05523730131614551,0.001621152230479245,1498.599257585385,1075.6204183240334,1.0030115282542078,14.407668752142836,copath_syn_mapt_REGION-RF_rank42_region249_cECT,249,cECT,42
gamma,0.1493237824173166,0.0641232526979925,0.0016612055938988294,1379.660514800048,1059.7456610159552,1.001914521041167,13.264180925645087,copath_syn_mapt_REGION-RF_rank42_region249_cECT,249,cECT,42
sigma,0.06966392327204877,0.013016492948481242,0.0002945785040597484,2299.9110156060265,2006.1938441885916,1.001509766630042,22.111552441075496,copath_syn_mapt_REGION-RF_rank42_region249_cECT,249,cECT,42
u0,0.019635535391895692,0.006719999313233483,0.0001338493461935487,2347.3400099628184,1911.9557080942784,1.001142431261182,22.567539080920053,copath_syn_mapt_REGION-RF_rank42_region249_cECT,249,cECT,42
alpha,0.820065403592876,0.6124553268698939,0.010900790094168606,2189.257929425979,994.0107135161617,1.0020363153702299,31.78272886132776,copath_syn_mapt_REGION-RF_rank1_region250_cMOB,250,cMOB,389
beta,-0.03702066122214453,1.0095961952166599,0.019122487276007183,2807.359055980462,2244.3615454387277,1.0010991652763255,40.75606190268084,copath_syn_mapt_REGION-RF_rank1_region250_cMOB,250,cMOB,389
gamma,0.0811311235463055,0.06158440061101639,0.0011268378282816769,1935.8636514996679,955.105473125811,0.9999910477168098,28.10405695972341,copath_syn_mapt_REGION-RF_rank1_region250_cMOB,250,cMOB,389
sigma,1.6918151831578891,2.315196053492288,0.046982958233825076,2690.7539127873642,2223.9343098319764,1.0007631773602659,39.06323731580622,copath_syn_mapt_REGION-RF_rank1_region250_cMOB,250,cMOB,389
u0,0.007934691078855818,0.005902156521983632,0.00011336962472537486,1962.7724968830903,1343.7812291545981,1.0003362829223166,28.49470829655193,copath_syn_mapt_REGION-RF_rank1_region250_cMOB,250,cMOB,389
alpha,2.690985760882636,0.5483224277659199,0.012405347136198145,1957.3767741461286,2254.8968031805766,1.000680076653271,20.00487274920669,copath_syn_mapt_REGION-RF_rank45_region251_cAON,251,cAON,45
beta,0.3018981483871693,0.04402294064671405,0.0011261320340771438,1511.707586534718,1728.021096607209,1.0021441093480465,15.450023879960327,copath_syn_mapt_REGION-RF_rank45_region251_cAON,251,cAON,45
gamma,0.23464765067457885,0.0643031286668171,0.001630847008000359,1550.2064219865802,1564.2144893702423,1.0025764808363147,15.843491460847055,copath_syn_mapt_REGION-RF_rank45_region251_cAON,251,cAON,45
sigma,0.05112580086831187,0.009892653300676433,0.00021759402847772885,2069.6224394657957,1862.4856715072165,1.0018371212036477,21.15205109577184,copath_syn_mapt_REGION-RF_rank45_region251_cAON,251,cAON,45
u0,0.018253716981211674,0.006366145549340985,0.0001353210710436383,2021.5008321883138,1258.0172760924384,1.000687282363717,20.660236416662208,copath_syn_mapt_REGION-RF_rank45_region251_cAON,251,cAON,45
alpha,2.2918022881184785,0.6755872096090727,0.01912645444211701,1367.014568001998,712.841852747232,1.0042307235238344,12.709321011547024,copath_syn_mapt_REGION-RF_rank36_region252_cTT,252,cTT,36
beta,0.3110499242608938,0.08703398328994941,0.004690037705384289,1611.2420800243374,1043.0224020210048,1.0014938164347968,14.97993752346911,copath_syn_mapt_REGION-RF_rank36_region252_cTT,252,cTT,36
gamma,0.18144153492574105,0.07652065116313425,0.0023487436709383937,1080.8141554313477,698.2450497669605,1.0038619111114178,10.04847671468341,copath_syn_mapt_REGION-RF_rank36_region252_cTT,252,cTT,36
sigma,0.08067512593073738,0.017422153283785338,0.0004903396313554289,1399.5759614621272,1526.2119564244153,1.002889893370095,13.012048730588761,copath_syn_mapt_REGION-RF_rank36_region252_cTT,252,cTT,36
u0,0.016809140845803525,0.006431551867700763,0.00013126667003399628,2266.283497557097,1412.9746764490933,1.001654628998746,21.06994698361005,copath_syn_mapt_REGION-RF_rank36_region252_cTT,252,cTT,36
alpha,0.8531563378833621,0.6077186072354434,0.018334303094390336,906.3742608070751,986.4452562177524,1.0042170828527146,3.9222548447847116,copath_syn_mapt_REGION-RF_rank70_region253_cDP,253,cDP,70
beta,0.5286676905258296,0.41111991615962173,0.014906780448210193,939.069235077224,915.333911295459,1.0027873899064115,4.063739468495246,copath_syn_mapt_REGION-RF_rank70_region253_cDP,253,cDP,70
gamma,0.08577077927663415,0.06388637437435779,0.0016820872480481433,883.9264318231986,515.4265243142863,1.0030254518941732,3.8251138404621616,copath_syn_mapt_REGION-RF_rank70_region253_cDP,253,cDP,70
sigma,0.0781273806139156,0.014383990434231895,0.00040543083631301913,1218.1862955218835,1023.5365139716799,1.0025355833698442,5.271593982828325,copath_syn_mapt_REGION-RF_rank70_region253_cDP,253,cDP,70
u0,0.015619104794813297,0.0067288862659969995,0.00017733362395597457,1305.9607084387244,987.5045177547677,1.001192797508525,5.651430029810348,copath_syn_mapt_REGION-RF_rank70_region253_cDP,253,cDP,70
alpha,2.5449252056311327,0.5617683365701999,0.013833865785152508,1631.490318679547,1767.3128778417733,1.000536585867469,14.333321490705442,copath_syn_mapt_REGION-RF_rank27_region254_cPIR,254,cPIR,27
beta,0.34947572568764984,0.04702124825459771,0.0012018261754631295,1570.2465248161984,1866.9686118130207,1.001646737227427,13.795269271392035,copath_syn_mapt_REGION-RF_rank27_region254_cPIR,254,cPIR,27
gamma,0.15953456787023593,0.05206626611289539,0.0013119539859903608,1579.626417863182,1874.4091764081836,1.0020717844814706,13.877675535806564,copath_syn_mapt_REGION-RF_rank27_region254_cPIR,254,cPIR,27
sigma,0.052920537671915,0.009547184391019333,0.00018941449032252493,2686.5202026377483,2287.5150247901047,1.001749715383225,23.60219813430923,copath_syn_mapt_REGION-RF_rank27_region254_cPIR,254,cPIR,27
u0,0.019524781465306874,0.0065704592363713,0.00013078948371379056,2308.426076450162,1258.648141253249,1.0017830101107421,20.280483869537992,copath_syn_mapt_REGION-RF_rank27_region254_cPIR,254,cPIR,27
alpha,2.6536121949707807,0.5172798986852661,0.0125307787675971,1716.6469281143768,1904.0656097812655,1.002460919124941,15.172097115333218,copath_syn_mapt_REGION-RF_rank39_region255_cCOAp,255,cCOAp,39
beta,0.31306193145896477,0.03928012105613978,0.0009123278362084882,1824.0100770663446,2133.5150518797236,1.002239792609261,16.120995864301072,copath_syn_mapt_REGION-RF_rank39_region255_cCOAp,255,cCOAp,39
gamma,0.24886472017752517,0.0587040936006584,0.001341078834465995,1906.6145887570115,2184.504300916729,1.0015674604149123,16.85107241819799,copath_syn_mapt_REGION-RF_rank39_region255_cCOAp,255,cCOAp,39
sigma,0.04126173031979488,0.007448553731856958,0.00016270432016343144,2251.6035989969746,1913.1483478604946,1.0010671298336962,19.90015996285275,copath_syn_mapt_REGION-RF_rank39_region255_cCOAp,255,cCOAp,39
u0,0.01488264235404288,0.005495784272188364,0.00011134765868317936,2146.452828681768,1400.8139250169772,1.000754974336476,18.97081469514135,copath_syn_mapt_REGION-RF_rank39_region255_cCOAp,255,cCOAp,39
alpha,0.9364955668137164,0.6343561749490939,0.023463399845269794,678.8369521403808,1030.7016497967443,1.0015816254496608,3.266418789741178,copath_syn_mapt_REGION-RF_rank66_region256_cPAA,256,cPAA,66
beta,0.5267025358495432,0.37883546454653977,0.01460352090785066,707.172655525416,999.785449405865,1.0033793554529433,3.4027641576024594,copath_syn_mapt_REGION-RF_rank66_region256_cPAA,256,cPAA,66
gamma,0.08696718338447171,0.06630068560300899,0.0018718467952573861,870.4978432962517,725.1683951462874,1.0078278173622546,4.1886501652668455,copath_syn_mapt_REGION-RF_rank66_region256_cPAA,256,cPAA,66
sigma,0.083399729625343,0.013598054502391177,0.00043447592918165146,874.0236718000602,686.6743794116528,1.0049243449003131,4.205615700861118,copath_syn_mapt_REGION-RF_rank66_region256_cPAA,256,cPAA,66
u0,0.013497047207498954,0.0060788882614850595,0.00016365278039896772,1209.2561192912297,960.9622862138622,1.00217882857319,5.818682818028946,copath_syn_mapt_REGION-RF_rank66_region256_cPAA,256,cPAA,66
alpha,2.31045006990384,0.4239128966024372,0.011207443893271182,1371.3459959845397,1596.6082803848255,1.0025445913070623,10.722771703908325,copath_syn_mapt_REGION-RF_rank16_region257_cTR,257,cTR,16
beta,0.5800346629553684,0.06775542848248062,0.0017338376507986647,1560.502761549491,1697.414936684696,1.001003138090926,12.201818435616978,copath_syn_mapt_REGION-RF_rank16_region257_cTR,257,cTR,16
gamma,0.15493416849254515,0.04127627055413862,0.0010603399346370023,1539.2647254783244,1832.5632266377581,1.0017682243481971,12.035754865301893,copath_syn_mapt_REGION-RF_rank16_region257_cTR,257,cTR,16
sigma,0.07941595772288346,0.012741897948884279,0.0003166005996359776,1523.0770124336868,1168.831640093384,1.0029878460388937,11.909180571218355,copath_syn_mapt_REGION-RF_rank16_region257_cTR,257,cTR,16
u0,0.014489177137829575,0.006472155412519974,0.00014703176709000363,1740.351146444807,1205.727242695644,1.002267547818278,13.608081463471292,copath_syn_mapt_REGION-RF_rank16_region257_cTR,257,cTR,16
alpha,1.460388456180995,0.29673282388955263,0.0130996541833738,515.3599616458578,760.9068224742746,1.0041826319442435,3.2068295820708355,copath_syn_mapt_REGION-RF_rank7_region258_cCA1,258,cCA1,7
beta,1.2229044961424187,0.14285311797001415,0.00415473952328969,1177.3747292514117,1214.602702918138,1.0080869430120107,7.326219326173793,copath_syn_mapt_REGION-RF_rank7_region258_cCA1,258,cCA1,7
gamma,0.16787372954285212,0.04002549897122673,0.001142292121852736,1221.442645684243,1402.9561781385635,1.0069925892975427,7.60043212606945,copath_syn_mapt_REGION-RF_rank7_region258_cCA1,258,cCA1,7
sigma,0.15054424794461682,0.02688241411201286,0.0012898703854129262,261.41282163932163,56.750014597372434,1.0142991304088393,1.6266424091005471,copath_syn_mapt_REGION-RF_rank7_region258_cCA1,258,cCA1,7
u0,0.009576659232984081,0.0062042235022783,0.00025517832225511057,335.8008793600063,139.82236317157697,1.0105904498974119,2.0895224188119146,copath_syn_mapt_REGION-RF_rank7_region258_cCA1,258,cCA1,7
alpha,2.2087658688155036,0.5040414556583213,0.01805123272730083,670.0773725034287,520.7509799627632,1.0030220701737302,6.2986668343306205,copath_syn_mapt_REGION-RF_rank6_region259_cCA2,259,cCA2,6
beta,1.153632778230157,0.12169020369598221,0.005207501861137825,720.9784698699531,455.8912881278486,1.0067849791588197,6.777132556305018,copath_syn_mapt_REGION-RF_rank6_region259_cCA2,259,cCA2,6
gamma,0.15304454282522562,0.03537320901620992,0.0014036209820216627,714.5564455483704,505.25179773505005,1.0028218504385338,6.716766107200053,copath_syn_mapt_REGION-RF_rank6_region259_cCA2,259,cCA2,6
sigma,0.18479582930816277,0.03132582550104342,0.0007547536375993603,1850.841661673718,2004.7980033725858,1.0025721915753882,17.397744601384776,copath_syn_mapt_REGION-RF_rank6_region259_cCA2,259,cCA2,6
u0,0.011113753437975623,0.0061025651328809865,0.00013070577208511037,1674.336184479234,940.5309468072269,1.001941692363632,15.73860904345798,copath_syn_mapt_REGION-RF_rank6_region259_cCA2,259,cCA2,6
alpha,1.5170109847950506,0.4340184997540872,0.017421333797861326,552.0394359237058,614.1113022523186,1.0017213361329447,5.319067648732532,copath_syn_mapt_REGION-RF_rank2_region260_cCA3,260,cCA3,2
beta,2.3999742698942508,0.1949399450437879,0.0064871791370862434,935.7331465607348,1094.5769547573836,1.0027087004110773,9.01607309881712,copath_syn_mapt_REGION-RF_rank2_region260_cCA3,260,cCA3,2
gamma,0.17999026616888397,0.028398721087991564,0.0011880082999860913,625.303106844592,497.1272072437138,1.0060991817064897,6.0249853721115,copath_syn_mapt_REGION-RF_rank2_region260_cCA3,260,cCA3,2
sigma,0.2924427227633047,0.047327462180540195,0.001186027067571844,1632.5250064895176,1884.6174823421463,1.0004034950036438,15.729874321814497,copath_syn_mapt_REGION-RF_rank2_region260_cCA3,260,cCA3,2
u0,0.008807697830716757,0.00613897995024823,0.0001339557452680179,1354.6304097100071,755.7214956762203,1.0013404732608413,13.052275470540128,copath_syn_mapt_REGION-RF_rank2_region260_cCA3,260,cCA3,2
alpha,1.0079789072159544,0.26013162912950666,0.01402597821275953,299.83767507610304,535.5270646457274,1.017991852369643,1.5665745809814315,copath_syn_mapt_REGION-RF_rank1_region261_cDG,261,cDG,1
beta,2.6460984116956805,0.20999623473990311,0.013461425749165201,257.99486177770655,111.91950451629535,1.0191002392073865,1.3479566648260242,copath_syn_mapt_REGION-RF_rank1_region261_cDG,261,cDG,1
gamma,0.08707614315696119,0.020939808391958834,0.0012894320822633516,262.3216145266172,243.0761602975471,1.0184080965930704,1.3705628328898427,copath_syn_mapt_REGION-RF_rank1_region261_cDG,261,cDG,1
sigma,0.2026086269457063,0.03479828035107779,0.0015473340455866833,474.03176712375796,871.3327286849561,1.009985969167208,2.4766938202989492,copath_syn_mapt_REGION-RF_rank1_region261_cDG,261,cDG,1
u0,0.008707464463672833,0.005982953403449852,0.00022191122116760838,567.5978306590447,413.157866735621,1.0057838882471086,2.965552389321905,copath_syn_mapt_REGION-RF_rank1_region261_cDG,261,cDG,1
alpha,2.2699901391964903,0.7447554632851128,0.020890523275231786,1268.6954643838383,766.9829152536867,1.0017231963802102,12.688857972534263,copath_syn_mapt_REGION-RF_rank19_region262_cFC,262,cFC,19
beta,0.48763076576070136,0.12819760097020752,0.006168842865762842,1116.6792619672308,803.5521652288407,1.0028427824540402,11.168467889855787,copath_syn_mapt_REGION-RF_rank19_region262_cFC,262,cFC,19
gamma,0.0974077774055662,0.05489359193279947,0.0013919554311498247,1106.486082359659,754.6830257471909,1.0024210502688866,11.066520801716846,copath_syn_mapt_REGION-RF_rank19_region262_cFC,262,cFC,19
sigma,0.16959299579113554,0.031735720517235236,0.0007491851602359702,1949.1734761309372,2206.8496452163245,1.002294590184747,19.494658960153394,copath_syn_mapt_REGION-RF_rank19_region262_cFC,262,cFC,19
u0,0.01702507782942007,0.006945782018927346,0.00014632874458000953,2048.7116112178646,1622.585954029159,1.0010276028384815,20.49018964062474,copath_syn_mapt_REGION-RF_rank19_region262_cFC,262,cFC,19
alpha,0.8189311190505503,0.6262179884899708,0.04680121284322225,248.2338300730458,181.52321952822075,1.0195482923229735,1.3361061746015417,copath_syn_mapt_REGION-RF_rank56_region263_cIG,263,cIG,56
beta,0.536644860799476,0.5117924137035276,0.020244849145073386,474.4186495833869,388.56016411209856,1.005963636392879,2.5535346526618206,copath_syn_mapt_REGION-RF_rank56_region263_cIG,263,cIG,56
gamma,0.08465460924595314,0.06529864434604826,0.0037047775877930727,277.87625221488673,534.3442143911393,1.022183581250961,1.4956550291722694,copath_syn_mapt_REGION-RF_rank56_region263_cIG,263,cIG,56
sigma,0.13868054971201843,0.027159963452202805,0.0021606072417430207,125.36140510760008,129.89275585449843,1.043014508656948,0.6747514928634101,copath_syn_mapt_REGION-RF_rank56_region263_cIG,263,cIG,56
u0,0.012750892049797537,0.007005738832404255,0.0003547543545396401,366.43450568821663,357.3804484010924,1.0057648139680735,1.9723153991259799,copath_syn_mapt_REGION-RF_rank56_region263_cIG,263,cIG,56
alpha,2.338011111836093,0.4465302656890779,0.01409223117816491,1132.5676146524725,597.716769104724,1.002389434542379,8.746033550735337,copath_syn_mapt_REGION-RF_rank10_region264_cENTl,264,cENTl,10
beta,0.7072475442912527,0.08337211454798432,0.00234740896647828,1260.2458713567835,1621.8822635606011,1.0019754705109631,9.732004103299614,copath_syn_mapt_REGION-RF_rank10_region264_cENTl,264,cENTl,10
gamma,0.11099506066767913,0.03546535274466769,0.0009575351778235888,1335.0455029948696,1699.7766197670194,1.0023506373548756,10.309629738560327,copath_syn_mapt_REGION-RF_rank10_region264_cENTl,264,cENTl,10
sigma,0.10559988959824192,0.017623790163831102,0.0003576865757159338,2470.6573362217478,2193.3295566682546,1.0009309486103037,19.079171676294433,copath_syn_mapt_REGION-RF_rank10_region264_cENTl,264,cENTl,10
u0,0.01313149264944965,0.006520045750989224,0.00019913296470892096,695.8673176269591,237.53251513696674,1.004773673653976,5.373700278983429,copath_syn_mapt_REGION-RF_rank10_region264_cENTl,264,cENTl,10
alpha,1.930721951651825,0.42104762279645497,0.010061553691282688,1786.0157755549149,1854.280008411498,1.001098659739718,15.095940153957914,copath_syn_mapt_REGION-RF_rank11_region265_cENTm,265,cENTm,11
beta,0.6977056944610486,0.10319057944505731,0.0023859897488541304,1866.1323790117622,1878.64989201029,1.000985199260998,15.773109677137054,copath_syn_mapt_REGION-RF_rank11_region265_cENTm,265,cENTm,11
gamma,0.14766028848754967,0.0516478054979958,0.00116349194685249,1915.1610296961771,1783.7946868799856,1.0011920642049896,16.1875145142563,copath_syn_mapt_REGION-RF_rank11_region265_cENTm,265,cENTm,11
sigma,0.1378746915981219,0.023380205758328915,0.00047443812113837796,2423.602385766969,1953.6853995462197,1.0024977932789583,20.485013107546795,copath_syn_mapt_REGION-RF_rank11_region265_cENTm,265,cENTm,11
u0,0.012107327519936841,0.006150474652011573,0.00013143972015479676,1738.8176706562288,1558.9275456086548,1.0002654981427175,14.697007637973043,copath_syn_mapt_REGION-RF_rank11_region265_cENTm,265,cENTm,11
alpha,2.1263680128950684,0.552672241302934,0.013150331641025312,1680.5200723595894,1591.380994102081,1.0008073561831274,16.304489840591334,copath_syn_mapt_REGION-RF_rank22_region266_cPAR,266,cPAR,22
beta,0.43159955150076207,0.0738679018840674,0.001991369964493759,1457.2552385350318,1740.366991905054,1.0023624611757638,14.138363249944522,copath_syn_mapt_REGION-RF_rank22_region266_cPAR,266,cPAR,22
gamma,0.1340004631956243,0.06174887785097145,0.001630576689392767,1382.0369463798324,1008.936791772773,1.0027386371285607,13.408591615292686,copath_syn_mapt_REGION-RF_rank22_region266_cPAR,266,cPAR,22
sigma,0.11001793099129252,0.019010200800993495,0.00038436585193064334,2481.3212314551893,2433.2781405930996,1.0024092305206787,24.073902760768686,copath_syn_mapt_REGION-RF_rank22_region266_cPAR,266,cPAR,22
u0,0.015676854820093632,0.006447583088291292,0.0001279912450234227,2265.911726363263,1992.7912774169163,1.0012547968419867,21.983988962591447,copath_syn_mapt_REGION-RF_rank22_region266_cPAR,266,cPAR,22
alpha,1.963564113109282,0.5953910663625007,0.014080405653181026,1683.8339653068113,1225.5577773066407,1.0014427109185062,15.926996890966983,copath_syn_mapt_REGION-RF_rank15_region267_cPOST,267,cPOST,15
beta,0.5252392875463997,0.09298050433410078,0.00249597728005144,1601.8663292901376,1127.8122285010636,1.0051622829668159,15.151683937970693,copath_syn_mapt_REGION-RF_rank15_region267_cPOST,267,cPOST,15
gamma,0.07867134279646004,0.05142874929772774,0.0012744904843176358,1489.0267592605496,1202.845820062083,1.0015389310830398,14.084360485618411,copath_syn_mapt_REGION-RF_rank15_region267_cPOST,267,cPOST,15
sigma,0.15808711480741436,0.026420895883112812,0.0005841697769281073,1993.6926784944287,2196.3977315980087,1.0015285246646344,18.857878951348148,copath_syn_mapt_REGION-RF_rank15_region267_cPOST,267,cPOST,15
u0,0.015605314507265542,0.006540980194223406,0.00013499950018950924,2091.605853194655,1544.9636268287843,1.0004864344481124,19.78401707491965,copath_syn_mapt_REGION-RF_rank15_region267_cPOST,267,cPOST,15
alpha,2.207910426568588,0.5959997233134244,0.013380425816042523,1955.2946788158347,1791.3981961103277,1.0012743407040752,19.788629363882183,copath_syn_mapt_REGION-RF_rank20_region268_cPRE,268,cPRE,20
beta,0.5022419992861337,0.08909090208265737,0.0021868262564307566,1749.238089225803,1663.182471726178,1.0009134701868587,17.70322631770186,copath_syn_mapt_REGION-RF_rank20_region268_cPRE,268,cPRE,20
gamma,0.11344209764998771,0.05628133146872495,0.0012666218519707172,1841.515858647415,1505.8234660876117,1.0007403033139832,18.63712676626031,copath_syn_mapt_REGION-RF_rank20_region268_cPRE,268,cPRE,20
sigma,0.17837694549363356,0.031470224146117005,0.0007240967205057167,2039.6580773502385,2040.049515999688,1.0016125090569605,20.642432140293277,copath_syn_mapt_REGION-RF_rank20_region268_cPRE,268,cPRE,20
u0,0.015637324471346355,0.006744081392914252,0.00014457771953397684,1782.718835074372,1136.567705660558,1.0002064721748556,18.04206939726515,copath_syn_mapt_REGION-RF_rank20_region268_cPRE,268,cPRE,20
alpha,2.146817537601756,0.45867107250985734,0.011360829294406327,1596.0292871855659,1638.6882846542437,1.0015446264464545,13.10573313723459,copath_syn_mapt_REGION-RF_rank12_region269_cSUB,269,cSUB,12
beta,0.6289589674711444,0.08784740299403239,0.002232402381519515,1551.617455643687,1773.7807460267975,1.002253622105366,12.741047089806184,copath_syn_mapt_REGION-RF_rank12_region269_cSUB,269,cSUB,12
gamma,0.0795754585534543,0.04100098834964707,0.0010335534832258968,1461.0007295765156,1283.5311628602542,1.001875021555407,11.996951327189919,copath_syn_mapt_REGION-RF_rank12_region269_cSUB,269,cSUB,12
sigma,0.14388603070981584,0.02462576518005077,0.0004957798248421979,2752.2571908677714,2200.293503396845,1.0016909989305243,22.600054120657337,copath_syn_mapt_REGION-RF_rank12_region269_cSUB,269,cSUB,12
u0,0.013769295957703683,0.006625620500387834,0.00014626852268123796,1784.085659256849,1364.325034078004,1.00122709476385,14.649950807242911,copath_syn_mapt_REGION-RF_rank12_region269_cSUB,269,cSUB,12
alpha,2.1053502959640493,0.5015827547784639,0.01458420678151417,1081.822427905879,668.2774907892056,1.0018287079068218,10.17860099267885,copath_syn_mapt_REGION-RF_rank13_region270_cProS,270,cProS,13
beta,0.6467028372740119,0.10821526791178444,0.0036778051733448737,1110.154530506111,631.9606958104795,1.003074748545953,10.445170773645243,copath_syn_mapt_REGION-RF_rank13_region270_cProS,270,cProS,13
gamma,0.09824349291796657,0.05122439317858128,0.0016763822192345718,1172.4525013182524,665.5961799208727,1.0030314973155046,11.031317049774682,copath_syn_mapt_REGION-RF_rank13_region270_cProS,270,cProS,13
sigma,0.17872233372253185,0.029521505524815823,0.0006358213795844485,2234.941859375197,1988.264300069095,1.0020934030726898,21.02801794602383,copath_syn_mapt_REGION-RF_rank13_region270_cProS,270,cProS,13
u0,0.013821492161076436,0.00670813398050048,0.0001456569939976618,1893.4622264906395,1480.6033625583084,1.0015404482956676,17.815120116768654,copath_syn_mapt_REGION-RF_rank13_region270_cProS,270,cProS,13
alpha,2.292516883695796,0.5604680657608413,0.014758522986181728,1526.3671018893292,961.2637684928496,1.0023905437219371,15.353797812050026,copath_syn_mapt_REGION-RF_rank25_region271_cHATA,271,cHATA,25
beta,0.3874100261966051,0.07609176610607267,0.002087937869682959,1498.9613011718056,1405.9608873644606,1.0022753178781054,15.0781215854245,copath_syn_mapt_REGION-RF_rank25_region271_cHATA,271,cHATA,25
gamma,0.19209256731803007,0.07172862841036398,0.0018135577843288136,1564.0082436880668,977.3523797907361,1.0011833751367252,15.732431811614848,copath_syn_mapt_REGION-RF_rank25_region271_cHATA,271,cHATA,25
sigma,0.11221232913363192,0.021629912876389486,0.0005257339232475475,1991.5185811157069,1689.827102985417,1.000473295389271,20.032778219304387,copath_syn_mapt_REGION-RF_rank25_region271_cHATA,271,cHATA,25
u0,0.014388829566757537,0.006317626890009276,0.0001262286341731544,2205.2966669906345,1479.8872317405435,1.0027191217376163,22.18318194794076,copath_syn_mapt_REGION-RF_rank25_region271_cHATA,271,cHATA,25
alpha,1.2590540490689441,0.7003320186632096,0.023007576697185294,671.5877080446585,534.1462934168107,1.0041194064142291,5.109578794743173,copath_syn_mapt_REGION-RF_rank31_region272_cAPr,272,cAPr,31
beta,0.5218031731511502,0.30684251149213737,0.01569973516844401,688.483546026031,355.830124290441,1.006485058947764,5.238125839953978,copath_syn_mapt_REGION-RF_rank31_region272_cAPr,272,cAPr,31
gamma,0.09935379384653062,0.06723262744629534,0.0014435832917121252,1521.337545394402,850.5770886423393,1.0002214198104202,11.574652079660993,copath_syn_mapt_REGION-RF_rank31_region272_cAPr,272,cAPr,31
sigma,0.19030144215180916,0.03310183029018831,0.0008382658719981975,1578.9152310792792,1955.646473681061,1.002014518697279,12.012715073223514,copath_syn_mapt_REGION-RF_rank31_region272_cAPr,272,cAPr,31
u0,0.012694963028925298,0.006657521154155276,0.00016191617284385998,1323.856038873299,884.0787721618601,1.0006028002726353,10.072171754325637,copath_syn_mapt_REGION-RF_rank31_region272_cAPr,272,cAPr,31
alpha,1.3144032937428416,0.7886026425986657,0.029003274721572794,590.053884002882,429.5070222889186,1.0029832170617845,4.094269822455935,copath_syn_mapt_REGION-RF_rank49_region273_cCLA,273,cCLA,49
beta,0.46425381329300675,0.3461066794508148,0.016500925895938708,673.9325639474293,396.81626240744913,1.0050951108920398,4.676287765825194,copath_syn_mapt_REGION-RF_rank49_region273_cCLA,273,cCLA,49
gamma,0.10603883627187932,0.07058961870908921,0.0018323209010852515,1052.8634127375547,564.4542632935598,1.0051429789302309,7.305615664616629,copath_syn_mapt_REGION-RF_rank49_region273_cCLA,273,cCLA,49
sigma,0.11807379378122593,0.02321759597489282,0.0008020611322555278,902.838601039644,1060.0500872943169,1.0087724045517696,6.264622501437333,copath_syn_mapt_REGION-RF_rank49_region273_cCLA,273,cCLA,49
u0,0.015810570554782258,0.007097588940298347,0.00018899385313523825,1185.577761259524,884.019307538423,1.0035598221904727,8.22649487055326,copath_syn_mapt_REGION-RF_rank49_region273_cCLA,273,cCLA,49
alpha,2.3154162012160544,0.48581406127172433,0.012737667979896429,1420.9326215370793,1775.724634256368,1.0024503148281119,12.922503333428029,copath_syn_mapt_REGION-RF_rank24_region274_cEP,274,cEP,24
beta,0.41425768496751036,0.05801120475371069,0.0014895269231887723,1523.0947643142774,1874.7647285474236,1.0009740189018461,13.851604833793607,copath_syn_mapt_REGION-RF_rank24_region274_cEP,274,cEP,24
gamma,0.18865721295402313,0.05734767959801742,0.0014719852978453411,1492.038323295886,1779.8983575862812,1.0015490600410537,13.56916571141605,copath_syn_mapt_REGION-RF_rank24_region274_cEP,274,cEP,24
sigma,0.07018602057903228,0.012502843559198727,0.0002695749053820112,2316.735600358564,2180.394798502716,1.0015686196842306,21.069277363707634,copath_syn_mapt_REGION-RF_rank24_region274_cEP,274,cEP,24
u0,0.014954769247267161,0.005880612640706302,0.00012353061642826415,2044.4586170163932,1363.4146463970862,1.0044480472720456,18.593086605944027,copath_syn_mapt_REGION-RF_rank24_region274_cEP,274,cEP,24
alpha,0.6696161387845149,0.512534986296362,0.03553661769255404,247.72493399732687,223.42665222145115,1.014956870625176,,copath_syn_mapt_REGION-RF_rank98_region275_cLA,275,cLA,98
beta,0.427086844166013,0.4992433123812243,0.02836576381742853,313.04286145808993,346.7146888030345,1.0062830960430011,,copath_syn_mapt_REGION-RF_rank98_region275_cLA,275,cLA,98
gamma,0.08541022189290307,0.06313731377533152,0.0035977815524100235,273.56683777174015,239.01047143099464,1.0239443649420576,,copath_syn_mapt_REGION-RF_rank98_region275_cLA,275,cLA,98
u0,0.012911824117326918,0.006741781177286381,0.0003370514874295856,334.5414874676123,409.7472287204985,1.0118588113069877,,copath_syn_mapt_REGION-RF_rank98_region275_cLA,275,cLA,98
sigma,0.0883943321600102,0.015399576531910236,0.0008433160696966058,354.25187911772787,420.9873000842519,1.0067045139110042,,copath_syn_mapt_REGION-RF_rank98_region275_cLA,275,cLA,98
alpha,2.3949118782235477,0.5239018761792242,0.011506979395678397,2052.296265653886,2164.593163257691,0.9999712004630374,18.42111359531358,copath_syn_mapt_REGION-RF_rank35_region276_cBLA,276,cBLA,35
beta,0.3293035056879613,0.04764896716963624,0.001122463076265121,1788.2183368313283,1816.549719965388,1.000012234406971,16.050788410657287,copath_syn_mapt_REGION-RF_rank35_region276_cBLA,276,cBLA,35
gamma,0.1870906570983443,0.06078389442473979,0.001366899866589853,1945.13595213869,1978.9437399335484,1.0004106628951879,17.45925816478494,copath_syn_mapt_REGION-RF_rank35_region276_cBLA,276,cBLA,35
sigma,0.05385653658304045,0.009428116294733732,0.00018331490409543655,2847.694658797221,2157.580195568897,1.0030201327968635,25.56049419977759,copath_syn_mapt_REGION-RF_rank35_region276_cBLA,276,cBLA,35
u0,0.016906346227924068,0.005903350929613173,0.00010352859787186508,2966.6894072242753,1924.5661091434465,1.0011213630521758,26.628573801492465,copath_syn_mapt_REGION-RF_rank35_region276_cBLA,276,cBLA,35
alpha,2.2380570392643335,0.7070605940141618,0.02234643188156452,1129.9161193273515,544.5354898093541,1.0045730608935382,10.550497864788147,copath_syn_mapt_REGION-RF_rank44_region277_cBMA,277,cBMA,44
beta,0.30168502221484267,0.0899354827079063,0.0038877488810314916,1368.0070984982337,675.856932067983,1.0009109767200968,12.773652596719147,copath_syn_mapt_REGION-RF_rank44_region277_cBMA,277,cBMA,44
gamma,0.17480183950531353,0.07304995373474787,0.0017912795142989834,1624.8311624068422,1509.393476513523,1.0035913379543904,15.171725950612927,copath_syn_mapt_REGION-RF_rank44_region277_cBMA,277,cBMA,44
sigma,0.07758365339306485,0.015362920672220661,0.00043100304566439843,1455.1557811616053,1460.64626854982,1.0017865505450096,13.587396178770499,copath_syn_mapt_REGION-RF_rank44_region277_cBMA,277,cBMA,44
u0,0.017616614440258888,0.0065820550259789185,0.00014463588393829113,1841.1158181884641,1344.570404667124,1.000664936295122,17.191265950067827,copath_syn_mapt_REGION-RF_rank44_region277_cBMA,277,cBMA,44
alpha,2.625930066292166,0.5237976655525549,0.012070144433813991,1860.1583569654051,2114.1712390099683,1.0031111603526435,18.159224852253164,copath_syn_mapt_REGION-RF_rank26_region278_cPA,278,cPA,26
beta,0.3805423531249548,0.06214773061536003,0.0018684426503612311,1225.9589258237543,1006.2127606663082,1.0018248054894967,11.968047618256806,copath_syn_mapt_REGION-RF_rank26_region278_cPA,278,cPA,26
gamma,0.24754186539972717,0.06695269109654335,0.0017791695687337267,1436.983618783381,1251.6298716737035,1.0030161081517508,14.028111394269406,copath_syn_mapt_REGION-RF_rank26_region278_cPA,278,cPA,26
sigma,0.0840227395167459,0.015497882262587475,0.0003358264155570929,2213.6298916153983,2553.102129331347,1.0008625926497958,21.60988218610057,copath_syn_mapt_REGION-RF_rank26_region278_cPA,278,cPA,26
u0,0.01493721235495804,0.0064498978443112386,0.00014378656970591156,1517.2244272396033,779.4524775430104,1.0005265690495382,14.811437651212495,copath_syn_mapt_REGION-RF_rank26_region278_cPA,278,cPA,26
alpha,0.8069909448073197,0.6637779499681162,0.09156310012956778,78.35374159934027,59.45872881164463,1.0460727211958705,0.29000248572019804,copath_syn_mapt_REGION-RF_rank116_region279_cCP,279,cCP,116
beta,0.41367853830697915,0.39207758758135763,0.019949841508878293,127.0382368745217,179.85855387163042,1.0238005595778226,0.4701933018528986,copath_syn_mapt_REGION-RF_rank116_region279_cCP,279,cCP,116
gamma,0.08662072729106939,0.061880167495375483,0.002536157551362076,595.3276749905414,690.0390581930559,1.0134646801606835,2.2034238830368356,copath_syn_mapt_REGION-RF_rank116_region279_cCP,279,cCP,116
sigma,0.02750030057720979,0.0052359427561544415,0.0003718304639477263,153.2028799525204,367.5597891124981,1.0135512698747706,0.5670337510225306,copath_syn_mapt_REGION-RF_rank116_region279_cCP,279,cCP,116
u0,0.021654797015448143,0.006458720666253003,0.0007349909543426221,73.51390321619732,125.11808270152366,1.05423734132036,0.27208929953474986,copath_syn_mapt_REGION-RF_rank116_region279_cCP,279,cCP,116
alpha,2.352339742766286,0.570790344610852,0.013191466067571487,1875.9936969649987,1586.1133532666788,1.001345415882232,17.973075714853692,copath_syn_mapt_REGION-RF_rank34_region280_cACB,280,cACB,34
beta,0.31857163134587546,0.053958720711208406,0.0012725161675880574,1746.0196590600776,1498.2128702269226,1.000808773810851,16.72785126233572,copath_syn_mapt_REGION-RF_rank34_region280_cACB,280,cACB,34
gamma,0.1955441675304305,0.07101067472460938,0.0018607882561915722,1434.892678833868,1028.2403043517907,1.0020831663147367,13.747079641628199,copath_syn_mapt_REGION-RF_rank34_region280_cACB,280,cACB,34
sigma,0.06172922149968944,0.013101698506407104,0.00036370318618655933,1291.4728665446646,1569.0608096802262,1.001669944726366,12.373037101157951,copath_syn_mapt_REGION-RF_rank34_region280_cACB,280,cACB,34
u0,0.013637901634358773,0.006116757928639071,0.0001429236026203588,1658.8652943936622,1655.2253596661242,1.001761465298144,15.892863384943784,copath_syn_mapt_REGION-RF_rank34_region280_cACB,280,cACB,34
alpha,0.7891463490154054,0.6000873626221523,0.012584475192593536,1365.9238460583551,800.2869196346333,1.0027348705246046,19.57892705595005,copath_syn_mapt_REGION-RF_rank1_region281_cFS,281,cFS,390
beta,-0.0067097093351605585,0.9999131622770927,0.019413497471747154,2641.6345306205453,2415.2237006809833,1.0028379706604922,37.86475353860167,copath_syn_mapt_REGION-RF_rank1_region281_cFS,281,cFS,390
gamma,0.07902077818973702,0.05941920876411028,0.0010874742553664465,2118.330443091011,1352.2562477639356,1.0001733859332809,30.363799083939096,copath_syn_mapt_REGION-RF_rank1_region281_cFS,281,cFS,390
sigma,1.687339545453215,1.9841655385945212,0.043356057217975794,2573.8272533497775,2356.230182991659,1.003043277426442,36.89281521321261,copath_syn_mapt_REGION-RF_rank1_region281_cFS,281,cFS,390
u0,0.007973011898654646,0.006141766719076496,0.00011957120717079802,1656.2292773292975,983.0998495941922,1.0019983775478876,23.740117212489032,copath_syn_mapt_REGION-RF_rank1_region281_cFS,281,cFS,390
alpha,0.36766048487153996,0.3774752403643961,0.024269188121914392,285.0271657357074,240.34370401335698,1.0185161308431931,2.081553828494175,copath_syn_mapt_REGION-RF_rank144_region282_cOT,282,cOT,144
beta,0.2573420219623148,0.534098298500507,0.017755669352271134,955.2256959273263,732.0953600225195,1.006943137454379,6.976014722320356,copath_syn_mapt_REGION-RF_rank144_region282_cOT,282,cOT,144
gamma,0.08619315866480849,0.06363127840180065,0.0022699510727262474,747.9465415109064,837.1917152053373,1.0056494277077905,5.462254739727644,copath_syn_mapt_REGION-RF_rank144_region282_cOT,282,cOT,144
sigma,0.03619893251929742,0.006520588658440645,0.0002493791241826605,683.366184149527,1181.6018778693574,1.0036864350234767,4.990624290875097,copath_syn_mapt_REGION-RF_rank144_region282_cOT,282,cOT,144
u0,0.016099482887050043,0.006745559685405588,0.00029900792925150355,476.73930300093014,580.0955844139254,1.004829266899354,3.4816278609576434,copath_syn_mapt_REGION-RF_rank144_region282_cOT,282,cOT,144
alpha,2.319539781108274,0.5701688579989408,0.01260911028582741,1999.7040983491045,2081.0554658091623,1.0009819451392605,18.796331337642446,copath_syn_mapt_REGION-RF_rank30_region283_cLS,283,cLS,30
beta,0.34932107288592035,0.060313540223256454,0.0016191338911497322,1529.4710985878557,2066.115763525385,1.002524824187475,14.376349763017028,copath_syn_mapt_REGION-RF_rank30_region283_cLS,283,cLS,30
gamma,0.17222572747015905,0.0647344508881327,0.0016354986097918218,1547.6596559499087,1452.160527633103,1.003212748536576,14.547314132702077,copath_syn_mapt_REGION-RF_rank30_region283_cLS,283,cLS,30
sigma,0.0752033804538596,0.01463310921209404,0.0003238897500579389,2238.3157322905527,1909.6852064924328,1.0036773802134935,21.039174834479006,copath_syn_mapt_REGION-RF_rank30_region283_cLS,283,cLS,30
u0,0.017136969325096365,0.006486320212292866,0.0001394080499177634,1988.2995005968335,1616.023926629396,1.0013679906634751,18.68913317852421,copath_syn_mapt_REGION-RF_rank30_region283_cLS,283,cLS,30
alpha,0.7962209838422852,0.6053489676583866,0.012762565418639188,1477.9196819658182,827.0203268864664,1.004168569117331,21.500766416913763,copath_syn_mapt_REGION-RF_rank1_region284_cSF,284,cSF,391
beta,0.0192027857352542,0.996251507095368,0.019074206421342665,2732.473327274806,2192.105683502425,1.0010184530897714,39.75200511034371,copath_syn_mapt_REGION-RF_rank1_region284_cSF,284,cSF,391
gamma,0.08070958272722789,0.0607009580514325,0.0012045734782532894,1826.3382225648254,1180.3199389098284,1.0007357873921128,26.569557196380828,copath_syn_mapt_REGION-RF_rank1_region284_cSF,284,cSF,391
sigma,1.634368649270687,2.031021014429608,0.04241835052258099,2611.818411999028,2304.388381755,1.0027330655264444,37.99671814715336,copath_syn_mapt_REGION-RF_rank1_region284_cSF,284,cSF,391
u0,0.007930738301301634,0.006024779214641171,0.00011756054283024146,1650.468368542863,1142.2051100290064,1.0029756834481107,24.011003644896025,copath_syn_mapt_REGION-RF_rank1_region284_cSF,284,cSF,391
alpha,0.8434047178019923,0.6249361481794562,0.03498490612033007,314.14484883711566,677.2519309357292,1.0082894904957767,1.9905766768712656,copath_syn_mapt_REGION-RF_rank48_region285_cSH,285,cSH,48
beta,0.41090704033958325,0.5900564308101673,0.02401807463067902,550.8814951062157,818.9935973748037,1.0121988731538376,3.4906568098685535,copath_syn_mapt_REGION-RF_rank48_region285_cSH,285,cSH,48
gamma,0.08583084633099497,0.06392444974317285,0.0026303361730164857,400.8773914969296,354.27057332610855,1.0088319596853559,2.540156837690282,copath_syn_mapt_REGION-RF_rank48_region285_cSH,285,cSH,48
sigma,0.15070653690291042,0.028289571539638538,0.001487705219271946,330.516759568316,440.34185950616893,1.0203356672179342,2.0943171767648145,copath_syn_mapt_REGION-RF_rank48_region285_cSH,285,cSH,48
u0,0.011055667571139028,0.006697814716589526,0.0002914099277439318,441.357525444723,314.22862853450573,1.0023306150461038,2.796658928402209,copath_syn_mapt_REGION-RF_rank48_region285_cSH,285,cSH,48
alpha,0.7303841840575365,0.5943088497437917,0.01141797529987177,1947.865750272066,1436.3137118094878,1.0020679297233082,25.70489786312737,copath_syn_mapt_REGION-RF_rank336_region286_cBA,286,cBA,336
beta,-0.17341295707836418,0.9099111651983905,0.01847179400276493,2440.287814246415,2226.604290595148,1.0004136796919005,32.20311718765888,copath_syn_mapt_REGION-RF_rank336_region286_cBA,286,cBA,336
gamma,0.08113369070735343,0.0612135068274907,0.0011188915569701721,1839.4263882888656,827.3544271445409,1.0027784552904286,24.27388408626337,copath_syn_mapt_REGION-RF_rank336_region286_cBA,286,cBA,336
sigma,0.6370884468424113,0.7132334094794412,0.014358103877831215,2333.697790248578,1971.4464415996256,1.000893763370812,30.796508092699433,copath_syn_mapt_REGION-RF_rank336_region286_cBA,286,cBA,336
u0,0.00764574165338312,0.0059016803302089004,0.00011042265997701445,1559.9563129118603,686.5376557844835,1.0016489142934855,20.585873378973584,copath_syn_mapt_REGION-RF_rank336_region286_cBA,286,cBA,336
alpha,1.0862349440297185,0.7481346667353614,0.027633219933652232,635.6045989988967,771.9487731150352,1.0042006526685365,2.819658498169616,copath_syn_mapt_REGION-RF_rank68_region287_cCEA,287,cCEA,68
beta,0.46599554091375694,0.3927819886888267,0.01672278822828834,709.8453333815274,765.2542288593288,1.0024335647474416,3.149004003129849,copath_syn_mapt_REGION-RF_rank68_region287_cCEA,287,cCEA,68
gamma,0.09960167538839527,0.06796400304028954,0.0018348402717293197,1047.7878493237745,886.1320985231075,1.002075213253224,4.648178943761504,copath_syn_mapt_REGION-RF_rank68_region287_cCEA,287,cCEA,68
sigma,0.07356096065602687,0.012611612322540707,0.0003801028814415919,1061.269005819566,1022.6358282599692,1.0034754891291617,4.707983824875303,copath_syn_mapt_REGION-RF_rank68_region287_cCEA,287,cCEA,68
u0,0.01693955299362715,0.006803571347173359,0.0001788057047704116,1312.2976644126811,1010.2647356736874,1.0011318179656725,5.8215929642695645,copath_syn_mapt_REGION-RF_rank68_region287_cCEA,287,cCEA,68
alpha,0.528458736865796,0.5031573214765033,0.024905287504945153,655.3097021244599,606.7913771647941,1.005914477519775,5.221632858624052,copath_syn_mapt_REGION-RF_rank145_region288_cIA,288,cIA,145
beta,0.052978449656972654,0.6887116946107239,0.024252920625829066,866.3389462764995,1053.604147157686,1.0028142210102062,6.903154178730505,copath_syn_mapt_REGION-RF_rank145_region288_cIA,288,cIA,145
gamma,0.08295765991753615,0.06180893620781773,0.0021727035694910427,583.3505667902662,672.7165357762232,1.0073187981441634,4.6482487254102915,copath_syn_mapt_REGION-RF_rank145_region288_cIA,288,cIA,145
sigma,0.06367283973170126,0.0114569391394851,0.00043033471945611235,705.7286907900907,1401.7064289516366,1.003871444104768,5.623380989410997,copath_syn_mapt_REGION-RF_rank145_region288_cIA,288,cIA,145
u0,0.01187444584649176,0.007182577797587999,0.00024474910581801353,731.7678725508371,729.3788943075696,1.0046530924636687,5.830866162685258,copath_syn_mapt_REGION-RF_rank145_region288_cIA,288,cIA,145
alpha,0.2937720181695386,0.2841748910837704,0.022372992133506853,216.26166474568174,169.4781677235032,1.025823572131614,,copath_syn_mapt_REGION-RF_rank188_region289_cMEA,289,cMEA,188
beta,0.33065271084117254,0.4830692787783594,0.02273945764513238,427.72234757314885,543.3820430889859,1.0089337613566864,,copath_syn_mapt_REGION-RF_rank188_region289_cMEA,289,cMEA,188
gamma,0.07815494973742061,0.05985044584317877,0.002760330884459236,317.2756643533992,270.9790336053157,1.007024809385969,,copath_syn_mapt_REGION-RF_rank188_region289_cMEA,289,cMEA,188
u0,0.020525165913823865,0.0067487139675741145,0.0004987531001596406,181.01418572339068,209.2150452119328,1.0159172920138149,,copath_syn_mapt_REGION-RF_rank188_region289_cMEA,289,cMEA,188
sigma,0.02588091412085979,0.004653774567787792,0.0002800992115152823,303.8069641866943,400.50405545793717,1.0065761285452273,,copath_syn_mapt_REGION-RF_rank188_region289_cMEA,289,cMEA,188
alpha,0.5968511611821967,0.5356596856588883,0.016195842473660963,875.1267521012845,1245.7914759031607,1.005844414957302,9.052348636668437,copath_syn_mapt_REGION-RF_rank282_region290_cPALd,290,cPALd,282
beta,-0.2765999625499842,0.744629495706383,0.026373525318037952,756.5421764173112,1372.0754736431657,1.002823998832428,7.825704702580954,copath_syn_mapt_REGION-RF_rank282_region290_cPALd,290,cPALd,282
gamma,0.077141141827449,0.05923077947866243,0.0016732269196334817,772.1232743327348,555.5327731487569,1.004726462472924,7.986876247312977,copath_syn_mapt_REGION-RF_rank282_region290_cPALd,290,cPALd,282
sigma,0.020885385528284103,0.003881002873307342,0.00010941575849996735,1274.3793206073524,1109.3876338839932,1.0037512071386674,13.182234319541472,copath_syn_mapt_REGION-RF_rank282_region290_cPALd,290,cPALd,282
u0,0.00630334984531612,0.004877009825023251,0.00015746751330402206,688.5444383281435,686.6466087666759,1.003710290456644,7.122333185015035,copath_syn_mapt_REGION-RF_rank282_region290_cPALd,290,cPALd,282
alpha,0.6338409108210101,0.5673128010765933,0.04886635113410437,191.20539880691175,189.77973996413746,1.0213274248810378,1.1143739621922693,copath_syn_mapt_REGION-RF_rank112_region291_cSI,291,cSI,112
beta,0.45874044370230577,0.4992855873917309,0.019365460885118722,529.9047553048571,760.2900816541082,1.00782115209917,3.0883650013979236,copath_syn_mapt_REGION-RF_rank112_region291_cSI,291,cSI,112
gamma,0.0830644020908968,0.06322156679114323,0.002296834779313605,467.76831103590104,552.9694486242661,1.012755259282316,2.7262244131687137,copath_syn_mapt_REGION-RF_rank112_region291_cSI,291,cSI,112
sigma,0.0619054213787752,0.0117329308605063,0.0005959362137382691,370.83539156952986,437.14195567734015,1.0076789681439011,2.161284708502281,copath_syn_mapt_REGION-RF_rank112_region291_cSI,291,cSI,112
u0,0.016030795034991975,0.007445988068789436,0.0003301257545336485,436.3530872574818,222.26597422603902,1.0038995161052036,2.5431317410289123,copath_syn_mapt_REGION-RF_rank112_region291_cSI,291,cSI,112
alpha,0.8129628430890026,0.6107780739070461,0.012728200154625485,1449.570893580182,867.0743104733251,1.001037228656807,21.2102321171178,copath_syn_mapt_REGION-RF_rank1_region292_cMA,292,cMA,392
beta,0.0052735944198286835,1.0165321066495803,0.02134243904511478,2272.5033987014845,1912.7770512483646,1.0016219897250445,33.251443435340626,copath_syn_mapt_REGION-RF_rank1_region292_cMA,292,cMA,392
gamma,0.08051176746500179,0.06011795728889414,0.0012324415618765914,1512.7908688606133,897.7368954623662,1.002526723060344,22.135271627827475,copath_syn_mapt_REGION-RF_rank1_region292_cMA,292,cMA,392
sigma,1.643042295766787,2.247203322788472,0.045803385676166555,2295.90365053576,2543.6600394441757,1.000796585936894,33.59383770884743,copath_syn_mapt_REGION-RF_rank1_region292_cMA,292,cMA,392
u0,0.007845170855300107,0.005914635671670207,0.00012048185108064249,1658.6022811572402,1111.2019812857131,1.0023975386545143,24.26879535807969,copath_syn_mapt_REGION-RF_rank1_region292_cMA,292,cMA,392
alpha,1.1173902508704283,0.7732084241493898,0.04150566344083213,370.75997726586945,619.0849132584777,1.029204946477016,2.45451882309317,copath_syn_mapt_REGION-RF_rank40_region293_cMS,293,cMS,40
beta,0.40692319653558184,0.4465626173041747,0.020226930601515054,483.14472969179735,303.7095846801391,1.0095944114388824,3.198532490081544,copath_syn_mapt_REGION-RF_rank40_region293_cMS,293,cMS,40
gamma,0.09715429327104283,0.07309184157026338,0.004085349709604572,283.1295008362322,354.6436031917434,1.0271034992522654,1.874384323519266,copath_syn_mapt_REGION-RF_rank40_region293_cMS,293,cMS,40
sigma,0.13670486581134458,0.027320652018520675,0.0028893371401709864,79.93163695418873,192.87327587366397,1.0696814331839115,0.5291663596257496,copath_syn_mapt_REGION-RF_rank40_region293_cMS,293,cMS,40
u0,0.013521079996619157,0.007207422332052601,0.0006947332234249089,87.35515357099321,125.00947409503269,1.053595565678633,0.5783117970698383,copath_syn_mapt_REGION-RF_rank40_region293_cMS,293,cMS,40
alpha,2.4316923685676777,0.7973689605018889,0.0394131164688357,538.0900595502098,207.93086294098484,1.007546304690852,4.748537814716325,copath_syn_mapt_REGION-RF_rank58_region294_cNDB,294,cNDB,58
beta,0.25826609527124217,0.1278225220285284,0.008468852592127275,740.3284275713842,237.44527646319858,1.0154311678037604,6.533251211833919,copath_syn_mapt_REGION-RF_rank58_region294_cNDB,294,cNDB,58
gamma,0.20266967652041154,0.08273820343911983,0.0032126545777684573,706.6504068188876,515.4528963503218,1.0072565050824236,6.236049373164553,copath_syn_mapt_REGION-RF_rank58_region294_cNDB,294,cNDB,58
sigma,0.04847843875070043,0.012357760524866177,0.0005671512333443763,596.8396011246932,868.3487552452623,1.0079426490497734,5.266990840956725,copath_syn_mapt_REGION-RF_rank58_region294_cNDB,294,cNDB,58
u0,0.0204091181099583,0.0065685489528713985,0.00014730162500703562,1851.4161506223202,1431.3188896652885,1.000799268174565,16.338379507243577,copath_syn_mapt_REGION-RF_rank58_region294_cNDB,294,cNDB,58
alpha,0.790909025156886,0.5883770381576002,0.011648395007097762,1779.9986131424203,1183.3956957876005,1.0012912040803277,25.754157753634093,copath_syn_mapt_REGION-RF_rank1_region295_cBST,295,cBST,393
beta,-0.029089977465862782,1.0328135866588724,0.021027146494479256,2409.6125566459223,2225.6851251692765,1.000667592874164,34.86381475288899,copath_syn_mapt_REGION-RF_rank1_region295_cBST,295,cBST,393
gamma,0.08067556799904628,0.05972030861483207,0.0013222453065086664,1384.1754791205371,984.7963809826537,1.0009754089514946,20.0271356307681,copath_syn_mapt_REGION-RF_rank1_region295_cBST,295,cBST,393
sigma,1.6530729953474912,2.8182201632170014,0.06002761052412844,2630.659066161846,2315.1257061601477,1.0002111143403147,38.062056950905685,copath_syn_mapt_REGION-RF_rank1_region295_cBST,295,cBST,393
u0,0.007923941906545561,0.0060818287338750545,0.00011661284191564723,1959.7944444053232,1374.0859919088407,1.001173104515144,28.355558770242688,copath_syn_mapt_REGION-RF_rank1_region295_cBST,295,cBST,393
alpha,0.6107953871750373,0.5477570534247006,0.013025991351650274,1324.00386990598,1500.7000762543212,1.0013592367844832,15.273384358738681,copath_syn_mapt_REGION-RF_rank238_region296_cVAL,296,cVAL,238
beta,-0.4229962333883173,0.7151320041462603,0.020589736455838042,1289.6230844713575,1537.0720694792599,1.0044716783705003,14.876776038752725,copath_syn_mapt_REGION-RF_rank238_region296_cVAL,296,cVAL,238
gamma,0.07906466534416784,0.06251244828292649,0.001440084505734459,1251.9044535049538,997.6026023483499,1.0025747656117625,14.441663150241142,copath_syn_mapt_REGION-RF_rank238_region296_cVAL,296,cVAL,238
sigma,0.036574807348746054,0.006756288084245203,0.0001870828715431631,1361.1135347660097,1401.321895131621,1.0019640201218742,15.70147236339947,copath_syn_mapt_REGION-RF_rank238_region296_cVAL,296,cVAL,238
u0,0.008560911158125623,0.006214644204350489,0.00016834333790505528,890.1037087186772,567.2619045505446,1.0033168735106817,10.268018373212561,copath_syn_mapt_REGION-RF_rank238_region296_cVAL,296,cVAL,238
alpha,0.38830320660154893,0.3570473051229545,0.02418646759718915,274.63246947457,416.3099421913012,1.0300457022501655,1.750444375941374,copath_syn_mapt_REGION-RF_rank191_region297_cVM,297,cVM,191
beta,0.41513879664862613,0.5817913659442778,0.01993180971841287,834.2963703122997,937.8229560736435,1.0020768044769042,5.3176137259935095,copath_syn_mapt_REGION-RF_rank191_region297_cVM,297,cVM,191
gamma,0.0756114750954604,0.06094645719547807,0.0025075233049585443,448.78237839066634,394.8962787163485,1.009461529205803,2.860435955655551,copath_syn_mapt_REGION-RF_rank191_region297_cVM,297,cVM,191
sigma,0.034094911824921977,0.005636028022201668,0.0002261024358598317,638.4111449061285,941.6045472698528,1.0009079683085729,4.069086223771159,copath_syn_mapt_REGION-RF_rank191_region297_cVM,297,cVM,191
u0,0.011012846969516467,0.005666691033479905,0.0002857901554624149,288.11949268998137,201.86952284473165,1.016957596048185,1.836407568788801,copath_syn_mapt_REGION-RF_rank191_region297_cVM,297,cVM,191
alpha,0.43102830622607274,0.45627279179417995,0.018145677946825256,627.043885247016,1001.2689567031081,1.0057243176730735,5.64960388188934,copath_syn_mapt_REGION-RF_rank249_region298_cVPL,298,cVPL,249
beta,-0.11482880059972303,0.6479846772345098,0.022205365571966677,978.5612109481367,1178.6078858158003,1.0054619324373424,8.816740496338706,copath_syn_mapt_REGION-RF_rank249_region298_cVPL,298,cVPL,249
gamma,0.07826590201378095,0.060248268240894284,0.0022322366214202003,490.5453049578213,423.7853134533519,1.0081808334159457,4.419765066428396,copath_syn_mapt_REGION-RF_rank249_region298_cVPL,298,cVPL,249
sigma,0.027046205573978493,0.0046582454155089225,0.00017461634873118208,682.3361440327234,355.89321007167746,1.0070432277466523,6.147781708392033,copath_syn_mapt_REGION-RF_rank249_region298_cVPL,298,cVPL,249
u0,0.011238507741872402,0.005971254926358953,0.00021366045144481045,637.5778279197291,343.14527037217596,1.0039853098144553,5.744513671802873,copath_syn_mapt_REGION-RF_rank249_region298_cVPL,298,cVPL,249
alpha,1.090730234231404,0.716937063144871,0.023335456864591254,820.2919663756776,958.2834052321385,1.0033366600606255,3.293816119401211,copath_syn_mapt_REGION-RF_rank65_region299_cVPM,299,cVPM,65
beta,0.4462660971132061,0.3351983605842641,0.0127054293520805,845.2462566565342,922.0138862664043,1.0034463180588558,3.3940180559610273,copath_syn_mapt_REGION-RF_rank65_region299_cVPM,299,cVPM,65
gamma,0.09555610265549835,0.06808420415075278,0.0017425826215713763,1120.8291774510267,909.8829103548284,1.002272574087465,4.500599010002516,copath_syn_mapt_REGION-RF_rank65_region299_cVPM,299,cVPM,65
sigma,0.06380083032577845,0.010738116779853184,0.00027409470819157326,1474.2660415004211,1504.6230419300816,1.0017327751443799,5.919796183345732,copath_syn_mapt_REGION-RF_rank65_region299_cVPM,299,cVPM,65
u0,0.017343806878612533,0.006769707944572542,0.00016898085620866275,1457.8565627153596,1286.2309532780096,1.0033016252707965,5.853905247009957,copath_syn_mapt_REGION-RF_rank65_region299_cVPM,299,cVPM,65
alpha,0.6188201459116659,0.5635596557255139,0.015703553241273732,956.9653907804231,1156.1422903054574,1.0011945945425902,10.378783900703041,copath_syn_mapt_REGION-RF_rank279_region300_cPoT,300,cPoT,279
beta,-0.3734736280417857,0.7560059210881631,0.024347909450056417,990.5343222352286,1343.0867824876827,1.003474255533988,10.742856299458035,copath_syn_mapt_REGION-RF_rank279_region300_cPoT,300,cPoT,279
gamma,0.07924170607049495,0.06269243043254656,0.0018373010004415285,781.6972007418718,642.0190894200239,1.0048982857629438,8.477909860113138,copath_syn_mapt_REGION-RF_rank279_region300_cPoT,300,cPoT,279
sigma,0.03268191965944204,0.0055968069668346915,0.00015729246347384,1251.5416011754633,1189.781138383424,1.0001017734380317,13.573615040296119,copath_syn_mapt_REGION-RF_rank279_region300_cPoT,300,cPoT,279
u0,0.00816420346615379,0.005628303170845605,0.00014476847918479252,1155.892796626025,916.4544897078368,1.0018416372783334,12.536254355841669,copath_syn_mapt_REGION-RF_rank279_region300_cPoT,300,cPoT,279
alpha,0.7637084623871514,0.6011030606580895,0.016642382809057377,973.8506961774306,984.5969415540769,1.0016758490195106,11.3042600166854,copath_syn_mapt_REGION-RF_rank298_region301_cSPF,301,cSPF,298
beta,-0.5861166930143171,0.7718661904427858,0.02804461643727457,738.1599846514621,740.4765967809165,1.0044331685707382,8.568410366359007,copath_syn_mapt_REGION-RF_rank298_region301_cSPF,301,cSPF,298
gamma,0.08225601248358064,0.06135718616087668,0.001491628977010223,1238.9612814937527,844.3335310437608,1.0028038219257105,14.381609554304202,copath_syn_mapt_REGION-RF_rank298_region301_cSPF,301,cSPF,298
sigma,0.013075359885800945,0.0024942245621431287,6.785677365106684e-5,1305.6002895990796,754.8058858376136,1.0028692185165267,15.155141552415925,copath_syn_mapt_REGION-RF_rank298_region301_cSPF,301,cSPF,298
u0,0.005709116060230691,0.005167031675912909,0.00014443473801319258,778.9362063287845,549.2405318609859,1.004417163367278,9.041732420907781,copath_syn_mapt_REGION-RF_rank298_region301_cSPF,301,cSPF,298
alpha,0.7889238245967944,0.6115780110026386,0.011007294163190549,2022.9442212009712,1298.9728141852054,1.0012381347493773,28.98865386336368,copath_syn_mapt_REGION-RF_rank1_region302_cSPA,302,cSPA,394
beta,0.00028644548328677646,1.0025394354957018,0.018650570964610636,2908.300210158662,2370.6227684001337,1.003393514615164,41.6757453020558,copath_syn_mapt_REGION-RF_rank1_region302_cSPA,302,cSPA,394
gamma,0.08240734745272764,0.06112192605271242,0.0011386803495492298,2004.5994188162401,1198.1377415100471,1.0038638408959046,28.725774085983034,copath_syn_mapt_REGION-RF_rank1_region302_cSPA,302,cSPA,394
sigma,1.6209515113894497,1.9055356739026994,0.03708921349383339,2790.1726176129737,2771.510371248971,1.001438617422423,39.982984890705225,copath_syn_mapt_REGION-RF_rank1_region302_cSPA,302,cSPA,394
u0,0.008038244954994882,0.0061200763965078625,0.00010873754393739503,2185.019822954976,1374.609656503745,1.001940680065398,31.31118627414559,copath_syn_mapt_REGION-RF_rank1_region302_cSPA,302,cSPA,394
alpha,0.7648436195893952,0.563326285964746,0.015091564854965003,1149.1102765200553,1172.8386357832594,1.0053961243760912,12.912367001000701,copath_syn_mapt_REGION-RF_rank300_region303_cPP,303,cPP,300
beta,-0.6826337039690423,0.653887592394206,0.020058528527692937,1071.4828066976236,1328.6822332154447,1.0009814988752959,12.040079632079193,copath_syn_mapt_REGION-RF_rank300_region303_cPP,303,cPP,300
gamma,0.07939310778184247,0.060450344829146525,0.001533890412919043,967.8864419847117,613.4174661238291,1.0016204299471891,10.875983976096006,copath_syn_mapt_REGION-RF_rank300_region303_cPP,303,cPP,300
sigma,0.011450760785470604,0.0019311744831806837,4.987319627958852e-5,1513.3704933284264,1582.36105080975,1.0036377785756294,17.0055003576509,copath_syn_mapt_REGION-RF_rank300_region303_cPP,303,cPP,300
u0,0.0074091682014834764,0.005684544943925704,0.000160553318848586,913.3173884043357,839.8968707018064,1.002923601822426,10.262800314680208,copath_syn_mapt_REGION-RF_rank300_region303_cPP,303,cPP,300
alpha,0.4821984909468471,0.4743040493756158,0.025445261993755703,424.26128443011936,291.8635868910503,1.0130499643325535,3.103207972893783,copath_syn_mapt_REGION-RF_rank133_region304_cMG,304,cMG,133
beta,0.2509815865753475,0.6273240665377792,0.020360849170072862,954.6637441280734,751.7606632301172,1.0054300066714463,6.9827727651138725,copath_syn_mapt_REGION-RF_rank133_region304_cMG,304,cMG,133
gamma,0.08158669081808383,0.06249576149397469,0.002475371468486801,363.04165657454007,171.87485880626653,1.0154815666397121,2.655424391805994,copath_syn_mapt_REGION-RF_rank133_region304_cMG,304,cMG,133
sigma,0.0542338434607759,0.009083579047977618,0.0003955996029012048,510.97820003778116,692.7384608355651,1.006545446200513,3.7374883886991457,copath_syn_mapt_REGION-RF_rank133_region304_cMG,304,cMG,133
u0,0.014015508808440715,0.006991029056161529,0.00029641937567862354,478.7802939480793,321.4304279396767,1.0044637401496062,3.5019806896587786,copath_syn_mapt_REGION-RF_rank133_region304_cMG,304,cMG,133
alpha,0.586273409828108,0.5267639619651329,0.014544033237113396,923.6108144412992,1050.0346516182624,1.0018439417081055,9.679425848263458,copath_syn_mapt_REGION-RF_rank122_region305_cLGd,305,cLGd,122
beta,-0.1914718348399706,0.7390968453510205,0.02171533869020995,1174.089518454253,1675.5856577408263,1.00398553085871,12.304438466299025,copath_syn_mapt_REGION-RF_rank122_region305_cLGd,305,cLGd,122
gamma,0.07554861097518349,0.06206907117980182,0.0018358439019665821,607.7334649287269,383.1741890226626,1.0050195530051105,6.369036521994623,copath_syn_mapt_REGION-RF_rank122_region305_cLGd,305,cLGd,122
sigma,0.08283653947680177,0.013435978638469778,0.0003750338486573677,1293.4888816488515,1451.9514901669904,1.0037313363092544,13.555741790493098,copath_syn_mapt_REGION-RF_rank122_region305_cLGd,305,cLGd,122
u0,0.009944708298752944,0.006559600114904376,0.0001977089882942111,725.6387549772105,530.1341000507938,1.0047778624960153,7.60468198466999,copath_syn_mapt_REGION-RF_rank122_region305_cLGd,305,cLGd,122
alpha,0.5235673201118006,0.46000119386114485,0.021923588831241066,419.6729634279668,563.5627765139336,1.0098085985016496,2.808961972008747,copath_syn_mapt_REGION-RF_rank178_region306_cLP,306,cLP,178
beta,0.288858490574112,0.5517694442023494,0.023159786756099057,599.0504604248806,553.6818955028564,1.0075580227012482,4.009574381211342,copath_syn_mapt_REGION-RF_rank178_region306_cLP,306,cLP,178
gamma,0.0794035392116997,0.05994529566647304,0.0023114669452527986,472.3970355310715,430.644493425048,1.0130919958434614,3.1618555974102036,copath_syn_mapt_REGION-RF_rank178_region306_cLP,306,cLP,178
sigma,0.05295972062798278,0.009311333092656688,0.00036445402416505364,624.2831538692385,663.1010103803092,1.0045262798152212,4.178462259423972,copath_syn_mapt_REGION-RF_rank178_region306_cLP,306,cLP,178
u0,0.012510038750950627,0.006541958561148463,0.00022732215019348394,713.69501730068,483.4439302811411,1.0039703100749005,4.776915212346842,copath_syn_mapt_REGION-RF_rank178_region306_cLP,306,cLP,178
alpha,0.4971655836332985,0.4731932192505941,0.03611818143624983,234.6372243495762,127.7125900471328,1.0059633120860048,1.3062978752342511,copath_syn_mapt_REGION-RF_rank201_region307_cPO,307,cPO,201
beta,0.4097043691864434,0.49349093349878037,0.024817161717684864,427.9161953362788,600.5585663709395,1.0108999654866475,2.3823415841013182,copath_syn_mapt_REGION-RF_rank201_region307_cPO,307,cPO,201
gamma,0.07972222567486978,0.06205278261959471,0.003201236871256267,284.9839501959524,332.50083999884237,1.007568076718848,1.5865936432243202,copath_syn_mapt_REGION-RF_rank201_region307_cPO,307,cPO,201
sigma,0.02754079301294571,0.004783059823967177,0.00019529903947735386,656.5645433487573,750.6921424569538,1.0073463031541101,3.6552975356238573,copath_syn_mapt_REGION-RF_rank201_region307_cPO,307,cPO,201
u0,0.013346759663580319,0.005820024648715175,0.0002697532539114782,431.88941423438774,458.26579062587064,1.007489506267894,2.404461720489855,copath_syn_mapt_REGION-RF_rank201_region307_cPO,307,cPO,201
alpha,0.6067007012389133,0.5479512201876555,0.01461521696569231,1061.2540198605066,1297.0780420582435,1.002506137994623,11.53888161462735,copath_syn_mapt_REGION-RF_rank154_region308_cPOL,308,cPOL,154
beta,-0.23327533781517926,0.7436194411993992,0.02200733194783747,1151.6814328628168,1364.113024786235,1.0037366404424402,12.522087514274093,copath_syn_mapt_REGION-RF_rank154_region308_cPOL,308,cPOL,154
gamma,0.07920438463724105,0.06201699284119683,0.0015935738573675004,891.3975630719231,414.9999805095691,1.0064523758082096,9.69205370190844,copath_syn_mapt_REGION-RF_rank154_region308_cPOL,308,cPOL,154
sigma,0.0785725787887123,0.012398614863301826,0.000357783835526494,1235.2980952954567,1489.463755713797,1.0077532660790127,13.431240978726752,copath_syn_mapt_REGION-RF_rank154_region308_cPOL,308,cPOL,154
u0,0.008532334334282814,0.006227656551346328,0.0001585007704498221,1041.361950877558,722.2771922849628,1.0021614356603161,11.32259764795327,copath_syn_mapt_REGION-RF_rank154_region308_cPOL,308,cPOL,154
alpha,0.6180392354556161,0.5660976893572323,0.01454042944432424,1094.8256963281726,1223.2585849456834,1.0017058085465371,12.055958423205883,copath_syn_mapt_REGION-RF_rank230_region309_cSGN,309,cSGN,230
beta,-0.38855086717301496,0.7143076190803199,0.02426098365878646,928.7513073378902,847.0941318981751,1.0029155343054916,10.227187016450362,copath_syn_mapt_REGION-RF_rank230_region309_cSGN,309,cSGN,230
gamma,0.07616985043981392,0.06192208481051088,0.0016723853985676311,743.0198725380028,440.37080829069276,1.0016961348074174,8.181956927917046,copath_syn_mapt_REGION-RF_rank230_region309_cSGN,309,cSGN,230
sigma,0.034718125444388764,0.005820943581080098,0.00017257719435165994,1149.3469326245506,1243.2210153310114,1.0043508939967536,12.656333222751956,copath_syn_mapt_REGION-RF_rank230_region309_cSGN,309,cSGN,230
u0,0.009073909260608361,0.006235153282219599,0.0001791578699605327,883.6423935754863,845.1725064763024,1.003096371084838,9.730458458964524,copath_syn_mapt_REGION-RF_rank230_region309_cSGN,309,cSGN,230
alpha,0.6963570560995674,0.596820366942741,0.016743783356700924,980.8284260499742,1005.1435045266621,1.0019408079682397,11.654053207504267,copath_syn_mapt_REGION-RF_rank266_region310_cEth,310,cEth,266
beta,-0.4652317454665619,0.7371840640534104,0.02168565538803254,1181.4219642604803,1083.4748187387233,1.0053000974315103,14.03747492051615,copath_syn_mapt_REGION-RF_rank266_region310_cEth,310,cEth,266
gamma,0.07891854206473066,0.05996512925084467,0.0015517286518413776,1072.654168820224,814.3996980598347,1.0076192202892877,12.745112625890828,copath_syn_mapt_REGION-RF_rank266_region310_cEth,310,cEth,266
sigma,0.030182558675004578,0.004966739755492046,0.0001405087070182764,1372.686276021373,1397.5013224489921,1.002683991092668,16.310048193025033,copath_syn_mapt_REGION-RF_rank266_region310_cEth,310,cEth,266
u0,0.0072318941700733035,0.005378310818786094,0.0001345623245876051,1140.720968733827,868.8060850677094,1.0015041414425891,13.553871922409483,copath_syn_mapt_REGION-RF_rank266_region310_cEth,310,cEth,266
alpha,0.614956334608689,0.541051066836642,0.013555224440206884,1131.1288664588656,1429.3601052729591,1.0044332075911233,11.457021984228037,copath_syn_mapt_REGION-RF_rank271_region311_cLD,311,cLD,271
beta,-0.31569198407417876,0.724254013489066,0.019744609852632232,1360.0185155859244,1442.3830579836504,1.001348828175114,13.775408350072164,copath_syn_mapt_REGION-RF_rank271_region311_cLD,311,cLD,271
gamma,0.07875001586325835,0.05781786391207273,0.0012617127885121845,1481.9988036850123,1220.6910309555406,1.0004048142058248,15.01092702865461,copath_syn_mapt_REGION-RF_rank271_region311_cLD,311,cLD,271
sigma,0.03290316305406097,0.007213663719438353,0.00018713798803266762,1499.7858856756789,1891.7980113110525,1.0002510852407231,15.191089515392584,copath_syn_mapt_REGION-RF_rank271_region311_cLD,311,cLD,271
u0,0.008126267188286329,0.0058992279621559104,0.0001667480336861028,884.4549813240072,611.0049193127235,1.0048297429148567,8.958501958147712,copath_syn_mapt_REGION-RF_rank271_region311_cLD,311,cLD,271
alpha,0.9245416514106763,0.036252764485211135,0.0011464130725092878,NaN,NaN,NaN,NaN,copath_syn_mapt_REGION-RF_rank337_region312_cIMD,312,cIMD,337
beta,-1.3199756926892032,0.11900332428283897,0.003763215538653949,NaN,NaN,NaN,NaN,copath_syn_mapt_REGION-RF_rank337_region312_cIMD,312,cIMD,337
gamma,0.1478782670198776,0.013307293387350384,0.0004208135659612452,NaN,NaN,NaN,NaN,copath_syn_mapt_REGION-RF_rank337_region312_cIMD,312,cIMD,337
u0,2.011988005779633e-9,1.1386676723575174e-9,3.600783342652105e-11,NaN,NaN,NaN,NaN,copath_syn_mapt_REGION-RF_rank337_region312_cIMD,312,cIMD,337
sigma,6.629286747560982e-10,1.246217289370038e-10,3.940885093890464e-12,NaN,NaN,NaN,NaN,copath_syn_mapt_REGION-RF_rank337_region312_cIMD,312,cIMD,337
alpha,0.39179424265588825,0.42314762403767936,0.03234357050448674,211.24216134325906,156.54016618400308,1.0214470911149636,1.8143120074830505,copath_syn_mapt_REGION-RF_rank262_region313_cMD,313,cMD,262
beta,0.07975293187758759,0.5526957249079216,0.021849533088775946,627.5330995528946,1054.770101633963,1.0136995220307419,5.389742418710606,copath_syn_mapt_REGION-RF_rank262_region313_cMD,313,cMD,262
gamma,0.08177032023674659,0.06154069074172265,0.0028162708686052113,341.66239812258874,238.56762964452827,1.0061522180710365,2.9344624552102854,copath_syn_mapt_REGION-RF_rank262_region313_cMD,313,cMD,262
sigma,0.02168380094424542,0.0038413947289419534,0.00019099633664503783,412.0377902720732,678.3341822440192,1.0102477875510378,3.538901068204114,copath_syn_mapt_REGION-RF_rank262_region313_cMD,313,cMD,262
u0,0.010821259057393322,0.005489873307700445,0.0003431761291265082,229.47643028078122,305.4183965669527,1.0255766631881664,1.9709220936072114,copath_syn_mapt_REGION-RF_rank262_region313_cMD,313,cMD,262
alpha,0.6092672658204292,0.5466199358015464,0.01544170213211769,810.5042270456785,1087.2340088944545,1.0045701527721127,9.115187330413171,copath_syn_mapt_REGION-RF_rank237_region314_cSMT,314,cSMT,237
beta,-0.2848653892222842,0.8264534006517223,0.02701278185202997,926.4654358262165,902.7772490940156,1.0054779136704766,10.419323824492414,copath_syn_mapt_REGION-RF_rank237_region314_cSMT,314,cSMT,237
gamma,0.0808424755799494,0.06012816184224136,0.001717558210233736,964.1863945478964,894.6339579745172,1.0069669288003815,10.843545677454467,copath_syn_mapt_REGION-RF_rank237_region314_cSMT,314,cSMT,237
sigma,0.028324032229438204,0.006448282627559976,0.00018290145958076663,1197.4569891275287,1358.1471861042849,0.9999798768326426,13.466980691508228,copath_syn_mapt_REGION-RF_rank237_region314_cSMT,314,cSMT,237
u0,0.007023458805130981,0.0052513523014906666,0.00017278511775583954,556.4370731417919,536.7247671319162,1.0053631323600158,6.257867621199216,copath_syn_mapt_REGION-RF_rank237_region314_cSMT,314,cSMT,237
alpha,0.6931835872110627,0.5560537290012095,0.014781067197889004,859.0998954807782,747.5115914593779,1.0022172602992572,9.849352190690386,copath_syn_mapt_REGION-RF_rank293_region315_cPR,315,cPR,293
beta,-0.6167513162342634,0.6754139809303443,0.019758657031378777,1234.3690219313414,1109.3470285142773,1.0033967132009867,14.151713082767833,copath_syn_mapt_REGION-RF_rank293_region315_cPR,315,cPR,293
gamma,0.08014268987826043,0.06116298797182756,0.0016586116458112855,915.6826972682398,627.4983849762347,1.00251303960535,10.498058989134181,copath_syn_mapt_REGION-RF_rank293_region315_cPR,315,cPR,293
sigma,0.015444974023509963,0.0032627212926225235,9.524872134313005e-5,1241.513993029843,1456.194097843858,1.0055298522401805,14.233628279256202,copath_syn_mapt_REGION-RF_rank293_region315_cPR,315,cPR,293
u0,0.007304144930694595,0.00579717604263971,0.00013577952292895943,1288.051901292704,1031.0200540923584,1.0055101830742288,14.767173040593232,copath_syn_mapt_REGION-RF_rank293_region315_cPR,315,cPR,293
alpha,0.5780393803112152,0.5376926643022194,0.01492105713631457,965.849720593662,955.4553350452161,1.0025701389425918,10.116787688212654,copath_syn_mapt_REGION-RF_rank209_region316_cPVT,316,cPVT,209
beta,-0.2559919529870424,0.7802701133577389,0.02400460170740968,1087.119863735169,1344.536993449581,1.0029511044719288,11.387031148372987,copath_syn_mapt_REGION-RF_rank209_region316_cPVT,316,cPVT,209
gamma,0.08265647644044313,0.0581050414147343,0.0016825334382135537,912.2476041840481,819.0572100169749,1.0019862692261212,9.555332609029518,copath_syn_mapt_REGION-RF_rank209_region316_cPVT,316,cPVT,209
sigma,0.04636615658063501,0.007260451725374858,0.00022368214842074393,1084.4064997871963,1513.4152643218777,1.0047822092959005,11.35861003233682,copath_syn_mapt_REGION-RF_rank209_region316_cPVT,316,cPVT,209
u0,0.0088588754934406,0.006002297402991845,0.00016883788558153415,929.9784781112199,612.4565078931373,1.005182771947862,9.741054552332878,copath_syn_mapt_REGION-RF_rank209_region316_cPVT,316,cPVT,209
alpha,0.5867293079144216,0.5188447036021375,0.02770231868571303,420.288694378396,209.24719620177652,1.0091769056649358,3.792568913078046,copath_syn_mapt_REGION-RF_rank258_region317_cRE,317,cRE,258
beta,0.0588750192171625,0.7400788222651906,0.02991650780541932,554.7752780398066,590.9993388491204,1.008241545362204,5.006138640845041,copath_syn_mapt_REGION-RF_rank258_region317_cRE,317,cRE,258
gamma,0.08607238930320268,0.06660820131106679,0.0037218516024261974,234.6079378987311,127.89645173156782,1.0106740765460571,2.11703713170784,copath_syn_mapt_REGION-RF_rank258_region317_cRE,317,cRE,258
sigma,0.02625516709869951,0.004819163382896362,0.00028979215578119895,230.57517825725822,211.50576881486884,1.0144901347164597,2.080646624290584,copath_syn_mapt_REGION-RF_rank258_region317_cRE,317,cRE,258
u0,0.0064227169505534035,0.004941304762444712,0.00029036669771282617,209.27829140323234,184.37901351513725,1.019135237762509,1.8884694087045755,copath_syn_mapt_REGION-RF_rank258_region317_cRE,317,cRE,258
alpha,1.8543842155891925,0.1998028660155477,0.0063183213963858235,NaN,NaN,NaN,NaN,copath_syn_mapt_REGION-RF_rank338_region318_cXi,318,cXi,338
beta,-2.338416663524962,0.2790244978205618,0.008823529360976632,NaN,NaN,NaN,NaN,copath_syn_mapt_REGION-RF_rank338_region318_cXi,318,cXi,338
gamma,0.01923882618421067,0.011329779605459,0.00035827908940974315,NaN,NaN,NaN,NaN,copath_syn_mapt_REGION-RF_rank338_region318_cXi,318,cXi,338
u0,0.019147745190150983,0.0022462263237130846,7.103191323160035e-5,NaN,NaN,NaN,NaN,copath_syn_mapt_REGION-RF_rank338_region318_cXi,318,cXi,338
sigma,1.958086732839767e-7,5.383629120447115e-8,1.7024530098221853e-9,NaN,NaN,NaN,NaN,copath_syn_mapt_REGION-RF_rank338_region318_cXi,318,cXi,338
alpha,1.9035768366490178,0.03217516519296439,0.0010174680610193852,NaN,NaN,NaN,NaN,copath_syn_mapt_REGION-RF_rank339_region319_cRH,319,cRH,339
beta,-3.343906515854064,0.06408625745190001,0.0020265854026394275,NaN,NaN,NaN,NaN,copath_syn_mapt_REGION-RF_rank339_region319_cRH,319,cRH,339
gamma,0.08745979262684615,0.004777879339890679,0.00015108981099516336,NaN,NaN,NaN,NaN,copath_syn_mapt_REGION-RF_rank339_region319_cRH,319,cRH,339
u0,0.005501018744263783,0.0004153987544640212,1.313606201303344e-5,NaN,NaN,NaN,NaN,copath_syn_mapt_REGION-RF_rank339_region319_cRH,319,cRH,339
sigma,1.8277668114882226e-7,1.824960877270048e-8,5.771033012872361e-10,NaN,NaN,NaN,NaN,copath_syn_mapt_REGION-RF_rank339_region319_cRH,319,cRH,339
alpha,0.5607231473187,0.5156760862453306,0.0196074232519198,569.7831717350409,851.3574847857279,1.0104210860331373,5.171525561006752,copath_syn_mapt_REGION-RF_rank247_region320_cCM,320,cCM,247
beta,-0.06004500780952396,0.695239337956357,0.023962647623568954,807.0978749689009,1174.702377978348,1.0074771813952768,7.325466067953392,copath_syn_mapt_REGION-RF_rank247_region320_cCM,320,cCM,247
gamma,0.08463676545429857,0.0619522229784418,0.0024076128796634254,407.520574568976,252.64460618327888,1.0161533810033045,3.698780821487025,copath_syn_mapt_REGION-RF_rank247_region320_cCM,320,cCM,247
sigma,0.03497858238160229,0.005792726804213923,0.00022728391241660505,588.4078303419097,1160.116655081,1.0079470546815665,5.340568633579692,copath_syn_mapt_REGION-RF_rank247_region320_cCM,320,cCM,247
u0,0.008382128415139892,0.005585595648869108,0.00024115729989191903,393.0372229038533,563.5000354736081,1.014775402660508,3.5673255117116396,copath_syn_mapt_REGION-RF_rank247_region320_cCM,320,cCM,247
alpha,0.5144592796259451,0.4350176906177501,0.024305177843162915,347.36799456534465,678.6412784708685,1.0290757942904802,1.9864696859061153,copath_syn_mapt_REGION-RF_rank244_region321_cPCN,321,cPCN,244
beta,0.3051334018809525,0.8199335466200742,0.06900615485329842,117.6866854466106,167.42416184027294,1.0358776016493323,0.6730068306004598,copath_syn_mapt_REGION-RF_rank244_region321_cPCN,321,cPCN,244
gamma,0.07958228034382757,0.0593169424751166,0.002817178285208828,265.6311908268564,171.411449170438,1.0086108264927538,1.5190469947266005,copath_syn_mapt_REGION-RF_rank244_region321_cPCN,321,cPCN,244
sigma,0.0172859151385722,0.003303951532114573,0.0002489633092945131,152.36725851402915,258.7681075884049,1.0289144602879383,0.8713322611700844,copath_syn_mapt_REGION-RF_rank244_region321_cPCN,321,cPCN,244
u0,0.004031065626713365,0.003904558617608636,0.00029847123255846784,103.32150267009982,220.36617894718626,1.0407984214170602,0.5908576384915383,copath_syn_mapt_REGION-RF_rank244_region321_cPCN,321,cPCN,244
alpha,0.6706852513209158,0.5754741329741329,0.016301459826255818,876.508203670471,875.6739112366486,1.0020115827636416,9.94449970127605,copath_syn_mapt_REGION-RF_rank280_region322_cCL,322,cCL,280
beta,-0.43572617560061133,0.7610994684330715,0.025666315098832236,852.949131483037,1023.6514392018148,1.0047705056991179,9.677208208339426,copath_syn_mapt_REGION-RF_rank280_region322_cCL,322,cCL,280
gamma,0.08180292943201584,0.060025144441771316,0.0017645025830514312,872.0409939071908,746.8827217592533,1.0041905882048698,9.893816586194585,copath_syn_mapt_REGION-RF_rank280_region322_cCL,322,cCL,280
sigma,0.023524071609066693,0.0038983169061911392,0.0001238961812405007,972.9511358021194,1207.9869294483212,1.0052958725330705,11.038701336534144,copath_syn_mapt_REGION-RF_rank280_region322_cCL,322,cCL,280
u0,0.006550188860780791,0.005202330123036766,0.0001664482395529006,510.75116624312767,310.8631955093765,1.0136441762920347,5.794771570718489,copath_syn_mapt_REGION-RF_rank280_region322_cCL,322,cCL,280
alpha,0.7436708997612618,0.6026513477539539,0.012083481252378453,1563.8640805843233,1095.6158224177832,1.0028940563937971,21.104493604463144,copath_syn_mapt_REGION-RF_rank340_region323_cPF,323,cPF,340
beta,-0.2130221764843984,0.911458205912514,0.020582182949555786,1977.4821730181782,1891.1588711976456,1.0020486120053411,26.686308862473897,copath_syn_mapt_REGION-RF_rank340_region323_cPF,323,cPF,340
gamma,0.08195742584559076,0.06064979180335991,0.0013042733213881354,1392.3081630626682,821.4751065800594,1.0013084577462235,18.78933027978932,copath_syn_mapt_REGION-RF_rank340_region323_cPF,323,cPF,340
sigma,0.6880908081217196,0.9412551369393096,0.02132635692706849,2179.45822690635,2146.020347278797,1.0009125016656009,29.411994803124788,copath_syn_mapt_REGION-RF_rank340_region323_cPF,323,cPF,340
u0,0.007723450134422871,0.00602760115137853,0.00012624749895175175,1332.872701840973,786.1412684856008,1.0012472869477766,17.98724311198193,copath_syn_mapt_REGION-RF_rank340_region323_cPF,323,cPF,340
alpha,0.5743818646540135,0.5341664844543027,0.016939132672305658,784.7278235962776,1509.7680062752527,1.002553060046278,8.063791024983585,copath_syn_mapt_REGION-RF_rank189_region324_cPIL,324,cPIL,189
beta,-0.21472865575784966,0.7545606237132535,0.02229852840981283,1100.7490371960585,1624.4239087812578,1.004716030202417,11.3111959841346,copath_syn_mapt_REGION-RF_rank189_region324_cPIL,324,cPIL,189
gamma,0.0823039220110014,0.061367774859106994,0.001623464142136517,1120.7882378238905,1149.6646253887188,1.002965565510365,11.517116968852598,copath_syn_mapt_REGION-RF_rank189_region324_cPIL,324,cPIL,189
sigma,0.04195892004386534,0.006945772085925858,0.0002136980711936034,1046.1005795556655,1302.0459508429294,1.0058046122345352,10.749633453790942,copath_syn_mapt_REGION-RF_rank189_region324_cPIL,324,cPIL,189
u0,0.008687151505372465,0.005719341727534578,0.00017545692900556325,784.1085984427282,574.3569573609681,1.0049533191369688,8.057427924191833,copath_syn_mapt_REGION-RF_rank189_region324_cPIL,324,cPIL,189
alpha,0.7240599516652622,0.599869224122287,0.016533626607195255,991.3869900654563,976.4762639592296,1.0004002045315066,10.12363154629377,copath_syn_mapt_REGION-RF_rank290_region325_cRT,325,cRT,290
beta,-0.4728006286950963,0.7648595252710453,0.027400422244549836,724.0708355431547,1050.4491413776404,1.0032910332782359,7.393910174241838,copath_syn_mapt_REGION-RF_rank290_region325_cRT,325,cRT,290
gamma,0.07992973952939736,0.060642328160833286,0.0018835392396241851,688.7413451273824,572.0231569959265,1.004073557469424,7.033140114445127,copath_syn_mapt_REGION-RF_rank290_region325_cRT,325,cRT,290
sigma,0.013758230524288184,0.0023865531110947055,7.533018560926873e-5,943.6565101084825,1412.6645829893823,1.0045876324809824,9.636227739854613,copath_syn_mapt_REGION-RF_rank290_region325_cRT,325,cRT,290
u0,0.005410745059925329,0.00496349450292135,0.0001501916207509657,526.0037636827553,311.0402449681524,1.0058509637760973,5.371331628163093,copath_syn_mapt_REGION-RF_rank290_region325_cRT,325,cRT,290
alpha,0.8115053850254429,0.6282763929442479,0.012368217817473272,1817.0328108779381,1317.9864675485812,1.0000111739609772,23.32879019717977,copath_syn_mapt_REGION-RF_rank9_region326_cIGL,326,cIGL,9
beta,-0.060115484673943835,0.9143094848955249,0.019871007729378432,2159.7312570465997,1892.2795991853382,1.0017784610306453,27.728677807192373,copath_syn_mapt_REGION-RF_rank9_region326_cIGL,326,cIGL,9
gamma,0.08222661493869564,0.06093787928070473,0.0012872484974517455,1560.9425744959522,993.9960042344638,1.0021856258351596,20.040860909202344,copath_syn_mapt_REGION-RF_rank9_region326_cIGL,326,cIGL,9
sigma,0.7550283127729649,0.5488314082792485,0.01388911573174281,1849.8719944679765,1462.1728335602095,1.0020695051800284,23.7504107753181,copath_syn_mapt_REGION-RF_rank9_region326_cIGL,326,cIGL,9
u0,0.008177546488335788,0.006146444255124704,0.00012539297562105068,1695.430869178803,1273.1121496667026,1.0016243143363506,21.767549162628427,copath_syn_mapt_REGION-RF_rank9_region326_cIGL,326,cIGL,9
alpha,0.7985132403043733,0.6208289667493526,0.012355480212311896,1675.4583957905297,1332.7774999221003,1.004574584860468,21.67307059983093,copath_syn_mapt_REGION-RF_rank5_region327_cIntG,327,cIntG,5
beta,-0.07389599075222451,0.9392735451110414,0.02137348173336905,1992.2497268973991,2187.804531533689,1.0004122948450827,25.77095861766744,copath_syn_mapt_REGION-RF_rank5_region327_cIntG,327,cIntG,5
gamma,0.07929834130847073,0.06132936454092482,0.0012996892334488628,1599.879280489118,1463.0280120401007,1.0028457605838135,20.6954089008501,copath_syn_mapt_REGION-RF_rank5_region327_cIntG,327,cIntG,5
sigma,0.7257804589968607,0.3744999564286153,0.009394855811203227,1793.5493649167568,1844.5534855255949,1.003209081075961,23.20064891362581,copath_syn_mapt_REGION-RF_rank5_region327_cIntG,327,cIntG,5
u0,0.008156888194747773,0.005957331316658701,0.00010978283186309245,2057.0478048969276,1404.2982862490767,1.0028231785160377,26.609161059903858,copath_syn_mapt_REGION-RF_rank5_region327_cIntG,327,cIntG,5
alpha,0.6810862808291874,0.5630362951424793,0.014488888484385795,1131.1128532774976,1203.2285165342253,1.0050943594144972,12.604614023908463,copath_syn_mapt_REGION-RF_rank53_region328_cLGv,328,cLGv,53
beta,-0.18946383053581756,0.8165244915683981,0.02307805806604647,1302.6712826951064,1613.8045964228286,1.0048718788611157,14.51638417053095,copath_syn_mapt_REGION-RF_rank53_region328_cLGv,328,cLGv,53
gamma,0.08155622393440376,0.06163271722195894,0.0014175253089574263,1274.5265958623947,1042.304350919637,1.0026153865101304,14.202752411045429,copath_syn_mapt_REGION-RF_rank53_region328_cLGv,328,cLGv,53
sigma,0.2720661335221208,0.0439223436932785,0.0011706541757835456,1445.1971866391395,1654.245476672242,1.0024806211208592,16.104628882292225,copath_syn_mapt_REGION-RF_rank53_region328_cLGv,328,cLGv,53
u0,0.008478264516321408,0.0065108928346204265,0.00016029011423296968,1197.4465233022293,993.9957206021361,1.0030356955174518,13.34380667389767,copath_syn_mapt_REGION-RF_rank53_region328_cLGv,328,cLGv,53
alpha,0.7909671126197243,0.5951286786005722,0.011235284087014694,1968.2917102553556,1368.501194952745,1.001968351040368,28.405756945323493,copath_syn_mapt_REGION-RF_rank1_region329_cSubG,329,cSubG,395
beta,-0.01802794111623807,0.9910135882882062,0.018586776072579313,2847.358992591645,2481.793306698933,1.003931144796095,41.09217503595862,copath_syn_mapt_REGION-RF_rank1_region329_cSubG,329,cSubG,395
gamma,0.07903978067021558,0.06039151963025341,0.001162510553734613,1794.0951090009803,1106.6744957094722,1.0007767947537147,25.891807264922072,copath_syn_mapt_REGION-RF_rank1_region329_cSubG,329,cSubG,395
sigma,1.619128513694031,1.919435138362257,0.0394145505946324,2536.8264192102015,2433.92755328855,1.0004551349581132,36.61066817540555,copath_syn_mapt_REGION-RF_rank1_region329_cSubG,329,cSubG,395
u0,0.008094857563265626,0.005985909348003743,0.00010741872012937718,2061.9634205336015,1453.1218378981355,1.0007141030530646,29.757597132910025,copath_syn_mapt_REGION-RF_rank1_region329_cSubG,329,cSubG,395
alpha,0.5293354610759843,0.511044531124166,0.02483620447032018,457.8639790598052,628.966704113696,1.0128085901802262,3.8919780952526306,copath_syn_mapt_REGION-RF_rank91_region330_cMH,330,cMH,91
beta,0.10972041246002141,0.675003785322452,0.025586258276084024,762.2515737701178,912.073510995038,1.0065426612830375,6.4793619150320705,copath_syn_mapt_REGION-RF_rank91_region330_cMH,330,cMH,91
gamma,0.08506360228529705,0.060503797455429005,0.0019723699718173357,747.1208320094437,765.9177648171303,1.005735696931962,6.350746172823234,copath_syn_mapt_REGION-RF_rank91_region330_cMH,330,cMH,91
sigma,0.07561601370314798,0.012969766417589252,0.0005276726106915742,540.218787831232,361.7549827125289,1.0078733827908273,4.5920181211906534,copath_syn_mapt_REGION-RF_rank91_region330_cMH,330,cMH,91
u0,0.014331050993045793,0.00778462161382536,0.0002823242660620048,681.5123357483144,699.2601093824321,1.0048618569948735,5.7930547142483135,copath_syn_mapt_REGION-RF_rank91_region330_cMH,330,cMH,91
alpha,0.5214707164499478,0.5074476853358536,0.017870812171728433,779.7127371405901,716.2526786956973,1.0052471837407193,7.540669211522037,copath_syn_mapt_REGION-RF_rank84_region331_cLH,331,cLH,84
beta,-0.024227308221513342,0.721542201570241,0.02082836867759711,1221.97171367529,1486.8374037291278,1.0030881381200958,11.817793964036035,copath_syn_mapt_REGION-RF_rank84_region331_cLH,331,cLH,84
gamma,0.07689251662215996,0.059129589504914974,0.0021579365774464063,562.9294223574392,634.7383252348347,1.0063847931305439,5.444139054336411,copath_syn_mapt_REGION-RF_rank84_region331_cLH,331,cLH,84
sigma,0.07717692142403183,0.013074012773732784,0.0004529823430050207,767.8356105285105,948.407818230792,1.0072109127905085,7.425804494429556,copath_syn_mapt_REGION-RF_rank84_region331_cLH,331,cLH,84
u0,0.012037192186339094,0.007286388067544354,0.00024535938795175076,670.2495367794377,477.3613455833475,1.0068418281959326,6.482041148339356,copath_syn_mapt_REGION-RF_rank84_region331_cLH,331,cLH,84
alpha,0.8037469464865763,0.6035725565870308,0.01159327164402455,1918.5617241861196,1291.6008894373767,1.0001784789226844,27.411940622747817,copath_syn_mapt_REGION-RF_rank1_region332_cPVH,332,cPVH,396
beta,-0.010275892499008838,1.0124502113226506,0.021007096311241202,2328.1385621753925,2031.0558153603654,1.0018294687971598,33.26387429883401,copath_syn_mapt_REGION-RF_rank1_region332_cPVH,332,cPVH,396
gamma,0.07924992628733384,0.061764384305543506,0.001336161565485795,1395.4755616019827,930.8693563311859,1.0019580762455647,19.938213481954318,copath_syn_mapt_REGION-RF_rank1_region332_cPVH,332,cPVH,396
sigma,1.6433590490504804,2.029701195472302,0.04536886648890573,2724.9206706217983,2183.4782870633603,1.0015649635478143,38.93300000888411,copath_syn_mapt_REGION-RF_rank1_region332_cPVH,332,cPVH,396
u0,0.008228340694483315,0.006116082140334808,0.00011602179650318113,2004.6336903549302,1553.5368802821947,1.0007980858553969,28.64171582161638,copath_syn_mapt_REGION-RF_rank1_region332_cPVH,332,cPVH,396
alpha,0.7157969665431487,0.5888551859037398,0.021078625616457822,525.1400002839903,604.06039956616,1.0086690755804593,5.627726043359342,copath_syn_mapt_REGION-RF_rank294_region333_cARH,333,cARH,294
beta,-0.45817950251604783,0.8202521834451044,0.0346859802519023,531.8476122295284,408.26750367870295,1.008377384416582,5.699608974414373,copath_syn_mapt_REGION-RF_rank294_region333_cARH,333,cARH,294
gamma,0.07668550045014709,0.06002320260606435,0.001899040833815206,561.7974691188336,298.3212805426791,1.010659949015692,6.020570221928709,copath_syn_mapt_REGION-RF_rank294_region333_cARH,333,cARH,294
sigma,0.011216662112862532,0.0018722652867282992,7.015177262773421e-5,640.8798672809814,507.5577462681409,1.0083472713363886,6.8680662638751455,copath_syn_mapt_REGION-RF_rank294_region333_cARH,333,cARH,294
u0,0.004993927826895498,0.004854043763028562,0.00017089432334767507,418.6914444157519,335.12964748217576,1.0054521493942485,4.4869572772898945,copath_syn_mapt_REGION-RF_rank294_region333_cARH,333,cARH,294
alpha,0.787802731794395,0.5961020546608284,0.011886654035955643,1767.2316151216435,1139.1611513082992,1.0012273148379607,25.628766806201778,copath_syn_mapt_REGION-RF_rank1_region334_cADP,334,cADP,397
beta,0.028190413855853583,1.006469083477769,0.0195563222801386,2659.358442341296,2074.6479270658383,1.0015276181946116,38.566578817218414,copath_syn_mapt_REGION-RF_rank1_region334_cADP,334,cADP,397
gamma,0.08071012971105714,0.06024581138903449,0.0011637778030951095,1883.6542948675374,1327.9586308783298,1.001145892939884,27.317153141433362,copath_syn_mapt_REGION-RF_rank1_region334_cADP,334,cADP,397
sigma,1.744820314490757,2.4360578285997887,0.04900701133596906,2812.2089832280044,2223.619682263736,1.0002495575225026,40.78324970238568,copath_syn_mapt_REGION-RF_rank1_region334_cADP,334,cADP,397
u0,0.007963431696028539,0.005787969027948888,0.00011775322220084412,1704.3543715852222,1190.200586386557,1.001967429348547,24.716907716412475,copath_syn_mapt_REGION-RF_rank1_region334_cADP,334,cADP,397
alpha,0.7830484731778178,0.6106866236623788,0.01205691231745448,1740.8161123455643,1140.0635748627024,1.0004207287896425,25.35082952053422,copath_syn_mapt_REGION-RF_rank1_region335_cAVP,335,cAVP,398
beta,-0.023254699677334352,1.0097417415150518,0.018937879142387617,2852.6608360621367,2482.255763429433,1.00126828276099,41.54219278076187,copath_syn_mapt_REGION-RF_rank1_region335_cAVP,335,cAVP,398
gamma,0.07999413544162917,0.06056876230213866,0.0012052499688531262,1742.6060447704097,1236.7119334298907,1.002102493810134,25.376895611854106,copath_syn_mapt_REGION-RF_rank1_region335_cAVP,335,cAVP,398
sigma,1.7073890347896183,2.5424959522353325,0.05790436112077142,1863.9481233801116,2205.9439569379347,1.0062429134150521,27.143953215863224,copath_syn_mapt_REGION-RF_rank1_region335_cAVP,335,cAVP,398
u0,0.00805935224183394,0.006042585477328569,0.00011300152172223476,2051.091005257671,1263.2114945608212,1.0001458798816294,29.86924238386566,copath_syn_mapt_REGION-RF_rank1_region335_cAVP,335,cAVP,398
alpha,0.796263365200467,0.6145307303177193,0.013149461348614434,1269.8009100536262,713.5872926032683,1.0016901064333588,18.249247783929896,copath_syn_mapt_REGION-RF_rank1_region336_cAVPV,336,cAVPV,399
beta,-0.01139675027070865,0.9870180377930795,0.01883996935290392,2808.715522161578,2274.4604595461724,1.0005296002419926,40.36612756588117,copath_syn_mapt_REGION-RF_rank1_region336_cAVPV,336,cAVPV,399
gamma,0.07954593147771687,0.05940844466644726,0.0011317182221705839,1882.8441390411133,1275.1180899396247,1.0006892872019748,27.059745318996754,copath_syn_mapt_REGION-RF_rank1_region336_cAVPV,336,cAVPV,399
sigma,1.571103509601432,1.8916558463468955,0.03863774388388655,2422.4198819841495,1893.2404480187047,1.0000623613236748,34.814387289405865,copath_syn_mapt_REGION-RF_rank1_region336_cAVPV,336,cAVPV,399
u0,0.0077963226024897045,0.005954209980587188,0.0001112639210149865,2045.1111864944721,1515.829128516902,0.9994559000184673,29.391805040089565,copath_syn_mapt_REGION-RF_rank1_region336_cAVPV,336,cAVPV,399
alpha,0.4588645775808528,0.4708486469588507,0.020473531024142386,494.6025807375058,1148.466369637875,1.0029672733122732,4.659292921015749,copath_syn_mapt_REGION-RF_rank124_region337_cDMH,337,cDMH,124
beta,0.028654065246595157,0.6634240882078207,0.021987939206904037,933.7241629794466,993.79461245498,1.0147695293547239,8.795939512212886,copath_syn_mapt_REGION-RF_rank124_region337_cDMH,337,cDMH,124
gamma,0.08002915591829882,0.057715213768484194,0.001913996634546984,657.4914040222648,493.8524151369796,1.006802596845361,6.193750626658108,copath_syn_mapt_REGION-RF_rank124_region337_cDMH,337,cDMH,124
sigma,0.05368531355584801,0.009518832130277915,0.00034769887296586926,742.8014719743684,1062.373402046344,1.0097419377787689,6.997395029620819,copath_syn_mapt_REGION-RF_rank124_region337_cDMH,337,cDMH,124
u0,0.013910456528778245,0.0076439326305580094,0.0003329099772088418,464.57515734052845,418.5933772112663,1.0124645182222634,4.376426298966864,copath_syn_mapt_REGION-RF_rank124_region337_cDMH,337,cDMH,124
alpha,0.7886821637488832,0.6004495343591982,0.01124495270572379,1882.873613561405,1250.303614094745,1.0009788123475467,27.364167154421065,copath_syn_mapt_REGION-RF_rank1_region338_cMEPO,338,cMEPO,400
beta,0.015341642115528988,1.0135565676059828,0.01801355555426096,3169.9230966878777,2606.406449865554,1.0002198712816819,46.06910674177243,copath_syn_mapt_REGION-RF_rank1_region338_cMEPO,338,cMEPO,400
gamma,0.07955771770278193,0.05986234574137465,0.0011055819500425674,1965.727962369956,1012.7987973746158,1.0019326783619684,28.568305464044236,copath_syn_mapt_REGION-RF_rank1_region338_cMEPO,338,cMEPO,400
sigma,1.6936822626945953,2.322262068801768,0.0495726310721374,3018.2281402016883,2480.605455193919,1.0007107578102707,43.864494538450295,copath_syn_mapt_REGION-RF_rank1_region338_cMEPO,338,cMEPO,400
u0,0.007966301317636211,0.005963888326215375,0.00011484121660177732,1603.5390158575901,887.5231355466711,1.0008554566240602,23.304543306847894,copath_syn_mapt_REGION-RF_rank1_region338_cMEPO,338,cMEPO,400
alpha,0.7852908730059068,0.6210037525709309,0.01241388491801251,1581.2922571426968,881.8852325337828,1.0002358237874558,21.92432938846027,copath_syn_mapt_REGION-RF_rank1_region339_cMPO,339,cMPO,401
beta,0.015412746720448543,0.9983788202626327,0.01974359933716405,2566.326160702282,2315.19450087158,1.0013099447617335,35.58164520904377,copath_syn_mapt_REGION-RF_rank1_region339_cMPO,339,cMPO,401
gamma,0.07813386228907353,0.05955653671597275,0.0012574061542375231,1448.8509133277184,1094.6246947252196,1.0011317051282689,20.088054257576687,copath_syn_mapt_REGION-RF_rank1_region339_cMPO,339,cMPO,401
sigma,1.627554637928203,2.135980841249432,0.0473161435482133,2473.3275718337622,2180.4336939299847,1.0007460735538911,34.292236697868454,copath_syn_mapt_REGION-RF_rank1_region339_cMPO,339,cMPO,401
u0,0.008040821933052954,0.005964934497668987,0.00012011773681038285,1663.4612133733833,1055.410818735801,1.005011005706275,23.063587013842405,copath_syn_mapt_REGION-RF_rank1_region339_cMPO,339,cMPO,401
alpha,0.8161273829076391,0.6194434319835187,0.013350648778689175,1496.1461507111492,997.2606560366545,1.0026948807363492,20.990588137984894,copath_syn_mapt_REGION-RF_rank1_region340_cPS,340,cPS,402
beta,-0.001681310143846897,0.9983571300811205,0.020896002547039043,2278.010588751983,1966.2262340445036,1.0024167445991217,31.95996729312377,copath_syn_mapt_REGION-RF_rank1_region340_cPS,340,cPS,402
gamma,0.07774048088368107,0.059531696874954736,0.001164495763953238,1704.4488025157718,1122.6369356858856,1.000146799668083,23.913026677831162,copath_syn_mapt_REGION-RF_rank1_region340_cPS,340,cPS,402
sigma,1.6194102809761066,1.9893019974595572,0.04315899054907589,2302.4776992218785,2293.419524130929,1.0025787229440137,32.30323525431596,copath_syn_mapt_REGION-RF_rank1_region340_cPS,340,cPS,402
u0,0.00802763206004645,0.006159423755478376,0.00013005906637565383,1427.2109031643727,957.2864355688571,1.0007090030634282,20.023442389050782,copath_syn_mapt_REGION-RF_rank1_region340_cPS,340,cPS,402
alpha,0.7948866843871891,0.5971284096705343,0.010321630553614437,2248.152570134494,1416.845829895699,0.999898071295547,32.33495721280213,copath_syn_mapt_REGION-RF_rank1_region341_cVLPO,341,cVLPO,403
beta,-0.0026771380544444645,1.028066140356832,0.018610366629783257,3051.11795306741,2245.2571856554428,1.0010440618768464,43.88392930900815,copath_syn_mapt_REGION-RF_rank1_region341_cVLPO,341,cVLPO,403
gamma,0.07830791344683743,0.059841033332969806,0.001174436711199864,1822.673915858739,1200.6147672927784,1.0016430371972336,26.21533959265809,copath_syn_mapt_REGION-RF_rank1_region341_cVLPO,341,cVLPO,403
sigma,1.582845509058872,1.9135214379250498,0.035571414880695006,2958.826825805978,2064.069584524192,1.000307141445671,42.556515106447534,copath_syn_mapt_REGION-RF_rank1_region341_cVLPO,341,cVLPO,403
u0,0.007911486990364787,0.005980298000784088,0.00010872657579480198,1974.477597665042,1186.0899100887104,1.0004220952141616,28.39871701159322,copath_syn_mapt_REGION-RF_rank1_region341_cVLPO,341,cVLPO,403
alpha,0.8003964859956445,0.6037437595965208,0.012292765322253353,1651.4453679951544,1252.6873930365398,1.0015373749598775,24.003915289395984,copath_syn_mapt_REGION-RF_rank1_region342_cAHN,342,cAHN,404
beta,-0.02002177360434799,0.984202950333855,0.022695631549519004,1884.7854777188868,2362.964490609199,1.0021258490129068,27.39553594847144,copath_syn_mapt_REGION-RF_rank1_region342_cAHN,342,cAHN,404
gamma,0.08158247480154125,0.06035726554569098,0.0010828195331473386,2262.58892511189,1290.6828545716774,1.0012675938957634,32.88694494268652,copath_syn_mapt_REGION-RF_rank1_region342_cAHN,342,cAHN,404
sigma,1.712537892711492,2.287272431692659,0.047959669053068074,2138.812828328044,2271.578214094801,1.001710693539173,31.087847618832303,copath_syn_mapt_REGION-RF_rank1_region342_cAHN,342,cAHN,404
u0,0.00754087962725137,0.005894110854703762,0.00013468019693563878,1061.1019046422948,639.8449267888466,1.0043276161802712,15.423216974698683,copath_syn_mapt_REGION-RF_rank1_region342_cAHN,342,cAHN,404
alpha,0.580019893811117,0.5092082790284669,0.019631836652555593,529.649497847705,793.5899281506167,1.0046559439419853,5.3673983101541864,copath_syn_mapt_REGION-RF_rank118_region343_cLM,343,cLM,118
beta,-0.07733069643197825,0.8225631385189561,0.030706272888942416,697.8096119589097,1062.970123207305,1.0051521895858277,7.071510776952642,copath_syn_mapt_REGION-RF_rank118_region343_cLM,343,cLM,118
gamma,0.08048540184650865,0.06257911811373093,0.0019370082935788006,688.3176638755878,662.9802161940894,1.0035078249634157,6.97532062420158,copath_syn_mapt_REGION-RF_rank118_region343_cLM,343,cLM,118
sigma,0.10989177770141004,0.022062829800502736,0.0008080830221572683,714.2359704349666,747.0501837572025,1.0065943986956105,7.237973332066261,copath_syn_mapt_REGION-RF_rank118_region343_cLM,343,cLM,118
u0,0.009433127977834563,0.00635398681353023,0.00020257508998017598,765.8087701859582,955.2367568140207,1.0030552414446032,7.760605297844102,copath_syn_mapt_REGION-RF_rank118_region343_cLM,343,cLM,118
alpha,0.6388958530244662,0.5703028226037341,0.031567576201946335,375.3090047319953,448.24892019921697,1.0128664076606848,3.2086742819085323,copath_syn_mapt_REGION-RF_rank57_region344_cMM,344,cMM,57
beta,0.16872472407871963,0.6414843116262476,0.02113323046305266,936.5277608506321,1203.2566376627094,1.0038772998218393,8.006769095989743,copath_syn_mapt_REGION-RF_rank57_region344_cMM,344,cMM,57
gamma,0.07996517649267303,0.06014516799918513,0.0023392247113660928,508.4582937024291,380.73001262440556,1.0040880809429538,4.347023465613627,copath_syn_mapt_REGION-RF_rank57_region344_cMM,344,cMM,57
sigma,0.1071639636979083,0.018297916587702457,0.0007459244009573299,545.7549358384724,715.2372490670339,1.0107161899827177,4.665888120909935,copath_syn_mapt_REGION-RF_rank57_region344_cMM,344,cMM,57
u0,0.012946805643175338,0.007563584811607082,0.0003440885280216476,434.34715315209627,461.84446629170344,1.0033481586103765,3.713416204160971,copath_syn_mapt_REGION-RF_rank57_region344_cMM,344,cMM,57
alpha,2.215122372309608,0.49613401448790306,0.011510365089085811,1781.0657972854387,1929.7453460703061,1.0017408480131982,17.70619144333869,copath_syn_mapt_REGION-RF_rank14_region345_cSUM,345,cSUM,14
beta,0.7483502526325437,0.12613913648466007,0.0032228373151934092,1562.349655580155,1708.0324178368196,1.0026874676884543,15.531858590119842,copath_syn_mapt_REGION-RF_rank14_region345_cSUM,345,cSUM,14
gamma,0.23248198755833727,0.06149175131322487,0.0015081550607356747,1649.7108006878386,1688.6192028776748,1.0005595320668321,16.40034596568087,copath_syn_mapt_REGION-RF_rank14_region345_cSUM,345,cSUM,14
sigma,0.1914108689909815,0.03198842777811008,0.0006695856069523354,2361.192930064778,2328.0158766361947,1.000552279379359,23.473436028082094,copath_syn_mapt_REGION-RF_rank14_region345_cSUM,345,cSUM,14
u0,0.012292677526034256,0.006266877651027968,0.0001267719918608777,1972.6398028635524,1084.3330897301776,1.0008465480361148,19.610694928557038,copath_syn_mapt_REGION-RF_rank14_region345_cSUM,345,cSUM,14
alpha,0.7266208406245585,0.5772784846197114,0.013736140759714138,1159.3495048365648,909.8259589313507,1.0033039727989534,14.338979442155082,copath_syn_mapt_REGION-RF_rank341_region346_cTM,346,cTM,341
beta,-0.34450034393178863,0.8326457504413557,0.019465120306801094,1840.442175259179,1906.356037549856,1.000944544205543,22.762818637022487,copath_syn_mapt_REGION-RF_rank341_region346_cTM,346,cTM,341
gamma,0.0806891275165641,0.060202997418118506,0.0011376341067777685,1920.7084966992277,1135.8668093842782,0.9998250968106601,23.755562523335286,copath_syn_mapt_REGION-RF_rank341_region346_cTM,346,cTM,341
sigma,0.2427661071448415,0.302125127608729,0.00613989222492521,2516.7773080153115,2230.1329577502834,1.0013372440918047,31.12781601196383,copath_syn_mapt_REGION-RF_rank341_region346_cTM,346,cTM,341
u0,0.007831133468931216,0.005940394297021069,0.00012889361871948682,1362.0552508994658,877.193557810355,1.0023785460446708,16.84606942104147,copath_syn_mapt_REGION-RF_rank341_region346_cTM,346,cTM,341
alpha,0.8016986118608138,0.6039419413515431,0.010603220655503344,2350.226854142281,1557.638823795962,1.0010882654910973,34.427487389656356,copath_syn_mapt_REGION-RF_rank1_region347_cMPN,347,cMPN,405
beta,-0.029163872276795715,0.9775200930478422,0.018663751429722847,2750.115382450127,2372.8512643524964,1.0014060826509277,40.2852867086123,copath_syn_mapt_REGION-RF_rank1_region347_cMPN,347,cMPN,405
gamma,0.0789245353580914,0.06010926359084754,0.0012125586211394065,1589.5530667764094,940.3394626243673,1.000642279318374,23.284696141218312,copath_syn_mapt_REGION-RF_rank1_region347_cMPN,347,cMPN,405
sigma,1.6316232525846137,2.1029425624368585,0.0433777022310447,2829.1371246057697,2180.173892561446,1.0006998985867759,41.44284306398162,copath_syn_mapt_REGION-RF_rank1_region347_cMPN,347,cMPN,405
u0,0.007900296003732892,0.006022505893964501,0.00011743155840227659,1822.5506248430975,1429.6855270112599,1.001814511111102,26.697779639104347,copath_syn_mapt_REGION-RF_rank1_region347_cMPN,347,cMPN,405
alpha,0.7359909013099761,0.5831046084924152,0.012274450647174402,1413.786529774388,859.0948314580858,1.0075295038033143,18.176268671085705,copath_syn_mapt_REGION-RF_rank342_region348_cPMd,348,cPMd,342
beta,-0.26369214087261106,0.8785465703219799,0.02035829665952284,1894.075601229591,1959.8460643584674,1.0037722337694368,24.35107867153829,copath_syn_mapt_REGION-RF_rank342_region348_cPMd,348,cPMd,342
gamma,0.07801789843708772,0.059387975441071064,0.0014535626564245693,869.1286568382625,676.220660558796,1.004954086290123,11.173904718807211,copath_syn_mapt_REGION-RF_rank342_region348_cPMd,348,cPMd,342
sigma,0.22543139849175634,0.26272204150808914,0.005277940245309144,2121.28924463345,1619.2014530630966,1.0019982224500033,27.272238366633026,copath_syn_mapt_REGION-RF_rank342_region348_cPMd,348,cPMd,342
u0,0.007647108318840025,0.006023205547854111,0.00013011502585949698,1344.131198033474,982.094318663452,1.0025291700348373,17.28074873407053,copath_syn_mapt_REGION-RF_rank342_region348_cPMd,348,cPMd,342
alpha,0.7161659844690437,0.5706286334724563,0.012671349471410999,1457.7490187541514,1325.5950734735954,1.001259617844205,18.4578930416976,copath_syn_mapt_REGION-RF_rank343_region349_cPMv,349,cPMv,343
beta,-0.47505852818921557,0.8204125328560172,0.02140790662635821,1486.747944762444,1793.1080059053395,1.0014628283045683,18.825074955524315,copath_syn_mapt_REGION-RF_rank343_region349_cPMv,349,cPMv,343
gamma,0.08107535357171602,0.06195986158345803,0.0012079344677230243,1502.438170211835,1262.4178040095314,1.0034127003529443,19.023743244385518,copath_syn_mapt_REGION-RF_rank343_region349_cPMv,349,cPMv,343
sigma,0.09109457718009482,0.12749639512734914,0.0031572705422499617,2075.3001603684306,2274.827674674039,1.0004026036916653,26.277272628340285,copath_syn_mapt_REGION-RF_rank343_region349_cPMv,349,cPMv,343
u0,0.007400278465704867,0.005919362825090303,0.00012112159730517938,1568.3163098885364,1084.2797968765321,1.0013069663830398,19.85788659848483,copath_syn_mapt_REGION-RF_rank343_region349_cPMv,349,cPMv,343
alpha,0.5238801990190362,0.5220210542958807,0.0223059282910915,628.6701680603851,611.7579220657735,1.0029996503731111,6.67803450244726,copath_syn_mapt_REGION-RF_rank240_region350_cVMH,350,cVMH,240
beta,-0.28481785486865396,0.6507342471596005,0.01814443235566098,1275.6827572438644,1547.1670680412005,1.0038829827056703,13.550910954364397,copath_syn_mapt_REGION-RF_rank240_region350_cVMH,350,cVMH,240
gamma,0.07791711410204671,0.061571467887364235,0.001991221642510443,736.0304884699195,830.4192317365681,1.0042897440199694,7.818467054067554,copath_syn_mapt_REGION-RF_rank240_region350_cVMH,350,cVMH,240
sigma,0.022120433551270188,0.003780904119393939,0.00011259295084914589,1072.3139118233153,928.5109325057362,1.0024276841095778,11.390630038488583,copath_syn_mapt_REGION-RF_rank240_region350_cVMH,350,cVMH,240
u0,0.009254344690157863,0.00570545023021789,0.00023713915574437994,459.7396302548287,496.45409060911277,1.0092071864801402,4.883573722698414,copath_syn_mapt_REGION-RF_rank240_region350_cVMH,350,cVMH,240
alpha,0.5260837324939981,0.47445164811707224,0.022522208146709046,440.29403693582464,492.6391819630052,1.005652526362271,3.1947962278387463,copath_syn_mapt_REGION-RF_rank166_region351_cPH,351,cPH,166
beta,0.2766033692957591,0.6490350912869051,0.02402609385863929,722.6850174887594,986.4438222394105,1.0045203292531608,5.243839739135945,copath_syn_mapt_REGION-RF_rank166_region351_cPH,351,cPH,166
gamma,0.07890351174035368,0.05979076675057398,0.002454461436810501,482.3693520728372,917.9822475894706,1.0043738879573554,3.500096883328766,copath_syn_mapt_REGION-RF_rank166_region351_cPH,351,cPH,166
sigma,0.059658692265675814,0.010725998159370705,0.00047990039302278213,461.56911957277185,889.579004911459,1.0070755455001008,3.349169324118911,copath_syn_mapt_REGION-RF_rank166_region351_cPH,351,cPH,166
u0,0.011352897096722733,0.006589437714197638,0.00032824390667732364,303.0400790382272,206.1672790446998,1.0155742259027352,2.198874434305358,copath_syn_mapt_REGION-RF_rank166_region351_cPH,351,cPH,166
alpha,0.611619223295603,0.5030048831483773,0.0243245480392957,417.8589594078996,615.7380457537721,1.0151052576736799,1.9812004978754152,copath_syn_mapt_REGION-RF_rank125_region352_cLHA,352,cLHA,125
beta,0.4603434926361073,0.41132228473409677,0.01484154309726919,658.7856859541492,1262.5684185849786,1.0139421881670638,3.1235097384413844,copath_syn_mapt_REGION-RF_rank125_region352_cLHA,352,cLHA,125
gamma,0.0840704776686268,0.06178651757965494,0.001827112088205974,811.1708487094301,635.3487010629552,1.0052211216098124,3.8460156307342874,copath_syn_mapt_REGION-RF_rank125_region352_cLHA,352,cLHA,125
sigma,0.04301363284065961,0.0076718752251192885,0.00030527817825097526,618.0192935201021,764.3558037303269,1.0072079102020932,2.9302234748146248,copath_syn_mapt_REGION-RF_rank125_region352_cLHA,352,cLHA,125
u0,0.01787293180815476,0.007051007111439084,0.00030913149386320525,480.762536418203,276.0784677819452,1.0036745016848307,2.27944610272627,copath_syn_mapt_REGION-RF_rank125_region352_cLHA,352,cLHA,125
alpha,0.6818792278607528,0.5757514703477892,0.013924123011225892,1335.4848253758237,1125.2262939195275,1.0040197013158598,14.687924259555492,copath_syn_mapt_REGION-RF_rank47_region353_cLPO,353,cLPO,47
beta,-0.22454096791312422,0.8405668785896834,0.024906585321094295,1148.7580292101177,1358.5258157459245,1.0011432865372571,12.634266301637824,copath_syn_mapt_REGION-RF_rank47_region353_cLPO,353,cLPO,47
gamma,0.0799148094965634,0.059713318029746935,0.0014928517670300297,1205.3519987785508,1042.930346368585,1.0018230574804137,13.256697888110407,copath_syn_mapt_REGION-RF_rank47_region353_cLPO,353,cLPO,47
sigma,0.11792017483350294,0.05729746775431077,0.0017813729248144766,1201.5717849412435,1468.1790790202404,1.0038701457266375,13.215122354287574,copath_syn_mapt_REGION-RF_rank47_region353_cLPO,353,cLPO,47
u0,0.008187004679015277,0.006100719839158045,0.0001550251633285302,970.1937586972248,771.90291082341,1.0041728649923927,10.670381403119361,copath_syn_mapt_REGION-RF_rank47_region353_cLPO,353,cLPO,47
alpha,0.7308673080341483,0.6093012127719185,0.01569326115169853,911.4745677447879,719.7129913322028,1.0019519399075292,10.7664225628083,copath_syn_mapt_REGION-RF_rank281_region354_cPST,354,cPST,281
beta,-0.4722995229637459,0.7601236012695008,0.025079548770415176,903.0600862962639,1235.8026358434813,1.0029084011006986,10.667029923531624,copath_syn_mapt_REGION-RF_rank281_region354_cPST,354,cPST,281
gamma,0.08006271028584498,0.05960326559906878,0.0015358846653765578,1034.3217506623087,749.6203829793952,1.0027095297918114,12.217504939372171,copath_syn_mapt_REGION-RF_rank281_region354_cPST,354,cPST,281
sigma,0.018531893667148566,0.004028275226884574,0.00011473899335893916,1525.4361621133487,1651.0635981469477,1.0040846499265597,18.0185941496279,copath_syn_mapt_REGION-RF_rank281_region354_cPST,354,cPST,281
u0,0.006464626307495308,0.005252607422048109,0.0001391682137219151,909.3909503018234,659.6853028667797,1.0039234508280566,10.74181067933502,copath_syn_mapt_REGION-RF_rank281_region354_cPST,354,cPST,281
alpha,0.6608773042296311,0.5627902532134116,0.018265678405015768,679.6508186888773,571.2676328616111,1.0107808812986774,7.31909130614772,copath_syn_mapt_REGION-RF_rank102_region355_cPSTN,355,cPSTN,102
beta,-0.1453845718859782,0.8423666224890355,0.028506437190547882,861.8614109339678,1119.0491864958294,1.0033250324525882,9.281298847016668,copath_syn_mapt_REGION-RF_rank102_region355_cPSTN,355,cPSTN,102
gamma,0.08003816384654622,0.061588279210478894,0.001907097750418035,732.9254297832033,670.2288366200289,1.005083003751973,7.8928002345811255,copath_syn_mapt_REGION-RF_rank102_region355_cPSTN,355,cPSTN,102
sigma,0.13350030184965503,0.03824688669095645,0.00125010486654884,894.5708980903028,805.4892976729456,1.0021246842275817,9.633544024233284,copath_syn_mapt_REGION-RF_rank102_region355_cPSTN,355,cPSTN,102
u0,0.007862788784767571,0.006165058972986785,0.00017424098255545224,815.4015561133657,576.6477431232497,1.0051299136500729,8.780977343456447,copath_syn_mapt_REGION-RF_rank102_region355_cPSTN,355,cPSTN,102
alpha,0.6562570801711118,0.5644338655873631,0.016428929463055346,836.8471539451411,844.8126983478192,1.002189027351324,9.401298154730055,copath_syn_mapt_REGION-RF_rank111_region356_cPeF,356,cPeF,111
beta,-0.19811545570709826,0.8116477075948911,0.02185871125286925,1380.7617615131983,1753.3312380693365,1.0015863261275653,15.511737047129646,copath_syn_mapt_REGION-RF_rank111_region356_cPeF,356,cPeF,111
gamma,0.07872980333000698,0.05970721297179439,0.0016201381674838655,865.397669401565,561.8580183863838,1.0045998600983674,9.7220400094543,copath_syn_mapt_REGION-RF_rank111_region356_cPeF,356,cPeF,111
sigma,0.09779906197469553,0.04617621129685615,0.0013778574914937972,1148.1960088856358,1523.246864925786,1.001173168023146,12.899049687528208,copath_syn_mapt_REGION-RF_rank111_region356_cPeF,356,cPeF,111
u0,0.00848011116988706,0.006217714958111147,0.00016247863056528401,1038.7739908213232,922.4721124284856,1.0026562502570682,11.669782178323896,copath_syn_mapt_REGION-RF_rank111_region356_cPeF,356,cPeF,111
alpha,0.7885671351384751,0.5885519480250747,0.012914910555502226,1360.5899370882246,685.3196571430265,1.0027267698639855,19.423957301358012,copath_syn_mapt_REGION-RF_rank1_region357_cRCH,357,cRCH,406
beta,-0.02102740314040662,0.9973768536759446,0.022216654853033986,2022.1350621744616,1950.7184859310403,1.0003137662666128,28.86826077026085,copath_syn_mapt_REGION-RF_rank1_region357_cRCH,357,cRCH,406
gamma,0.07967603130828474,0.05986378304010719,0.0012062927996967178,1619.519842117088,993.6506557699822,1.0005215397005485,23.120473997702803,copath_syn_mapt_REGION-RF_rank1_region357_cRCH,357,cRCH,406
sigma,1.6409023891015722,2.148924571367582,0.042618669035522985,2970.7956308427038,2375.4567669283833,1.0017618682559157,42.41146131658321,copath_syn_mapt_REGION-RF_rank1_region357_cRCH,357,cRCH,406
u0,0.00784744125164937,0.006037553848877507,0.00011765845310818006,1607.2177037114109,980.9596237962711,1.002284068267892,22.94484708426358,copath_syn_mapt_REGION-RF_rank1_region357_cRCH,357,cRCH,406
alpha,0.6759602598335311,0.5228006555245029,0.01379542252879902,1229.6961518025107,1607.8281999332835,1.0016400544429052,13.464612734347742,copath_syn_mapt_REGION-RF_rank285_region358_cSTN,358,cSTN,285
beta,-0.6502492989275099,0.6003877323539096,0.021299310927564468,879.9965824130545,1056.7662320841946,1.0043873255200901,9.635561738054644,copath_syn_mapt_REGION-RF_rank285_region358_cSTN,358,cSTN,285
gamma,0.08019944940218209,0.06148765688191247,0.00158729109706613,1013.137831621596,734.8983428414044,1.003189774985257,11.093397770909206,copath_syn_mapt_REGION-RF_rank285_region358_cSTN,358,cSTN,285
sigma,0.012646413819025863,0.0024059705828636214,6.787753577891071e-5,1043.448014684563,712.2929649447223,1.003752047199051,11.425280469128449,copath_syn_mapt_REGION-RF_rank285_region358_cSTN,358,cSTN,285
u0,0.009301993693006627,0.006259996887103356,0.00018217708119424772,939.2079799775338,759.7341706569097,1.0026314049434455,10.28389957053186,copath_syn_mapt_REGION-RF_rank285_region358_cSTN,358,cSTN,285
alpha,0.5850745465605178,0.5252044062015183,0.029672579067780366,385.3624170141423,440.12712907746237,1.0107201515635076,2.8059212387897268,copath_syn_mapt_REGION-RF_rank108_region359_cTU,359,cTU,108
beta,0.2483534403056476,0.5874388360261015,0.019850309259924107,817.6617166004405,1087.4920941763696,1.0097766319073274,5.953601792647686,copath_syn_mapt_REGION-RF_rank108_region359_cTU,359,cTU,108
gamma,0.08021919799848634,0.062444341414918766,0.002788738599330066,341.5158615054583,186.83609801846353,1.0084137364744568,2.486663376793615,copath_syn_mapt_REGION-RF_rank108_region359_cTU,359,cTU,108
sigma,0.07161264594945434,0.01274455753675125,0.0006088849573893941,447.7131468195775,659.1947861429395,1.009323881606939,3.2599126746195726,copath_syn_mapt_REGION-RF_rank108_region359_cTU,359,cTU,108
u0,0.01247393187198257,0.007259101140272346,0.000374243913340268,342.0972874491738,296.0483676108249,1.0097603423934525,2.4908968861661567,copath_syn_mapt_REGION-RF_rank108_region359_cTU,359,cTU,108
alpha,0.708084623301706,0.5700018299245362,0.012176222197109739,1433.625150982305,1061.1687384923007,1.0032014612290245,19.06898220271485,copath_syn_mapt_REGION-RF_rank344_region360_cFF,360,cFF,344
beta,-0.4623796600794063,0.8063255503475695,0.021452992528498856,1419.422156363497,1607.7261324386295,1.0067960863504772,18.880064861647185,copath_syn_mapt_REGION-RF_rank344_region360_cFF,360,cFF,344
gamma,0.08053931231491333,0.06079312128402011,0.0012503015564272106,1577.0576177516562,1042.1830747270662,1.0024281836140183,20.976810866464348,copath_syn_mapt_REGION-RF_rank344_region360_cFF,360,cFF,344
sigma,0.09406206491790585,0.1199791427965476,0.0031111441790162403,1882.8384839891867,1810.981699534151,1.005111616241989,25.044073422662464,copath_syn_mapt_REGION-RF_rank344_region360_cFF,360,cFF,344
u0,0.007399347481603157,0.0057782820183562,0.00012337891361494864,1408.2609609247297,977.2978222766284,1.0015976065386618,18.731607200286373,copath_syn_mapt_REGION-RF_rank344_region360_cFF,360,cFF,344
alpha,0.5996708708448661,0.5388696074723723,0.01499681642100053,993.0464986632164,1092.368729013084,1.0011191829777193,11.260945723912416,copath_syn_mapt_REGION-RF_rank270_region361_cME,361,cME,270
beta,-0.4272445153110871,0.6824947080305446,0.021680884053393534,1030.3836149958474,1284.6610728483345,1.0031151138865257,11.684341044348216,copath_syn_mapt_REGION-RF_rank270_region361_cME,361,cME,270
gamma,0.08171264177391689,0.05983431504367387,0.0016041251485645076,813.0024243997241,506.0304710359197,1.0059247872866144,9.219282467536702,copath_syn_mapt_REGION-RF_rank270_region361_cME,361,cME,270
sigma,0.023799585235941754,0.003772504109666094,0.00010498489900223797,1270.1885928684158,1369.9465419269839,1.000621317851806,14.403680817241206,copath_syn_mapt_REGION-RF_rank270_region361_cME,361,cME,270
u0,0.007928129421898281,0.005552298464022929,0.0001541731946094482,939.8390141914157,810.0606956213016,1.0024229920912835,10.657583650183316,copath_syn_mapt_REGION-RF_rank270_region361_cME,361,cME,270
alpha,0.48546880556151334,0.4592288781989197,0.044121280262720636,145.6872780993828,103.6130676457777,1.0302134232614513,0.8820177272552311,copath_syn_mapt_REGION-RF_rank180_region362_cSCs,362,cSCs,180
beta,0.4271498950658056,0.46716006042478114,0.02394958118056487,362.2302993621809,554.1855088598784,1.0190423343359494,2.193009228770582,copath_syn_mapt_REGION-RF_rank180_region362_cSCs,362,cSCs,180
gamma,0.07507725380356804,0.062499378376897854,0.0035008541959790636,260.76832096442,272.27852101830325,1.0109024904321016,1.5787396456147722,copath_syn_mapt_REGION-RF_rank180_region362_cSCs,362,cSCs,180
sigma,0.027011832816187818,0.004385236552068483,0.00019424549588807283,501.1024671826998,1061.050910630391,1.003991804452856,3.0337670179064613,copath_syn_mapt_REGION-RF_rank180_region362_cSCs,362,cSCs,180
u0,0.013934226789311896,0.006240375013451611,0.0004945937791218814,132.97955117663574,54.66164244617947,1.0409833914228446,0.8050827981028348,copath_syn_mapt_REGION-RF_rank180_region362_cSCs,362,cSCs,180
alpha,0.542813034269373,0.528030393763759,0.018772745817242947,594.735856349267,853.9656184923323,1.008908943847814,6.050150622570136,copath_syn_mapt_REGION-RF_rank286_region363_cIC,363,cIC,286
beta,-0.3799619816387476,0.7039142215645879,0.020908553299142863,1126.1174749549896,1020.0693519784718,1.007791661611271,11.45580894349996,copath_syn_mapt_REGION-RF_rank286_region363_cIC,363,cIC,286
gamma,0.07535788159068121,0.05930541098225978,0.0020097644152874865,673.9474366025779,896.421970140535,1.0063135196217001,6.85595707675993,copath_syn_mapt_REGION-RF_rank286_region363_cIC,363,cIC,286
sigma,0.016220838444952913,0.002809123336367859,0.00010219241167172807,722.0167962805665,1013.0361509785524,1.0041015685856156,7.3449588130392005,copath_syn_mapt_REGION-RF_rank286_region363_cIC,363,cIC,286
u0,0.008353756148373538,0.005464501074703517,0.00016980947810029748,765.1922431733686,521.1916050256318,1.0069943316199983,7.784175574748666,copath_syn_mapt_REGION-RF_rank286_region363_cIC,363,cIC,286
alpha,0.6774788889082896,0.5844191317038464,0.017055123634807625,928.8016396970643,1088.369612291673,1.0063436361058626,10.0876656533084,copath_syn_mapt_REGION-RF_rank225_region364_cSAG,364,cSAG,225
beta,-0.3714923971716069,0.8156752761585658,0.027715086783111118,833.5821200707704,1048.7249404379386,1.0075115273907298,9.053491469494537,copath_syn_mapt_REGION-RF_rank225_region364_cSAG,364,cSAG,225
gamma,0.08282870723719793,0.059732519149278296,0.0015249578904735254,1142.2594635555192,935.6553580150987,1.0030303931915494,12.406019827262273,copath_syn_mapt_REGION-RF_rank225_region364_cSAG,364,cSAG,225
sigma,0.04435486678552406,0.007117657267966561,0.00021793156620567874,1151.7584686285725,1230.2606491798401,1.002096910121878,12.509188020685462,copath_syn_mapt_REGION-RF_rank225_region364_cSAG,364,cSAG,225
u0,0.006924756481668084,0.0054882406944687405,0.00016329165593158458,706.360275644383,595.0601634857725,1.004646019760751,7.671741722811063,copath_syn_mapt_REGION-RF_rank225_region364_cSAG,364,cSAG,225
alpha,0.7712309358333282,0.6073886941561177,0.018202468583350482,833.88572908848,815.4104528108498,1.0028137168284406,9.679238196309779,copath_syn_mapt_REGION-RF_rank292_region365_cPBG,365,cPBG,292
beta,-0.6372962763632304,0.7108024087585862,0.021745459059580703,1020.3781581626421,1185.4487904522734,1.0053587544967013,11.843928848577422,copath_syn_mapt_REGION-RF_rank292_region365_cPBG,365,cPBG,292
gamma,0.08042091697141965,0.05839016359888119,0.0014193510780175086,1143.4807944114523,694.6887121006627,1.0014896463590952,13.272829352904775,copath_syn_mapt_REGION-RF_rank292_region365_cPBG,365,cPBG,292
sigma,0.01639561187789382,0.002747114458605709,8.043455235080612e-5,1222.4938400712326,1486.4692098832923,1.0016631925052861,14.1899647143564,copath_syn_mapt_REGION-RF_rank292_region365_cPBG,365,cPBG,292
u0,0.0063748200641700024,0.00524620789300358,0.000132108787944858,965.8311392962421,717.6720896277116,1.0077088809938064,11.210780240693682,copath_syn_mapt_REGION-RF_rank292_region365_cPBG,365,cPBG,292
alpha,2.065721438573896,0.5980104991366486,0.018910752419659657,NaN,NaN,NaN,NaN,copath_syn_mapt_REGION-RF_rank345_region366_cSCO,366,cSCO,345
beta,-1.5599314576644128,0.426301261795514,0.013480829566775456,NaN,NaN,NaN,NaN,copath_syn_mapt_REGION-RF_rank345_region366_cSCO,366,cSCO,345
gamma,0.0970512427593726,0.06200253756615631,0.0019606923941920683,NaN,NaN,NaN,NaN,copath_syn_mapt_REGION-RF_rank345_region366_cSCO,366,cSCO,345
u0,0.00032367113670055266,3.869028316214511e-5,1.2234941810924028e-6,NaN,NaN,NaN,NaN,copath_syn_mapt_REGION-RF_rank345_region366_cSCO,366,cSCO,345
sigma,8.418217103403077e-8,2.1116001129264857e-8,6.677465864316453e-10,NaN,NaN,NaN,NaN,copath_syn_mapt_REGION-RF_rank345_region366_cSCO,366,cSCO,345
alpha,0.7861904343968303,0.5916895591326069,0.011470311284377708,1744.3471125210322,1073.5313666294082,1.001343490377028,25.23832905333187,copath_syn_mapt_REGION-RF_rank1_region367_cSNr,367,cSNr,407
beta,0.0013505761423176113,1.04924971830021,0.02029015191566568,2686.560929460557,2384.972341032726,1.000985708123506,38.87088084295098,copath_syn_mapt_REGION-RF_rank1_region367_cSNr,367,cSNr,407
gamma,0.08074529575705483,0.06091885968469937,0.0011391268905337644,2177.65098780064,1701.8470086829354,1.0007467419076608,31.507646499322004,copath_syn_mapt_REGION-RF_rank1_region367_cSNr,367,cSNr,407
sigma,1.5741446025787018,1.9328868169740694,0.039184237439453075,2730.088219816835,2542.215667559444,1.0005048451411822,39.5006615035352,copath_syn_mapt_REGION-RF_rank1_region367_cSNr,367,cSNr,407
u0,0.007943362756728153,0.006052355955902392,0.0001218435541065458,1550.4462723142246,897.6338337331356,1.000922629912043,22.432847751055846,copath_syn_mapt_REGION-RF_rank1_region367_cSNr,367,cSNr,407
alpha,0.7013104932163912,0.6295110665873698,0.033800951503851775,357.812078995143,560.2367348570574,1.0234811815469496,2.0420849279766635,copath_syn_mapt_REGION-RF_rank90_region368_cVTA,368,cVTA,90
beta,0.4122333588339831,0.48557806175999807,0.01993166239595955,612.4236048558615,683.6445487582482,1.0113951224611766,3.4951894763459532,copath_syn_mapt_REGION-RF_rank90_region368_cVTA,368,cVTA,90
gamma,0.0877648591399498,0.06543601349145761,0.0024270026664945316,617.2189867350731,778.0951458318316,1.009565260895861,3.5225574094993872,copath_syn_mapt_REGION-RF_rank90_region368_cVTA,368,cVTA,90
sigma,0.06454651946124994,0.011566777471435828,0.00048216246667833,493.08536289928793,567.0310647232382,1.010193060610675,2.814108988747156,copath_syn_mapt_REGION-RF_rank90_region368_cVTA,368,cVTA,90
u0,0.019655592524709165,0.007915721843839684,0.0002983837547708804,687.6375035289917,643.0190075832296,1.0073547224761612,3.924445999172417,copath_syn_mapt_REGION-RF_rank90_region368_cVTA,368,cVTA,90
alpha,0.6966631327299214,0.5686488574677196,0.01894590115817093,756.6051733746269,1175.9727107968565,1.0046581912809067,8.21084976585919,copath_syn_mapt_REGION-RF_rank203_region369_cPN,369,cPN,203
beta,-0.21814506662656583,0.7604632176432403,0.023652403528734496,1035.7067783599764,1110.081459896945,1.0060025118106561,11.23972325045825,copath_syn_mapt_REGION-RF_rank203_region369_cPN,369,cPN,203
gamma,0.08118228826694923,0.05995246471119128,0.002285439843556952,498.1196946450817,353.3818712204345,1.0036698613654818,5.405707127145558,copath_syn_mapt_REGION-RF_rank203_region369_cPN,369,cPN,203
sigma,0.059822328388677876,0.009617865508977887,0.0003491873234226716,768.3627017762268,888.3673970698808,1.0011267747980415,8.338445112442367,copath_syn_mapt_REGION-RF_rank203_region369_cPN,369,cPN,203
u0,0.007619261232655144,0.005390777880458227,0.00015434870463428525,903.8652435473372,675.9405893813829,1.0080591533664938,9.808949217525662,copath_syn_mapt_REGION-RF_rank203_region369_cPN,369,cPN,203
alpha,0.16980882140666909,0.14014585729413392,0.004431801136863854,NaN,NaN,NaN,NaN,copath_syn_mapt_REGION-RF_rank204_region370_cMRN,370,cMRN,204
beta,0.29288815556531045,0.451183927523638,0.014267688546350297,NaN,NaN,NaN,NaN,copath_syn_mapt_REGION-RF_rank204_region370_cMRN,370,cMRN,204
gamma,0.07332105097773152,0.0623843162700259,0.0019727652968558164,NaN,NaN,NaN,NaN,copath_syn_mapt_REGION-RF_rank204_region370_cMRN,370,cMRN,204
u0,0.022190776229321075,0.004134116142837339,0.00013073223123035986,NaN,NaN,NaN,NaN,copath_syn_mapt_REGION-RF_rank204_region370_cMRN,370,cMRN,204
sigma,0.009728622591429462,0.0020378258099173563,6.44417103401619e-5,NaN,NaN,NaN,NaN,copath_syn_mapt_REGION-RF_rank204_region370_cMRN,370,cMRN,204
alpha,0.4276965323376845,0.4290164171138965,0.046425093265340556,158.81456150359332,74.44274312173626,1.0175657319127216,0.8083811539427533,copath_syn_mapt_REGION-RF_rank205_region371_cSCm,371,cSCm,205
beta,0.42136966640175366,0.4527394314713583,0.019086768473313816,384.02695633161306,842.3118786499025,1.0120154101977497,1.9547335657722338,copath_syn_mapt_REGION-RF_rank205_region371_cSCm,371,cSCm,205
gamma,0.0741651510279139,0.060466289812985394,0.0027141783033791302,265.46279129845357,137.22044430440937,1.0076126679821469,1.3512307406009039,copath_syn_mapt_REGION-RF_rank205_region371_cSCm,371,cSCm,205
sigma,0.018809516134526198,0.003370243028993568,0.00015326333497423447,424.4564911598709,211.41876180562846,1.0070680196812802,2.160523725745042,copath_syn_mapt_REGION-RF_rank205_region371_cSCm,371,cSCm,205
u0,0.016037793013217134,0.005198700199564123,0.0002524296592051462,411.62609450152513,219.7961903274787,1.009861009174158,2.0952157920264947,copath_syn_mapt_REGION-RF_rank205_region371_cSCm,371,cSCm,205
alpha,0.7325780685952245,0.5824403320749796,0.011746237470269445,1803.2794335583342,1380.68570981138,1.0004329825610945,23.506523366769223,copath_syn_mapt_REGION-RF_rank346_region372_cPRC,372,cPRC,346
beta,-0.1668392919885038,0.8999828353017827,0.018628630246423188,2344.737888225177,2191.450526411591,1.0004051829017293,30.564667312683174,copath_syn_mapt_REGION-RF_rank346_region372_cPRC,372,cPRC,346
gamma,0.07612447285464126,0.05918649514567137,0.0013736648807495405,1198.4650013626283,973.6555132209456,1.0016842995166049,15.622506991717657,copath_syn_mapt_REGION-RF_rank346_region372_cPRC,372,cPRC,346
sigma,0.6217995183517131,0.7721164920079631,0.015920880912803068,2241.8982424689398,2390.907641021131,1.0015458813334248,29.2241082783969,copath_syn_mapt_REGION-RF_rank346_region372_cPRC,372,cPRC,346
u0,0.007929206305852761,0.005914994899409435,0.0001159819048303421,1763.025968074591,1208.4850549140729,1.0013449327478912,22.98180212314038,copath_syn_mapt_REGION-RF_rank346_region372_cPRC,372,cPRC,346
alpha,0.5989217193203882,0.5483530724239357,0.016549001895834164,933.7821989415381,844.4533756046054,1.003737381484845,8.921287094952069,copath_syn_mapt_REGION-RF_rank253_region373_cINC,373,cINC,253
beta,-0.252124752518251,0.7263901407398192,0.022938256549219705,1006.693365262318,1334.7386932112775,1.0056205779169822,9.617875065800934,copath_syn_mapt_REGION-RF_rank253_region373_cINC,373,cINC,253
gamma,0.07889271686612966,0.059780047656355584,0.0016717093938223343,812.6045303253612,440.3757635126433,1.0040355699921313,7.763564477785794,copath_syn_mapt_REGION-RF_rank253_region373_cINC,373,cINC,253
sigma,0.02960074997876654,0.0048448137576621265,0.0001465143038899166,1083.77641886101,1319.1198167726059,1.0021473139181616,10.354320943746572,copath_syn_mapt_REGION-RF_rank253_region373_cINC,373,cINC,253
u0,0.007192321135155646,0.005307728611417179,0.00014835328653504438,730.1614142901253,520.1713913731995,1.010784089935575,6.975908953846176,copath_syn_mapt_REGION-RF_rank253_region373_cINC,373,cINC,253
alpha,0.5099990335833923,0.47935976806500574,0.01912785136533462,577.3709553502958,1005.1422010298086,1.005180288378804,5.521329578471047,copath_syn_mapt_REGION-RF_rank259_region374_cND,374,cND,259
beta,-0.021659160476724386,0.7052237566462096,0.024573668369563668,827.6769299443741,1110.0729252726162,1.0012256665766524,7.914975757565426,copath_syn_mapt_REGION-RF_rank259_region374_cND,374,cND,259
gamma,0.0798071220390585,0.05767779420005734,0.001818924916863565,712.3430485074507,623.617117618505,1.004416532945908,6.812051606157068,copath_syn_mapt_REGION-RF_rank259_region374_cND,374,cND,259
sigma,0.03809715992584266,0.006577550408824797,0.00042682438174898054,306.0989946148666,74.52478910392668,1.0202694741000204,2.9271881746838666,copath_syn_mapt_REGION-RF_rank259_region374_cND,374,cND,259
u0,0.00980286862548417,0.005818766027853088,0.00020860984417487346,574.1745069857556,360.9395718712165,1.011979763933331,5.490762324026313,copath_syn_mapt_REGION-RF_rank259_region374_cND,374,cND,259
alpha,1.3715273224091582,0.6283331643490523,0.016580127207607508,1410.925701346591,1361.7028824637619,1.0002885645480004,11.999198038411286,copath_syn_mapt_REGION-RF_rank347_region375_cSu3,375,cSu3,347
beta,-1.3430351547278656,0.6063490001846565,0.019171631379600887,1007.765191831935,1571.9430637461378,1.003933424888221,8.570525082552495,copath_syn_mapt_REGION-RF_rank347_region375_cSu3,375,cSu3,347
gamma,0.07854578360975831,0.05992196849015502,0.0014025379086256375,1235.3145439797952,957.4582412446507,1.001086731134649,10.505715388695796,copath_syn_mapt_REGION-RF_rank347_region375_cSu3,375,cSu3,347
sigma,0.00029747304321348864,0.00036181234664681264,9.160710519181231e-6,1232.3156061889063,1627.2886221304873,1.0014942549270163,10.480210963889155,copath_syn_mapt_REGION-RF_rank347_region375_cSu3,375,cSu3,347
u0,0.005311357309876927,0.005302798377293414,0.00012895317823863466,967.6868805343619,876.8830169290794,1.0034145232311973,8.229679640552467,copath_syn_mapt_REGION-RF_rank347_region375_cSu3,375,cSu3,347
alpha,0.4124270068509895,0.42898615938424844,0.04513503246812404,122.67819385016314,184.408150749769,1.0297161963565933,0.8531879840470911,copath_syn_mapt_REGION-RF_rank242_region376_cAPN,376,cAPN,242
beta,0.22480747690915157,0.5223233968686011,0.019833981881585215,686.8041265161246,825.5342171181519,1.0175173094934196,4.776505177873846,copath_syn_mapt_REGION-RF_rank242_region376_cAPN,376,cAPN,242
gamma,0.07277176024654457,0.058648704169083875,0.002579831838775048,371.3203287683131,451.68144612769356,1.0189428057158094,2.582415283391612,copath_syn_mapt_REGION-RF_rank242_region376_cAPN,376,cAPN,242
sigma,0.023807450593441686,0.0040938565755604716,0.00022888997484926327,361.59740879464596,710.7373620844847,1.0267013256314135,2.51479545438177,copath_syn_mapt_REGION-RF_rank242_region376_cAPN,376,cAPN,242
u0,0.012860558830195646,0.005693075116955177,0.00040330502623306267,177.6954275261481,188.71879643115312,1.0204228768005832,1.23581541941016,copath_syn_mapt_REGION-RF_rank242_region376_cAPN,376,cAPN,242
alpha,0.7036226998655926,0.6047553239783785,0.013862633584034861,1231.745967913147,1300.9141100887252,1.0016919647765674,16.12760678118687,copath_syn_mapt_REGION-RF_rank348_region377_cMPT,377,cMPT,348
beta,-0.48095322260547996,0.7810749127530597,0.0235143324455821,1121.90439882073,1566.243425378547,1.0045118688786847,14.689419297161766,copath_syn_mapt_REGION-RF_rank348_region377_cMPT,377,cMPT,348
gamma,0.07899058114219283,0.06100474025842699,0.0013274707179358443,1356.809144226074,1003.8344262653378,1.0030377622267783,17.765095178082802,copath_syn_mapt_REGION-RF_rank348_region377_cMPT,377,cMPT,348
sigma,0.09067749890887263,0.1120728471331973,0.0023845340468407208,2039.8021935339098,2092.9582465327603,1.0020074495379052,26.70772102826723,copath_syn_mapt_REGION-RF_rank348_region377_cMPT,377,cMPT,348
u0,0.007378959026722697,0.005767325767066704,0.00013752990267838446,1026.3164041215953,672.0389824643669,1.005900939765436,13.437857991772114,copath_syn_mapt_REGION-RF_rank348_region377_cMPT,377,cMPT,348
alpha,0.5784001272142807,0.5214463139381416,0.036017972049868036,233.64327531668573,246.91404463769737,1.021123489375493,2.081287694676469,copath_syn_mapt_REGION-RF_rank243_region378_cNOT,378,cNOT,243
beta,0.07430831390905777,0.7045653186080978,0.03173461955411258,266.422715560616,626.8186776561803,1.0380559686453419,2.373286022150705,copath_syn_mapt_REGION-RF_rank243_region378_cNOT,378,cNOT,243
gamma,0.08237481999906286,0.05820138105692535,0.0022837690123412567,533.7479239936147,475.0495336901463,1.018168541140561,4.7546114253076786,copath_syn_mapt_REGION-RF_rank243_region378_cNOT,378,cNOT,243
sigma,0.023695154603934107,0.004348837826406805,0.0004976842883000622,57.57718399104541,274.3753909774726,1.0779169179130244,0.5128959280863487,copath_syn_mapt_REGION-RF_rank243_region378_cNOT,378,cNOT,243
u0,0.006227335710924626,0.004847853449043785,0.0005430042086317741,38.320048292148414,29.498408140337613,1.1284106861740604,0.3413539074118638,copath_syn_mapt_REGION-RF_rank243_region378_cNOT,378,cNOT,243
alpha,2.1804948526565475,0.039340611592977845,0.00124405937177835,NaN,NaN,NaN,NaN,copath_syn_mapt_REGION-RF_rank349_region379_cNPC,379,cNPC,349
beta,-2.475574750425297,0.05501612875846381,0.0017397627492183722,NaN,NaN,NaN,NaN,copath_syn_mapt_REGION-RF_rank349_region379_cNPC,379,cNPC,349
gamma,0.08456190232688551,0.015010967321839352,0.0004746884661937015,NaN,NaN,NaN,NaN,copath_syn_mapt_REGION-RF_rank349_region379_cNPC,379,cNPC,349
u0,0.0021990243567655597,0.0002483746711610388,7.854296739642205e-6,NaN,NaN,NaN,NaN,copath_syn_mapt_REGION-RF_rank349_region379_cNPC,379,cNPC,349
sigma,1.8535252074173226e-7,4.925741527597132e-9,1.5576562392484077e-10,NaN,NaN,NaN,NaN,copath_syn_mapt_REGION-RF_rank349_region379_cNPC,379,cNPC,349
alpha,0.7106059326693266,0.5830931950429139,0.013077900949789962,1358.9824208161967,1255.870350607101,1.0003679444609417,16.94470668465726,copath_syn_mapt_REGION-RF_rank350_region380_cOP,380,cOP,350
beta,-0.34851635983940465,0.8317850888840054,0.02148143744969719,1524.8572726484056,1774.407703863884,1.0019827335126823,19.012945881577608,copath_syn_mapt_REGION-RF_rank350_region380_cOP,380,cOP,350
gamma,0.08098798674320995,0.0609508656829058,0.0012436093047877076,1613.1110931410915,866.8373472321665,1.000337230655858,20.113353862683653,copath_syn_mapt_REGION-RF_rank350_region380_cOP,380,cOP,350
sigma,0.2503075273225547,0.3241445026756664,0.007156919144476757,2083.7674745083864,2340.5122582665795,1.0006420572674752,25.981814123369865,copath_syn_mapt_REGION-RF_rank350_region380_cOP,380,cOP,350
u0,0.007746032893549385,0.005914071498480723,0.00011641336897013203,1604.7404087512175,1059.2678718324,1.0014136337785648,20.00898254075657,copath_syn_mapt_REGION-RF_rank350_region380_cOP,380,cOP,350
alpha,0.7014264777009837,0.5636818241617083,0.015608907228640098,1017.5883422361404,1328.7111200862014,1.0002670060534726,11.098622933012024,copath_syn_mapt_REGION-RF_rank302_region381_cPPT,381,cPPT,302
beta,-0.568521110088907,0.6853375222764145,0.020994225951167678,1048.9386591406837,1218.810694008167,1.0021870037984648,11.440554273724272,copath_syn_mapt_REGION-RF_rank302_region381_cPPT,381,cPPT,302
gamma,0.08089127802065763,0.06055634167183428,0.0015382015150954991,769.607439242833,397.043450135967,1.0022966824512214,8.393947159248228,copath_syn_mapt_REGION-RF_rank302_region381_cPPT,381,cPPT,302
sigma,0.013145893237960237,0.002333237787153653,6.045017451027785e-5,1532.320881742356,1547.9154093338618,1.0034263078004408,16.712702939842025,copath_syn_mapt_REGION-RF_rank302_region381_cPPT,381,cPPT,302
u0,0.0066740425061922225,0.005263305468580251,0.00014720170291046848,892.9034433255831,691.7293954743168,1.0038559921259302,9.738710853626323,copath_syn_mapt_REGION-RF_rank302_region381_cPPT,381,cPPT,302
alpha,0.7072650061104078,0.595439243791853,0.013615221684220705,1194.0220011785614,1163.0360218470814,1.004459101815054,14.778414520435192,copath_syn_mapt_REGION-RF_rank351_region382_cRPF,382,cRPF,351
beta,-0.44745601672230906,0.8105600063284845,0.022391985662324004,1330.1819834129321,1481.7708912638084,1.0017978225031088,16.463667100846983,copath_syn_mapt_REGION-RF_rank351_region382_cRPF,382,cRPF,351
gamma,0.07992151966869954,0.06026138242104771,0.0013844664760382108,1192.9259896064782,705.3926757725455,1.0003903401538887,14.764849181341397,copath_syn_mapt_REGION-RF_rank351_region382_cRPF,382,cRPF,351
sigma,0.09455579679372694,0.11790227609967428,0.0028284145003492013,1812.9311422149617,1991.5471585550677,1.0009117243905041,22.438655142211296,copath_syn_mapt_REGION-RF_rank351_region382_cRPF,382,cRPF,351
u0,0.007321756588292981,0.005798987277805847,0.00011847880888452205,1492.255149266218,1153.7712353366637,1.0030789442081005,18.469647246317447,copath_syn_mapt_REGION-RF_rank351_region382_cRPF,382,cRPF,351
alpha,2.059239856804031,0.04524325649660708,0.0014307173929248847,NaN,NaN,NaN,NaN,copath_syn_mapt_REGION-RF_rank352_region383_cCUN,383,cCUN,352
beta,-2.7472453066384546,0.06629698551306192,0.0020964947622446237,NaN,NaN,NaN,NaN,copath_syn_mapt_REGION-RF_rank352_region383_cCUN,383,cCUN,352
gamma,0.010633093637813989,0.0027056897307429976,8.556142190875579e-5,NaN,NaN,NaN,NaN,copath_syn_mapt_REGION-RF_rank352_region383_cCUN,383,cCUN,352
u0,0.009308248567689952,0.00037019063855247474,1.1706455862979582e-5,NaN,NaN,NaN,NaN,copath_syn_mapt_REGION-RF_rank352_region383_cCUN,383,cCUN,352
sigma,1.7650931246462854e-7,9.121559079215938e-9,2.8844902502110616e-10,NaN,NaN,NaN,NaN,copath_syn_mapt_REGION-RF_rank352_region383_cCUN,383,cCUN,352
alpha,0.540411063017535,0.41431437979314883,0.024835242506752897,354.539977758161,372.09246302729304,1.0124030299756184,1.4920271933195062,copath_syn_mapt_REGION-RF_rank169_region384_cRN,384,cRN,169
beta,0.5916478431647854,0.4751235601438706,0.018368358477001124,673.7623499184388,852.3324542211542,1.0014790611996418,2.8354256528973996,copath_syn_mapt_REGION-RF_rank169_region384_cRN,384,cRN,169
gamma,0.08137918551272036,0.060441000020444495,0.00215261254328037,561.7810304830738,548.5026577266826,1.0048756630767892,2.36416942165983,copath_syn_mapt_REGION-RF_rank169_region384_cRN,384,cRN,169
sigma,0.028992723173595608,0.005174573281551435,0.00018841265779445183,642.5725134126194,315.71536409932463,1.0102994378380772,2.7041680031504503,copath_syn_mapt_REGION-RF_rank169_region384_cRN,384,cRN,169
u0,0.007214497134304078,0.004587900377839824,0.0001880421064086726,430.19367083822954,410.56842172897524,1.0123422137068434,1.8104041731576048,copath_syn_mapt_REGION-RF_rank169_region384_cRN,384,cRN,169
alpha,0.8975585747965178,0.10657357330287515,0.003370152300199993,NaN,NaN,NaN,NaN,copath_syn_mapt_REGION-RF_rank353_region385_cIII,385,cIII,353
beta,-2.557907736501355,0.2827496481914461,0.008941328958962786,NaN,NaN,NaN,NaN,copath_syn_mapt_REGION-RF_rank353_region385_cIII,385,cIII,353
gamma,0.07505245385771153,0.01597982440396189,0.0005053264172606217,NaN,NaN,NaN,NaN,copath_syn_mapt_REGION-RF_rank353_region385_cIII,385,cIII,353
u0,8.818463248400123e-5,9.618236501033533e-5,3.0415534417434423e-6,NaN,NaN,NaN,NaN,copath_syn_mapt_REGION-RF_rank353_region385_cIII,385,cIII,353
sigma,1.2759684086920904e-7,3.739837921605789e-8,1.1826405912144528e-9,NaN,NaN,NaN,NaN,copath_syn_mapt_REGION-RF_rank353_region385_cIII,385,cIII,353
alpha,2.112032012656957,0.26713097231987315,0.008447423061061925,NaN,NaN,NaN,NaN,copath_syn_mapt_REGION-RF_rank354_region386_cMA3,386,cMA3,354
beta,-1.4404264686377797,0.18359064280280427,0.005805645883512606,NaN,NaN,NaN,NaN,copath_syn_mapt_REGION-RF_rank354_region386_cMA3,386,cMA3,354
gamma,0.09346494364506679,0.07264533673443802,0.0022972472547072268,NaN,NaN,NaN,NaN,copath_syn_mapt_REGION-RF_rank354_region386_cMA3,386,cMA3,354
u0,0.00035951376392247026,0.00010725018732680906,3.391548714324421e-6,NaN,NaN,NaN,NaN,copath_syn_mapt_REGION-RF_rank354_region386_cMA3,386,cMA3,354
sigma,9.415757250442194e-8,3.329341406081006e-8,1.0528301951523546e-9,NaN,NaN,NaN,NaN,copath_syn_mapt_REGION-RF_rank354_region386_cMA3,386,cMA3,354
alpha,0.6992417981755372,0.581148009778955,0.01495780471000406,1190.5989700670605,1250.948893556896,1.0015670123228708,13.094441182383754,copath_syn_mapt_REGION-RF_rank235_region387_cIV,387,cIV,235
beta,-0.375503220871798,0.7966749610633156,0.026594493634631053,849.2498754770793,1087.9833844409036,1.0069131404152392,9.340216834686982,copath_syn_mapt_REGION-RF_rank235_region387_cIV,387,cIV,235
gamma,0.08054207281549546,0.06025443854228716,0.001786356563917832,797.2437875403266,597.6962233909092,1.0060931918538945,8.768243670981551,copath_syn_mapt_REGION-RF_rank235_region387_cIV,387,cIV,235
sigma,0.03435957845668321,0.006568021505164104,0.0001984864171758932,1060.0407206737273,1306.9708054844841,1.0033423475849688,11.658535927518885,copath_syn_mapt_REGION-RF_rank235_region387_cIV,387,cIV,235
u0,0.006558626450940454,0.005140029595096681,0.00015918121612446638,663.828612750507,544.2004877344405,1.0088219990213645,7.300917389803648,copath_syn_mapt_REGION-RF_rank235_region387_cIV,387,cIV,235
alpha,0.766277650233532,0.44067223100732006,0.013935279515710077,NaN,NaN,NaN,NaN,copath_syn_mapt_REGION-RF_rank355_region388_cPa4,388,cPa4,355
beta,-0.6383388122051236,0.439368868278636,0.01389406356730994,NaN,NaN,NaN,NaN,copath_syn_mapt_REGION-RF_rank355_region388_cPa4,388,cPa4,355
gamma,0.08073198370359318,0.059429674858845406,0.001879331331571972,NaN,NaN,NaN,NaN,copath_syn_mapt_REGION-RF_rank355_region388_cPa4,388,cPa4,355
u0,1.4122347408533206e-9,2.6139174165065223e-9,8.26593265174362e-11,NaN,NaN,NaN,NaN,copath_syn_mapt_REGION-RF_rank355_region388_cPa4,388,cPa4,355
sigma,5.821776295393689e-10,6.388670798034105e-10,2.0202750942793343e-11,NaN,NaN,NaN,NaN,copath_syn_mapt_REGION-RF_rank355_region388_cPa4,388,cPa4,355
alpha,0.818096868027909,0.6028559894685368,0.011163881150636771,1829.453296322609,1126.603882591598,1.0013631702011971,25.712264006445576,copath_syn_mapt_REGION-RF_rank1_region389_cVTN,389,cVTN,408
beta,0.03244382746592671,0.9924895640410663,0.018196620381956706,2989.0656129082627,2210.6783559623864,1.002934859651183,42.010170101731006,copath_syn_mapt_REGION-RF_rank1_region389_cVTN,389,cVTN,408
gamma,0.07941856467496974,0.06125252846892164,0.0012022911559714084,1647.014589279638,1030.7677410920023,1.0015149660793903,23.148157991871344,copath_syn_mapt_REGION-RF_rank1_region389_cVTN,389,cVTN,408
sigma,1.6954725403090152,2.0954210825592936,0.0426367636726942,2783.8875637023716,2227.373435938068,1.0019196025039192,39.12647135953636,copath_syn_mapt_REGION-RF_rank1_region389_cVTN,389,cVTN,408
u0,0.008064214344342456,0.005938534481105194,9.89350568133655e-5,2574.239460210237,1490.0057152493882,1.0008836033829316,36.1799477197824,copath_syn_mapt_REGION-RF_rank1_region389_cVTN,389,cVTN,408
alpha,0.6077538916556616,0.5455873461694406,0.016581280875420854,816.179569140167,924.9078777585574,1.0007855153039524,8.778106552449124,copath_syn_mapt_REGION-RF_rank88_region390_cAT,390,cAT,88
beta,-0.1720184417712485,0.7620317393016045,0.021468829116960065,1261.492443331474,1740.9097357880767,1.004488266789885,13.567498503226256,copath_syn_mapt_REGION-RF_rank88_region390_cAT,390,cAT,88
gamma,0.0786307516914834,0.061484771222740396,0.0016367296809346532,1001.8683115431286,894.8692009446974,1.0034152954375686,10.775210655558014,copath_syn_mapt_REGION-RF_rank88_region390_cAT,390,cAT,88
sigma,0.10979879223445925,0.017652034076375927,0.0005254616253384349,1136.6610146948763,1529.850367648131,1.0021284766771077,12.224921914570777,copath_syn_mapt_REGION-RF_rank88_region390_cAT,390,cAT,88
u0,0.009496929545124927,0.006550064158052824,0.00020334126889088471,766.9248324020042,571.4665457210289,1.004276631041,8.248366108497663,copath_syn_mapt_REGION-RF_rank88_region390_cAT,390,cAT,88
alpha,0.6142219457705703,0.5317292128901856,0.012646828991057547,1215.9942901815195,1125.6501702241292,1.002107582868112,13.865859609582078,copath_syn_mapt_REGION-RF_rank159_region391_cLT,391,cLT,159
beta,-0.4096551179210452,0.7523300887621582,0.02233705705663769,1205.5417369635068,1562.4841117992662,1.0016851405845646,13.746670204950075,copath_syn_mapt_REGION-RF_rank159_region391_cLT,391,cLT,159
gamma,0.07945485687249089,0.060782145309564974,0.0014555018194895401,1201.7071211815332,1026.0853102029087,1.0016659273351118,13.70294446995374,copath_syn_mapt_REGION-RF_rank159_region391_cLT,391,cLT,159
sigma,0.06146905826171795,0.009883276519175683,0.0002672868920358613,1356.0021691597005,1151.7935811903271,1.0031057647647361,15.462355259127456,copath_syn_mapt_REGION-RF_rank159_region391_cLT,391,cLT,159
u0,0.009129207170844974,0.006322840498735189,0.00017670900992863514,879.1135376687491,704.5948957090086,1.000553803163785,10.024442542718099,copath_syn_mapt_REGION-RF_rank159_region391_cLT,391,cLT,159
alpha,2.684324186069996,0.028453875168157783,0.0008997905378948515,NaN,NaN,NaN,NaN,copath_syn_mapt_REGION-RF_rank356_region392_cDT,392,cDT,356
beta,-1.9988249622614374,0.028482053437147072,0.0009006816130001219,NaN,NaN,NaN,NaN,copath_syn_mapt_REGION-RF_rank356_region392_cDT,392,cDT,356
gamma,0.08883490819960042,0.024739820527865837,0.0007823418177184522,NaN,NaN,NaN,NaN,copath_syn_mapt_REGION-RF_rank356_region392_cDT,392,cDT,356
u0,0.005393753782627061,0.00039219145712542737,1.2402182833766238e-5,NaN,NaN,NaN,NaN,copath_syn_mapt_REGION-RF_rank356_region392_cDT,392,cDT,356
sigma,2.749871575424583e-7,2.6578290219495897e-8,8.404793340658361e-10,NaN,NaN,NaN,NaN,copath_syn_mapt_REGION-RF_rank356_region392_cDT,392,cDT,356
alpha,0.5770944696652914,0.5459296866406037,0.016099069333038164,946.9079632658872,1174.4902663717273,1.0047527752812688,10.802052969038185,copath_syn_mapt_REGION-RF_rank193_region393_cMT,393,cMT,193
beta,-0.2650653557891991,0.7175488814245479,0.021192837044621445,1173.370268777591,1364.4019315459987,1.0039159559626827,13.38546964154222,copath_syn_mapt_REGION-RF_rank193_region393_cMT,393,cMT,193
gamma,0.08110811442198915,0.061511737153744785,0.001800071274497222,867.4464924338338,625.2498610047239,1.0041516610440342,9.895579425437301,copath_syn_mapt_REGION-RF_rank193_region393_cMT,393,cMT,193
sigma,0.04055165505308902,0.006946301316865542,0.00020189655550660975,1166.1456687753218,1338.9202876999677,1.004391489303723,13.30305348819669,copath_syn_mapt_REGION-RF_rank193_region393_cMT,393,cMT,193
u0,0.008617283668935842,0.005895818305158398,0.00018787766932223824,747.3517309496443,429.46365204335603,1.002737723607599,8.525573020187592,copath_syn_mapt_REGION-RF_rank193_region393_cMT,393,cMT,193
alpha,0.7961788795800837,0.5972005934974258,0.011198119091151076,1775.202726009449,1360.3574703228346,1.000571016803884,26.15785347394753,copath_syn_mapt_REGION-RF_rank1_region394_cSNc,394,cSNc,409
beta,-0.00015678067190905053,1.0177685036023438,0.01916265374157379,2802.881389223714,2460.633188802864,1.001210545362042,41.30083827044447,copath_syn_mapt_REGION-RF_rank1_region394_cSNc,394,cSNc,409
gamma,0.07980292118373558,0.06052483429611018,0.0011569444704604961,1876.4661648408862,1300.5216923259734,1.000734854000161,27.649984010032952,copath_syn_mapt_REGION-RF_rank1_region394_cSNc,394,cSNc,409
sigma,1.6743457071739312,2.3239733459543737,0.04787939085074804,2782.565826231963,2301.660525701945,1.0004619443566285,41.00148568823345,copath_syn_mapt_REGION-RF_rank1_region394_cSNc,394,cSNc,409
u0,0.008076407144195196,0.006022950313672792,0.00011299539664950519,1849.1049155154035,1188.241196756094,1.0006602883592883,27.246812281962775,copath_syn_mapt_REGION-RF_rank1_region394_cSNc,394,cSNc,409
alpha,0.4493059116050396,0.4339982460714569,0.02483568828964565,387.76576970415044,299.9060929300399,1.0098312158953773,2.526013261138764,copath_syn_mapt_REGION-RF_rank202_region395_cPPN,395,cPPN,202
beta,0.3953543619264737,0.5452054941282536,0.022476898524243907,588.3147301165922,580.2570111582216,1.0068348241147331,3.8324445479847578,copath_syn_mapt_REGION-RF_rank202_region395_cPPN,395,cPPN,202
gamma,0.08158061660850242,0.06345100417057366,0.003082335727977164,452.53738605671526,450.95816031716515,1.0045454865268868,2.9479534493529065,copath_syn_mapt_REGION-RF_rank202_region395_cPPN,395,cPPN,202
sigma,0.03605030356497045,0.006295675845975122,0.00029689219763598244,376.4507192762206,345.4809837073449,1.0152364787295018,2.4523038992907296,copath_syn_mapt_REGION-RF_rank202_region395_cPPN,395,cPPN,202
u0,0.013241855457105217,0.006048803117496027,0.0002518378463283342,485.33082503836437,322.34373843607057,1.005966707483416,3.161578963046886,copath_syn_mapt_REGION-RF_rank202_region395_cPPN,395,cPPN,202
alpha,0.5815579294157341,0.5280429469725928,0.02312337584056171,578.9164565637387,466.12759949018675,1.0059022305620402,5.210862990906576,copath_syn_mapt_REGION-RF_rank130_region396_cIF,396,cIF,130
beta,-0.01567072035972351,0.7140644811856021,0.021570374614061357,1099.8869773097563,1627.596382471698,1.0048615434190202,9.900151013607413,copath_syn_mapt_REGION-RF_rank130_region396_cIF,396,cIF,130
gamma,0.08003870000098413,0.06182133310473205,0.0018328025799498214,863.454304551941,840.1579949228017,1.0022810631922028,7.772005837656313,copath_syn_mapt_REGION-RF_rank130_region396_cIF,396,cIF,130
sigma,0.0723371889634156,0.011914371095216713,0.0004417116308469335,734.7648410799302,1082.2375045842145,1.00436794733287,6.613663982069256,copath_syn_mapt_REGION-RF_rank130_region396_cIF,396,cIF,130
u0,0.009923117154291106,0.006376634723909112,0.00024562807164576556,524.8634836814456,420.6017217982759,1.0081668552823155,4.7243288239342345,copath_syn_mapt_REGION-RF_rank130_region396_cIF,396,cIF,130
alpha,0.33528923754376155,0.31429080908508583,0.031888690137036935,104.09271147180851,114.53827239126652,1.020674744538955,,copath_syn_mapt_REGION-RF_rank200_region397_cIPN,397,cIPN,200
beta,0.4988973352618371,0.5096201625920012,0.04401311909677298,171.40808665716727,371.99399725061204,1.0318391510898661,,copath_syn_mapt_REGION-RF_rank200_region397_cIPN,397,cIPN,200
gamma,0.08283196075987308,0.06375301826237509,0.004312393607777625,180.29902545695876,247.615181713945,1.0109375257564215,,copath_syn_mapt_REGION-RF_rank200_region397_cIPN,397,cIPN,200
u0,0.012975956864603812,0.0063071359851618975,0.0005817949347519763,95.16271009980034,68.61688464646134,1.0095391348587164,,copath_syn_mapt_REGION-RF_rank200_region397_cIPN,397,cIPN,200
sigma,0.03546464649744014,0.006014645145641867,0.0003507240950029758,268.68119055388746,292.95731966347745,1.0043695891348543,,copath_syn_mapt_REGION-RF_rank200_region397_cIPN,397,cIPN,200
alpha,0.519168554134908,0.5138347687581032,0.01666730167434699,813.4003310458736,1195.4368969628304,1.007349393493841,7.6551002394770515,copath_syn_mapt_REGION-RF_rank182_region398_cRL,398,cRL,182
beta,-0.14077961109440945,0.7476203847938201,0.02237924817981424,1115.0059003090832,1621.3112304237618,1.0073654373736771,10.49358060071039,copath_syn_mapt_REGION-RF_rank182_region398_cRL,398,cRL,182
gamma,0.07538236452800502,0.061030885212660854,0.0020565477635968747,505.1450406717608,300.5406131895078,1.0018300032054934,4.754037801834822,copath_syn_mapt_REGION-RF_rank182_region398_cRL,398,cRL,182
sigma,0.044521951100613716,0.007471675284634007,0.0002406814766909209,971.51703631319,1014.5254104168113,1.0034778562963367,9.143173433153798,copath_syn_mapt_REGION-RF_rank182_region398_cRL,398,cRL,182
u0,0.009399460292475077,0.005936758500764827,0.00019171092713483615,800.3340263566581,667.5116323787754,1.0050473257577983,7.532130198357345,copath_syn_mapt_REGION-RF_rank182_region398_cRL,398,cRL,182
alpha,0.655857177471949,0.5588320406379291,0.017685293951018102,680.3878385283487,786.0049944254407,1.0035225498585774,8.194876767860052,copath_syn_mapt_REGION-RF_rank198_region399_cCLI,399,cCLI,198
beta,-0.22063468113605642,0.8083992702422993,0.030187628158745042,723.0160402258495,740.0074086950185,1.007748692986377,8.70830872528906,copath_syn_mapt_REGION-RF_rank198_region399_cCLI,399,cCLI,198
gamma,0.07881887872510067,0.059005906509840646,0.002073933209486755,513.4059761939849,251.85462834779727,1.0027746937182116,6.1836771155298935,copath_syn_mapt_REGION-RF_rank198_region399_cCLI,399,cCLI,198
sigma,0.059821378005115305,0.014415798754884909,0.0004928153490354447,788.3098744300318,952.3962213283678,1.003110301730808,9.494735076121117,copath_syn_mapt_REGION-RF_rank198_region399_cCLI,399,cCLI,198
u0,0.008081070992156214,0.005797176889385296,0.00022246829559333087,482.84025839068744,387.8757825650291,1.012537385048536,5.815530778198244,copath_syn_mapt_REGION-RF_rank198_region399_cCLI,399,cCLI,198
alpha,0.6558716426832102,0.5367899430127914,0.034906476728694805,254.39380116105437,355.08656935050533,1.0165557198112287,1.7672004137534776,copath_syn_mapt_REGION-RF_rank93_region400_cDR,400,cDR,93
beta,0.36272996624224485,0.70977284799988,0.032702377813224555,454.8092310093786,769.3572629665479,1.0078161724133319,3.159428639968452,copath_syn_mapt_REGION-RF_rank93_region400_cDR,400,cDR,93
gamma,0.07951100724873195,0.06261427631833348,0.003208616362730432,302.8912638738634,222.58019713072932,1.0095200425019546,2.104098308988791,copath_syn_mapt_REGION-RF_rank93_region400_cDR,400,cDR,93
sigma,0.0986523342115815,0.01643465062924592,0.0008493415548298201,332.4199416869425,862.0713621784313,1.004943025879127,2.309225522823022,copath_syn_mapt_REGION-RF_rank93_region400_cDR,400,cDR,93
u0,0.00951300233661517,0.0060142770105840685,0.00030150872054463733,336.33028866672333,431.9555904838761,1.0115799507217131,2.3363895762278197,copath_syn_mapt_REGION-RF_rank93_region400_cDR,400,cDR,93
alpha,0.5334745640623103,0.5101362217632943,0.022969322238016357,534.9353047401298,511.8958403501609,1.002437916908179,3.883039624425675,copath_syn_mapt_REGION-RF_rank220_region401_cNLL,401,cNLL,220
beta,0.07029317148247233,0.7082302415029273,0.02510978134390931,809.32678001192,1120.1082032055897,1.0065439551938375,5.87481874545898,copath_syn_mapt_REGION-RF_rank220_region401_cNLL,401,cNLL,220
gamma,0.07947949281563506,0.0607334896661661,0.0037094498005673313,127.09357758950931,62.383243895750496,1.0346156537381845,0.9225590336196433,copath_syn_mapt_REGION-RF_rank220_region401_cNLL,401,cNLL,220
sigma,0.034280490538066734,0.005598213284217424,0.00021495187599576923,583.3431749029156,710.7402916080348,1.0070973000719454,4.234427308712966,copath_syn_mapt_REGION-RF_rank220_region401_cNLL,401,cNLL,220
u0,0.00802195476026322,0.0054056540297246405,0.0002455623933660158,376.04002941218886,405.43510599567895,1.0048202346697597,2.729635381398273,copath_syn_mapt_REGION-RF_rank220_region401_cNLL,401,cNLL,220
alpha,0.7465891182222878,0.6009885186908823,0.015559457744086342,992.2234393990728,908.5488761174385,1.0040472274244219,12.147840196367154,copath_syn_mapt_REGION-RF_rank357_region402_cPSV,402,cPSV,357
beta,-0.6005273410259745,0.7921945329730298,0.02218900996613081,1291.721304554758,1455.7124204332013,1.0030346455557333,15.814607237536674,copath_syn_mapt_REGION-RF_rank357_region402_cPSV,402,cPSV,357
gamma,0.08160533316673653,0.06101509458172313,0.0011387316493479004,1970.234551699192,1327.370116534419,1.002361623082263,24.121678175530946,copath_syn_mapt_REGION-RF_rank357_region402_cPSV,402,cPSV,357
sigma,0.036347357741511474,0.04246212198402861,0.0010007684215023638,1902.8610097945857,1969.472518598113,1.0028465050803455,23.296820600087973,copath_syn_mapt_REGION-RF_rank357_region402_cPSV,402,cPSV,357
u0,0.006865558396426139,0.005547942006478889,0.00011612850668094874,1367.4036430252193,821.654830332603,1.001134495051569,16.741189816540594,copath_syn_mapt_REGION-RF_rank357_region402_cPSV,402,cPSV,357
alpha,0.6966962168518223,0.5872917782055688,0.012329031328316396,1514.4051895022671,1236.3217204679127,1.0024260625247154,18.034429989428354,copath_syn_mapt_REGION-RF_rank272_region403_cSOC,403,cSOC,272
beta,-0.5088645450597002,0.8098428468480381,0.023546676782438027,1196.9503938238342,1060.6461082409824,1.0012754009086553,14.253991090277044,copath_syn_mapt_REGION-RF_rank272_region403_cSOC,403,cSOC,272
gamma,0.07898534384798994,0.060120586762685016,0.0013680713578326784,1176.0120415160388,883.0940298243362,1.001234414491257,14.004644844367105,copath_syn_mapt_REGION-RF_rank272_region403_cSOC,403,cSOC,272
sigma,0.02407563787710401,0.00719275769290694,0.00017395500556750154,1793.4117204967108,1789.066443214217,1.000664597745569,21.357004281098817,copath_syn_mapt_REGION-RF_rank272_region403_cSOC,403,cSOC,272
u0,0.006957542483815982,0.005363528058513663,0.00012639840467089508,1199.9928028194734,900.8566421753286,1.0010568018576007,14.290221890601424,copath_syn_mapt_REGION-RF_rank272_region403_cSOC,403,cSOC,272
alpha,0.5833465935448723,0.5506391520391869,0.021146479915381884,631.4515716087731,596.261433054231,1.0061052157702557,7.133192182921649,copath_syn_mapt_REGION-RF_rank287_region404_cPG,404,cPG,287
beta,-0.36926527512456886,0.6726962623800015,0.019377699640329524,1222.4337041030149,1518.7117196772363,1.0029852513332775,13.809221378658822,copath_syn_mapt_REGION-RF_rank287_region404_cPG,404,cPG,287
gamma,0.08119717143711473,0.06020287511064266,0.001905293243721744,750.8310504463168,548.070770847632,1.0026952450202746,8.481762371884333,copath_syn_mapt_REGION-RF_rank287_region404_cPG,404,cPG,287
sigma,0.023336208673067245,0.003905391118153606,0.0001261732234628501,960.9885327571117,1394.1815120425333,1.0012464982142528,10.855806205812181,copath_syn_mapt_REGION-RF_rank287_region404_cPG,404,cPG,287
u0,0.0084934259765222,0.005442086023599504,0.00015532184467534335,1019.3677270987549,851.5400057199508,1.0025467991857704,11.515286728858658,copath_syn_mapt_REGION-RF_rank287_region404_cPG,404,cPG,287
alpha,0.7936307965810611,0.6162820300877463,0.010954016356728115,1935.6626828286967,1270.3166171734724,1.0008299685524265,28.14895197889474,copath_syn_mapt_REGION-RF_rank1_region405_cSUT,405,cSUT,410
beta,-0.014192807645882285,0.9932200014039879,0.018304274555034535,2938.796095161708,2524.459269292999,1.000054628170385,42.736800627669716,copath_syn_mapt_REGION-RF_rank1_region405_cSUT,405,cSUT,410
gamma,0.07837980074457682,0.05886810170043324,0.0012041653700187033,1569.4925215128087,1080.599208542535,1.0070122128027381,22.82400234876476,copath_syn_mapt_REGION-RF_rank1_region405_cSUT,405,cSUT,410
sigma,1.6618982983514112,2.1230635889063785,0.04317586642196768,2802.784895857776,2095.92163848487,1.0004504487660097,40.75888745521379,copath_syn_mapt_REGION-RF_rank1_region405_cSUT,405,cSUT,410
u0,0.007955169082282467,0.0061250046119807324,0.00012049696590404505,1655.522376824021,956.0876863396427,1.002534346489969,24.075072737933848,copath_syn_mapt_REGION-RF_rank1_region405_cSUT,405,cSUT,410
alpha,0.3937760515857333,0.39269436541443425,0.023571991664879905,312.9646255340359,458.25244685005964,1.0096869374174424,2.4573227507383475,copath_syn_mapt_REGION-RF_rank172_region406_cTRN,406,cTRN,172
beta,0.24985147876328573,0.5283745154622783,0.020543304362258895,606.7627402927725,635.5466205383099,1.005280470411,4.76415468194702,copath_syn_mapt_REGION-RF_rank172_region406_cTRN,406,cTRN,172
gamma,0.07804178304212228,0.06076087180897256,0.0025819607965244535,383.7922009904273,297.09419805743744,1.0080161849788272,3.0134437891836314,copath_syn_mapt_REGION-RF_rank172_region406_cTRN,406,cTRN,172
sigma,0.035062280451742214,0.00604580695167852,0.000260346563299129,486.84311424757055,625.2116808105709,1.0076642280902939,3.8225747035770303,copath_syn_mapt_REGION-RF_rank172_region406_cTRN,406,cTRN,172
u0,0.015798461675131614,0.006479090458807205,0.00032690081372714874,380.34892505066574,332.7992247407031,1.0099088635517348,2.986408017043544,copath_syn_mapt_REGION-RF_rank172_region406_cTRN,406,cTRN,172
alpha,0.8046228605171023,0.6028068917900055,0.012492055089111265,1508.0402175982586,784.6170268025605,1.001063963162766,22.32149522791975,copath_syn_mapt_REGION-RF_rank1_region407_cP5,407,cP5,411
beta,-0.01133772291679538,0.9747489387691687,0.019096048679910792,2598.5499574378696,2443.4075723931173,1.0062646624192653,38.46284720896787,copath_syn_mapt_REGION-RF_rank1_region407_cP5,407,cP5,411
gamma,0.08058040009728089,0.061176187290728753,0.0012648513770810135,1559.5483793252952,1188.0579288601384,1.001320645761449,23.0839014109724,copath_syn_mapt_REGION-RF_rank1_region407_cP5,407,cP5,411
sigma,1.6850432452554482,2.4472853014977876,0.05190499720658014,2634.5622750073862,2059.735478793078,1.000956066787599,38.9958892097008,copath_syn_mapt_REGION-RF_rank1_region407_cP5,407,cP5,411
u0,0.00802940781496262,0.006021929909717479,0.00012428044280218494,1635.8174149399683,1274.0969488058654,1.0013246442102814,24.212809575784018,copath_syn_mapt_REGION-RF_rank1_region407_cP5,407,cP5,411
alpha,1.0963619941252922,0.6344212035627457,0.018543944761222377,953.8992799295955,690.4074300072664,1.003680826568264,9.033564846153658,copath_syn_mapt_REGION-RF_rank358_region408_cPC5,408,cPC5,358
beta,-1.05874665969262,0.6720388519168679,0.021368683783266916,983.7315665578632,1348.0813281801393,1.0027382079853948,9.31608093714535,copath_syn_mapt_REGION-RF_rank358_region408_cPC5,408,cPC5,358
gamma,0.08134147353744624,0.058627880851035034,0.0014710833036214324,1139.951677247105,773.5481624540388,1.002091107918071,10.795508094579336,copath_syn_mapt_REGION-RF_rank358_region408_cPC5,408,cPC5,358
sigma,0.0022630200209245517,0.0026403447907929617,7.321477056564926e-5,1349.7724648136304,1961.0580158544196,1.0020494548552021,12.782541453796396,copath_syn_mapt_REGION-RF_rank358_region408_cPC5,408,cPC5,358
u0,0.005531739719772969,0.005321672476151656,0.000140862925566981,928.3016539242067,983.0124644289475,1.0034382320283939,8.791151606839403,copath_syn_mapt_REGION-RF_rank358_region408_cPC5,408,cPC5,358
alpha,2.3720693366236527,1.039674574643828,0.07110646692723803,270.09424717854887,252.4405879381133,1.032517961936726,2.145341841638063,copath_syn_mapt_REGION-RF_rank46_region409_cCS,409,cCS,46
beta,0.3432838651535852,0.2223445431625961,0.012735289196048282,634.7531772469617,246.75743851750175,1.0222078231056262,5.041805090207642,copath_syn_mapt_REGION-RF_rank46_region409_cCS,409,cCS,46
gamma,0.2014341735347607,0.09499148237893189,0.004989069851546295,406.8948836706142,514.515845451478,1.0146230265694345,3.231940806610226,copath_syn_mapt_REGION-RF_rank46_region409_cCS,409,cCS,46
sigma,0.09919124216981143,0.026089405683955687,0.0015372687821801317,324.80323243952733,797.3944232250362,1.022324146140187,2.579891915991734,copath_syn_mapt_REGION-RF_rank46_region409_cCS,409,cCS,46
u0,0.018893419038706113,0.0070411247539070515,0.00019833715516978268,1148.5127313746862,715.9502963305823,1.0003379997993223,9.122565341583554,copath_syn_mapt_REGION-RF_rank46_region409_cCS,409,cCS,46
alpha,0.519826655248256,0.4800700008890716,0.03762576545739276,214.9416195835823,134.12454909119288,1.0085955341236577,1.2804051920151445,copath_syn_mapt_REGION-RF_rank156_region410_cPRNr,410,cPRNr,156
beta,0.46943936585274626,0.4802073171018307,0.018148751363154192,511.5241699635219,979.1866646079012,1.0034701676924298,3.0471446355127294,copath_syn_mapt_REGION-RF_rank156_region410_cPRNr,410,cPRNr,156
gamma,0.07997991982028047,0.06251987057333439,0.002651909309644281,417.5501757386205,410.48391003838736,1.0100427825677585,2.4873424420004797,copath_syn_mapt_REGION-RF_rank156_region410_cPRNr,410,cPRNr,156
sigma,0.043569629299540544,0.007621450595749721,0.00030473991549686,620.5662460836778,894.73772889463,1.0052624402384893,3.696707250155941,copath_syn_mapt_REGION-RF_rank156_region410_cPRNr,410,cPRNr,156
u0,0.015020623756129904,0.0065512065092457284,0.00032289053462500415,365.55382491099294,293.86562641725214,1.0095650253391462,2.1776006726097155,copath_syn_mapt_REGION-RF_rank156_region410_cPRNr,410,cPRNr,156
alpha,0.7999361647650706,0.6075326074861739,0.010526847660405722,2102.4833259987354,1269.5611592524067,1.000690827459066,30.368225066062937,copath_syn_mapt_REGION-RF_rank1_region411_cNTB,411,cNTB,412
beta,0.023283819896672397,1.003909951433874,0.017923574352747846,3137.6366417026043,2448.6879940699646,1.0005359450129911,45.319957848173615,copath_syn_mapt_REGION-RF_rank1_region411_cNTB,411,cNTB,412
gamma,0.08029432741943193,0.061690003706763676,0.0011604757693059666,1886.1334904648302,1557.4099035850134,1.0008469195970922,27.24327257904222,copath_syn_mapt_REGION-RF_rank1_region411_cNTB,411,cNTB,412
sigma,1.6626538387789065,2.108198195347319,0.04506944164974289,2727.2812030350015,2290.7022242466523,1.0001554909088364,39.39279249830285,copath_syn_mapt_REGION-RF_rank1_region411_cNTB,411,cNTB,412
u0,0.008029120239912601,0.006105431672451712,0.00011776281801840489,1691.7453005761008,1279.5659369899035,1.0011887824118835,24.43553364112635,copath_syn_mapt_REGION-RF_rank1_region411_cNTB,411,cNTB,412
alpha,0.5779922124981212,0.5324676884097432,0.015419732579811376,993.487502487699,1035.7567694780887,1.0039898596412828,11.005854750664113,copath_syn_mapt_REGION-RF_rank176_region412_cCB,412,cCB,176
beta,-0.3278805393977638,0.6927993391710363,0.018790200136208197,1382.5504631880463,1409.1108140809642,1.0050140476745935,15.315894306883273,copath_syn_mapt_REGION-RF_rank176_region412_cCB,412,cCB,176
gamma,0.07885551650268913,0.06063888125945446,0.0015329308925479796,1134.0863316837788,883.3715972244373,1.0038313427614471,12.563408608534255,copath_syn_mapt_REGION-RF_rank176_region412_cCB,412,cCB,176
sigma,0.04409163547761851,0.00723574906512518,0.00019475833299156318,1380.7371009180395,1641.4217783228983,1.0020701580379643,15.295805879294546,copath_syn_mapt_REGION-RF_rank176_region412_cCB,412,cCB,176
u0,0.009846211085960958,0.0064725210918319,0.0001878220646644279,876.6996410896221,621.9024342581121,1.003451520238684,9.712078798808252,copath_syn_mapt_REGION-RF_rank176_region412_cCB,412,cCB,176
