parameter,mean,std,mcse,ess_bulk,ess_tail,rhat,ess_per_sec,run_id,region_index,region,rank
alpha,0.6478324790141046,0.5480442568326245,0.012822208060647102,1283.5341397473742,1215.0710620508871,1.0036425880579312,15.144588207326956,copath_tau_app_REGION-RF_rank363_region1_iFRP,1,iFRP,363
beta,-0.2738205972336331,0.8303940245294547,0.024398593944340054,1125.1023653772947,1707.6400621312582,1.0049974201893654,13.27523085446119,copath_tau_app_REGION-RF_rank363_region1_iFRP,1,iFRP,363
gamma,0.07940561582011951,0.05823787752210811,0.0016307912207878575,674.6467398684259,171.62751855685872,1.0012981027493078,7.960245656367118,copath_tau_app_REGION-RF_rank363_region1_iFRP,1,iFRP,363
sigma,0.07491323528027896,0.027020591397212832,0.0008231430145215902,869.8307498782195,225.75389952667084,1.001900457387763,10.263247473548939,copath_tau_app_REGION-RF_rank363_region1_iFRP,1,iFRP,363
u0,0.00812779848956585,0.006112841492017,0.00014069409231252808,1233.2727655965843,875.1556987248244,1.0023899334539117,14.551547640133382,copath_tau_app_REGION-RF_rank363_region1_iFRP,1,iFRP,363
alpha,2.7693706319923423,0.7909416652361934,0.024052984879970797,1029.104601298884,943.7604120131948,1.0053335498430365,7.371017450122723,copath_tau_app_REGION-RF_rank318_region2_iMOp,2,iMOp,318
beta,0.3009577797218325,0.048816125499667726,0.0017359410278399577,880.7899372368512,949.933906490205,1.0038337808114821,6.308705635045311,copath_tau_app_REGION-RF_rank318_region2_iMOp,2,iMOp,318
gamma,0.06925600061541737,0.04492296269132337,0.0015302063846024895,879.8289097912673,1071.0153724459342,1.0040932162540213,6.30182222391052,copath_tau_app_REGION-RF_rank318_region2_iMOp,2,iMOp,318
sigma,0.04217098121981073,0.010195786530072698,0.00026937240942283253,1463.3344238621794,1971.073677185318,1.0022690903398133,10.481212075079178,copath_tau_app_REGION-RF_rank318_region2_iMOp,2,iMOp,318
u0,0.025419087379220166,0.007085704624773432,0.00015649092973405563,1993.59067597142,1843.5358061152551,1.0016887601218736,14.279201203104394,copath_tau_app_REGION-RF_rank318_region2_iMOp,2,iMOp,318
alpha,2.090548700359753,0.6507470284882814,0.020634334912456007,912.0586402347466,1002.2007694762138,1.0022326212594506,7.004466905520628,copath_tau_app_REGION-RF_rank289_region3_iMOs,3,iMOs,289
beta,0.3599439616313609,0.06672743953602435,0.0023934093746450814,897.4843291306707,957.7909608171544,1.0037019083885406,6.892538488535306,copath_tau_app_REGION-RF_rank289_region3_iMOs,3,iMOs,289
gamma,0.08597497475513527,0.055305761373659855,0.0018004740742947171,964.2255381505217,1115.087774640336,1.0037278617475667,7.405100476538247,copath_tau_app_REGION-RF_rank289_region3_iMOs,3,iMOs,289
sigma,0.059947384443699306,0.012555650212146946,0.0003256590146443495,1504.1723619518843,1943.4970503470997,1.000702244818129,11.551807158779859,copath_tau_app_REGION-RF_rank289_region3_iMOs,3,iMOs,289
u0,0.021341385997159037,0.00683064684160942,0.00016276961531612073,1698.3039044699087,1647.6514845746358,1.0009446572435552,13.042706871692166,copath_tau_app_REGION-RF_rank289_region3_iMOs,3,iMOs,289
alpha,0.782231765600018,0.5915065353886899,0.01801854225625684,992.569053371025,1307.2666039851383,1.0014023590130976,10.744996518224898,copath_tau_app_REGION-RF_rank276_region4_iSSp-n,4,iSSp-n,276
beta,0.0020175112373961674,0.8609471530784957,0.024378400033116466,1185.4116068373214,1204.6893489152867,1.0033246102934568,12.832601968468973,copath_tau_app_REGION-RF_rank276_region4_iSSp-n,4,iSSp-n,276
gamma,0.08544066572242322,0.06273515798697385,0.0018245062170595388,982.9765191909593,979.8517034984363,1.004366260981677,10.641153117087516,copath_tau_app_REGION-RF_rank276_region4_iSSp-n,4,iSSp-n,276
sigma,0.32843139861897974,0.1266820431526375,0.003984052795681537,700.7503521142306,405.3116335224106,1.0023846650976602,7.585930740072862,copath_tau_app_REGION-RF_rank276_region4_iSSp-n,4,iSSp-n,276
u0,0.008715489300253771,0.00605788122971795,0.00015651472928272645,1206.551581024243,1000.2506444033731,1.0017879663226277,13.061451486054052,copath_tau_app_REGION-RF_rank276_region4_iSSp-n,4,iSSp-n,276
alpha,1.8581686567029683,0.5664117152921537,0.013674297080706103,1599.2217687674624,1373.8824488522564,1.0029458985828807,10.103240730614212,copath_tau_app_REGION-RF_rank284_region5_iSSp-bfd,5,iSSp-bfd,284
beta,0.3756299774734613,0.07178069783816934,0.0020279639583760116,1271.6865142235768,1273.4337215308399,1.004394522574701,8.034004562718442,copath_tau_app_REGION-RF_rank284_region5_iSSp-bfd,5,iSSp-bfd,284
gamma,0.09348791277335616,0.059147994118481616,0.0015984564499884645,1194.894823029767,928.0281809765825,1.005306814940178,7.548865504837807,copath_tau_app_REGION-RF_rank284_region5_iSSp-bfd,5,iSSp-bfd,284
sigma,0.06831003602771865,0.013366583882219065,0.0003007243658419397,2081.7315010117377,2178.987053022893,1.0021941956389742,13.151543395656889,copath_tau_app_REGION-RF_rank284_region5_iSSp-bfd,5,iSSp-bfd,284
u0,0.01956851800092653,0.006726017540493691,0.0001344597559311934,2397.2943814903224,1763.5341664633465,1.0018607402859827,15.145142913488845,copath_tau_app_REGION-RF_rank284_region5_iSSp-bfd,5,iSSp-bfd,284
alpha,0.8688127527963189,0.6723888154815907,0.03578253938994611,485.84963095993504,287.0729871943579,1.0016436178807893,4.3336481786794785,copath_tau_app_REGION-RF_rank316_region6_iSSp-ll,6,iSSp-ll,316
beta,0.14636626646403336,0.7676027546064709,0.026862654191789414,811.150251384168,1187.164484865954,1.0029576403174836,7.235242316848194,copath_tau_app_REGION-RF_rank316_region6_iSSp-ll,6,iSSp-ll,316
gamma,0.08678812944016798,0.0638126769133874,0.002679422874121025,487.50633854360103,630.1387474687415,1.0098221272716246,4.3484255652308965,copath_tau_app_REGION-RF_rank316_region6_iSSp-ll,6,iSSp-ll,316
sigma,0.2423283090781963,0.07367044671051487,0.003387786584438745,301.3365248431132,144.12211611357088,1.005256296233891,2.687840843834353,copath_tau_app_REGION-RF_rank316_region6_iSSp-ll,6,iSSp-ll,316
u0,0.009430594670151613,0.006276243250890983,0.00021938081818807868,736.3782579599311,736.3563418826843,1.0043746761597607,6.5682962239203215,copath_tau_app_REGION-RF_rank316_region6_iSSp-ll,6,iSSp-ll,316
alpha,2.0953079028779613,0.6474497717868096,0.016235516699407183,1476.703353143684,890.028394704478,1.0026932812723586,13.623855791935528,copath_tau_app_REGION-RF_rank331_region7_iSSp-m,7,iSSp-m,331
beta,0.3454149898017307,0.0679042002000196,0.002176616085276292,1283.9302816412146,966.2714704937065,1.0034668871314463,11.8453587626391,copath_tau_app_REGION-RF_rank331_region7_iSSp-m,7,iSSp-m,331
gamma,0.12069834658901946,0.06191071999615165,0.0015353754484185654,1507.33683025673,1147.7171054279765,1.002746282658852,13.906475909039774,copath_tau_app_REGION-RF_rank331_region7_iSSp-m,7,iSSp-m,331
sigma,0.07392213762051615,0.015222224585414978,0.0003698517847569769,1724.6790487704818,1481.7446419059188,1.002105962725757,15.911644405628527,copath_tau_app_REGION-RF_rank331_region7_iSSp-m,7,iSSp-m,331
u0,0.01921445243058224,0.006893486847872405,0.00014178520331168274,2127.0765413386257,1567.6392811820904,1.0005359287362299,19.624106626367738,copath_tau_app_REGION-RF_rank331_region7_iSSp-m,7,iSSp-m,331
alpha,2.3732144511104627,0.6446168197113725,0.016130965845309403,1536.0020435259544,1834.8531893309676,1.0013608504463059,15.004855505445645,copath_tau_app_REGION-RF_rank310_region8_iSSp-ul,8,iSSp-ul,310
beta,0.37274687820215335,0.05983280165082553,0.0016524164866606706,1341.9369000501,1531.348433605847,1.0024011429546895,13.109077144490898,copath_tau_app_REGION-RF_rank310_region8_iSSp-ul,8,iSSp-ul,310
gamma,0.1166635372190348,0.05342092560435589,0.0014846865671874956,1287.5018678531071,1708.0598569029098,1.0020479699778606,12.577313664101782,copath_tau_app_REGION-RF_rank310_region8_iSSp-ul,8,iSSp-ul,310
sigma,0.07476211396065988,0.01572182494802101,0.00031985548216005095,2409.2394412933745,2385.5430080739475,1.002146520459111,23.535313541408602,copath_tau_app_REGION-RF_rank310_region8_iSSp-ul,8,iSSp-ul,310
u0,0.01950992043244492,0.0069027011970794585,0.00014488317683090574,2072.853325295041,1668.747850187803,1.0001551245490714,20.2492338868487,copath_tau_app_REGION-RF_rank310_region8_iSSp-ul,8,iSSp-ul,310
alpha,0.7291630224642833,0.5781947470246143,0.01421720277378088,1137.8189671150446,1033.9226095702375,1.0015287181595416,13.295850136310511,copath_tau_app_REGION-RF_rank360_region9_iSSp-tr,9,iSSp-tr,360
beta,-0.2762478205787145,0.8086241356292696,0.022003365209815415,1351.62771238752,1728.582819879057,1.0008977814855875,15.794287161124133,copath_tau_app_REGION-RF_rank360_region9_iSSp-tr,9,iSSp-tr,360
gamma,0.08168221473866967,0.05979046470360157,0.0014556106930965081,1217.5095797952242,824.8638908846617,1.0022021848664846,14.227065447435926,copath_tau_app_REGION-RF_rank360_region9_iSSp-tr,9,iSSp-tr,360
sigma,0.2010382659165336,0.17304057919585947,0.004775887708247091,1287.0957801354384,1045.0925137271195,1.0017400913804053,15.04020683285741,copath_tau_app_REGION-RF_rank360_region9_iSSp-tr,9,iSSp-tr,360
u0,0.007776808765332939,0.0060546981987445085,0.00013131395580254465,1414.604261633533,848.6442171159184,1.0014738473362308,16.530192243634776,copath_tau_app_REGION-RF_rank360_region9_iSSp-tr,9,iSSp-tr,360
alpha,0.8887571903792234,0.5824294005753098,0.03638379886391738,238.47180291743194,547.2245896861454,1.0073621571436508,1.4348656597397798,copath_tau_app_REGION-RF_rank321_region10_iSSp-un,10,iSSp-un,321
beta,0.5696203066947134,0.5631895329194313,0.030343404261574267,325.8986762755232,368.7020098126578,1.0081779917946718,1.9609061256785472,copath_tau_app_REGION-RF_rank321_region10_iSSp-un,10,iSSp-un,321
gamma,0.08326636700970402,0.06635998829314199,0.00513405583151919,141.49930499061955,296.0636135709473,1.012471838544391,0.8513899384506405,copath_tau_app_REGION-RF_rank321_region10_iSSp-un,10,iSSp-un,321
sigma,0.18065354396356867,0.04982614627418503,0.003574609459698172,135.85084269256038,122.49615333599694,1.0362513625066605,0.8174035950646841,copath_tau_app_REGION-RF_rank321_region10_iSSp-un,10,iSSp-un,321
u0,0.011185314607413644,0.006461832442718632,0.0006350629368322946,133.46369444978217,110.39701644683021,1.0260093343081698,0.8030403160674747,copath_tau_app_REGION-RF_rank321_region10_iSSp-un,10,iSSp-un,321
alpha,2.1029260258331464,0.6097843648263915,0.016485052976760894,1231.8388721639478,1222.1649841614064,1.002634310260627,10.405011210196452,copath_tau_app_REGION-RF_rank302_region11_iSSs,11,iSSs,302
beta,0.36829014414287703,0.06446583483975361,0.0020973064179110115,1177.7903600507475,993.116044445583,1.002337694501786,9.9484779840251,copath_tau_app_REGION-RF_rank302_region11_iSSs,11,iSSs,302
gamma,0.10497171314997683,0.056590332821659844,0.0015644115225906927,1334.044972146619,1475.255026609233,1.0026345476990008,11.268318611920188,copath_tau_app_REGION-RF_rank302_region11_iSSs,11,iSSs,302
sigma,0.07019189585964214,0.013417125148648554,0.0002978861260185528,2058.1780290351053,1753.9704458451754,1.002239716437688,17.384875529273035,copath_tau_app_REGION-RF_rank302_region11_iSSs,11,iSSs,302
u0,0.019097054387346005,0.006685081041235728,0.0001400966897793814,2208.5981132937395,1739.2581355969219,1.0011035963109658,18.655433471806838,copath_tau_app_REGION-RF_rank302_region11_iSSs,11,iSSs,302
alpha,2.1625914653458276,0.5262143610383385,0.01314651080414834,1535.1631160194556,1594.8053865546794,1.001522161129212,14.194233371113928,copath_tau_app_REGION-RF_rank288_region12_iGU,12,iGU,288
beta,0.3918821777518508,0.06225857498410645,0.0017596950949399174,1256.5646705963613,1571.0955689385598,1.0027591500592608,11.618291238385648,copath_tau_app_REGION-RF_rank288_region12_iGU,12,iGU,288
gamma,0.13884356765177044,0.05926922409199766,0.0016660556191048464,1221.576747119399,1276.1287839261972,1.0032634671043308,11.294790272383814,copath_tau_app_REGION-RF_rank288_region12_iGU,12,iGU,288
sigma,0.075705107387093,0.014202558236391386,0.0003096617599931221,2164.775350417721,2324.720166907634,1.0026261596353379,20.015675337183282,copath_tau_app_REGION-RF_rank288_region12_iGU,12,iGU,288
u0,0.015908127567594604,0.006290359841597506,0.0001277487990015495,2214.0906807562305,1620.2976347101219,1.000378986916048,20.471648582172,copath_tau_app_REGION-RF_rank288_region12_iGU,12,iGU,288
alpha,1.618989125404302,0.8553556226729722,0.03406950820745308,580.9398327218416,450.29064427696454,1.0103082930145377,4.469008582937863,copath_tau_app_REGION-RF_rank314_region13_iVISC,13,iVISC,314
beta,0.4460865812804257,0.30342396387858794,0.015438379446747719,593.2141297125598,403.62912566086743,1.0081896180268028,4.5634313363993435,copath_tau_app_REGION-RF_rank314_region13_iVISC,13,iVISC,314
gamma,0.12648967694052934,0.073127572673064,0.0024413799563312273,741.7992061920228,433.68574661750523,1.0062275434230121,5.706455010593054,copath_tau_app_REGION-RF_rank314_region13_iVISC,13,iVISC,314
sigma,0.1745453678705939,0.03811376971072895,0.0013767658017994156,782.4855019603988,1062.540704581841,1.008435399612429,6.019443369722976,copath_tau_app_REGION-RF_rank314_region13_iVISC,13,iVISC,314
u0,0.014472676144480615,0.006895135346019954,0.00019107906964327582,1071.6891887045615,480.62526166392007,1.0045226769032087,8.244206908868643,copath_tau_app_REGION-RF_rank314_region13_iVISC,13,iVISC,314
alpha,2.064271804386959,0.5557708118248303,0.013604466358766639,1564.7254268623178,1322.614391920917,1.001958743812953,13.500068391029876,copath_tau_app_REGION-RF_rank258_region14_iAUDd,14,iAUDd,258
beta,0.43003209919611185,0.07298345326229969,0.002039667445745056,1423.9875295791705,1386.3768064873634,1.0026131308394457,12.285816225177262,copath_tau_app_REGION-RF_rank258_region14_iAUDd,14,iAUDd,258
gamma,0.11917822406601428,0.05806398144992817,0.0014485867907144297,1541.3300223271112,1578.2716393090984,1.0020501460689926,13.298218561124294,copath_tau_app_REGION-RF_rank258_region14_iAUDd,14,iAUDd,258
sigma,0.0975481361742744,0.018726907949435368,0.00047038908872795455,1664.9444858094407,2147.1105025407996,1.0023058782421082,14.364733927004362,copath_tau_app_REGION-RF_rank258_region14_iAUDd,14,iAUDd,258
u0,0.01608092427262388,0.0065557253325264865,0.00013912120230686665,2008.7285520421449,1615.1990391931356,0.9999817359828799,17.330818791615073,copath_tau_app_REGION-RF_rank258_region14_iAUDd,14,iAUDd,258
alpha,1.4770751282876369,0.5450505682174014,0.017720962675594632,710.7661202728779,263.8318790926554,1.0045850355140802,5.3297199309598735,copath_tau_app_REGION-RF_rank203_region15_iAUDp,15,iAUDp,203
beta,0.5046659924074015,0.14965772364726657,0.010260216881151332,728.9919053501927,256.38862724385257,1.0064144647862554,5.4663870106268995,copath_tau_app_REGION-RF_rank203_region15_iAUDp,15,iAUDp,203
gamma,0.08530112755407028,0.061094395698436645,0.0014777109254133483,1409.34646527431,975.5575173943498,1.001844748344892,10.56806413721091,copath_tau_app_REGION-RF_rank203_region15_iAUDp,15,iAUDp,203
sigma,0.11169449226151229,0.021049351554488886,0.00048750963174913663,1954.73066388302,2008.9435149829278,1.000955408853191,14.657658379884522,copath_tau_app_REGION-RF_rank203_region15_iAUDp,15,iAUDp,203
u0,0.015802431741719167,0.006789624918641625,0.00014224239866626685,2112.21317141653,1558.6967512542726,1.004274011955257,15.838549864775004,copath_tau_app_REGION-RF_rank203_region15_iAUDp,15,iAUDp,203
alpha,2.227735534805441,0.6748478762165038,0.01603299047225627,1640.5361542983785,1689.2918529775557,1.004012943762829,14.170038041877595,copath_tau_app_REGION-RF_rank232_region16_iAUDpo,16,iAUDpo,232
beta,0.4264733071149331,0.07307557731412244,0.0020887512531072698,1404.0663863026311,1294.4541511650782,1.0040490396691069,12.127543824682627,copath_tau_app_REGION-RF_rank232_region16_iAUDpo,16,iAUDpo,232
gamma,0.08308687753146077,0.051280775345695695,0.0013620716951530454,1347.8644786255977,1405.0212837950726,1.003253681197671,11.642103032827446,copath_tau_app_REGION-RF_rank232_region16_iAUDpo,16,iAUDpo,232
sigma,0.09949902292871093,0.02002396705812282,0.0004444178721220813,1997.5607677360297,1912.2592865738616,1.0019693088516703,17.253817903139968,copath_tau_app_REGION-RF_rank232_region16_iAUDpo,16,iAUDpo,232
u0,0.018234201993740404,0.006889780149667474,0.00013951965807798742,2260.4596166126303,1534.572803601527,1.0019064760299854,19.52459180835785,copath_tau_app_REGION-RF_rank232_region16_iAUDpo,16,iAUDpo,232
alpha,2.0194389592730717,0.5492701255200411,0.01471617332850519,1329.220207607205,1243.2144985401767,1.0016340424255685,10.672524269002658,copath_tau_app_REGION-RF_rank238_region17_iAUDv,17,iAUDv,238
beta,0.4362500023703005,0.07083413467121272,0.0020751566394968932,1248.430084448445,1089.1133812139074,1.0021971005242905,10.023847288940994,copath_tau_app_REGION-RF_rank238_region17_iAUDv,17,iAUDv,238
gamma,0.0952322972603535,0.054025498439220394,0.001528403683105633,1282.7020871229722,1431.989872741683,1.0026566870428533,10.299022747603072,copath_tau_app_REGION-RF_rank238_region17_iAUDv,17,iAUDv,238
sigma,0.08207925219229271,0.015155996942400463,0.000355920240827148,1665.2784192570527,1055.6726956566117,1.0037781369852348,13.370790063567298,copath_tau_app_REGION-RF_rank238_region17_iAUDv,17,iAUDv,238
u0,0.016716428382106956,0.006466198116283094,0.00014536637981455794,1885.816177547737,1571.8512810175278,1.0022312179659283,15.141523433492338,copath_tau_app_REGION-RF_rank238_region17_iAUDv,17,iAUDv,238
alpha,1.6745681537705934,0.4890694356119682,0.013528241340332049,1129.5453447377977,1147.1793407353493,1.0008601092901235,7.765066130944197,copath_tau_app_REGION-RF_rank228_region18_iVISal,18,iVISal,228
beta,0.4443412423752236,0.08724326816388915,0.00297548160660663,998.1382420034504,944.0878781086091,1.0016790770270962,6.861707228566668,copath_tau_app_REGION-RF_rank228_region18_iVISal,18,iVISal,228
gamma,0.09181684196452658,0.06209108287583009,0.0019770022376911127,961.2586601864037,1353.7296819503651,1.0030725260612585,6.608178325964347,copath_tau_app_REGION-RF_rank228_region18_iVISal,18,iVISal,228
sigma,0.07363891459141919,0.016608839975093246,0.00040977253111545146,1793.6089036586873,1787.5587407695782,1.00034688137056,12.330174981326692,copath_tau_app_REGION-RF_rank228_region18_iVISal,18,iVISal,228
u0,0.014826149863923565,0.006630656285268382,0.0001494878608509291,1763.5227586425488,1252.9658759496156,0.9997564029383602,12.123347600058768,copath_tau_app_REGION-RF_rank228_region18_iVISal,18,iVISal,228
alpha,1.408472478777875,0.5454883930549749,0.015616582429286888,984.3126926360702,562.5282222917465,1.0027149899257213,7.380979713523525,copath_tau_app_REGION-RF_rank204_region19_iVISam,19,iVISam,204
beta,0.522536172609822,0.15268529995839653,0.006716186421229766,966.5205920555486,537.2804798285147,1.0044362347709836,7.247563641143003,copath_tau_app_REGION-RF_rank204_region19_iVISam,19,iVISam,204
gamma,0.08531491836135216,0.05971044053103148,0.0011936827085665485,1863.3090534644025,1072.537973079393,1.0009199958735717,13.972233037871012,copath_tau_app_REGION-RF_rank204_region19_iVISam,19,iVISam,204
sigma,0.15241801847041123,0.02719558291824168,0.0006773490199880553,1834.6872112403887,2031.8371302250448,1.005619429668526,13.757608926651484,copath_tau_app_REGION-RF_rank204_region19_iVISam,19,iVISam,204
u0,0.013884005027728344,0.00662162165094042,0.00014650686587729589,1752.66851475072,1111.041508932618,1.0016730921620507,13.142582482871068,copath_tau_app_REGION-RF_rank204_region19_iVISam,19,iVISam,204
alpha,1.6959079686715668,0.5561177734685313,0.014650545295009245,1234.2998288973322,941.9061667451962,1.0013677149182696,9.346012470165387,copath_tau_app_REGION-RF_rank211_region20_iVISl,20,iVISl,211
beta,0.4485632579739371,0.09360672268257958,0.003313845574452049,1127.0406387451087,916.7354833166024,1.0037623187775868,8.533855079203045,copath_tau_app_REGION-RF_rank211_region20_iVISl,20,iVISl,211
gamma,0.07711390520859564,0.05425437103409511,0.0015005297009500354,1225.7230431835885,1525.662090831725,1.0001552688837227,9.281069784151896,copath_tau_app_REGION-RF_rank211_region20_iVISl,20,iVISl,211
sigma,0.09442828622381393,0.018621675511175235,0.000497012928341363,1313.699865093632,1061.7084327980235,1.0019996995449458,9.947222736138718,copath_tau_app_REGION-RF_rank211_region20_iVISl,20,iVISl,211
u0,0.017965790929425282,0.007132778557086443,0.00017206840036029317,1546.5549721621378,1168.9150286791166,1.0024400908568287,11.710381640850006,copath_tau_app_REGION-RF_rank211_region20_iVISl,20,iVISl,211
alpha,1.5881153576617755,0.5469892793348774,0.012988888522477085,1522.7403275696845,1020.7470597288042,1.0022199919713626,12.672078621642612,copath_tau_app_REGION-RF_rank208_region21_iVISp,21,iVISp,208
beta,0.4810805090717393,0.10363046492806641,0.003236497792996554,1347.3994929728724,952.4869313105654,1.0028993118096552,11.212911354994153,copath_tau_app_REGION-RF_rank208_region21_iVISp,21,iVISp,208
gamma,0.08577215265676194,0.059401996672760436,0.0015017916046283018,1422.2064552333627,1734.8507612672968,1.0009510698006165,11.835446721036597,copath_tau_app_REGION-RF_rank208_region21_iVISp,21,iVISp,208
sigma,0.12539093194730783,0.02252296207498643,0.0004950648792401619,2119.495367499218,2143.094080071129,1.0030399742127702,17.638208858646177,copath_tau_app_REGION-RF_rank208_region21_iVISp,21,iVISp,208
u0,0.015696581905370505,0.006626747889557139,0.00013007965263746706,2388.988029764996,1659.7477163508277,1.0011195115656875,19.880897347522122,copath_tau_app_REGION-RF_rank208_region21_iVISp,21,iVISp,208
alpha,1.4437130617503235,0.4995273516733032,0.012784063392283995,1391.2600034307368,1286.9286534625805,1.0002861283997388,10.44058386875342,copath_tau_app_REGION-RF_rank214_region22_iVISpl,22,iVISpl,214
beta,0.4876186400330504,0.11402381844097342,0.00325387445485203,1555.2967342634895,1151.5201568624393,1.0002525935564979,11.671582561731189,copath_tau_app_REGION-RF_rank214_region22_iVISpl,22,iVISpl,214
gamma,0.09042772634780659,0.06183449407756549,0.0013790470790989657,1713.3171121767366,1404.5666628707138,1.0014501042869812,12.857432082674096,copath_tau_app_REGION-RF_rank214_region22_iVISpl,22,iVISpl,214
sigma,0.12526376346609563,0.022880073127726476,0.0005209358859240917,1979.2440352958556,2184.906528943015,1.0001507280218034,14.8530564353747,copath_tau_app_REGION-RF_rank214_region22_iVISpl,22,iVISpl,214
u0,0.013803843088102192,0.0065722263699711505,0.00015341880987650044,1489.1473336140598,1119.224286651348,1.0038797194797593,11.1751704147241,copath_tau_app_REGION-RF_rank214_region22_iVISpl,22,iVISpl,214
alpha,1.5615207846003394,0.6469651485748179,0.019339271348488368,865.1004017276532,424.76608162599143,1.0017391899794024,8.294903797260153,copath_tau_app_REGION-RF_rank182_region23_iVISpm,23,iVISpm,182
beta,0.5821283027132392,0.16763248838397288,0.00785094638024549,866.5314162353851,395.5036918607599,1.0032583702458346,8.308624895586329,copath_tau_app_REGION-RF_rank182_region23_iVISpm,23,iVISpm,182
gamma,0.09302857235707157,0.05951242687431856,0.001269747039906439,1947.7993457898529,1818.2393644221181,1.0017444932871191,18.67622319609037,copath_tau_app_REGION-RF_rank182_region23_iVISpm,23,iVISpm,182
sigma,0.24096235060531435,0.0432438219452949,0.0010267463653880306,1817.9243892154611,2352.558883671032,1.0024108838747858,17.430933899834706,copath_tau_app_REGION-RF_rank182_region23_iVISpm,23,iVISpm,182
u0,0.013151780444585164,0.006705534495186739,0.0001389621169887343,1880.6571583344073,1151.1399653679296,1.0032929432707325,18.03243897801777,copath_tau_app_REGION-RF_rank182_region23_iVISpm,23,iVISpm,182
alpha,1.3806408404933614,0.5417910344638662,0.014955710673105497,1141.8953596933575,698.8185741967729,1.0033410496896629,8.074439861784018,copath_tau_app_REGION-RF_rank197_region24_iVISli,24,iVISli,197
beta,0.5203720148115035,0.14469107481741464,0.005334858622702916,1066.9226389843707,681.1890892244181,1.0043183457979612,7.544301334203341,copath_tau_app_REGION-RF_rank197_region24_iVISli,24,iVISli,197
gamma,0.08171854752334545,0.05861369111563232,0.0017161953742650686,761.0204119862332,1059.6008831143622,1.0033541717375045,5.381240494595804,copath_tau_app_REGION-RF_rank197_region24_iVISli,24,iVISli,197
sigma,0.13236718826680155,0.02461205764303744,0.0008326772010423707,598.0134448685251,178.24108967201352,1.0086152280786793,4.228604272834481,copath_tau_app_REGION-RF_rank197_region24_iVISli,24,iVISli,197
u0,0.015554417169216022,0.006831417547821781,0.00019283957413854868,1057.3662336926136,898.2767226566615,1.003499390523428,7.476727174129823,copath_tau_app_REGION-RF_rank197_region24_iVISli,24,iVISli,197
alpha,1.5152795274884072,0.522720474972132,0.016090290528297288,892.0612575239938,738.5260089844636,1.008714105716307,8.261585870361223,copath_tau_app_REGION-RF_rank116_region25_iVISpor,25,iVISpor,116
beta,0.6825179880901712,0.12714597645202108,0.005038594178408034,778.706315868857,640.0055969342799,1.0093619372124842,7.211779507384508,copath_tau_app_REGION-RF_rank116_region25_iVISpor,25,iVISpor,116
gamma,0.06854437163751767,0.05122148536693481,0.0017030345062087737,969.1164267081188,1040.2670916771665,1.00711323064537,8.975211634960397,copath_tau_app_REGION-RF_rank116_region25_iVISpor,25,iVISpor,116
sigma,0.19192876865062516,0.036266576883704056,0.0008939401148852261,1719.1965466653646,1770.9291813540542,1.0029857443698476,15.921877313366407,copath_tau_app_REGION-RF_rank116_region25_iVISpor,25,iVISpor,116
u0,0.013574234494305643,0.00648366422401213,0.0001424043753926528,1848.4774022702925,1380.977070025507,1.0026096743763442,17.11917725321404,copath_tau_app_REGION-RF_rank116_region25_iVISpor,25,iVISpor,116
alpha,1.7681688388414514,0.5881426076698723,0.015257696373089658,1301.437041616673,1110.1713683681348,1.0004913592680311,11.175546066401095,copath_tau_app_REGION-RF_rank224_region26_iACAd,26,iACAd,224
beta,0.4442128287605511,0.09053633515757054,0.0029290053257525553,1149.9378343076662,953.9928335008467,1.0010959464418834,9.874610011744261,copath_tau_app_REGION-RF_rank224_region26_iACAd,26,iACAd,224
gamma,0.08559784962643653,0.057391229161904034,0.001550155874137773,1323.7391082271067,1147.642903811116,1.0011029801805174,11.367055732109733,copath_tau_app_REGION-RF_rank224_region26_iACAd,26,iACAd,224
sigma,0.10330338307897881,0.021006541027252808,0.00048258425875156665,1962.0305204625395,1876.378752701016,1.002309786671255,16.848116170011675,copath_tau_app_REGION-RF_rank224_region26_iACAd,26,iACAd,224
u0,0.0173107625572956,0.006917864003377219,0.0001387396435459563,2300.4910595563347,1836.7517218517253,1.0017092546348245,19.754504435711397,copath_tau_app_REGION-RF_rank224_region26_iACAd,26,iACAd,224
alpha,1.1878818176274217,0.4900258292740777,0.012842653898640382,1178.4512841265162,932.76554761064,1.001522827529925,9.77481158034602,copath_tau_app_REGION-RF_rank145_region27_iACAv,27,iACAv,145
beta,0.6799353550733277,0.18319746029693015,0.0062161747859571835,1186.8509822451626,813.3597655695419,1.0020692683015138,9.84448392705012,copath_tau_app_REGION-RF_rank145_region27_iACAv,27,iACAv,145
gamma,0.08278329396724442,0.05775546026202419,0.0012324435889726555,1848.1488573873387,1604.9470358144545,1.0001314585702965,15.329701869503472,copath_tau_app_REGION-RF_rank145_region27_iACAv,27,iACAv,145
sigma,0.23241118405617034,0.04205215488879264,0.0008933614573327466,2227.5366900518784,1990.5022541562873,1.0003419460057779,18.47658170248738,copath_tau_app_REGION-RF_rank145_region27_iACAv,27,iACAv,145
u0,0.011447249433868406,0.006486841439267585,0.000142205454359549,1623.121853326161,1043.0579934483196,1.0012000688469365,13.463187237277381,copath_tau_app_REGION-RF_rank145_region27_iACAv,27,iACAv,145
alpha,2.1516093764637065,0.6314304249332828,0.017152367602417066,1290.646714960714,1615.4720141539199,1.0026382953240474,10.00858224607778,copath_tau_app_REGION-RF_rank267_region28_iPL,28,iPL,267
beta,0.38526129140225596,0.0647871790716009,0.0020216039364318083,1086.8229197356795,1255.5642786757032,1.0061985344223978,8.42798920340338,copath_tau_app_REGION-RF_rank267_region28_iPL,28,iPL,267
gamma,0.08350860126218074,0.051873049902432404,0.001557080890236562,1033.4430967963333,1323.8724548731896,1.0048074743710738,8.014044518171854,copath_tau_app_REGION-RF_rank267_region28_iPL,28,iPL,267
sigma,0.06816958693693341,0.01464191519052509,0.00034121952218220495,1842.9436685111584,1873.786503905712,0.9999347487137142,14.29148121431796,copath_tau_app_REGION-RF_rank267_region28_iPL,28,iPL,267
u0,0.019822843601155493,0.006719856002430775,0.000135355624477448,2409.4869841729887,2237.8944892082413,1.0014258463369394,18.684856492803547,copath_tau_app_REGION-RF_rank267_region28_iPL,28,iPL,267
alpha,2.1583117691410245,0.6058727783664005,0.019160141162618778,836.0771175488744,731.3252025970426,1.0077783770588704,6.505930414355882,copath_tau_app_REGION-RF_rank236_region29_iILA,29,iILA,236
beta,0.39772403683999913,0.06368626320644585,0.0026451479222793783,710.3826313122167,666.6346699498132,1.0072895468632754,5.527839322326798,copath_tau_app_REGION-RF_rank236_region29_iILA,29,iILA,236
gamma,0.0690640967918997,0.04707533153398746,0.0018099529540584088,735.0365676842121,893.6057537286257,1.0058751357770557,5.719683819813338,copath_tau_app_REGION-RF_rank236_region29_iILA,29,iILA,236
sigma,0.06512154253429736,0.013440859036673315,0.00033498508995512304,1615.9765253873609,1709.4876596965546,1.0014141843147966,12.574714227588212,copath_tau_app_REGION-RF_rank236_region29_iILA,29,iILA,236
u0,0.020004930277677437,0.006709330935007302,0.00016021006800549678,1787.7687056269067,2228.576285889557,1.001098948448341,13.911514322830183,copath_tau_app_REGION-RF_rank236_region29_iILA,29,iILA,236
alpha,1.5984864337930167,0.6106324677536649,0.024263386369571018,533.303958920828,186.0866395692754,1.0114902509785109,3.2967821155430905,copath_tau_app_REGION-RF_rank332_region30_iORBl,30,iORBl,332
beta,0.35381908282899455,0.16806220929104534,0.016253973464241293,486.2065907989017,183.37218178259835,1.0127326661807154,3.005635278329068,copath_tau_app_REGION-RF_rank332_region30_iORBl,30,iORBl,332
gamma,0.0953870173781858,0.06250656500484462,0.0014968762122725277,1298.477240653119,785.4401851598376,1.0027194429934958,8.026935620518154,copath_tau_app_REGION-RF_rank332_region30_iORBl,30,iORBl,332
sigma,0.05665750767745159,0.012283092027288922,0.0003213857060731003,1499.110037082012,1549.8815122872754,1.0061370099368665,9.267208834309104,copath_tau_app_REGION-RF_rank332_region30_iORBl,30,iORBl,332
u0,0.02226500110882098,0.007353021350037845,0.00016143351225776425,1996.810784709168,1574.6757602700527,1.0008587212786624,12.343898771113457,copath_tau_app_REGION-RF_rank332_region30_iORBl,30,iORBl,332
alpha,1.4449065955234963,0.652458263378958,0.022880631462317204,659.3426414913109,270.28096647162135,1.005774117213002,4.21079191674316,copath_tau_app_REGION-RF_rank312_region31_iORBm,31,iORBm,312
beta,0.4107278898418809,0.17808528975946578,0.010127133847124194,636.9955083913152,281.0720447302457,1.0113605882424186,4.068075335866469,copath_tau_app_REGION-RF_rank312_region31_iORBm,31,iORBm,312
gamma,0.09234860921304044,0.06403987761667464,0.0016149507619297853,1129.4007984658663,694.1917446188007,1.0030606857685151,7.212747141891038,copath_tau_app_REGION-RF_rank312_region31_iORBm,31,iORBm,312
sigma,0.07211584515026577,0.0144978607788117,0.00036013745554908235,1632.3794186464636,1571.189494210094,1.0015010378520413,10.424943919215652,copath_tau_app_REGION-RF_rank312_region31_iORBm,31,iORBm,312
u0,0.020243100453379938,0.00726606549681804,0.00018531500212416754,1526.4875050590695,1495.0705199061679,1.0018068886258202,9.74868125133519,copath_tau_app_REGION-RF_rank312_region31_iORBm,31,iORBm,312
alpha,1.4547820389512953,0.6081506360163281,0.01714659158171526,1028.0509859081099,628.4908666575883,1.0041383202980936,6.335590856421616,copath_tau_app_REGION-RF_rank322_region32_iORBvl,32,iORBvl,322
beta,0.390062324633242,0.14661293584087542,0.00613575473213433,985.7565204601126,638.8874219392671,1.0054201123795177,6.074941888381501,copath_tau_app_REGION-RF_rank322_region32_iORBvl,32,iORBvl,322
gamma,0.09507179290223985,0.06360622144795004,0.001398412840470762,1696.6666992894875,1256.55304177741,1.002487191158064,10.456082600726509,copath_tau_app_REGION-RF_rank322_region32_iORBvl,32,iORBvl,322
sigma,0.07257432509998071,0.014638656615012091,0.00034919614215466084,1861.5079932987303,1932.163212824478,1.0008554821541646,11.47195341783695,copath_tau_app_REGION-RF_rank322_region32_iORBvl,32,iORBvl,322
u0,0.018745205667568442,0.006826913191085865,0.00015240312999289423,1873.2702927341895,1449.2013260611877,1.002000242788726,11.544441181357707,copath_tau_app_REGION-RF_rank322_region32_iORBvl,32,iORBvl,322
alpha,2.2158671587347936,0.6839613064412003,0.01702622065005887,1542.5076972402546,1882.4690138617977,1.0013157972435676,11.450240489037922,copath_tau_app_REGION-RF_rank295_region33_iAId,33,iAId,295
beta,0.3366632179448851,0.058662385113524236,0.0016561582282630762,1331.472959857918,1430.7961866901223,1.0030627109564016,9.883701470210358,copath_tau_app_REGION-RF_rank295_region33_iAId,33,iAId,295
gamma,0.07815491057168264,0.05034654738060164,0.0013659414519659953,1274.1963638115644,1219.7340266387791,1.0009952124722439,9.458529654019364,copath_tau_app_REGION-RF_rank295_region33_iAId,33,iAId,295
sigma,0.05854843054270287,0.012625218473416671,0.00030316719781337567,1732.0786477055576,2064.562474491614,1.0017128403109201,12.85745095317159,copath_tau_app_REGION-RF_rank295_region33_iAId,33,iAId,295
u0,0.02277526622225528,0.006962381384778496,0.000147164977297828,2163.4935143403586,1928.6168330246676,1.0005506132528015,16.059901081850132,copath_tau_app_REGION-RF_rank295_region33_iAId,33,iAId,295
alpha,1.9559163812689921,0.5101773810029153,0.016069985217465103,915.3383165770709,888.0152623058825,1.004762310338019,6.406343201127316,copath_tau_app_REGION-RF_rank282_region34_iAIp,34,iAIp,282
beta,0.38531592133268383,0.06477960852249044,0.0022221762100118362,913.9519902138713,1322.4064762329606,1.0039007872777603,6.396640469022056,copath_tau_app_REGION-RF_rank282_region34_iAIp,34,iAIp,282
gamma,0.09825382387494049,0.05701121416492426,0.0017690207036184945,1051.37896008198,1444.9407292046583,1.0031914505142798,7.358475364515538,copath_tau_app_REGION-RF_rank282_region34_iAIp,34,iAIp,282
sigma,0.058511647605777456,0.01097169085324523,0.00023314646043767688,2203.9395837507523,2078.623316329006,1.0004287055260621,15.425109068804257,copath_tau_app_REGION-RF_rank282_region34_iAIp,34,iAIp,282
u0,0.01743306183372312,0.006351619431418783,0.00013389671119142484,2146.5720610961116,1699.245185176474,1.0030025322516916,15.02360065156853,copath_tau_app_REGION-RF_rank282_region34_iAIp,34,iAIp,282
alpha,2.016789785328104,0.6233028855659817,0.0169115531141043,1294.5741653911116,1238.4412636365505,1.0003421971901723,8.216284163637878,copath_tau_app_REGION-RF_rank311_region35_iAIv,35,iAIv,311
beta,0.3227685555104368,0.06201001152892295,0.0018864916083850942,1091.3204677289739,1199.0642334703498,1.000509060662589,6.926292302261801,copath_tau_app_REGION-RF_rank311_region35_iAIv,35,iAIv,311
gamma,0.07898308374031006,0.05561871991636502,0.0016684870687991404,995.9097595513656,889.0208724220557,1.0009952004255143,6.320748400955595,copath_tau_app_REGION-RF_rank311_region35_iAIv,35,iAIv,311
sigma,0.044351440533181526,0.009889054656410974,0.0002565770524981294,1539.564349895069,1474.6396318788636,1.0023400550600465,9.771165318383042,copath_tau_app_REGION-RF_rank311_region35_iAIv,35,iAIv,311
u0,0.024207819043818635,0.007210236361256039,0.0001756500542550451,1623.942879522924,1444.2093893175431,1.001303549499666,10.306691204242926,copath_tau_app_REGION-RF_rank311_region35_iAIv,35,iAIv,311
alpha,1.3866437244269438,0.5682292416239447,0.029952750783428364,232.2303642013349,59.724500759200275,1.0251711802354397,2.231096420349463,copath_tau_app_REGION-RF_rank139_region36_iRSPagl,36,iRSPagl,139
beta,0.6720042640755814,0.2033115342356951,0.022899034243959362,245.1324978361723,69.99611434020008,1.023994200366023,2.355050513374955,copath_tau_app_REGION-RF_rank139_region36_iRSPagl,36,iRSPagl,139
gamma,0.0801620596017845,0.05650207900203454,0.0014351789017363972,1432.8158561713217,1300.8667509902925,1.0011870511171725,13.765427870372394,copath_tau_app_REGION-RF_rank139_region36_iRSPagl,36,iRSPagl,139
sigma,0.250565799808405,0.04356969803579907,0.0009869761589818085,1975.8861671438017,2029.483720599144,1.002082544577255,18.982843047650082,copath_tau_app_REGION-RF_rank139_region36_iRSPagl,36,iRSPagl,139
u0,0.012520465629486301,0.006554996389945931,0.0001385269669103181,1832.4288834382237,1274.0644728923578,1.0037459209932387,17.60461228420398,copath_tau_app_REGION-RF_rank139_region36_iRSPagl,36,iRSPagl,139
alpha,1.199161371100607,0.5365924789966436,0.016255037961107978,809.1699822177011,407.2747392778452,1.002701749124551,7.472595301451735,copath_tau_app_REGION-RF_rank123_region37_iRSPd,37,iRSPd,123
beta,0.7493649396844032,0.2401178665121568,0.011366877317864253,853.8447842808034,337.8435660502686,1.0039599702424857,7.885162158016378,copath_tau_app_REGION-RF_rank123_region37_iRSPd,37,iRSPd,123
gamma,0.07920869333045388,0.05827142888069033,0.0014428838862125233,1008.0140855587516,903.5193954201526,1.0039683121489582,9.308898606074264,copath_tau_app_REGION-RF_rank123_region37_iRSPd,37,iRSPd,123
sigma,0.35109941676777817,0.06038003845415768,0.0014033499506589332,2054.7335298218222,2012.2519046838456,1.0030596123366624,18.97523691944242,copath_tau_app_REGION-RF_rank123_region37_iRSPd,37,iRSPd,123
u0,0.010947465542100755,0.006234161147295603,0.00013672085421881122,1670.4428700385631,1187.6397280620083,1.001502080663089,15.42635517420292,copath_tau_app_REGION-RF_rank123_region37_iRSPd,37,iRSPd,123
alpha,1.0384646996095546,0.48117663240062747,0.014926101335759988,748.0170334620389,272.80204915696663,1.0055436944350447,6.934559215541578,copath_tau_app_REGION-RF_rank91_region38_iRSPv,38,iRSPv,91
beta,0.9583543716528657,0.330538603360506,0.015567935467510794,773.2419654599408,308.17005483227405,1.0021495679037131,7.1684092173762455,copath_tau_app_REGION-RF_rank91_region38_iRSPv,38,iRSPv,91
gamma,0.07338668684897777,0.055830788375438735,0.001347346722509682,1146.8836442533245,673.7041106901557,1.0020597276081966,10.632288021037978,copath_tau_app_REGION-RF_rank91_region38_iRSPv,38,iRSPv,91
sigma,0.5143420251270744,0.09169858279012447,0.002347764734431179,1583.6067937932585,1342.620938104689,1.0042847100461303,14.68096927534819,copath_tau_app_REGION-RF_rank91_region38_iRSPv,38,iRSPv,91
u0,0.009331707425003211,0.00627703756506855,0.00013959959801074055,1485.7657701364606,1105.486807163989,1.0019485180644823,13.77392526176865,copath_tau_app_REGION-RF_rank91_region38_iRSPv,38,iRSPv,91
alpha,1.8076345621482133,0.5733144768458461,0.0146544812442232,1407.9874532381236,1065.9226399952336,1.0028260416982233,11.246804483090692,copath_tau_app_REGION-RF_rank271_region39_iVISa,39,iVISa,271
beta,0.4072124036371939,0.08368952802321561,0.002520918396735981,1369.5833757057596,1064.030903217671,1.0031704397236894,10.940038147661632,copath_tau_app_REGION-RF_rank271_region39_iVISa,39,iVISa,271
gamma,0.09864522471719296,0.06011683627070364,0.0014991578896257545,1657.6988071098665,1612.1498305133846,1.001734502996593,13.241463432461591,copath_tau_app_REGION-RF_rank271_region39_iVISa,39,iVISa,271
sigma,0.09293693962093562,0.01731692791224696,0.000364907299895556,2209.8256139283135,2108.007428546263,1.0019248290021665,17.651774214620286,copath_tau_app_REGION-RF_rank271_region39_iVISa,39,iVISa,271
u0,0.0174896442410008,0.00669079839161697,0.00013417410861860495,2347.4758218678658,1679.9547535057454,1.000556823135501,18.75130459196314,copath_tau_app_REGION-RF_rank271_region39_iVISa,39,iVISa,271
alpha,1.368459418300528,0.55935776333203,0.019588120160027884,637.236028555005,376.82432578812075,1.0075617962016832,4.215360379407323,copath_tau_app_REGION-RF_rank226_region40_iVISrl,40,iVISrl,226
beta,0.4977549475839912,0.18790405458406217,0.01148479889939381,566.8033239403397,412.3425836778963,1.0096476029949193,3.7494431695464696,copath_tau_app_REGION-RF_rank226_region40_iVISrl,40,iVISrl,226
gamma,0.08460016965354995,0.060943488147758,0.0014780960998113737,1199.4697649498873,888.4074320650365,1.0009631945524529,7.934575411456555,copath_tau_app_REGION-RF_rank226_region40_iVISrl,40,iVISrl,226
sigma,0.12141442893024507,0.02302474408674612,0.0005916306941840068,1524.4334907355287,1116.4766452273132,1.000919310589721,10.084232921449553,copath_tau_app_REGION-RF_rank226_region40_iVISrl,40,iVISrl,226
u0,0.015368177989046886,0.006769593004985748,0.0001715470056000869,1327.0402817926552,947.0149216941294,1.0001873739952105,8.778463198998844,copath_tau_app_REGION-RF_rank226_region40_iVISrl,40,iVISrl,226
alpha,2.0270219737998363,0.6353384595683096,0.023249416208621,634.8359316297348,521.8830084071793,1.0050368654221333,5.208397381424883,copath_tau_app_REGION-RF_rank196_region41_iTEa,41,iTEa,196
beta,0.45455011489227026,0.08063253543896595,0.0038226496945979556,539.7285222101885,487.4271151845638,1.0047484240105218,4.428105722597065,copath_tau_app_REGION-RF_rank196_region41_iTEa,41,iTEa,196
gamma,0.06608131507597455,0.051116829523460916,0.0023019441413307893,526.9851161691682,736.7880995378318,1.0055098541530696,4.323554736511427,copath_tau_app_REGION-RF_rank196_region41_iTEa,41,iTEa,196
sigma,0.08653930817580638,0.01708547614118232,0.0004066687082000926,1784.968086991091,1963.7831245504328,1.0018242583778256,14.644450080739464,copath_tau_app_REGION-RF_rank196_region41_iTEa,41,iTEa,196
u0,0.01851927055870209,0.006786060274665432,0.00016281467681612723,1687.6985884841613,1641.670454865196,1.003585932138745,13.846419950315958,copath_tau_app_REGION-RF_rank196_region41_iTEa,41,iTEa,196
alpha,1.0008380719400196,0.3373111942716176,0.010089001478803745,939.4227216436285,941.3080222647856,1.00181800656908,7.410099085344454,copath_tau_app_REGION-RF_rank75_region42_iPERI,42,iPERI,75
beta,0.9847927663340919,0.1748296619468077,0.0064708483872204575,834.2582764066071,802.2918297599532,1.0042484513010583,6.580569480079882,copath_tau_app_REGION-RF_rank75_region42_iPERI,42,iPERI,75
gamma,0.05713619443226879,0.04893831365755314,0.0017535579552196818,772.9942209850752,1032.0285131393118,1.0023123216894558,6.097323002658825,copath_tau_app_REGION-RF_rank75_region42_iPERI,42,iPERI,75
sigma,0.22808029505057464,0.04296699724980358,0.0010411146020256805,1663.4402723119456,1349.97034998437,1.0014227312125943,13.121097623461425,copath_tau_app_REGION-RF_rank75_region42_iPERI,42,iPERI,75
u0,0.012211298530391572,0.0066026291823055566,0.00014292069901717882,1907.8262745784814,1438.2999925529443,1.001701451346145,15.048796890408921,copath_tau_app_REGION-RF_rank75_region42_iPERI,42,iPERI,75
alpha,1.8489816410806752,0.5747031765041661,0.016320615866964327,1158.277958749744,1276.7548915897728,1.0017861640575783,10.240731698419555,copath_tau_app_REGION-RF_rank159_region43_iECT,43,iECT,159
beta,0.5487800927179814,0.09322311405524766,0.003028364445217454,1041.5760104821222,1132.3386079648467,1.0014611026059148,9.208929848212918,copath_tau_app_REGION-RF_rank159_region43_iECT,43,iECT,159
gamma,0.06523916698558005,0.048187343011635644,0.001515120215915008,993.8946676400967,1185.6371811127842,1.0013773777969188,8.787362783609007,copath_tau_app_REGION-RF_rank159_region43_iECT,43,iECT,159
sigma,0.1300677787042486,0.025305633431200073,0.0006583008442430596,1563.3474110403272,1514.77117657783,1.004332429047803,13.822089306753258,copath_tau_app_REGION-RF_rank159_region43_iECT,43,iECT,159
u0,0.015572860849117296,0.006602544919981562,0.00013619537487252403,2100.5265507051754,1291.2497490489488,1.0025503105929987,18.57147385796539,copath_tau_app_REGION-RF_rank159_region43_iECT,43,iECT,159
alpha,0.7849814758889845,0.610777461426478,0.01292926521576806,1494.3708661284259,1020.946274079303,1.0009626900448305,21.778117492908944,copath_tau_app_REGION-RF_rank1_region44_iMOB,44,iMOB,368
beta,-0.04700845863759433,1.005927073090846,0.01889312358751893,2835.939214764105,2491.830156108032,1.0006641604155166,41.32937734652869,copath_tau_app_REGION-RF_rank1_region44_iMOB,44,iMOB,368
gamma,0.07718286783680374,0.06034565438399226,0.0011606899369559058,1868.6779778030725,1332.625149547082,1.001133551196816,27.23305805769729,copath_tau_app_REGION-RF_rank1_region44_iMOB,44,iMOB,368
sigma,1.6240153252992588,2.113019755646017,0.042072271702999604,2352.277814177765,2268.610041783548,1.0005799145906207,34.28076910107792,copath_tau_app_REGION-RF_rank1_region44_iMOB,44,iMOB,368
u0,0.008146692279882189,0.005985830569161728,0.00011829000064724309,1731.0760380880126,1162.3263290825091,1.0021957981160499,25.227725058847717,copath_tau_app_REGION-RF_rank1_region44_iMOB,44,iMOB,368
alpha,1.921348346912685,0.6354506325172498,0.020206991581593836,942.8709498932833,455.8543585451756,1.0100115040249318,6.487748311738606,copath_tau_app_REGION-RF_rank300_region45_iAON,45,iAON,300
beta,0.34863910681403626,0.10649905650904268,0.006650528115853992,913.0733397135249,473.64003413034675,1.0080840056539841,6.282715592086513,copath_tau_app_REGION-RF_rank300_region45_iAON,45,iAON,300
gamma,0.0839118722433458,0.05696956138512325,0.0015994207539804946,1169.6070184398757,1263.411128506238,1.0036152895168107,8.047883923181399,copath_tau_app_REGION-RF_rank300_region45_iAON,45,iAON,300
sigma,0.05545020010596366,0.012305723100033935,0.0003531306616013755,1352.0263913348476,1447.577929809478,1.0031272207149224,9.303083246759794,copath_tau_app_REGION-RF_rank300_region45_iAON,45,iAON,300
u0,0.022724411037160483,0.006980556669711503,0.00015379089094730582,1990.4822939250366,2189.953810485847,1.0011284263467684,13.696198979743047,copath_tau_app_REGION-RF_rank300_region45_iAON,45,iAON,300
alpha,1.0914872404342373,0.4975789841548554,0.013739422826971607,1091.3616369874735,856.8638262421681,1.003090535428081,5.097105453111303,copath_tau_app_REGION-RF_rank261_region46_iTT,46,iTT,261
beta,0.5253303207729458,0.2158444695258967,0.007950246889659895,1049.1311639231874,794.0329080171402,1.006082594620201,4.8998718622938595,copath_tau_app_REGION-RF_rank261_region46_iTT,46,iTT,261
gamma,0.08347535907750649,0.05933170043415403,0.001372873398497422,1221.455487491037,709.8460796316658,1.0026254972858768,5.704696972131841,copath_tau_app_REGION-RF_rank261_region46_iTT,46,iTT,261
sigma,0.0838823054003943,0.015758332215231447,0.00037963381355868536,1752.4898601673378,1899.7379365587415,1.0034388625352937,8.184844803083113,copath_tau_app_REGION-RF_rank261_region46_iTT,46,iTT,261
u0,0.017311317934894387,0.007047830043291789,0.00016413885442094267,1697.300557610395,1550.4753728452908,1.0009095446227638,7.927088175506482,copath_tau_app_REGION-RF_rank261_region46_iTT,46,iTT,261
alpha,1.4675268957418417,0.587437189707811,0.019722954079692066,751.7376376922607,423.6902925494274,1.003805656894318,5.527767147516863,copath_tau_app_REGION-RF_rank240_region47_iDP,47,iDP,240
beta,0.47025120604482323,0.16992740004996473,0.008726582057350692,750.5566904368908,399.30268997244497,1.0032619451047908,5.519083264851065,copath_tau_app_REGION-RF_rank240_region47_iDP,47,iDP,240
gamma,0.08871809482623484,0.06228159400765252,0.001756750925233579,1157.4535247873519,1231.622202713321,1.0021039234164526,8.51112575490909,copath_tau_app_REGION-RF_rank240_region47_iDP,47,iDP,240
sigma,0.10206543059654329,0.020300913011700443,0.0004555306336755354,2048.8506531413104,2079.5350114655566,1.0003908629276612,15.065853780277738,copath_tau_app_REGION-RF_rank240_region47_iDP,47,iDP,240
u0,0.016678207236575752,0.006838790743839524,0.00016186574518728836,1632.588624093198,1294.222771240388,1.001051022086299,12.004946019965718,copath_tau_app_REGION-RF_rank240_region47_iDP,47,iDP,240
alpha,2.049160933619149,0.6400699348204519,0.020335079010581177,890.0693912497808,645.0398562138031,1.0033924807091699,5.270206654448127,copath_tau_app_REGION-RF_rank299_region48_iPIR,48,iPIR,299
beta,0.325592236359528,0.06378710073839744,0.002383689448282446,837.0242609344441,588.5624109340386,1.0024042745268125,4.956120133192277,copath_tau_app_REGION-RF_rank299_region48_iPIR,48,iPIR,299
gamma,0.07385473221187643,0.054475507651715216,0.0019963764447745616,827.0670673774305,615.1691388275053,1.0026619463054163,4.897162406682755,copath_tau_app_REGION-RF_rank299_region48_iPIR,48,iPIR,299
sigma,0.04179204155349648,0.009116648362674578,0.00024420661713528055,1393.1343010253383,983.4082506896187,1.0012783297502479,8.24891377681727,copath_tau_app_REGION-RF_rank299_region48_iPIR,48,iPIR,299
u0,0.025257936305752054,0.006985275410448258,0.00016042183920602753,1858.8950750910724,1865.352818088594,1.0024692527853996,11.00673867787972,copath_tau_app_REGION-RF_rank299_region48_iPIR,48,iPIR,299
alpha,0.7853281388687325,0.5895934089060151,0.01147235515538943,1630.4264369753155,934.6906878741272,1.000933865712879,22.54336647551733,copath_tau_app_REGION-RF_rank1_region49_iNLOT,49,iNLOT,369
beta,0.018226514227822437,0.9959730264799719,0.018792588919887238,2798.746440838775,2361.922190016181,1.0016541757960493,38.697340313571914,copath_tau_app_REGION-RF_rank1_region49_iNLOT,49,iNLOT,369
gamma,0.07928898630210632,0.06044527536499119,0.001154323854432637,1643.1664363864309,966.1004046625848,1.002478368516101,22.719518228892635,copath_tau_app_REGION-RF_rank1_region49_iNLOT,49,iNLOT,369
sigma,1.6634978279301693,2.11190372559101,0.043510447298027236,2971.344360296909,2571.25140095783,1.000980556865112,41.0837945951124,copath_tau_app_REGION-RF_rank1_region49_iNLOT,49,iNLOT,369
u0,0.008014363940673504,0.00615095665300045,0.0001271993549733495,1560.5030752376335,1174.338748177272,1.0011709509437707,21.576559305868503,copath_tau_app_REGION-RF_rank1_region49_iNLOT,49,iNLOT,369
alpha,1.027694981059288,0.42618738233002645,0.013752376472422844,639.7740130455071,402.4268320036541,1.006386114389966,5.391429764846476,copath_tau_app_REGION-RF_rank94_region50_iCOAp,50,iCOAp,94
beta,0.9089153992254368,0.22802509759119252,0.010824971864336274,907.0559626089391,391.9340925138368,1.0074195636013958,7.6438373792520045,copath_tau_app_REGION-RF_rank94_region50_iCOAp,50,iCOAp,94
gamma,0.06772037446521387,0.05337203344709481,0.0013341100987560351,1331.8529619613885,1213.3232937890148,1.0044651741870625,11.223637651888833,copath_tau_app_REGION-RF_rank94_region50_iCOAp,50,iCOAp,94
sigma,0.30920853873126297,0.054013654177782096,0.0011136303806608566,2338.7460775284067,1935.2750976843192,1.0006120070062126,19.708811170340088,copath_tau_app_REGION-RF_rank94_region50_iCOAp,50,iCOAp,94
u0,0.01094503669253251,0.006746563005586813,0.00015996013838299718,1314.7193171529577,1111.2114691402942,1.0010436053889926,11.079250976724035,copath_tau_app_REGION-RF_rank94_region50_iCOAp,50,iCOAp,94
alpha,1.797423213803821,0.6268223442665845,0.014917971882149977,1568.425790956827,1283.4893392411714,1.0023107459477187,13.399049941965973,copath_tau_app_REGION-RF_rank247_region51_iPAA,51,iPAA,247
beta,0.42384129149000394,0.08540879029813478,0.0024553390074200207,1380.3756142161021,1193.8820959588575,1.00302311866192,11.792538671702209,copath_tau_app_REGION-RF_rank247_region51_iPAA,51,iPAA,247
gamma,0.09418983249699366,0.058770904459376494,0.0014604722138815908,1489.257393733595,1388.6746268838206,1.0023421683016471,12.722714909517705,copath_tau_app_REGION-RF_rank247_region51_iPAA,51,iPAA,247
sigma,0.10829500909438793,0.020906665603243665,0.0004569332094323351,2105.955029141768,1726.6321018571678,1.0013537481717634,17.991158251606237,copath_tau_app_REGION-RF_rank247_region51_iPAA,51,iPAA,247
u0,0.01769824570708342,0.006814819242394935,0.00013797082530472304,2279.2699107638155,1613.6341103480277,1.0002731609816788,19.471786004560382,copath_tau_app_REGION-RF_rank247_region51_iPAA,51,iPAA,247
alpha,1.5293176516932008,0.5309652617869416,0.01610559935757777,912.6127935267948,814.2563107439227,1.0034214788264386,7.535404124571008,copath_tau_app_REGION-RF_rank146_region52_iTR,52,iTR,146
beta,0.599648599133861,0.11966440402234191,0.0045204803841910396,884.4096706056248,660.0055293663565,1.0035221109601202,7.30253216584613,copath_tau_app_REGION-RF_rank146_region52_iTR,52,iTR,146
gamma,0.07146845180351608,0.05595392097683904,0.0018920401284492142,972.5009487065299,852.1627423160073,1.001336393310987,8.029898015907273,copath_tau_app_REGION-RF_rank146_region52_iTR,52,iTR,146
sigma,0.14996492824985935,0.027066800557528983,0.0005882442420097415,2216.2141585376903,2293.030164820177,1.0042390556652694,18.299183870346713,copath_tau_app_REGION-RF_rank146_region52_iTR,52,iTR,146
u0,0.014426585638274076,0.006822803796189124,0.00015109339680606022,1741.6270366773795,1388.8053589217361,1.002848011647833,14.380538656406403,copath_tau_app_REGION-RF_rank146_region52_iTR,52,iTR,146
alpha,0.6758561905993323,0.2518660123387781,0.007675765643000649,1086.2278957549136,1455.9430784242854,1.0053012806094275,7.727034648798959,copath_tau_app_REGION-RF_rank35_region53_iCA1,53,iCA1,35
beta,1.477866517021943,0.23736338558768855,0.007041958392440425,1157.0888384604943,1573.6296176850294,1.00879044592845,8.231113913999605,copath_tau_app_REGION-RF_rank35_region53_iCA1,53,iCA1,35
gamma,0.047214008763975794,0.042826743690591675,0.001182988561409159,1112.6085499903434,1124.5891552947348,1.007265284531886,7.914697136691044,copath_tau_app_REGION-RF_rank35_region53_iCA1,53,iCA1,35
sigma,0.311478715099038,0.058654073417149434,0.0013188532129449176,2009.3612289553105,2040.858530632842,1.0006947538974071,14.29387322749643,copath_tau_app_REGION-RF_rank35_region53_iCA1,53,iCA1,35
u0,0.012665510908602623,0.007002900013866604,0.00016045732649713654,1602.2532311503548,1205.9557081546175,1.00259332082874,11.397853324918051,copath_tau_app_REGION-RF_rank35_region53_iCA1,53,iCA1,35
alpha,0.6115465823822139,0.17628066862798628,0.005415841736433,998.671327256711,1112.5371796811708,1.0062022034166234,6.943221541893509,copath_tau_app_REGION-RF_rank39_region54_iCA2,54,iCA2,39
beta,1.4682478743393348,0.23804701571618256,0.008201448457644058,973.5878672944159,838.7568817779074,1.0065270964110729,6.768829812800978,copath_tau_app_REGION-RF_rank39_region54_iCA2,54,iCA2,39
gamma,0.058549725513810345,0.04858417000103057,0.0015268451324917433,969.396002302525,1139.8076506727136,1.0060844887681804,6.739686042955942,copath_tau_app_REGION-RF_rank39_region54_iCA2,54,iCA2,39
sigma,0.3072309680227305,0.05407964615039248,0.0012428102509171126,1931.5774811841336,2095.8762718605144,1.0007641143706505,13.429213407011789,copath_tau_app_REGION-RF_rank39_region54_iCA2,54,iCA2,39
u0,0.010376667786209496,0.006397969361023382,0.00013891366818689094,1767.277633362393,1138.6966909404987,1.0017308237576037,12.286925437395839,copath_tau_app_REGION-RF_rank39_region54_iCA2,54,iCA2,39
alpha,0.5787337937215777,0.17855103505168074,0.005206256461436547,1162.5711556964209,1260.235493541779,1.0037817735819476,8.170779256251025,copath_tau_app_REGION-RF_rank27_region55_iCA3,55,iCA3,27
beta,1.7195777058145258,0.2576768882889309,0.007557955418328383,1243.0766417989635,1004.8263153586219,1.0034976116069552,8.73658768237443,copath_tau_app_REGION-RF_rank27_region55_iCA3,55,iCA3,27
gamma,0.04723379994565549,0.04218587389887808,0.0012198820302884849,1140.0006182993893,1691.3107521282202,1.001522173801912,8.01214907016523,copath_tau_app_REGION-RF_rank27_region55_iCA3,55,iCA3,27
sigma,0.36534557750679036,0.0670485664977039,0.001563469801661217,1931.7278289611772,1867.6597038585255,1.000886285248075,13.576563977405593,copath_tau_app_REGION-RF_rank27_region55_iCA3,55,iCA3,27
u0,0.011145806691575789,0.006558501826417056,0.0001517887719067073,1459.686635580751,1018.5642326635183,1.0009571373363364,10.258965418323571,copath_tau_app_REGION-RF_rank27_region55_iCA3,55,iCA3,27
alpha,1.0574681169868732,0.2731293814481111,0.008393542256273076,1034.641696377538,859.7618195209784,1.0021772410368994,9.798856843367977,copath_tau_app_REGION-RF_rank21_region56_iDG,56,iDG,21
beta,1.717468748813605,0.1611814288521792,0.0051201764747257576,1178.7929106547576,919.6509221660286,1.0020788099933822,11.1640802994162,copath_tau_app_REGION-RF_rank21_region56_iDG,56,iDG,21
gamma,0.018123837397895935,0.018376254331845757,0.0005922528719996647,1012.1977856179229,1314.7704115894735,1.0041948952233755,9.586295654979002,copath_tau_app_REGION-RF_rank21_region56_iDG,56,iDG,21
sigma,0.4158581566737698,0.07570186015783945,0.0017823749392807846,2016.4855040698453,2077.0748605219046,1.0015641756678817,19.097676857880113,copath_tau_app_REGION-RF_rank21_region56_iDG,56,iDG,21
u0,0.010121845260799008,0.006518083448200071,0.00015153821657016512,1485.6957531110559,995.3215837890999,1.0013788471950147,14.070687512890252,copath_tau_app_REGION-RF_rank21_region56_iDG,56,iDG,21
alpha,0.6971653304811549,0.2964728578501088,0.007659207240908743,1333.3472880910542,1763.7277416866036,1.0046288643377494,13.04479164187583,copath_tau_app_REGION-RF_rank15_region57_iFC,57,iFC,15
beta,1.9819312277298677,0.37888842013447666,0.011303109065317996,1143.934064258057,1484.1652022780409,1.0054759437868594,11.191669007445796,copath_tau_app_REGION-RF_rank15_region57_iFC,57,iFC,15
gamma,0.03989854285731283,0.03639154410127629,0.0008126622262929637,1372.8728872411828,1238.3609642983863,1.0049780324378688,13.431489998739718,copath_tau_app_REGION-RF_rank15_region57_iFC,57,iFC,15
sigma,1.025768341413208,0.18375621973390435,0.00469620833631844,1499.7997670782509,1277.28492410862,1.0020648864838344,14.673278028022374,copath_tau_app_REGION-RF_rank15_region57_iFC,57,iFC,15
u0,0.007888919897334964,0.0059294620209134575,0.00012684710046590716,1499.820669663886,1128.1022282769816,1.000895430567223,14.67348252828785,copath_tau_app_REGION-RF_rank15_region57_iFC,57,iFC,15
alpha,1.2391812353992904,0.4144715485640007,0.010521500042849873,1392.9392175195348,1528.1882000178598,1.0019795134910394,14.784843202916072,copath_tau_app_REGION-RF_rank48_region58_iIG,58,iIG,48
beta,1.298471156371511,0.24678914812617286,0.007109934656476834,1369.375667353546,1069.3175004501663,1.0024765908971425,14.53473652910975,copath_tau_app_REGION-RF_rank48_region58_iIG,58,iIG,48
gamma,0.061660823803545324,0.04650776335192926,0.001283785334956888,1162.3703791791918,1087.07122742969,1.0023668602997937,12.33755470714747,copath_tau_app_REGION-RF_rank48_region58_iIG,58,iIG,48
sigma,0.6196876205301615,0.10991228736609246,0.0023631888610093315,2372.445049372842,2054.682631508413,1.0011148238174192,25.181449141028317,copath_tau_app_REGION-RF_rank48_region58_iIG,58,iIG,48
u0,0.0095367524202827,0.006178311535728342,0.00011983366071316783,2002.6772364100145,1305.0465382315733,1.0009404740392207,21.256684106502373,copath_tau_app_REGION-RF_rank48_region58_iIG,58,iIG,48
alpha,0.9977525069578983,0.3863641837243219,0.013693602430708596,726.4466841007819,937.4679477123823,1.0034717019614694,5.39868225401889,copath_tau_app_REGION-RF_rank41_region59_iENTl,59,iENTl,41
beta,1.2258922372479735,0.1879257365516422,0.007117252279782556,802.4262718163262,702.3541722035231,1.0020854379478221,5.963334362487561,copath_tau_app_REGION-RF_rank41_region59_iENTl,59,iENTl,41
gamma,0.0321045889112493,0.03354495026015989,0.0012644813067025254,778.3723059511008,938.7552462989069,1.0011942494320978,5.784574211883924,copath_tau_app_REGION-RF_rank41_region59_iENTl,59,iENTl,41
sigma,0.266726958221209,0.04831922494774469,0.001140423494953397,1742.410287126663,1948.590971847022,1.0011801186636375,12.948946842498982,copath_tau_app_REGION-RF_rank41_region59_iENTl,59,iENTl,41
u0,0.013469241594028495,0.006973651993173373,0.0001716482041431344,1389.4842292749706,1051.7618810506167,1.0046986552019188,10.326131311496512,copath_tau_app_REGION-RF_rank41_region59_iENTl,59,iENTl,41
alpha,1.5857222552566814,0.44556752960295726,0.011684697188939984,1399.6606801604205,1126.0077712054178,1.0018480714083209,13.24057024085158,copath_tau_app_REGION-RF_rank53_region60_iENTm,60,iENTm,53
beta,1.0966080268864404,0.13328629560215374,0.0038743160595507546,1403.442840014787,1276.7059751628108,1.0040538161039638,13.276348879148491,copath_tau_app_REGION-RF_rank53_region60_iENTm,60,iENTm,53
gamma,0.027367866821184663,0.026007723911316043,0.0007496193652405722,1224.987850354022,1397.730695996254,1.0039217742473354,11.588192700350222,copath_tau_app_REGION-RF_rank53_region60_iENTm,60,iENTm,53
sigma,0.3295020106575221,0.06011391454770958,0.001349282587227361,2110.057499375576,2053.324764961653,1.0011293152305607,19.96081259460388,copath_tau_app_REGION-RF_rank53_region60_iENTm,60,iENTm,53
u0,0.011332308630230032,0.006422295035216171,0.00012966395321232572,1950.8190823010495,1051.3831970167819,1.0004376169750255,18.45444217482783,copath_tau_app_REGION-RF_rank53_region60_iENTm,60,iENTm,53
alpha,0.8489047465766526,0.32080276623784243,0.013271770175720435,472.1104353016806,366.17911830543136,1.0037039902023297,4.012940706534638,copath_tau_app_REGION-RF_rank29_region61_iPAR,61,iPAR,29
beta,1.4901557709825888,0.20793355700983776,0.010452241818263713,499.4591148126751,309.4758108361276,1.0047168291784219,4.245404598610038,copath_tau_app_REGION-RF_rank29_region61_iPAR,61,iPAR,29
gamma,0.03007533287140293,0.031204297839987186,0.0015043523063654445,499.8401581340542,550.8894812677526,1.0066237328623833,4.248643468461195,copath_tau_app_REGION-RF_rank29_region61_iPAR,61,iPAR,29
sigma,0.30611778172325116,0.05315725181634038,0.0013077094389950083,1601.3056346654205,1508.9015282129594,1.0002885936062342,13.611104700208424,copath_tau_app_REGION-RF_rank29_region61_iPAR,61,iPAR,29
u0,0.012986894015286297,0.00724999067567909,0.00022318114259798914,917.1603795842174,829.4158226060664,1.0011782906172622,7.795867124399409,copath_tau_app_REGION-RF_rank29_region61_iPAR,61,iPAR,29
alpha,1.2787103874376422,0.4216504203756668,0.012154619094352856,1028.635387045667,557.6955792418855,1.0021880760057855,8.57653571109314,copath_tau_app_REGION-RF_rank97_region62_iPOST,62,iPOST,97
beta,0.8350854591046761,0.1526539054421626,0.005961969258299678,905.5571780521,500.08978316171573,1.002309089601403,7.5503366633212705,copath_tau_app_REGION-RF_rank97_region62_iPOST,62,iPOST,97
gamma,0.058165167879662284,0.050674713154776736,0.0019006754359946392,903.5856311647387,602.0663062105517,1.0011464733882312,7.533898338820193,copath_tau_app_REGION-RF_rank97_region62_iPOST,62,iPOST,97
sigma,0.20435545912170097,0.03729979309049248,0.0009058838428293146,1693.410254407754,1210.2042582870668,1.0031219588072895,14.119282404013424,copath_tau_app_REGION-RF_rank97_region62_iPOST,62,iPOST,97
u0,0.01224438528311305,0.0064853694271221375,0.00014737777517097477,1503.5567913581299,844.7496237971063,1.0023870048887464,12.536325968500948,copath_tau_app_REGION-RF_rank97_region62_iPOST,62,iPOST,97
alpha,0.5497128302997103,0.15278403686781386,0.004800324188127699,915.129632635699,1071.2337736414322,1.0025612401983532,6.734192582662087,copath_tau_app_REGION-RF_rank28_region63_iPRE,63,iPRE,28
beta,1.6917866456761395,0.26484529542287816,0.008734345639252275,1036.704734453655,1032.6289739301806,1.0041588883198194,7.628831024803742,copath_tau_app_REGION-RF_rank28_region63_iPRE,63,iPRE,28
gamma,0.05106448100620265,0.04434078539726499,0.0013477271493738088,1000.0380074010288,1407.9567141864047,1.0046343473066697,7.359010452348751,copath_tau_app_REGION-RF_rank28_region63_iPRE,63,iPRE,28
sigma,0.3281472483469304,0.05921771398857172,0.0014068242368604647,1762.3622171678392,1480.0043735585734,1.0009222606176917,12.968749068515958,copath_tau_app_REGION-RF_rank28_region63_iPRE,63,iPRE,28
u0,0.012239952098378372,0.006684527837926361,0.00016200775330001916,1454.7603770917904,1291.9241383831695,1.0018128553721681,10.705189944233995,copath_tau_app_REGION-RF_rank28_region63_iPRE,63,iPRE,28
alpha,1.2271339712911202,0.3167426456399012,0.010700940559547687,791.1196853285242,539.9747495027293,1.0019871362665143,7.0384313641327765,copath_tau_app_REGION-RF_rank40_region64_iSUB,64,iSUB,40
beta,1.175582189700298,0.1047164652777972,0.004985903453382873,795.7506420849204,481.96215964188474,1.0005619166740696,7.0796320470188645,copath_tau_app_REGION-RF_rank40_region64_iSUB,64,iSUB,40
gamma,0.015126066382547867,0.01705046024659856,0.0007915356754937458,772.6459815177183,586.1477508264221,1.0011456346931282,6.874074568662974,copath_tau_app_REGION-RF_rank40_region64_iSUB,64,iSUB,40
sigma,0.21350697178305403,0.039853056483319424,0.0010309793767255486,1506.01727078476,1832.0009904530925,1.0024733396391277,13.3987301671242,copath_tau_app_REGION-RF_rank40_region64_iSUB,64,iSUB,40
u0,0.012992351707170382,0.006981375239438572,0.00015796283081906284,1765.9763952149171,1487.330040853709,1.000650802991012,15.711533765257268,copath_tau_app_REGION-RF_rank40_region64_iSUB,64,iSUB,40
alpha,1.244730146466277,0.39524960855255653,0.013048269226768494,789.5729930282836,705.9525464909104,1.0109338536668568,7.09773192945429,copath_tau_app_REGION-RF_rank63_region65_iProS,65,iProS,63
beta,1.0249479550532434,0.1498974891864696,0.005845140597356881,879.2241539530625,666.9883132968071,1.006584095440538,7.903635769918669,copath_tau_app_REGION-RF_rank63_region65_iProS,65,iProS,63
gamma,0.039983411325257075,0.03707069462825818,0.0013945104517604846,810.1083068395411,913.3764298759651,1.0057268262473087,7.282330635092016,copath_tau_app_REGION-RF_rank63_region65_iProS,65,iProS,63
sigma,0.2533814425620465,0.045745638309879294,0.0011382855657184594,1769.9290070195336,1666.0162670748568,1.0048747209623192,15.910475328960327,copath_tau_app_REGION-RF_rank63_region65_iProS,65,iProS,63
u0,0.011946242089236218,0.006540201120237208,0.0001500644441616331,1506.312383879337,986.3115828123164,1.0039856557158726,13.540738598197972,copath_tau_app_REGION-RF_rank63_region65_iProS,65,iProS,63
alpha,1.198993854926758,0.563495869430118,0.020063921601875298,650.6221145383216,544.5253091930696,1.0122380329901848,6.015700894449782,copath_tau_app_REGION-RF_rank55_region66_iHATA,66,iHATA,55
beta,1.0812730189542654,0.23063583444167357,0.01067573596878698,608.6121983987482,400.3939454261685,1.0116779698577099,5.627274057351076,copath_tau_app_REGION-RF_rank55_region66_iHATA,66,iHATA,55
gamma,0.04826035612262408,0.0445304050040401,0.0017655464219718667,720.8930573064263,897.466007849858,1.0124938446698026,6.6654313044956846,copath_tau_app_REGION-RF_rank55_region66_iHATA,66,iHATA,55
sigma,0.3731817359469102,0.06640541573547053,0.001588838637160996,1733.3792233392712,1523.0919826516215,1.0023390321441146,16.0269543737566,copath_tau_app_REGION-RF_rank55_region66_iHATA,66,iHATA,55
u0,0.011576132256440854,0.006422268031159572,0.00015637975761881418,1321.2327490977298,787.2235506185707,1.0006174784281812,12.216217144975959,copath_tau_app_REGION-RF_rank55_region66_iHATA,66,iHATA,55
alpha,1.064021738785164,0.45559876824569623,0.01247793174748871,942.7265201476655,361.2973790209251,1.002982985764698,7.561108109075685,copath_tau_app_REGION-RF_rank120_region67_iAPr,67,iAPr,120
beta,0.7683132460739585,0.2259854846298367,0.009897511913127372,895.2420852604286,325.54450027338424,1.0040011902264787,7.180260707408736,copath_tau_app_REGION-RF_rank120_region67_iAPr,67,iAPr,120
gamma,0.07886933022742161,0.05748782092713796,0.0012718274987201226,1621.3457595639268,1423.045496325198,0.9997019459917567,13.003952162429936,copath_tau_app_REGION-RF_rank120_region67_iAPr,67,iAPr,120
sigma,0.29229719072216176,0.05024076055020321,0.0011155360715232499,2087.521428448531,2005.1195900641833,1.0003087229569931,16.74289930661874,copath_tau_app_REGION-RF_rank120_region67_iAPr,67,iAPr,120
u0,0.010332970562988958,0.006343452344352708,0.00014487179280180497,1502.00458616419,1000.219238584958,1.0018313195038708,12.04678007205741,copath_tau_app_REGION-RF_rank120_region67_iAPr,67,iAPr,120
alpha,1.338622544610464,0.6322048009749001,0.01789834633778543,1022.6721060544153,747.6553059648552,1.0011641853689877,5.948085045072298,copath_tau_app_REGION-RF_rank309_region68_iCLA,68,iCLA,309
beta,0.4510811253342096,0.2265633968708075,0.009256376422478181,859.6930544613175,754.4329507154815,1.0031604998637123,5.000163170893996,copath_tau_app_REGION-RF_rank309_region68_iCLA,68,iCLA,309
gamma,0.09127702785121199,0.06376431544715405,0.001506316883673532,1118.5759096964223,637.9470829387358,1.0019324175610134,6.505882580402961,copath_tau_app_REGION-RF_rank309_region68_iCLA,68,iCLA,309
sigma,0.10519530515781876,0.02014105768408914,0.0005844306603307318,1030.920485692683,898.0717717457497,1.002550002232757,5.9960594283394295,copath_tau_app_REGION-RF_rank309_region68_iCLA,68,iCLA,309
u0,0.016953573380934023,0.006902638543099013,0.00015791282891223124,1696.4198705073086,1116.82737649439,1.0024233088645769,9.866749667063965,copath_tau_app_REGION-RF_rank309_region68_iCLA,68,iCLA,309
alpha,2.5153366834790423,0.7391861472082504,0.025380897497615396,781.1487114580126,589.4273305283309,1.0052094551497646,5.964925215589947,copath_tau_app_REGION-RF_rank239_region69_iEP,69,iEP,239
beta,0.3651165442762407,0.05775826916204773,0.0025616528944231985,610.05429597857,584.4528763477109,1.0058180190242536,4.658432126412258,copath_tau_app_REGION-RF_rank239_region69_iEP,69,iEP,239
gamma,0.05308596426179993,0.04246012021369746,0.0017241268711342705,614.7162955432561,852.0407787897433,1.0050359471053927,4.694031594670435,copath_tau_app_REGION-RF_rank239_region69_iEP,69,iEP,239
sigma,0.05725828616953285,0.012693481818056568,0.00033366555700141653,1453.2144560813135,1877.381455388105,1.0013767890536363,11.096882610943391,copath_tau_app_REGION-RF_rank239_region69_iEP,69,iEP,239
u0,0.02218819244202816,0.006991930168551334,0.00016858162437997318,1695.4658513627223,1810.8071345380597,1.003784512889011,12.946737107315549,copath_tau_app_REGION-RF_rank239_region69_iEP,69,iEP,239
alpha,2.5520998148334773,0.6928820128144616,0.019080692878122127,1297.9218295452217,1388.371736296334,1.000958366697872,10.37465992202727,copath_tau_app_REGION-RF_rank262_region70_iLA,70,iLA,262
beta,0.37346653529964835,0.05771598488428517,0.0018482537548924472,1094.8742005399938,1199.0054179198669,1.0013967123791583,8.751642224851075,copath_tau_app_REGION-RF_rank262_region70_iLA,70,iLA,262
gamma,0.07051193120811736,0.04402247723337968,0.0013608624300763211,1097.3165021751918,1347.315572672725,1.0015222174511127,8.771164239440404,copath_tau_app_REGION-RF_rank262_region70_iLA,70,iLA,262
sigma,0.06608252890768793,0.014178551995734968,0.00034793693451781754,1786.1547618292173,2119.675075754896,1.0024908262656436,14.277245208658464,copath_tau_app_REGION-RF_rank262_region70_iLA,70,iLA,262
u0,0.020966079239339724,0.006733391111753278,0.000140664088197565,2223.880163248565,1932.084306304911,1.0010487751409953,17.776109374114263,copath_tau_app_REGION-RF_rank262_region70_iLA,70,iLA,262
alpha,3.054412979810292,0.584287180373976,0.015478535833073436,1390.521735879745,1422.849581574243,1.0023771041882654,11.106492351214825,copath_tau_app_REGION-RF_rank205_region71_iBLA,71,iBLA,205
beta,0.4037767982110663,0.04016604620129005,0.001191641949764096,1258.144904716436,981.8936483204843,1.0020931500444665,10.049160973461737,copath_tau_app_REGION-RF_rank205_region71_iBLA,71,iBLA,205
gamma,0.03888189776038347,0.02458482669592756,0.0007127200094509773,1213.3342339941944,1158.6854677060312,1.0020677311414095,9.69124540926201,copath_tau_app_REGION-RF_rank205_region71_iBLA,71,iBLA,205
sigma,0.0615746196706219,0.013202463357218861,0.0002948840351301687,2151.9944682226137,2041.925540105542,1.0013554083329175,17.188591508100014,copath_tau_app_REGION-RF_rank205_region71_iBLA,71,iBLA,205
u0,0.019641288416254246,0.006755490076436181,0.0001643387200595747,1573.488978716641,1226.264181639003,1.0054250537431562,12.567903726999745,copath_tau_app_REGION-RF_rank205_region71_iBLA,71,iBLA,205
alpha,2.7539064680201526,0.49148467699617526,0.0153839603362864,1007.3996541281027,908.3572336982143,1.004461953918656,8.080918742604943,copath_tau_app_REGION-RF_rank160_region72_iBMA,72,iBMA,160
beta,0.43860438557777537,0.03281341587542157,0.0015711003048471776,711.8639741411715,372.81218895594213,1.0070985589548942,5.7102609746291755,copath_tau_app_REGION-RF_rank160_region72_iBMA,72,iBMA,160
gamma,0.016591864990452742,0.016752532047007433,0.000814243605728108,664.3079845264427,440.43368611686594,1.0044790047012873,5.328787657434726,copath_tau_app_REGION-RF_rank160_region72_iBMA,72,iBMA,160
sigma,0.058466281178151926,0.013214915480368575,0.00046298567184039957,1177.915718481785,771.4793662286927,1.0033362066258467,9.448723917745179,copath_tau_app_REGION-RF_rank160_region72_iBMA,72,iBMA,160
u0,0.01879320895225955,0.006954661302408193,0.00016937425946501826,1521.7801930417845,1147.9220550299785,1.0045018403630033,12.207054105770588,copath_tau_app_REGION-RF_rank160_region72_iBMA,72,iBMA,160
alpha,1.0762802363010286,0.5126223859904179,0.01362838719595393,1050.30369129549,734.0162967202735,1.0043168653648085,10.422574636759117,copath_tau_app_REGION-RF_rank83_region73_iPA,73,iPA,83
beta,0.9589152477751861,0.2837036378436501,0.012175601683575437,894.8213210974161,663.6186610496358,1.0023242618809665,8.879662218646212,copath_tau_app_REGION-RF_rank83_region73_iPA,73,iPA,83
gamma,0.07121398152500408,0.055971554417686815,0.0012017815764481475,1601.8520286544301,1230.3430279176418,1.0012474132556206,15.895804674457489,copath_tau_app_REGION-RF_rank83_region73_iPA,73,iPA,83
sigma,0.5054220319290678,0.08956006541257473,0.002557336422642234,1505.451959232164,1005.2912647400241,1.000216015121414,14.939189052833763,copath_tau_app_REGION-RF_rank83_region73_iPA,73,iPA,83
u0,0.01018776391550222,0.006344032649064467,0.0001385384701530226,1578.5253009939327,1075.7723151713044,1.0019477977472657,15.664324425375428,copath_tau_app_REGION-RF_rank83_region73_iPA,73,iPA,83
alpha,2.2389375286769573,0.6975750538328813,0.019250678255349218,1258.2850727352122,1662.6909752800486,1.0020270154631243,7.343447678030746,copath_tau_app_REGION-RF_rank338_region74_iCP,74,iCP,338
beta,0.2778051811532137,0.053358263155355884,0.0016343177200318453,1113.9645409481318,1241.0805847683707,1.0029884393820032,6.501182044424981,copath_tau_app_REGION-RF_rank338_region74_iCP,74,iCP,338
gamma,0.08355395598306872,0.05547765333432485,0.0016508388660927114,1046.802633021244,958.0278200667576,1.001625924426502,6.1092200260361595,copath_tau_app_REGION-RF_rank338_region74_iCP,74,iCP,338
sigma,0.03470567845415051,0.007920930127413977,0.00018831653004170836,1763.4297806849374,2255.364404868527,1.0035824711209154,10.291510730705566,copath_tau_app_REGION-RF_rank338_region74_iCP,74,iCP,338
u0,0.027885333889862852,0.0072234306318680105,0.0001681442856506285,1780.1812248574797,1610.3014948408627,1.0030309952542855,10.389273436850617,copath_tau_app_REGION-RF_rank338_region74_iCP,74,iCP,338
alpha,3.3125927841281237,0.5704642640538541,0.01353248655223885,1759.8920721856762,1881.8251002273105,1.0010334211505578,14.564302626582112,copath_tau_app_REGION-RF_rank248_region75_iACB,75,iACB,248
beta,0.3880950410327043,0.038574106245781205,0.0009525103566827965,1653.391569516345,1882.6194004217066,1.0013864898884128,13.68293860700739,copath_tau_app_REGION-RF_rank248_region75_iACB,75,iACB,248
gamma,0.0647991095385303,0.02597785751216598,0.0006439127704874734,1617.436631909864,1661.3115233843882,1.0019800403212256,13.385387069332516,copath_tau_app_REGION-RF_rank248_region75_iACB,75,iACB,248
sigma,0.047668233579864154,0.01092537953392442,0.0002552754063442453,1970.6923751192066,2119.232453441142,1.0002315882467145,16.308818358098634,copath_tau_app_REGION-RF_rank248_region75_iACB,75,iACB,248
u0,0.020298350441755084,0.0069407780919826245,0.00014196237359864853,2276.05177494851,1900.0346395846705,1.00121130343983,18.835874863025172,copath_tau_app_REGION-RF_rank248_region75_iACB,75,iACB,248
alpha,0.7890759868485434,0.592784864594217,0.011032552392018533,1515.0284413190018,1063.5635657888029,1.004123939539721,21.51295639723676,copath_tau_app_REGION-RF_rank1_region76_iFS,76,iFS,370
beta,-0.006909946922414688,1.022450120275361,0.01810391103493562,3187.854195408694,2708.510738528996,1.0011165340418908,45.266588029772436,copath_tau_app_REGION-RF_rank1_region76_iFS,76,iFS,370
gamma,0.08085689328757116,0.06017327884902871,0.0011432636229754475,1923.9524423254124,1316.7656998508817,1.001530892153215,27.319556434247023,copath_tau_app_REGION-RF_rank1_region76_iFS,76,iFS,370
sigma,1.698823337157854,2.1217284450843903,0.05206210733782071,3043.9473449530196,1894.7786761923687,1.0026338561077108,43.223153256745135,copath_tau_app_REGION-RF_rank1_region76_iFS,76,iFS,370
u0,0.008041485443441243,0.0059232707276425265,0.00011594522913046547,1849.8803182983509,1276.6635508476636,1.001945104515316,26.26775415055025,copath_tau_app_REGION-RF_rank1_region76_iFS,76,iFS,370
alpha,2.1625654523271787,0.5438960396558576,0.014130306260482355,1474.8851375515567,1911.5524713677419,1.0006655327263854,12.567294690237278,copath_tau_app_REGION-RF_rank242_region77_iOT,77,iOT,242
beta,0.4291616985580062,0.06437115108068248,0.0017126212779507942,1386.5057080622869,1665.3801422293604,1.002055772074104,11.814225650033546,copath_tau_app_REGION-RF_rank242_region77_iOT,77,iOT,242
gamma,0.1170717377622007,0.05175310227690326,0.0013797934075251632,1354.4249015658343,1622.1877012745656,1.0012764105051932,11.540869482236848,copath_tau_app_REGION-RF_rank242_region77_iOT,77,iOT,242
sigma,0.06867630029888638,0.013731100673492798,0.00026765712578112177,2698.2608045536003,2151.482431764523,1.0025337142536426,22.991511554747404,copath_tau_app_REGION-RF_rank242_region77_iOT,77,iOT,242
u0,0.01624117520324242,0.006485109545996178,0.00013841618185731933,2016.4657131740573,1601.671185292323,1.0005896769443348,17.18202875939687,copath_tau_app_REGION-RF_rank242_region77_iOT,77,iOT,242
alpha,1.4048189714397894,0.4598055026393889,0.014181753693552861,882.4800755228173,564.3943684053095,1.0073506190760777,7.406338756569904,copath_tau_app_REGION-RF_rank71_region78_iLS,78,iLS,71
beta,0.8996675823023355,0.12399071395735407,0.005006681818044007,891.3309444050947,448.6292940994704,1.0048580290651357,7.480620924576127,copath_tau_app_REGION-RF_rank71_region78_iLS,78,iLS,71
gamma,0.0285862930624755,0.030664366511458898,0.0012411470090761918,838.0640648861387,644.4032513152601,1.0053150405841154,7.033571109894409,copath_tau_app_REGION-RF_rank71_region78_iLS,78,iLS,71
sigma,0.19186309026443824,0.03724283654263961,0.0008686555961961382,1846.9249581826573,2118.019520911471,1.0004766513039778,15.500578741293955,copath_tau_app_REGION-RF_rank71_region78_iLS,78,iLS,71
u0,0.013946248691388103,0.006910315305725912,0.00018362980705048703,1360.0852701781039,1124.0462258979321,1.00340097616942,11.414707853649992,copath_tau_app_REGION-RF_rank71_region78_iLS,78,iLS,71
alpha,0.9214110140452013,0.6144080848809568,0.013480872370477626,1607.1855143730768,1368.6982125767904,1.0006580809751742,19.27635667785786,copath_tau_app_REGION-RF_rank34_region79_iSF,79,iSF,34
beta,0.40080705821274193,1.0954632640270516,0.03802941695685474,799.8765005122799,1701.2360716377389,1.0054737023874805,9.593606079834483,copath_tau_app_REGION-RF_rank34_region79_iSF,79,iSF,34
gamma,0.07530587691127139,0.05915413810697956,0.001279654958627033,1421.7792614607047,815.5076669078734,1.0027690273637127,17.05262019598811,copath_tau_app_REGION-RF_rank34_region79_iSF,79,iSF,34
sigma,1.414027951109098,1.3472066077743896,0.03953565936837638,205.75403032370593,64.93322236830377,1.0163814782657397,2.467784858037156,copath_tau_app_REGION-RF_rank34_region79_iSF,79,iSF,34
u0,0.007956353283849806,0.00593491482518133,0.0001498728707153509,1163.0703397880195,1072.1238164079234,1.0005622602206001,13.949701830119212,copath_tau_app_REGION-RF_rank34_region79_iSF,79,iSF,34
alpha,1.4075092579093453,0.6000990081915399,0.016362800080560166,1260.2207083302428,1378.2143427328242,1.0025617196872338,14.375906417036376,copath_tau_app_REGION-RF_rank81_region80_iSH,80,iSH,81
beta,0.9352997714217315,0.2559633031887458,0.007765066261567965,1381.621074524473,1422.9365788943628,1.0017371132116575,15.760775187931747,copath_tau_app_REGION-RF_rank81_region80_iSH,80,iSH,81
gamma,0.06781898020740652,0.05152254208843411,0.001133134705037579,1563.4296224855511,1129.7529223972172,1.0023128188421935,17.83474735330646,copath_tau_app_REGION-RF_rank81_region80_iSH,80,iSH,81
sigma,0.38847523987453664,0.11776417727515136,0.00299255158880316,1635.6853189404808,1657.0794875742388,1.0010013474014898,18.659000695175568,copath_tau_app_REGION-RF_rank81_region80_iSH,80,iSH,81
u0,0.01077821986141012,0.006388759593142024,0.0001520585707006697,1205.8539473397086,638.2903951551024,1.004102000858357,13.755720236130918,copath_tau_app_REGION-RF_rank81_region80_iSH,80,iSH,81
alpha,0.7830142409325099,0.591990129024233,0.011627509669020245,1726.8053428143662,1124.1010476596061,1.002238573445733,24.45830632013776,copath_tau_app_REGION-RF_rank1_region81_iBA,81,iBA,371
beta,-0.03289590164374521,0.9952799280965434,0.018816459646917416,2799.050614004942,2267.387472367514,1.001050252506106,39.6454861619351,copath_tau_app_REGION-RF_rank1_region81_iBA,81,iBA,371
gamma,0.0798427641384499,0.05977368050521374,0.0011709145330242835,1708.8308514256537,1085.764595307916,1.0018405481961428,24.203717336982713,copath_tau_app_REGION-RF_rank1_region81_iBA,81,iBA,371
sigma,1.6885584863386107,2.28582682658531,0.04420588182522342,2953.1791052566655,2467.959100167459,0.9997020930219911,41.82854742438833,copath_tau_app_REGION-RF_rank1_region81_iBA,81,iBA,371
u0,0.00786912556322704,0.006028874873088795,0.0001210821697574614,1709.3094159065174,1403.6920976022452,1.003179292135921,24.210495678684985,copath_tau_app_REGION-RF_rank1_region81_iBA,81,iBA,371
alpha,1.6417749334531087,0.5645017111407854,0.016234932613316086,982.7263924087431,535.1634098931636,1.0035050238482317,8.190751728694307,copath_tau_app_REGION-RF_rank174_region82_iCEA,82,iCEA,174
beta,0.5168908263349501,0.10785972694944296,0.004664496719069987,911.1613858597859,480.7014616275352,1.0033447886254212,7.5942772617085,copath_tau_app_REGION-RF_rank174_region82_iCEA,82,iCEA,174
gamma,0.07768857656545544,0.06039641076972594,0.0023682407648677505,987.6468398037429,619.5038449989775,1.0035250737227697,8.23176229207987,copath_tau_app_REGION-RF_rank174_region82_iCEA,82,iCEA,174
sigma,0.12179259834876412,0.021960487699402335,0.0004823234370979542,2187.472590231548,2332.032424915997,1.0020813206261112,18.231976914748692,copath_tau_app_REGION-RF_rank174_region82_iCEA,82,iCEA,174
u0,0.01619032102293545,0.006767385997329659,0.00014349229650826776,1989.4939244355528,1132.9867901077953,1.0019746137979433,16.58187968357687,copath_tau_app_REGION-RF_rank174_region82_iCEA,82,iCEA,174
alpha,0.813337299577995,0.3562748819370841,0.011841130948813113,678.0966241244563,385.9062779116821,1.004069703964861,3.7459969623324416,copath_tau_app_REGION-RF_rank125_region83_iIA,83,iIA,125
beta,0.8555218212643666,0.29380236877512983,0.014119821684192114,716.3769011924803,390.98979247722747,1.0033824187911675,3.95746800718422,copath_tau_app_REGION-RF_rank125_region83_iIA,83,iIA,125
gamma,0.07480978705229845,0.05734134709927028,0.0013631536876651962,1294.7015643932002,1001.7109390701715,1.0007134945723775,7.152296523531785,copath_tau_app_REGION-RF_rank125_region83_iIA,83,iIA,125
sigma,0.18144405851571094,0.032550735643853135,0.0007957419119192904,1836.7567237774447,1818.1581300421758,1.0036339676959063,10.146762073469882,copath_tau_app_REGION-RF_rank125_region83_iIA,83,iIA,125
u0,0.011685967597148203,0.006609214024165406,0.00015376224254290668,1507.087804876495,1208.6436038265338,1.0013711936620708,8.325578004941443,copath_tau_app_REGION-RF_rank125_region83_iIA,83,iIA,125
alpha,2.6455625809991217,0.6034702820368177,0.019513602007224556,964.0020052649336,996.06589254861,1.003610560360578,7.963339021642506,copath_tau_app_REGION-RF_rank180_region84_iMEA,84,iMEA,180
beta,0.43331254393956076,0.04874921108754765,0.0018194281620648005,925.896004296362,729.9660005391225,1.0030471014235265,7.648556476778009,copath_tau_app_REGION-RF_rank180_region84_iMEA,84,iMEA,180
gamma,0.03658043395429687,0.028292443320310313,0.00100091963587384,1004.2058423218929,1049.2894238333288,1.0034207110653477,8.295451177744768,copath_tau_app_REGION-RF_rank180_region84_iMEA,84,iMEA,180
sigma,0.07871476851078989,0.017052471239146966,0.0004467408628565691,1573.253266605945,1888.2598140831926,1.004061110528107,12.996185755284333,copath_tau_app_REGION-RF_rank180_region84_iMEA,84,iMEA,180
u0,0.018812741753552742,0.006766036299225973,0.00016184801418424061,1566.27698396904,1139.3580732526257,1.0011564628330794,12.938556721895337,copath_tau_app_REGION-RF_rank180_region84_iMEA,84,iMEA,180
alpha,1.0448028586645643,0.6055711233265448,0.017719850769044303,1063.8228096857624,1291.6330039257516,1.0043184208634008,5.041599219397099,copath_tau_app_REGION-RF_rank341_region85_iPALd,85,iPALd,341
beta,0.548474754409833,0.326005752952355,0.011328622575411024,1087.8558839212196,970.236973913097,1.003383002521219,5.155495187035718,copath_tau_app_REGION-RF_rank341_region85_iPALd,85,iPALd,341
gamma,0.08544993169399735,0.06318529332892217,0.0017390467950238158,907.727132693258,693.9444794737805,1.0043675073778935,4.301840834719173,copath_tau_app_REGION-RF_rank341_region85_iPALd,85,iPALd,341
sigma,0.1175093554857701,0.025508418759027856,0.0006418669479459417,1578.8809985289379,1699.8247688942045,1.0026090366933849,7.482529174248198,copath_tau_app_REGION-RF_rank341_region85_iPALd,85,iPALd,341
u0,0.011996971805039431,0.006201261308228556,0.00015226406341213916,1365.2589771527375,903.8049137342535,1.0040169866302393,6.470145714887695,copath_tau_app_REGION-RF_rank341_region85_iPALd,85,iPALd,341
alpha,2.276215006879483,0.783341590183265,0.01953335695553139,1529.2562948074628,1521.8261511173723,1.0010532516551418,13.534439284958518,copath_tau_app_REGION-RF_rank194_region86_iSI,86,iSI,194
beta,0.4409149068968529,0.07811710800569707,0.0021765389988079253,1505.3285459289239,1316.6185476112405,1.0014482640162077,13.322670554287317,copath_tau_app_REGION-RF_rank194_region86_iSI,86,iSI,194
gamma,0.06229221450435626,0.045459281375989744,0.0011378946941870438,1542.530670865894,1619.78172849334,1.0014402971660383,13.651922036161556,copath_tau_app_REGION-RF_rank194_region86_iSI,86,iSI,194
sigma,0.11208357364292584,0.024259836764455613,0.0005516857109962637,1995.7210619939412,2257.490554448932,1.0019414689630435,17.66281141688593,copath_tau_app_REGION-RF_rank194_region86_iSI,86,iSI,194
u0,0.01832616439497212,0.0067956292692444185,0.00014417031831458473,2023.8001669389075,1435.870085945548,1.000604381630478,17.911321063270268,copath_tau_app_REGION-RF_rank194_region86_iSI,86,iSI,194
alpha,0.8089137748289689,0.6058203777450188,0.011677315834870122,1940.5537262787286,1453.3566218820076,1.0013006274682734,27.92766390269452,copath_tau_app_REGION-RF_rank1_region87_iMA,87,iMA,372
beta,0.0389744006474496,0.9955980901971545,0.019699347614418522,2552.7249185706823,2439.520118442757,1.0021312549947525,36.73778396158426,copath_tau_app_REGION-RF_rank1_region87_iMA,87,iMA,372
gamma,0.07899951538007584,0.05895703735432191,0.0011954023921688375,1648.0188030458864,1218.0149306445242,1.0018048113113274,23.717619673971164,copath_tau_app_REGION-RF_rank1_region87_iMA,87,iMA,372
sigma,1.6917165281421993,2.187293765067883,0.049775836486808334,2501.6553864333955,2103.115905043205,1.0026336844760932,36.002811922478166,copath_tau_app_REGION-RF_rank1_region87_iMA,87,iMA,372
u0,0.008009695345580086,0.005961255782279708,0.000122005248529677,1701.1925749845573,1086.9160237820174,1.000032024683047,24.48287508073048,copath_tau_app_REGION-RF_rank1_region87_iMA,87,iMA,372
alpha,0.7191605246754139,0.2730178695572636,0.010543596540720625,618.7311274746351,1111.1469223975405,1.0040517044689072,5.137640038483738,copath_tau_app_REGION-RF_rank24_region88_iMS,88,iMS,24
beta,1.7062017952581796,0.2400806486883721,0.009521156311049722,683.2140575481404,580.5258180835389,1.0054759620429727,5.673074686319473,copath_tau_app_REGION-RF_rank24_region88_iMS,88,iMS,24
gamma,0.0332017822940184,0.03240150650091983,0.0013615706180435357,599.7985497989558,645.3763615835039,1.0040707255958656,4.980433192441779,copath_tau_app_REGION-RF_rank24_region88_iMS,88,iMS,24
sigma,0.37162113386071033,0.06674699886480068,0.0018554626555739467,1079.6031883399662,777.7217072677614,1.0010809812906583,8.964495755577602,copath_tau_app_REGION-RF_rank24_region88_iMS,88,iMS,24
u0,0.012490846760904135,0.006885301085846676,0.00018646806419448663,1176.9371398289934,998.4439133130137,1.0016416911271715,9.77270918475304,copath_tau_app_REGION-RF_rank24_region88_iMS,88,iMS,24
alpha,0.7915272541765492,0.28382956796840614,0.008645548741298678,957.01062079031,1607.1247568575363,1.0048276026626173,8.093934444005395,copath_tau_app_REGION-RF_rank31_region89_iNDB,89,iNDB,31
beta,1.495110082368519,0.2173962162540456,0.007349407501395507,931.2463848380921,1284.2105952832856,1.0025543979538079,7.87603295757787,copath_tau_app_REGION-RF_rank31_region89_iNDB,89,iNDB,31
gamma,0.03696911578217402,0.034727306717635506,0.0011146039825632582,933.3680449112533,1513.4768492471171,1.0016323617288037,7.893976935598143,copath_tau_app_REGION-RF_rank31_region89_iNDB,89,iNDB,31
sigma,0.35798960900343163,0.0645558847187594,0.0016519800164263277,1583.308385653664,1975.6589751207732,1.0011806709272082,13.390858993332634,copath_tau_app_REGION-RF_rank31_region89_iNDB,89,iNDB,31
u0,0.011826615272371985,0.0067909125126229195,0.00016819703478828058,1391.2304851776933,1146.126036676485,1.004817380224932,11.76635671423479,copath_tau_app_REGION-RF_rank31_region89_iNDB,89,iNDB,31
alpha,0.7129279626915831,0.5901873933888188,0.01391182066597028,1249.38708072614,1061.7800628072878,1.0017801817999952,15.028412590679498,copath_tau_app_REGION-RF_rank343_region90_iBST,90,iBST,343
beta,-0.23650192799559755,0.8447736720542633,0.02332015672234229,1313.2266792455648,1183.0738700193695,1.0019459368622037,15.796315381554878,copath_tau_app_REGION-RF_rank343_region90_iBST,90,iBST,343
gamma,0.08176951462300085,0.06118863115004122,0.0013461263536643426,1483.2525005966756,939.9390596118224,1.0019141460884045,17.841492759928737,copath_tau_app_REGION-RF_rank343_region90_iBST,90,iBST,343
sigma,0.22208261168707003,0.12783747607020549,0.0032929097605556698,1651.2486269699393,2111.7427377237973,1.0021454041076163,19.862255692186675,copath_tau_app_REGION-RF_rank343_region90_iBST,90,iBST,343
u0,0.008096275450858257,0.00626932350670272,0.0001449298823047982,1294.1191415082412,1067.7789405428753,1.0006083761239273,15.566477915537874,copath_tau_app_REGION-RF_rank343_region90_iBST,90,iBST,343
alpha,0.8791721510103327,0.6379997344633774,0.06830300992816557,107.08778386474484,117.56312119984825,1.0380524017536097,0.6007932040615384,copath_tau_app_REGION-RF_rank348_region91_iVAL,91,iVAL,348
beta,0.5263062303192572,0.570173904268706,0.02358692211088681,482.03955826181954,615.3413130128924,1.0078451704874896,2.704380277943827,copath_tau_app_REGION-RF_rank348_region91_iVAL,91,iVAL,348
gamma,0.08462193670548572,0.06144563106127696,0.003381736183544269,365.52065633930107,605.2367919550196,1.0094446164500694,2.0506757946371326,copath_tau_app_REGION-RF_rank348_region91_iVAL,91,iVAL,348
sigma,0.17676627435999176,0.03849056052120282,0.002541587296870723,195.3893488597563,262.27567947493725,1.0108946650667003,1.0961903282004235,copath_tau_app_REGION-RF_rank348_region91_iVAL,91,iVAL,348
u0,0.008745748800304409,0.006136252270435744,0.00042223025157451827,164.7508235864729,185.07315525805262,1.0227909433086961,0.9242994074777996,copath_tau_app_REGION-RF_rank348_region91_iVAL,91,iVAL,348
alpha,1.6636857530750055,0.6116693255192047,0.016866830863944537,1125.6828506503607,700.8446251286424,1.0053648971718858,8.292995017278459,copath_tau_app_REGION-RF_rank330_region92_iVM,92,iVM,330
beta,0.3508163720935652,0.09589712292922972,0.003909608817126518,1167.2134553481117,676.2082755365004,1.0052035923382618,8.598954282469384,copath_tau_app_REGION-RF_rank330_region92_iVM,92,iVM,330
gamma,0.10338985688444227,0.062216897492998045,0.0013650012673176706,1724.0047012853177,1326.1009687502205,1.0013529161651022,12.700879638757598,copath_tau_app_REGION-RF_rank330_region92_iVM,92,iVM,330
sigma,0.07205443930437185,0.014601067127595627,0.00039346326313616106,1479.7929915330997,1726.5241248609448,1.0010139276662267,10.901752565829273,copath_tau_app_REGION-RF_rank330_region92_iVM,92,iVM,330
u0,0.018889300479407397,0.007096842610836726,0.00015355147666398975,1922.6763174100308,1316.269209350658,1.0033396184494119,14.164509222920683,copath_tau_app_REGION-RF_rank330_region92_iVM,92,iVM,330
alpha,1.308926600597777,0.6288788673397934,0.02852081500579789,388.74935012509377,283.6613340521774,1.014831934757809,2.1139745513749353,copath_tau_app_REGION-RF_rank342_region93_iVPL,93,iVPL,342
beta,0.41907595122957664,0.2346599883946017,0.017102945238109266,309.30360198749383,311.84172593663516,1.0164114447160266,1.6819576496777717,copath_tau_app_REGION-RF_rank342_region93_iVPL,93,iVPL,342
gamma,0.09866933308673631,0.06481788966993146,0.001427605655314209,1499.4724888825606,954.7743582259933,1.001236280606249,8.153960079842086,copath_tau_app_REGION-RF_rank342_region93_iVPL,93,iVPL,342
sigma,0.066968458193823,0.012519988680066691,0.00029101746973783524,1896.2673087077321,2144.594175476593,1.0006629181768476,10.311684976251296,copath_tau_app_REGION-RF_rank342_region93_iVPL,93,iVPL,342
u0,0.01655467717007961,0.006417112212055869,0.00014197053015241892,1940.0943951790373,1528.3398844012015,1.0009752671621743,10.550011665238518,copath_tau_app_REGION-RF_rank342_region93_iVPL,93,iVPL,342
alpha,1.522473907399175,0.6503043900415344,0.02276717930346767,708.3327384618049,309.4923150099422,1.0041469603704651,4.499293272408436,copath_tau_app_REGION-RF_rank340_region94_iVPM,94,iVPM,340
beta,0.38373356494959004,0.21318742118089132,0.014066409843664125,724.5124037337166,286.07855716327583,1.0064188371375098,4.6020656774589455,copath_tau_app_REGION-RF_rank340_region94_iVPM,94,iVPM,340
gamma,0.10749341003694968,0.0656946721900949,0.0015513958291841787,1208.1269718762683,824.9012204852096,1.0024947542983884,7.673960642539435,copath_tau_app_REGION-RF_rank340_region94_iVPM,94,iVPM,340
sigma,0.07400352302290185,0.014040833981866726,0.0003561893710046342,1612.0508551308017,1835.181281744371,1.0030780697802586,10.239664459136655,copath_tau_app_REGION-RF_rank340_region94_iVPM,94,iVPM,340
u0,0.017723002857170184,0.006854549635296464,0.0001497254105998185,1928.996189815147,1416.115041216989,1.0031824114985357,12.252884990441252,copath_tau_app_REGION-RF_rank340_region94_iVPM,94,iVPM,340
alpha,1.3858379911522514,0.5058553315660121,0.02136985456494384,455.9861777402058,192.84145566201792,1.0072381997123674,3.5921394181519286,copath_tau_app_REGION-RF_rank195_region95_iPoT,95,iPoT,195
beta,0.5338473666288547,0.1813450298682617,0.017092063025447298,475.30071653933925,180.26202293269128,1.0139043399535208,3.744294285011338,copath_tau_app_REGION-RF_rank195_region95_iPoT,95,iPoT,195
gamma,0.08546807695956818,0.059986322186887965,0.0013325007082618445,1575.871355996906,1237.8075459841714,1.0039219542368676,12.414300898037704,copath_tau_app_REGION-RF_rank195_region95_iPoT,95,iPoT,195
sigma,0.13276794475566875,0.024077347041793568,0.0005761861428782473,1859.319987093757,2011.413736589486,1.002485423194436,14.647234812460667,copath_tau_app_REGION-RF_rank195_region95_iPoT,95,iPoT,195
u0,0.014040359437141704,0.006757210211625776,0.000140494386606793,2089.872338045179,1821.3282401944234,1.0010924879898528,16.463465716442247,copath_tau_app_REGION-RF_rank195_region95_iPoT,95,iPoT,195
alpha,1.3915682819792452,0.7482624145618172,0.02788781461366023,556.8740423134763,320.4019531105247,1.0062607099608294,4.420336897233499,copath_tau_app_REGION-RF_rank333_region96_iSPF,96,iSPF,333
beta,0.4716325034053499,0.36994799374624887,0.023384504698163455,521.564612375438,318.71267709678295,1.0133872146134042,4.140058837715811,copath_tau_app_REGION-RF_rank333_region96_iSPF,96,iSPF,333
gamma,0.10343643772104708,0.06821163453071588,0.0016226796654949772,1215.9370925291294,757.4412024648992,1.0019839036336935,9.651826421091675,copath_tau_app_REGION-RF_rank333_region96_iSPF,96,iSPF,333
sigma,0.1699348876433163,0.04072332820629441,0.0014263245739862206,986.2292701787945,913.1411660350198,1.0051316252969837,7.828459042536867,copath_tau_app_REGION-RF_rank333_region96_iSPF,96,iSPF,333
u0,0.013282796693454436,0.006623393384504573,0.00015890194013557722,1454.183196744489,1046.7863150106768,1.000756574739644,11.542968699352983,copath_tau_app_REGION-RF_rank333_region96_iSPF,96,iSPF,333
alpha,0.811488625809724,0.6025862165902411,0.010901493038739737,2201.371530100381,1399.0910956368373,1.001839729021442,31.391659728208946,copath_tau_app_REGION-RF_rank1_region97_iSPA,97,iSPA,373
beta,-0.007708621545733992,1.0030361979816023,0.017814413472455586,3176.718520838865,2389.1353291160312,0.9996331030664197,45.300152879657546,copath_tau_app_REGION-RF_rank1_region97_iSPA,97,iSPA,373
gamma,0.07891636298157485,0.05948122997381527,0.0010587181004139653,2266.7452608549597,1281.8947631103845,1.0017007187851998,32.32389214920229,copath_tau_app_REGION-RF_rank1_region97_iSPA,97,iSPA,373
sigma,1.6591136891845013,2.155237400242831,0.04424628080745234,3072.1053317840024,2249.4585660647854,1.000662629735697,43.80836397033914,copath_tau_app_REGION-RF_rank1_region97_iSPA,97,iSPA,373
u0,0.007982148992500928,0.006034398253604814,0.0001096187167064068,1852.8793949411154,1135.379496365967,1.0016248558710146,26.42214577961263,copath_tau_app_REGION-RF_rank1_region97_iSPA,97,iSPA,373
alpha,2.2719331248121764,0.6171620618349253,0.012818451225082102,2273.9294120928407,1739.625203753865,1.000865591019619,22.737702481754685,copath_tau_app_REGION-RF_rank251_region98_iPP,98,iPP,251
beta,0.46304555526708385,0.08183654966900124,0.0021648373768295846,1525.277520668259,1593.0421051828964,1.0023973300918618,15.25170758715149,copath_tau_app_REGION-RF_rank251_region98_iPP,98,iPP,251
gamma,0.12557220027735466,0.057410499383096836,0.0014865182861532216,1422.565662919515,997.3273075370078,1.002080178659308,14.224660902931944,copath_tau_app_REGION-RF_rank251_region98_iPP,98,iPP,251
sigma,0.13644160058850166,0.026455057482653033,0.0006210432395643132,1824.987494667376,2305.9668932982922,1.001104275499811,18.24859754484562,copath_tau_app_REGION-RF_rank251_region98_iPP,98,iPP,251
u0,0.015943092368421917,0.0065807549921018844,0.0001340512406554009,2023.467674105001,1355.6977963945862,1.0012008651852533,20.23326041282111,copath_tau_app_REGION-RF_rank251_region98_iPP,98,iPP,251
alpha,1.4985651331133318,0.5246729835799189,0.014482068832671372,1166.874387104239,1072.9727863039222,1.0014592630396983,8.02460860935988,copath_tau_app_REGION-RF_rank209_region99_iMG,99,iMG,209
beta,0.45896494669931753,0.100463561032103,0.003274602455340912,1156.1363904446496,937.1548234902839,1.003630351078278,7.950763282567117,copath_tau_app_REGION-RF_rank209_region99_iMG,99,iMG,209
gamma,0.0780421523293703,0.05983160947219657,0.0017100415702814673,1272.6300344890196,1509.6874544768643,1.0038011998025074,8.751891415351,copath_tau_app_REGION-RF_rank209_region99_iMG,99,iMG,209
sigma,0.08201452301644455,0.015976806785028958,0.0003740398900539693,1828.3229437830807,1765.8835375362348,1.0007831222055483,12.573397957411222,copath_tau_app_REGION-RF_rank209_region99_iMG,99,iMG,209
u0,0.018886381690007083,0.007187046936075731,0.0001714556587265665,1646.8890629450598,1192.2501167457285,1.0011394897567674,11.325675067704589,copath_tau_app_REGION-RF_rank209_region99_iMG,99,iMG,209
alpha,1.786415030883806,0.5022507921965758,0.012838610754404806,1455.4518657444596,1063.4691600209555,1.0020603622457247,13.336007639429887,copath_tau_app_REGION-RF_rank217_region100_iLGd,100,iLGd,217
beta,0.4887402930669332,0.09779449020826883,0.003311591677275877,1286.3336979266967,1034.517238283699,1.0028251796104397,11.786412471725416,copath_tau_app_REGION-RF_rank217_region100_iLGd,100,iLGd,217
gamma,0.11061389960750048,0.061812217337286764,0.0015609993641576645,1476.4748099688143,1532.7355009474793,1.0019927291376636,13.528636575760872,copath_tau_app_REGION-RF_rank217_region100_iLGd,100,iLGd,217
sigma,0.1253319808922795,0.022876189893768637,0.00048127949765369634,2352.4695954063095,2014.345001166639,1.0013735520659806,21.555197553591444,copath_tau_app_REGION-RF_rank217_region100_iLGd,100,iLGd,217
u0,0.012560524444455507,0.006230615042921472,0.00011986417725232259,2359.6212273950086,1529.1438303542232,1.001379464970666,21.620726494177124,copath_tau_app_REGION-RF_rank217_region100_iLGd,100,iLGd,217
alpha,2.1482196645323106,0.6045024209446384,0.014113661550095583,1711.0625516420166,1505.1918883146798,1.0018939109910912,14.510859863309616,copath_tau_app_REGION-RF_rank294_region101_iLP,101,iLP,294
beta,0.38089404431248464,0.06499907519236915,0.0016942531258208602,1588.800881177704,1290.3330370150973,1.0027145246009557,13.474005912494523,copath_tau_app_REGION-RF_rank294_region101_iLP,101,iLP,294
gamma,0.10411462393415699,0.05754695292489264,0.0014502385264813125,1538.7951826791086,966.673372315907,1.002505198951935,13.049926919833684,copath_tau_app_REGION-RF_rank294_region101_iLP,101,iLP,294
sigma,0.07737013916514228,0.015023451810138136,0.00032153745485772657,2315.056902745713,2332.3219100662695,1.000169537480408,19.633102401249307,copath_tau_app_REGION-RF_rank294_region101_iLP,101,iLP,294
u0,0.01831895549066436,0.0067191665701310755,0.00014021706204862117,2138.050277879365,2110.5713939192287,1.0031587883064268,18.13197766104146,copath_tau_app_REGION-RF_rank294_region101_iLP,101,iLP,294
alpha,1.012409463325624,0.5507224414847164,0.01997233626432779,543.3820156787247,391.63081605328694,1.0028062246835496,2.591556490927462,copath_tau_app_REGION-RF_rank303_region102_iPO,102,iPO,303
beta,0.5862434788894618,0.34538826713404824,0.01936774147083574,571.6858460839397,377.1953033596983,1.007460560967079,2.726546191153599,copath_tau_app_REGION-RF_rank303_region102_iPO,102,iPO,303
gamma,0.08564383037727968,0.06033792847494778,0.0013077652338560773,1600.8240816716577,1115.026154897862,1.0011264223338716,7.634823972794232,copath_tau_app_REGION-RF_rank303_region102_iPO,102,iPO,303
sigma,0.09925792013434878,0.017167296829524826,0.00039307828977160823,1894.6164651555725,1350.342810497353,1.001656596779695,9.036010497990082,copath_tau_app_REGION-RF_rank303_region102_iPO,102,iPO,303
u0,0.013894359273885139,0.006432426114321257,0.00015371541733142743,1544.032852444142,1175.405075215331,1.0040461275001031,7.36396907792164,copath_tau_app_REGION-RF_rank303_region102_iPO,102,iPO,303
alpha,1.6674805914891686,0.6087602811881507,0.01754891801715455,1040.0695659841242,621.4634094945839,1.0060916557816784,9.256417347360534,copath_tau_app_REGION-RF_rank246_region103_iPOL,103,iPOL,246
beta,0.4580479429789551,0.1198944262519513,0.005227319397639795,1032.1155725827148,609.7017243949551,1.005907014452034,9.185628349288148,copath_tau_app_REGION-RF_rank246_region103_iPOL,103,iPOL,246
gamma,0.09899643550980872,0.05992697761177673,0.0012469691052304306,2081.2414717746124,1736.799362676886,1.0009871450247538,18.5226453051264,copath_tau_app_REGION-RF_rank246_region103_iPOL,103,iPOL,246
sigma,0.13622751675088818,0.02539615133732359,0.0006159102675614239,1783.38406453929,1797.6186677327937,1.0012590526254732,15.87177216976638,copath_tau_app_REGION-RF_rank246_region103_iPOL,103,iPOL,246
u0,0.015495943907524307,0.006717347441580351,0.00013666871070828996,2212.239283797059,1455.9230552745096,1.0013794335443686,19.68850041648475,copath_tau_app_REGION-RF_rank246_region103_iPOL,103,iPOL,246
alpha,2.047615216444315,0.6067957565238996,0.015863972039015555,1363.9038204780966,1192.152209425731,1.0032558332454153,11.22351360640951,copath_tau_app_REGION-RF_rank257_region104_iSGN,104,iSGN,257
beta,0.40703199056468986,0.07406500857343716,0.002206653676402545,1416.1075426341201,1050.696095044351,1.004093492035047,11.653096086586133,copath_tau_app_REGION-RF_rank257_region104_iSGN,104,iSGN,257
gamma,0.09028107221251203,0.05489329530892347,0.0014090342229886555,1555.9765051141474,1556.0472526536378,1.0022685225339252,12.80407255570306,copath_tau_app_REGION-RF_rank257_region104_iSGN,104,iSGN,257
sigma,0.08211213836048085,0.016078912803447393,0.0003465321279737111,2278.084913799956,2001.6464671081571,1.0010865437443375,18.74627568506078,copath_tau_app_REGION-RF_rank257_region104_iSGN,104,iSGN,257
u0,0.0184389078001853,0.006723505409845171,0.00014510258965598683,1985.3260350995479,1468.132875184885,1.0023817819816474,16.337173804739454,copath_tau_app_REGION-RF_rank257_region104_iSGN,104,iSGN,257
alpha,0.8486244945512624,0.5836107445096582,0.018974705311805968,778.7364698613503,914.3415069069371,1.0038148868084305,3.8507655670618472,copath_tau_app_REGION-RF_rank349_region105_iEth,105,iEth,349
beta,0.6549611875991939,0.4347660360133881,0.020984550533090684,538.0114754417681,629.7851343081039,1.0112427276117923,2.6604071396375795,copath_tau_app_REGION-RF_rank349_region105_iEth,105,iEth,349
gamma,0.08267007404348985,0.063683330813906,0.001596872496048591,1029.280951148507,762.0425728612996,1.003492225392505,5.089680269142937,copath_tau_app_REGION-RF_rank349_region105_iEth,105,iEth,349
sigma,0.11950163006414405,0.02116740840160734,0.0005716448711056498,1450.337681070151,1567.6197477708736,1.002873143805496,7.171759149628148,copath_tau_app_REGION-RF_rank349_region105_iEth,105,iEth,349
u0,0.012168825605013889,0.006646549623223023,0.0003069110231662819,261.0253030398103,79.64176699669396,1.010370471217211,1.2907412044751756,copath_tau_app_REGION-RF_rank349_region105_iEth,105,iEth,349
alpha,0.7712297923890299,0.5707610821772859,0.017755609756935114,846.0649404906245,709.2025972289244,1.003159797169022,8.16003376114564,copath_tau_app_REGION-RF_rank334_region106_iLD,106,iLD,334
beta,-0.00067668852755624,0.8397568425410369,0.03156169655745921,693.5796746687471,779.2292013521131,1.006496448542484,6.689360698552786,copath_tau_app_REGION-RF_rank334_region106_iLD,106,iLD,334
gamma,0.08168462493382446,0.06299280544770501,0.003177927023616002,305.6379741081667,308.2023970947008,1.020918439875304,2.9477834006034365,copath_tau_app_REGION-RF_rank334_region106_iLD,106,iLD,334
sigma,0.2918429625279756,0.13126625773334868,0.006291888973111091,241.55905326412164,146.97725927634627,1.0118044036854867,2.3297620969881723,copath_tau_app_REGION-RF_rank334_region106_iLD,106,iLD,334
u0,0.008438902262706102,0.006009160421598404,0.0002259369337086132,597.0005847177772,574.6657003787659,1.0034706708099301,5.757885350852371,copath_tau_app_REGION-RF_rank334_region106_iLD,106,iLD,334
alpha,1.4905277388609692,0.5768183034079549,0.026935412817191,356.413997921916,134.0521314645331,1.0117929376377064,2.706585446386167,copath_tau_app_REGION-RF_rank275_region107_iIMD,107,iIMD,275
beta,0.4294603094021874,0.14518830950601627,0.013279607893995045,346.1642905520177,130.25710967634564,1.0202491323821115,2.628749814343563,copath_tau_app_REGION-RF_rank275_region107_iIMD,107,iIMD,275
gamma,0.09290855586619884,0.061529838732326834,0.0015452483145238461,1454.9369533125757,1229.7299955948029,1.001222344037387,11.048699563444123,copath_tau_app_REGION-RF_rank275_region107_iIMD,107,iIMD,275
sigma,0.08833221215791622,0.016732292516007052,0.0004024352591002966,1709.2790324286552,1377.0786882580821,1.0019964564894717,12.98015728887834,copath_tau_app_REGION-RF_rank275_region107_iIMD,107,iIMD,275
u0,0.017696982320904962,0.006576647603882751,0.0001398664144882289,2100.460514570308,1484.9328632858303,1.0013535367569106,15.950764820101972,copath_tau_app_REGION-RF_rank275_region107_iIMD,107,iIMD,275
alpha,1.9138189885591,0.5983385997447198,0.013584783599048586,1822.1095836270172,1189.479425368334,1.0024033158721177,16.09310461325894,copath_tau_app_REGION-RF_rank307_region108_iMD,108,iMD,307
beta,0.39220893041648974,0.08471100638697134,0.0023838858762937278,1596.9958243040614,1543.5777963948378,1.0048584555431193,14.10487113310954,copath_tau_app_REGION-RF_rank307_region108_iMD,108,iMD,307
gamma,0.12442911397012638,0.06736999581872989,0.0014890544706311474,1868.9167132540556,1488.1688107728326,1.0021844685846202,16.50651116163726,copath_tau_app_REGION-RF_rank307_region108_iMD,108,iMD,307
sigma,0.11487651595112447,0.021844533441475474,0.0004911850557930441,2226.0599550589,2102.844172794699,1.001011092997414,19.660845897555266,copath_tau_app_REGION-RF_rank307_region108_iMD,108,iMD,307
u0,0.015021125198993315,0.006618586345739407,0.00014267514564241025,1955.1290697370316,1586.3346263232438,1.00049027255355,17.267949707542034,copath_tau_app_REGION-RF_rank307_region108_iMD,108,iMD,307
alpha,1.5972227321073533,0.7928744524904996,0.03780369980999348,391.6438123487984,210.8316307585154,1.014212760367498,2.6583482368950384,copath_tau_app_REGION-RF_rank339_region109_iSMT,109,iSMT,339
beta,0.40744292149784017,0.3144705525804444,0.022166588038816583,440.0798816504834,206.21033406710873,1.0142474456222732,2.987116202506573,copath_tau_app_REGION-RF_rank339_region109_iSMT,109,iSMT,339
gamma,0.1233946891713159,0.07570170532158779,0.0023165738413826534,797.3985243850805,460.0184985469892,1.0044047148487845,5.412476578370963,copath_tau_app_REGION-RF_rank339_region109_iSMT,109,iSMT,339
sigma,0.12194103592407717,0.02943550369997671,0.0012391563792310471,689.0368320079186,566.5789873327371,1.0019142922649762,4.676953368773459,copath_tau_app_REGION-RF_rank339_region109_iSMT,109,iSMT,339
u0,0.014139681594589022,0.006501862956556043,0.00017158517087116713,1094.658541522438,765.7363270014588,1.0024492474476008,7.430178933266621,copath_tau_app_REGION-RF_rank339_region109_iSMT,109,iSMT,339
alpha,1.175258996337622,0.5615230681720937,0.019392061118458634,660.7349278096117,378.78867160216515,1.0032482139834364,3.5475700821992575,copath_tau_app_REGION-RF_rank274_region110_iPR,110,iPR,274
beta,0.5491960206331917,0.30204821667244147,0.018388156381432957,654.6610892160486,334.8290847301258,1.0060374134000736,3.5149588682740864,copath_tau_app_REGION-RF_rank274_region110_iPR,110,iPR,274
gamma,0.08875977273334607,0.06328094652846075,0.0014093361884468083,1334.7042590094927,848.6115398974206,1.0037665082437255,7.166197363809357,copath_tau_app_REGION-RF_rank274_region110_iPR,110,iPR,274
sigma,0.10621268740665368,0.02279569816864278,0.000550851684847604,1802.03079881651,1931.4643438209102,1.0037881772744646,9.675333148008107,copath_tau_app_REGION-RF_rank274_region110_iPR,110,iPR,274
u0,0.012498455398409275,0.006246762532048779,0.00014408763232890952,1626.254025111123,1163.9291623450981,1.0027978903611796,8.731565235495962,copath_tau_app_REGION-RF_rank274_region110_iPR,110,iPR,274
alpha,1.1083844657933657,0.4427956577455351,0.013715537643760317,915.3314728632689,661.0790611736262,1.0019008625426273,5.274804055018291,copath_tau_app_REGION-RF_rank206_region111_iPVT,111,iPVT,206
beta,0.5678543727084389,0.18414708287246187,0.007179216613621812,1020.9179467477087,609.3361391376743,1.0035749377212597,5.883269924610346,copath_tau_app_REGION-RF_rank206_region111_iPVT,111,iPVT,206
gamma,0.08199547041966312,0.060706997595979924,0.001274199655067596,1669.5141083171457,1212.4445027833342,1.001868022161496,9.620951589170373,copath_tau_app_REGION-RF_rank206_region111_iPVT,111,iPVT,206
sigma,0.10951492993590235,0.0197399558089254,0.0004490553642741138,1965.294685439292,2005.8036203266133,1.0003317752986416,11.325453874794945,copath_tau_app_REGION-RF_rank206_region111_iPVT,111,iPVT,206
u0,0.014165969046475659,0.006526150676205104,0.0001574598726347716,1536.9641155833503,1407.5225016136376,0.9999675730132923,8.857102360892705,copath_tau_app_REGION-RF_rank206_region111_iPVT,111,iPVT,206
alpha,0.9529122187686242,0.3971989588190292,0.011960163886758924,879.0793681285336,558.900393172916,1.0052634736308967,5.667457727603208,copath_tau_app_REGION-RF_rank124_region112_iRE,112,iRE,124
beta,0.8028464317224019,0.2636311662695426,0.010594003772585098,886.3722536451036,546.0968865645234,1.006101745299611,5.7144752346406005,copath_tau_app_REGION-RF_rank124_region112_iRE,112,iRE,124
gamma,0.07867033769477555,0.05999387359141375,0.0013726521181862718,1362.9759243773622,924.960032557544,1.000964931486476,8.787157013586242,copath_tau_app_REGION-RF_rank124_region112_iRE,112,iRE,124
sigma,0.2368787181619598,0.045239456112574454,0.0011277406305711568,1630.532031678403,1798.0772684600925,1.0015290633555605,10.512101293781205,copath_tau_app_REGION-RF_rank124_region112_iRE,112,iRE,124
u0,0.009327104764483389,0.0058304343946745645,0.00013453814432511815,1547.5097839817126,1144.1698400678024,1.0012508967671794,9.97685374238742,copath_tau_app_REGION-RF_rank124_region112_iRE,112,iRE,124
alpha,0.9204709356936569,0.3834808898115359,0.012346630602770811,776.55862088835,431.8814482811956,1.0027478405482864,4.445759648764842,copath_tau_app_REGION-RF_rank129_region113_iXi,113,iXi,129
beta,0.8096593606896774,0.26688307640196596,0.012236096773594975,853.8903141833767,407.9106243765902,1.005065982740599,4.888479763349879,copath_tau_app_REGION-RF_rank129_region113_iXi,113,iXi,129
gamma,0.07684991635683511,0.058225390025317,0.0012697898687818602,1496.299488568823,1051.939286352455,1.000366982225896,8.56624047407641,copath_tau_app_REGION-RF_rank129_region113_iXi,113,iXi,129
sigma,0.1716732292349329,0.032226412456757364,0.0007799242596913503,1687.6987742589567,1250.1774189955386,1.0020146562527206,9.661991906402537,copath_tau_app_REGION-RF_rank129_region113_iXi,113,iXi,129
u0,0.009480682547740614,0.006031273610277547,0.00014652121841496712,1436.6209083543558,1264.082712794661,1.0006764683845288,8.224583557680912,copath_tau_app_REGION-RF_rank129_region113_iXi,113,iXi,129
alpha,0.779187576345339,0.46276953224409256,0.015669131483331065,639.5432475032491,997.2759821377199,1.006967417604535,2.577327689400622,copath_tau_app_REGION-RF_rank291_region114_iRH,114,iRH,291
beta,0.7843924846669118,0.4257014954740719,0.01808776551840691,665.8601039780416,874.234812083932,1.0058177003152455,2.6833833207519953,copath_tau_app_REGION-RF_rank291_region114_iRH,114,iRH,291
gamma,0.07849545056383576,0.05980956991705408,0.0016356786001814946,860.7700621610969,701.6768550662405,1.0005368076698966,3.4688608222755395,copath_tau_app_REGION-RF_rank291_region114_iRH,114,iRH,291
sigma,0.1099320610145564,0.024135849594989205,0.0007462088883763359,671.7069646228683,314.9923625523122,1.0024395907985542,2.7069458802736674,copath_tau_app_REGION-RF_rank291_region114_iRH,114,iRH,291
u0,0.008806957896885364,0.005432919453825547,0.00013862745899128392,1097.1130461442406,686.8352980157035,1.0035931455770333,4.421311370683885,copath_tau_app_REGION-RF_rank291_region114_iRH,114,iRH,291
alpha,1.5789570314066195,0.7584125683969316,0.03507327858569805,404.1462636441482,226.85258855249643,1.017370401646475,2.873459015728259,copath_tau_app_REGION-RF_rank347_region115_iCM,115,iCM,347
beta,0.379377605693253,0.21461413953582872,0.015633314166180964,407.6215017872557,207.38643237999176,1.0182164086163703,2.8981677790459566,copath_tau_app_REGION-RF_rank347_region115_iCM,115,iCM,347
gamma,0.10746075766399688,0.06591171373485229,0.0016159458575534186,1323.648575254888,1020.1668488926676,1.0038864311390014,9.411072857451853,copath_tau_app_REGION-RF_rank347_region115_iCM,115,iCM,347
sigma,0.07921196732596028,0.015870711417563632,0.0005416658705798607,939.5343368139794,1312.2773714251673,1.0064395119753433,6.680040504052524,copath_tau_app_REGION-RF_rank347_region115_iCM,115,iCM,347
u0,0.019613810871310384,0.0070431776493391175,0.00014695397117980228,2105.2159264701236,1628.148123684775,1.0011372117587474,14.967976270335331,copath_tau_app_REGION-RF_rank347_region115_iCM,115,iCM,347
alpha,1.6203969442628843,0.7542820131730895,0.03256750976022516,432.89326832986364,225.35633705534028,1.0182163985437567,2.8332009210491558,copath_tau_app_REGION-RF_rank352_region116_iPCN,116,iPCN,352
beta,0.37300704117901823,0.24181651442212623,0.018915150358057676,441.3131089326908,233.97696828613832,1.016911824871072,2.8883071144142125,copath_tau_app_REGION-RF_rank352_region116_iPCN,116,iPCN,352
gamma,0.11773668834749504,0.06849081775232915,0.0014729508407918684,1739.1069671564394,1144.763293328036,1.0027675402213525,11.382111531002332,copath_tau_app_REGION-RF_rank352_region116_iPCN,116,iPCN,352
sigma,0.0856102990303584,0.016818487862173628,0.0004569713110216864,1433.9541074728406,2171.237989653433,1.0042381707149053,9.384946348804203,copath_tau_app_REGION-RF_rank352_region116_iPCN,116,iPCN,352
u0,0.01780903944562162,0.006726698651917516,0.00014811790119144514,1927.4141619504637,1297.019835080057,1.0013026828958629,12.614544919927377,copath_tau_app_REGION-RF_rank352_region116_iPCN,116,iPCN,352
alpha,1.0659077357087912,0.5485200638873381,0.019108572567075578,647.3999589535512,453.8426929282758,1.0102402175421066,2.700853388597305,copath_tau_app_REGION-RF_rank304_region117_iCL,117,iCL,304
beta,0.5231441946412017,0.29572552262003515,0.015127180835913117,663.3347165566604,467.38182493543627,1.0120390990998007,2.7673307546731376,copath_tau_app_REGION-RF_rank304_region117_iCL,117,iCL,304
gamma,0.08337091266776167,0.0628336623411029,0.0014606500897203659,1312.2907684667587,1091.4109933967136,1.002279020511914,5.474675924551145,copath_tau_app_REGION-RF_rank304_region117_iCL,117,iCL,304
sigma,0.07500151237572375,0.014335172596950925,0.0004077172019721945,1107.6315614554126,952.7005049212047,1.0029799211389359,4.620869085178316,copath_tau_app_REGION-RF_rank304_region117_iCL,117,iCL,304
u0,0.017339675766794512,0.006965387460909501,0.00019881002464181306,1107.151441415333,1020.0704402343559,1.002254668481809,4.618866097968866,copath_tau_app_REGION-RF_rank304_region117_iCL,117,iCL,304
alpha,0.6914296006356,0.5926625869112333,0.012806630988625604,1495.8521817057208,1537.4987414674374,1.003105719693543,18.527697454737922,copath_tau_app_REGION-RF_rank362_region118_iPF,118,iPF,362
beta,-0.3373222565527433,0.7933179088148699,0.022456300487986632,1273.1239586339962,1655.7543124512395,1.0019919258032313,15.768974913718738,copath_tau_app_REGION-RF_rank362_region118_iPF,118,iPF,362
gamma,0.07935536868502116,0.05987667211150478,0.0012481839515276212,1410.7911842335427,988.7686634893299,1.0013415429694323,17.474127826911694,copath_tau_app_REGION-RF_rank362_region118_iPF,118,iPF,362
sigma,0.11377758750124194,0.08081280131117506,0.001842623447150574,2359.3146940732354,2130.9841471006384,1.0020849088955393,29.22258588576639,copath_tau_app_REGION-RF_rank362_region118_iPF,118,iPF,362
u0,0.008103116918667837,0.006010460841508131,0.000123838059403958,1468.4226271274958,851.1330091852083,1.003428670343723,18.187953665372273,copath_tau_app_REGION-RF_rank362_region118_iPF,118,iPF,362
alpha,1.6334532884284554,0.597445517371572,0.01704657447799887,1271.3597849028995,1539.8234009505059,1.0048276721260052,9.689282196908078,copath_tau_app_REGION-RF_rank175_region119_iPIL,119,iPIL,175
beta,0.4982848292327636,0.10153728250498538,0.0031501816108618222,1112.212871472672,1228.9594297212213,1.005994013426112,8.476392365639626,copath_tau_app_REGION-RF_rank175_region119_iPIL,119,iPIL,175
gamma,0.0681872372493226,0.0540325384296818,0.0015570976522269993,1207.4862123947773,1631.805897640372,1.0080077108948797,9.202489177099658,copath_tau_app_REGION-RF_rank175_region119_iPIL,119,iPIL,175
sigma,0.11262555406050495,0.02216362347561783,0.0004927870805179933,2205.063685211949,1926.8564868767633,1.0008732391734294,16.805222692964488,copath_tau_app_REGION-RF_rank175_region119_iPIL,119,iPIL,175
u0,0.017797712879566947,0.0068901773307594154,0.00014027102007246867,2276.849626769774,1738.2266356672574,1.0004303027037726,17.352317428682937,copath_tau_app_REGION-RF_rank175_region119_iPIL,119,iPIL,175
alpha,1.177562891438926,0.6992512659834278,0.022816549740813825,672.3668076820479,508.3870595387299,1.0043270859274405,4.171656942342472,copath_tau_app_REGION-RF_rank325_region120_iRT,120,iRT,325
beta,0.535676983418071,0.32236915399170474,0.015501146195104945,650.8711359328814,508.83487156042895,1.0040442616269427,4.038288419003452,copath_tau_app_REGION-RF_rank325_region120_iRT,120,iRT,325
gamma,0.09192534396124959,0.06518803698749893,0.0015895403296098687,1158.6965076728802,767.5713258431302,1.0043961662185192,7.189058524416815,copath_tau_app_REGION-RF_rank325_region120_iRT,120,iRT,325
sigma,0.16858105698925735,0.03089060900351741,0.0008121268950335283,1542.1011168518312,1545.1893911902243,1.0021800565252905,9.567867950065649,copath_tau_app_REGION-RF_rank325_region120_iRT,120,iRT,325
u0,0.013801187895810956,0.00664121451759398,0.000183739522145716,966.256878028361,706.3579792915415,1.001596561181426,5.995079125350464,copath_tau_app_REGION-RF_rank325_region120_iRT,120,iRT,325
alpha,0.7416983198424152,0.5910225628171826,0.015593995984381959,1168.6371040263423,1346.6484978106153,1.0032730060733928,15.399497997395402,copath_tau_app_REGION-RF_rank65_region121_iIGL,121,iIGL,65
beta,-0.18994572153104242,0.8434498650189248,0.019152453320428225,1954.9684823679847,1706.634797858189,1.0012532083237748,25.761233427788117,copath_tau_app_REGION-RF_rank65_region121_iIGL,121,iIGL,65
gamma,0.0816522019150829,0.06299696924741828,0.0012999427812959321,1596.6627271520872,1070.8324054883524,1.0026893912815846,21.039726006115423,copath_tau_app_REGION-RF_rank65_region121_iIGL,121,iIGL,65
sigma,0.5460250510983117,0.22547436749496458,0.005495657087159093,2218.138840599041,1922.623337572262,1.0007964900764401,29.22911185693444,copath_tau_app_REGION-RF_rank65_region121_iIGL,121,iIGL,65
u0,0.00810147491893341,0.006276095269300183,0.0001311855105315117,1264.2386059395392,915.0665025546191,1.003314942081244,16.659269000889985,copath_tau_app_REGION-RF_rank65_region121_iIGL,121,iIGL,65
alpha,0.730934129563435,0.5785957103377553,0.011725294159209379,1687.1570179838284,1245.6451166822644,1.0019210141513,19.598051040607615,copath_tau_app_REGION-RF_rank359_region122_iIntG,122,iIntG,359
beta,-0.2691695170532728,0.8771656968095772,0.021519386911958552,1684.9039840467008,1959.9833985983444,1.0020631904596065,19.571879751494993,copath_tau_app_REGION-RF_rank359_region122_iIntG,122,iIntG,359
gamma,0.08233299783714838,0.06018222982729961,0.0013376481695112129,1237.5393777618178,797.6368377533573,1.0007677875629195,14.375283172588722,copath_tau_app_REGION-RF_rank359_region122_iIntG,122,iIntG,359
sigma,0.4021153678485496,0.3882802654673308,0.00977570868783911,1601.222906000891,1537.0220114777608,1.0022904368369423,18.599838607017137,copath_tau_app_REGION-RF_rank359_region122_iIntG,122,iIntG,359
u0,0.007906585343079628,0.005956691013653223,0.0001388684109841082,1167.7836201261177,893.2871587327467,1.0009168420525114,13.564998839862906,copath_tau_app_REGION-RF_rank359_region122_iIntG,122,iIntG,359
alpha,1.8120527393838168,0.5870571908267431,0.015078636685378457,1384.6779787522005,1113.6818536086473,1.0017912070665904,12.639343320148244,copath_tau_app_REGION-RF_rank290_region123_iLGv,123,iLGv,290
beta,0.411869655220814,0.08986313853305375,0.0029533534853717525,1255.9851770382322,948.5676852081529,1.004426135667839,11.464635172366181,copath_tau_app_REGION-RF_rank290_region123_iLGv,123,iLGv,290
gamma,0.11104242420742631,0.06493800783108025,0.0015980030946805722,1678.1406543017322,1705.8948055506967,1.0040631686443637,15.318071201169591,copath_tau_app_REGION-RF_rank290_region123_iLGv,123,iLGv,290
sigma,0.11215743150580565,0.022117962863095864,0.0005473961483139031,1788.1034610006304,1607.0687863704798,1.0016983088709435,16.321811917525128,copath_tau_app_REGION-RF_rank290_region123_iLGv,123,iLGv,290
u0,0.015650336013704313,0.0067340885095254,0.0001382654673603476,2129.7490208331683,1386.7791582013456,1.0001222834182446,19.440353261281466,copath_tau_app_REGION-RF_rank290_region123_iLGv,123,iLGv,290
alpha,0.8118508702847578,0.5925525839020096,0.01129282485676196,2047.3053496483792,1452.9304473096531,1.0004954391433165,29.25432390221024,copath_tau_app_REGION-RF_rank1_region124_iSubG,124,iSubG,374
beta,-0.015474742852562937,1.0235750643385062,0.01935249240780638,2792.798422287452,2020.1362962866165,1.000426505856937,39.906811972728406,copath_tau_app_REGION-RF_rank1_region124_iSubG,124,iSubG,374
gamma,0.08057473262992207,0.0616414023666984,0.0011464198283190256,2064.516601339655,1158.388619845405,1.0007576789523172,29.50025865338232,copath_tau_app_REGION-RF_rank1_region124_iSubG,124,iSubG,374
sigma,1.6490068938126567,2.0494199614514694,0.0415448257875696,2964.4706712461634,2475.4989585578587,1.0003658591756859,42.359868414417264,copath_tau_app_REGION-RF_rank1_region124_iSubG,124,iSubG,374
u0,0.008110474908721148,0.005953132938647956,0.00011506278556767653,1822.952956550622,1110.4641075873394,1.0002312071810795,26.048511160576453,copath_tau_app_REGION-RF_rank1_region124_iSubG,124,iSubG,374
alpha,1.447654570581744,0.5504055249853271,0.014140311984974754,1285.412252891209,929.1260069628721,1.0020602218854096,13.25303900289936,copath_tau_app_REGION-RF_rank68_region125_iMH,125,iMH,68
beta,1.0220857703779043,0.18056297848319286,0.005380447361289147,1385.5113460827013,1086.0989902969877,1.0041801929336138,14.28509481475102,copath_tau_app_REGION-RF_rank68_region125_iMH,125,iMH,68
gamma,0.05658278557223488,0.044495122996010224,0.0011284442754657916,1493.5025804627035,1500.7480590769671,1.0011706900197037,15.39852129562536,copath_tau_app_REGION-RF_rank68_region125_iMH,125,iMH,68
sigma,0.456154714688026,0.08023474189014006,0.001806621025099148,2051.3778183456343,2201.3807102377727,1.0012319557621963,21.150405385561754,copath_tau_app_REGION-RF_rank68_region125_iMH,125,iMH,68
u0,0.01078058726999917,0.006226437248769106,0.0001357561174951803,1537.6861746260167,1005.6543486176204,1.0027061533697603,15.854069230085749,copath_tau_app_REGION-RF_rank68_region125_iMH,125,iMH,68
alpha,1.644383125053842,0.6336259166349881,0.02155698035429294,735.9505655466132,231.97894932361132,1.0047637459822605,6.183679078659104,copath_tau_app_REGION-RF_rank305_region126_iLH,126,iLH,305
beta,0.4349755230330615,0.14990088289720604,0.009932599747703231,633.9348983194584,234.0697371835055,1.004930415588784,5.326512610338684,copath_tau_app_REGION-RF_rank305_region126_iLH,126,iLH,305
gamma,0.10952516689963714,0.06531681864653757,0.0015940866371229737,1333.2004990677249,987.8929970304689,1.0021669588590867,11.201953527435407,copath_tau_app_REGION-RF_rank305_region126_iLH,126,iLH,305
sigma,0.13853585956494868,0.026003802868641696,0.0007207138606336984,1621.184500198608,1726.501960442807,1.0016254386503098,13.621682142575374,copath_tau_app_REGION-RF_rank305_region126_iLH,126,iLH,305
u0,0.01390000919055957,0.006556822829715258,0.00016200552266494296,1240.0107200763189,562.6823789969121,1.0034694136715663,10.418944839527109,copath_tau_app_REGION-RF_rank305_region126_iLH,126,iLH,305
alpha,0.7949199348360013,0.6032166954010652,0.011228510952279218,1974.45555418963,1151.1865544546358,1.003165067317396,28.282466541420245,copath_tau_app_REGION-RF_rank1_region127_iPVH,127,iPVH,375
beta,-0.0039939469377909004,0.9800914912247495,0.017747698053546666,3050.7981616397533,2537.814091289717,1.0010476007169264,43.700197124273096,copath_tau_app_REGION-RF_rank1_region127_iPVH,127,iPVH,375
gamma,0.07840576590817315,0.058993078870363425,0.0011028560171260587,1811.3657639533267,1268.3719871442745,1.0003494069209948,25.946338221986576,copath_tau_app_REGION-RF_rank1_region127_iPVH,127,iPVH,375
sigma,1.680242199536127,2.283390109426934,0.04770797001613146,2836.4730853450187,2403.439105321303,1.0003015398728006,40.63016509117371,copath_tau_app_REGION-RF_rank1_region127_iPVH,127,iPVH,375
u0,0.008048242610945517,0.005996460953589024,0.00011171825448789734,1985.5485405815834,1104.3544308260412,1.0002066923679476,28.441364530189414,copath_tau_app_REGION-RF_rank1_region127_iPVH,127,iPVH,375
alpha,1.6836067361777869,0.5892816859251456,0.014311841569384287,1631.3447385143418,1399.2836581079941,1.0031861912076314,19.23869023544244,copath_tau_app_REGION-RF_rank73_region128_iARH,128,iARH,73
beta,1.0706167312083048,0.22189371529642588,0.005424031841319777,1800.9836024760045,1343.6697428866028,1.0015826419669385,21.239266495383035,copath_tau_app_REGION-RF_rank73_region128_iARH,128,iARH,73
gamma,0.07160210224662968,0.04798405953834213,0.0010734095340092689,1664.3098909632338,1234.2294029340085,1.0023335122265375,19.62745316307841,copath_tau_app_REGION-RF_rank73_region128_iARH,128,iARH,73
sigma,0.6063072060833153,0.10710258092298201,0.0022971020741609635,2213.0687680919464,1970.675920097937,1.0013361790788669,26.099047916645397,copath_tau_app_REGION-RF_rank73_region128_iARH,128,iARH,73
u0,0.010763229555450041,0.006438430779414805,0.00013826380813769076,1478.7822556485642,695.3489352244435,1.002144818418529,17.439498268159255,copath_tau_app_REGION-RF_rank73_region128_iARH,128,iARH,73
alpha,0.7856009606707406,0.6024400345495137,0.012990771373589416,1317.877454803698,879.9396453913447,1.0010074718106985,19.063480273736786,copath_tau_app_REGION-RF_rank1_region129_iADP,129,iADP,376
beta,-7.753842897578877e-5,0.9903972684936851,0.01763346983111644,3151.8206212400532,2059.4946988138768,1.0017530661097498,45.592001001577486,copath_tau_app_REGION-RF_rank1_region129_iADP,129,iADP,376
gamma,0.07809461991891378,0.06219131021433505,0.001207876425855575,1689.887821926618,1027.6669181421644,1.0051488729316884,24.444718316335912,copath_tau_app_REGION-RF_rank1_region129_iADP,129,iADP,376
sigma,1.6606798145665689,2.176872757273357,0.04852519419422854,2682.183689481809,2165.158449052711,1.0017216713131334,38.79856633755926,copath_tau_app_REGION-RF_rank1_region129_iADP,129,iADP,376
u0,0.00784770629101759,0.005897627993297273,0.00011230617680630873,1826.6083982464588,1399.3824418328018,1.0012224897361335,26.422421174964327,copath_tau_app_REGION-RF_rank1_region129_iADP,129,iADP,376
alpha,0.8192942447734681,0.615957419220142,0.011140048875988101,2118.2251858930476,1541.6560629891426,1.0019672077783957,28.64324407579305,copath_tau_app_REGION-RF_rank1_region130_iAVP,130,iAVP,377
beta,0.0047994713595609344,0.9988094280483252,0.018231242134502355,3010.72731449003,2342.152211304884,1.0004902034240397,40.71191197655276,copath_tau_app_REGION-RF_rank1_region130_iAVP,130,iAVP,377
gamma,0.07966977687193458,0.060791263721491344,0.001160498704418323,1824.24638684223,1464.1571907131233,1.0013634134616396,24.667979051847553,copath_tau_app_REGION-RF_rank1_region130_iAVP,130,iAVP,377
sigma,1.6481014078751477,2.271298828871801,0.04502501659457023,2758.235295965393,2443.114899556322,1.0008694994015344,37.29764301121529,copath_tau_app_REGION-RF_rank1_region130_iAVP,130,iAVP,377
u0,0.008049295581429696,0.005975740229130079,0.0001229172320080239,1568.8316544993006,1010.8361590715654,1.003626514352733,21.21418831808877,copath_tau_app_REGION-RF_rank1_region130_iAVP,130,iAVP,377
alpha,1.0048333816875286,0.5376498601659271,0.014631560766748514,1068.9634300618213,761.1872514909176,1.003221137206607,11.49015327960854,copath_tau_app_REGION-RF_rank25_region131_iAVPV,131,iAVPV,25
beta,1.4552863527346875,0.6800140829338738,0.02951351532329177,630.882544589582,665.0306952150005,1.006131182060383,6.781277015570626,copath_tau_app_REGION-RF_rank25_region131_iAVPV,131,iAVPV,25
gamma,0.058417045525462716,0.04930035020391138,0.0016384821912553851,790.1931188948766,678.769160033481,1.0030336845655663,8.493686314478483,copath_tau_app_REGION-RF_rank25_region131_iAVPV,131,iAVPV,25
sigma,0.8033124883224314,0.4570351624687452,0.019736199550923175,244.61856655002975,126.7589004112178,1.0223736271980532,2.6293741634691963,copath_tau_app_REGION-RF_rank25_region131_iAVPV,131,iAVPV,25
u0,0.008437330986188634,0.006277507132620805,0.00019664915545140112,553.5528513038951,402.2086855238377,1.0054707758121322,5.9500698816967645,copath_tau_app_REGION-RF_rank25_region131_iAVPV,131,iAVPV,25
alpha,1.5361501219612441,0.5558289053375299,0.014131990191958092,1263.3872303818612,1233.2107409640566,1.002154431386147,10.496213468769097,copath_tau_app_REGION-RF_rank163_region132_iDMH,132,iDMH,163
beta,0.5341158817663593,0.10808176569144055,0.003401893376685721,1168.781307625448,1214.2388719608755,1.0016786306553433,9.710228034706214,copath_tau_app_REGION-RF_rank163_region132_iDMH,132,iDMH,163
gamma,0.07046461515670492,0.05386187150669224,0.0014760162301565001,1243.700520821852,1404.9089673187832,1.0010519349015365,10.332656404814085,copath_tau_app_REGION-RF_rank163_region132_iDMH,132,iDMH,163
sigma,0.13345124662810684,0.02463802180015724,0.0005347161512436773,2192.79196267464,2185.779443894791,1.0002236812960523,18.21770236341359,copath_tau_app_REGION-RF_rank163_region132_iDMH,132,iDMH,163
u0,0.015788309098100865,0.006832561971620916,0.0001377633525929393,2257.4209391299637,1888.3739405053818,1.0006063093194173,18.754639508914178,copath_tau_app_REGION-RF_rank163_region132_iDMH,132,iDMH,163
alpha,0.8100150135779939,0.6006481702882165,0.01124636777573635,2069.366547089873,1366.5795063665837,1.0019579838801635,30.160856817272347,copath_tau_app_REGION-RF_rank1_region133_iMEPO,133,iMEPO,378
beta,-0.0009490884284846449,1.0041900914243778,0.019670583989891896,2606.7648000817,2099.710763809941,1.0002567986267379,37.99339464636428,copath_tau_app_REGION-RF_rank1_region133_iMEPO,133,iMEPO,378
gamma,0.08084463916861252,0.05959951228585983,0.001137259552125695,1976.955832865727,1241.417572666771,1.0010064436660595,28.813977829586026,copath_tau_app_REGION-RF_rank1_region133_iMEPO,133,iMEPO,378
sigma,1.692956586008867,2.290840821708287,0.0469402359355482,2981.1965736479806,2283.9315299275436,1.0007839320121539,43.45070868589556,copath_tau_app_REGION-RF_rank1_region133_iMEPO,133,iMEPO,378
u0,0.008161945299690132,0.005973917764651142,0.00011728150260220513,1733.3407846147265,1092.6421334888319,1.001502144288081,25.263307408647687,copath_tau_app_REGION-RF_rank1_region133_iMEPO,133,iMEPO,378
alpha,0.7718512214189238,0.5868385326545315,0.011728230245174063,1588.7366864318174,1103.9745419975409,1.0011362488699524,23.281263264486412,copath_tau_app_REGION-RF_rank1_region134_iMPO,134,iMPO,379
beta,0.024844137477280603,1.013223657204974,0.019121569774473317,2821.311164394845,2192.530259020853,1.0015378079429826,41.34334438819544,copath_tau_app_REGION-RF_rank1_region134_iMPO,134,iMPO,379
gamma,0.07771443402505838,0.06051744101853545,0.0011472295600889158,1763.0057703459431,998.7183751836093,1.0014363762159937,25.834993190984058,copath_tau_app_REGION-RF_rank1_region134_iMPO,134,iMPO,379
sigma,1.7273299668312125,3.434359894525727,0.0887912024203651,2957.221108387586,2345.5556616429294,1.0026759388042836,43.33496150976079,copath_tau_app_REGION-RF_rank1_region134_iMPO,134,iMPO,379
u0,0.007855497280225774,0.0058653039538513006,0.00010550601150470683,1902.6380621123783,1335.9198164307381,1.0005722934639565,27.88115739969195,copath_tau_app_REGION-RF_rank1_region134_iMPO,134,iMPO,379
alpha,0.8104236157542153,0.589378295312229,0.011329301997287131,1989.7114297896737,1567.6858090239248,1.0024876449194666,27.76483582587491,copath_tau_app_REGION-RF_rank1_region135_iPS,135,iPS,380
beta,0.008005814487762353,1.0026314836187127,0.017943086706434415,3123.3789426507606,2756.6411117036337,1.0015629624613858,43.584261650374124,copath_tau_app_REGION-RF_rank1_region135_iPS,135,iPS,380
gamma,0.08003417819670738,0.061426474021123376,0.0011460773920744557,1868.5912264967146,1073.5633656593225,1.0002293018251107,26.07470000553584,copath_tau_app_REGION-RF_rank1_region135_iPS,135,iPS,380
sigma,1.6498392997313691,2.152952625561942,0.047317592130945677,2644.1117847995383,1898.9241414781245,1.0001223136815205,36.89647077012599,copath_tau_app_REGION-RF_rank1_region135_iPS,135,iPS,380
u0,0.007972220969124505,0.005908818525809477,0.00011767802065867183,1691.7744093759322,1215.7601377894798,1.000521442873615,23.60736236797137,copath_tau_app_REGION-RF_rank1_region135_iPS,135,iPS,380
alpha,0.767324711990134,0.5904990022260425,0.01032576824165221,2228.276943062284,1441.6818147514596,1.000490423555822,31.920079977399205,copath_tau_app_REGION-RF_rank1_region136_iVLPO,136,iVLPO,381
beta,0.005060416375459973,1.009581675551479,0.01903868923618019,2814.6707325190105,2679.631489319016,1.0016911906003405,40.32017437140457,copath_tau_app_REGION-RF_rank1_region136_iVLPO,136,iVLPO,381
gamma,0.08049340174831525,0.05900337380182531,0.0010575807542782735,2248.740794932922,1463.7088325764403,1.0012373877966538,32.21322477270402,copath_tau_app_REGION-RF_rank1_region136_iVLPO,136,iVLPO,381
sigma,1.7015766123075553,2.340460952053422,0.04846277555478671,3095.896361928229,2226.385570740204,1.000903910101861,44.34873312411513,copath_tau_app_REGION-RF_rank1_region136_iVLPO,136,iVLPO,381
u0,0.007879006340863332,0.005965860736092023,0.00011047663361600224,2052.410211768972,1311.1457002942025,1.001409086756784,29.40078804390574,copath_tau_app_REGION-RF_rank1_region136_iVLPO,136,iVLPO,381
alpha,0.8010381349074339,0.6046838816685113,0.010930415270436023,1633.2910760713928,1327.7493369803592,1.0029384002806476,22.820889703386797,copath_tau_app_REGION-RF_rank1_region137_iAHN,137,iAHN,382
beta,-0.0030415140293355643,0.9679980386968233,0.01837760253057799,2774.1658180372037,2171.9795942464684,1.0007080748767592,38.76157353691776,copath_tau_app_REGION-RF_rank1_region137_iAHN,137,iAHN,382
gamma,0.08081418036311729,0.06012160105977292,0.001091907040867838,1945.591220897596,1121.0707609943981,1.002318626587433,27.184451877848208,copath_tau_app_REGION-RF_rank1_region137_iAHN,137,iAHN,382
sigma,1.6444679114814698,2.0411583892715255,0.040570716298669186,2879.348963241109,2483.5528595217565,0.9999566086859225,40.23122765461938,copath_tau_app_REGION-RF_rank1_region137_iAHN,137,iAHN,382
u0,0.007975672963365541,0.005896113810198192,0.00011142592029143077,1947.3469403323434,1430.6225489610306,1.0014253548189265,27.208983377565232,copath_tau_app_REGION-RF_rank1_region137_iAHN,137,iAHN,382
alpha,1.503189779015668,0.658837849435055,0.02006384056078125,742.9475951415709,358.5336307232791,1.005217119906172,7.854648050382937,copath_tau_app_REGION-RF_rank60_region138_iLM,138,iLM,60
beta,1.0499344820281518,0.23024213662090504,0.012997763689323085,615.9902750621869,294.25301705154436,1.0052592508430875,6.512420047809814,copath_tau_app_REGION-RF_rank60_region138_iLM,138,iLM,60
gamma,0.05622547209922967,0.04453130145744686,0.0011133974049051328,1377.1835107804936,1544.4090144890745,1.0013077078286003,14.559966071241224,copath_tau_app_REGION-RF_rank60_region138_iLM,138,iLM,60
sigma,0.5366526005379364,0.0943098144883288,0.0019735188512402793,2323.641244201028,2615.8311060307587,1.001126197150962,24.56617975198524,copath_tau_app_REGION-RF_rank60_region138_iLM,138,iLM,60
u0,0.010920524207194547,0.006236150703368082,0.00013098170398985826,1662.3043047342237,421.4457146041377,1.0031831164473057,17.57434219009191,copath_tau_app_REGION-RF_rank60_region138_iLM,138,iLM,60
alpha,1.0934751059005023,0.46810469798233684,0.011859900782173272,1263.9348575933848,1071.3033486149411,1.001219932243392,11.53635744099985,copath_tau_app_REGION-RF_rank77_region139_iMM,139,iMM,77
beta,0.97665247611725,0.22376713102747006,0.006938770897800847,1318.0310796021395,928.3155615833008,1.002643327186094,12.030111806227941,copath_tau_app_REGION-RF_rank77_region139_iMM,139,iMM,77
gamma,0.06439830330985617,0.05185547895386633,0.001226546011841597,1505.9624166384303,1257.6920985528327,1.001556320302521,13.745424162233187,copath_tau_app_REGION-RF_rank77_region139_iMM,139,iMM,77
sigma,0.3812945953089254,0.06662208462754404,0.0014706591061028598,2185.898685475846,1770.8066218592685,1.0010630605583073,19.951430577266052,copath_tau_app_REGION-RF_rank77_region139_iMM,139,iMM,77
u0,0.010866604673697591,0.0062580976633252825,0.00011927656397897341,2106.7073319935284,1344.3911328942377,1.0013836507526215,19.228624528742237,copath_tau_app_REGION-RF_rank77_region139_iMM,139,iMM,77
alpha,1.2467336544899807,0.4404841941765393,0.01457603388573366,845.5160806151554,869.6206788772301,1.0066932667954462,8.071829617611199,copath_tau_app_REGION-RF_rank37_region140_iSUM,140,iSUM,37
beta,1.2462714384874893,0.17693006119050816,0.006871725497938883,876.4420320623854,557.3938054929641,1.0081242809234174,8.367068249457134,copath_tau_app_REGION-RF_rank37_region140_iSUM,140,iSUM,37
gamma,0.029924523353384195,0.030912064259700032,0.001178252143005882,763.1780324397068,772.0094180132527,1.007507084070477,7.285778694209079,copath_tau_app_REGION-RF_rank37_region140_iSUM,140,iSUM,37
sigma,0.38214357675508964,0.06955614659594288,0.0017857139223351514,1714.4750735684204,2069.752884413227,1.0029735392096808,16.367460057551103,copath_tau_app_REGION-RF_rank37_region140_iSUM,140,iSUM,37
u0,0.010981306409037507,0.006468279771916342,0.00017367888298059755,1126.9692745139241,921.3542433773663,1.0025153146563193,10.758759267524503,copath_tau_app_REGION-RF_rank37_region140_iSUM,140,iSUM,37
alpha,0.819281946781323,0.6012483195951579,0.013705748231134126,1536.5857636213348,1077.5840865649302,1.001051648768228,19.969404442295797,copath_tau_app_REGION-RF_rank107_region141_iTM,141,iTM,107
beta,0.06738297264008788,1.0087530656313746,0.03204221552358608,965.4872673973398,1385.716409334693,1.001957293258035,12.547432224743522,copath_tau_app_REGION-RF_rank107_region141_iTM,141,iTM,107
gamma,0.0820905999195206,0.061718467574435734,0.0014637849904956446,1159.8579424407517,869.1432635537394,1.003032022704866,15.07346540398913,copath_tau_app_REGION-RF_rank107_region141_iTM,141,iTM,107
sigma,1.021634989489395,0.9428732269810475,0.02145844158687933,431.47423049824357,89.9233438047527,1.0076010228180992,5.607421088518637,copath_tau_app_REGION-RF_rank107_region141_iTM,141,iTM,107
u0,0.00827211611259466,0.00618929698453552,0.00023164692845975863,712.3795095986568,742.4102674403284,1.004866201677289,9.258054369873507,copath_tau_app_REGION-RF_rank107_region141_iTM,141,iTM,107
alpha,0.7829163688946362,0.5983351697327095,0.011589761887519439,1722.3217143185204,940.2147278252913,1.0011484402832012,24.37167236438213,copath_tau_app_REGION-RF_rank1_region142_iMPN,142,iMPN,383
beta,0.007967122916691898,1.0055767032039438,0.019143221945423918,2760.0158512718963,2419.131399239492,1.0023341660845535,39.055538514368344,copath_tau_app_REGION-RF_rank1_region142_iMPN,142,iMPN,383
gamma,0.08056779251222301,0.060703133880547475,0.0013455908304749213,1489.304484893863,1160.0744228671113,1.0015442481292887,21.074367613718366,copath_tau_app_REGION-RF_rank1_region142_iMPN,142,iMPN,383
sigma,1.6278526754659424,1.9507355122454575,0.03906047777697841,2786.227566631902,2471.7026691030537,1.0007865378013114,39.42644676777515,copath_tau_app_REGION-RF_rank1_region142_iMPN,142,iMPN,383
u0,0.007988054114363858,0.005916165038935,0.00011402986830333336,1836.0476838729649,1213.6209496250558,1.0003798426524262,25.980948985735825,copath_tau_app_REGION-RF_rank1_region142_iMPN,142,iMPN,383
alpha,0.7759411555974746,0.5869449602786035,0.012319893425391339,1539.4131405686571,1204.8613312478672,1.0010832574149202,20.14569503714839,copath_tau_app_REGION-RF_rank273_region143_iPMd,143,iPMd,273
beta,0.038415172713546386,0.9730904220921918,0.02206727222618307,1945.4379656704377,1991.9044679290357,1.0009653522853708,25.459182422991045,copath_tau_app_REGION-RF_rank273_region143_iPMd,143,iPMd,273
gamma,0.07659184221538383,0.0609375200320801,0.0012853638291116687,1463.3794084662456,1024.107467882281,1.0010431526020833,19.150671453742056,copath_tau_app_REGION-RF_rank273_region143_iPMd,143,iPMd,273
sigma,0.5307284894388845,0.42861975154123655,0.011121927570454923,849.4485967997779,465.0113928234377,1.0022136110993898,11.116400094220664,copath_tau_app_REGION-RF_rank273_region143_iPMd,143,iPMd,273
u0,0.008147893179378042,0.006234797296008482,0.0001292107370193558,1621.6171712539597,1099.7871209719888,0.9999504848830976,21.22146689420734,copath_tau_app_REGION-RF_rank273_region143_iPMd,143,iPMd,273
alpha,0.904905189010279,0.6767659420295546,0.04732874660846193,326.62491930879764,114.41445006645809,1.0147560925249475,4.124208231483486,copath_tau_app_REGION-RF_rank90_region144_iPMv,144,iPMv,90
beta,0.20293587668441718,1.0405518568216265,0.039044905432794805,650.222140942382,288.14435688941114,1.0075662274716872,8.210186508862481,copath_tau_app_REGION-RF_rank90_region144_iPMv,144,iPMv,90
gamma,0.0829128303038341,0.06083159967079524,0.001627243400228378,1092.8274263414035,923.0072553016078,1.0067616820754703,13.79884877383491,copath_tau_app_REGION-RF_rank90_region144_iPMv,144,iPMv,90
sigma,0.9652882243849124,0.6383352160681718,0.022901794970479956,250.71476760353445,69.12717247165573,1.0151964247586955,3.1657104133178584,copath_tau_app_REGION-RF_rank90_region144_iPMv,144,iPMv,90
u0,0.008310649542635554,0.006007535045844571,0.00014283873774669973,1383.1440672566282,1129.2415140233463,1.001279848248654,17.4646017810855,copath_tau_app_REGION-RF_rank90_region144_iPMv,144,iPMv,90
alpha,2.066646186342588,0.6098797126177807,0.016982234286838115,1229.425658871121,835.0702282952333,1.0027868270833682,11.205016896228807,copath_tau_app_REGION-RF_rank156_region145_iVMH,145,iVMH,156
beta,0.5426627338372321,0.086854175185712,0.0032411275729898846,919.4447794220968,622.588986046649,1.004011184473313,8.379843233493103,copath_tau_app_REGION-RF_rank156_region145_iVMH,145,iVMH,156
gamma,0.059751507670994984,0.04506326539004537,0.0016627836227621397,823.659946331776,760.2435388536413,1.0046183118104242,7.506857815110836,copath_tau_app_REGION-RF_rank156_region145_iVMH,145,iVMH,156
sigma,0.13105631647599097,0.025189313765610438,0.000620092098854368,1717.1808479224499,2105.557377859501,1.0018464800803484,15.650430163072246,copath_tau_app_REGION-RF_rank156_region145_iVMH,145,iVMH,156
u0,0.016126919858005344,0.006566074857569806,0.00014225515776507906,2076.085398970491,2165.8025629039103,1.0010009012128358,18.921495419933205,copath_tau_app_REGION-RF_rank156_region145_iVMH,145,iVMH,156
alpha,1.350581732282093,0.7481574356856611,0.023040213223893196,679.1559716905117,317.04836593504575,1.0054759500159776,6.168369360421712,copath_tau_app_REGION-RF_rank173_region146_iPH,146,iPH,173
beta,0.6350316412925394,0.359709851972296,0.01864018704531162,572.1791139649503,292.21870853701034,1.0051822690837562,5.196762249574946,copath_tau_app_REGION-RF_rank173_region146_iPH,146,iPH,173
gamma,0.09155834589192925,0.06097738173572943,0.0014326326837117793,1281.5447652091452,1012.8895648393191,1.0052798028114842,11.639508144275318,copath_tau_app_REGION-RF_rank173_region146_iPH,146,iPH,173
sigma,0.25582572539368104,0.06790838012967249,0.0029995885504204853,757.3832609452786,564.1294376281995,1.0094906991715702,6.878861256689452,copath_tau_app_REGION-RF_rank173_region146_iPH,146,iPH,173
u0,0.012345672284361522,0.0069434213489112375,0.000199867290472095,845.7780521215789,511.25863096036215,1.0059779173427648,7.681698519764029,copath_tau_app_REGION-RF_rank173_region146_iPH,146,iPH,173
alpha,1.0397052074303155,0.3804069918928822,0.010965147643596527,1031.4489882316493,1081.6626159549915,1.0102936172602461,7.2050195815199345,copath_tau_app_REGION-RF_rank108_region147_iLHA,147,iLHA,108
beta,0.7444188776847309,0.1602446090909817,0.005238577361308002,1082.9682871027283,1244.4722124323332,1.010953010460642,7.564899286117536,copath_tau_app_REGION-RF_rank108_region147_iLHA,147,iLHA,108
gamma,0.06586260986502689,0.05468187137159802,0.0015000740541307022,1138.6747992350308,1124.2083903402531,1.0070815677731886,7.954028089684966,copath_tau_app_REGION-RF_rank108_region147_iLHA,147,iLHA,108
sigma,0.15495425305612168,0.029476797792140137,0.0007094121326007099,1764.2396855816933,1183.5439478337978,1.0029683059869743,12.323810121626558,copath_tau_app_REGION-RF_rank108_region147_iLHA,147,iLHA,108
u0,0.015291747342323149,0.006902177060838494,0.00015327792494640365,1797.0218022386327,1465.164016613901,1.000046285313772,12.552804279487784,copath_tau_app_REGION-RF_rank108_region147_iLHA,147,iLHA,108
alpha,1.0325921939601728,0.41037350834478226,0.013735847184982027,777.1514478252825,567.4047549949621,1.0041776262098379,6.0578182683260655,copath_tau_app_REGION-RF_rank106_region148_iLPO,148,iLPO,106
beta,0.8174700926665287,0.2236262966399724,0.009360172311971806,907.9426085322741,539.533798264774,1.003451382953465,7.077322362262347,copath_tau_app_REGION-RF_rank106_region148_iLPO,148,iLPO,106
gamma,0.0761114352711166,0.056961466896173374,0.0013161130087300098,1553.4057963068167,1197.5041148211071,1.0022602247723298,12.10864373646078,copath_tau_app_REGION-RF_rank106_region148_iLPO,148,iLPO,106
sigma,0.20639348772284383,0.06105154830606937,0.001769748599158281,1155.710568131367,716.0136826186465,1.004863039634766,9.008648973266352,copath_tau_app_REGION-RF_rank106_region148_iLPO,148,iLPO,106
u0,0.009503305234843324,0.00604856264350813,0.00015434751401393923,1096.283009208413,768.1969783882453,1.0026014061306616,8.54541705998498,copath_tau_app_REGION-RF_rank106_region148_iLPO,148,iLPO,106
alpha,0.9403704478367352,0.4646188339756201,0.021806162680712275,265.5767605004288,111.50979793479989,1.0190810439348397,2.0891486957444725,copath_tau_app_REGION-RF_rank127_region149_iPST,149,iPST,127
beta,0.86086677753206,0.41703255703102743,0.03621835204608828,282.7283162120701,109.16094800749786,1.014814259488089,2.224070705401662,copath_tau_app_REGION-RF_rank127_region149_iPST,149,iPST,127
gamma,0.07733989291698831,0.05908125655046,0.001785090350137247,740.9225169606402,943.0754065167008,1.0026229019384731,5.828436596030901,copath_tau_app_REGION-RF_rank127_region149_iPST,149,iPST,127
sigma,0.2980739250470007,0.07033548499177529,0.002470834049441682,690.034528816198,354.493965116323,1.0058910134889822,5.428128324099668,copath_tau_app_REGION-RF_rank127_region149_iPST,149,iPST,127
u0,0.0086791531624697,0.005753646501375729,0.00015828390293920548,872.1200912900323,717.314128689186,1.0081086636794927,6.86049693436252,copath_tau_app_REGION-RF_rank127_region149_iPST,149,iPST,127
alpha,0.7515391286505595,0.6036737370022598,0.01942830188180867,809.2317876417417,904.1597273629038,1.0026639591118385,9.352902009220102,copath_tau_app_REGION-RF_rank345_region150_iPSTN,150,iPSTN,345
beta,0.015358785406216114,0.8824329771584697,0.027002542597329995,1055.437393678109,1257.5034586299435,1.0035360611697404,12.1984858611464,copath_tau_app_REGION-RF_rank345_region150_iPSTN,150,iPSTN,345
gamma,0.07829228146937998,0.0615068197672708,0.0015494240655918722,899.8021980784506,483.41745222254673,1.0019604786253598,10.399692541532218,copath_tau_app_REGION-RF_rank345_region150_iPSTN,150,iPSTN,345
sigma,0.2549824301668948,0.10308895491481444,0.00327723880802009,780.9115004193762,602.052518213353,1.0024230897085693,9.025583093541252,copath_tau_app_REGION-RF_rank345_region150_iPSTN,150,iPSTN,345
u0,0.008909083114788817,0.006342461748691829,0.00016755148415473922,1165.7212099186088,1004.0269853889339,1.0030761551288019,13.473119090157518,copath_tau_app_REGION-RF_rank345_region150_iPSTN,150,iPSTN,345
alpha,1.1344811150122451,0.4905304271668648,0.014382496107103371,845.3385904071131,464.7105273398246,1.0019457642727065,6.865805661063433,copath_tau_app_REGION-RF_rank138_region151_iPeF,151,iPeF,138
beta,0.7253972922974324,0.24040378925834904,0.01160127286355227,790.5701804387259,400.38996740192397,1.0027259860312911,6.420978862103148,copath_tau_app_REGION-RF_rank138_region151_iPeF,151,iPeF,138
gamma,0.07938091146412818,0.05787903741532376,0.0011894633403577838,1462.2265400908334,985.7661933396967,1.003076918413074,11.876144506638347,copath_tau_app_REGION-RF_rank138_region151_iPeF,151,iPeF,138
sigma,0.2499135698100363,0.05589758218897106,0.0012698358007297043,2161.439638788007,2210.4581846601386,1.0006554391785567,17.555124865281115,copath_tau_app_REGION-RF_rank138_region151_iPeF,151,iPeF,138
u0,0.010031030303355084,0.006175383295972056,0.00012082545750114272,1911.2116221745832,1293.9888560794318,1.0007540267487356,15.522783088249824,copath_tau_app_REGION-RF_rank138_region151_iPeF,151,iPeF,138
alpha,0.7969882766865662,0.5965220122629208,0.011151871916127772,1963.9087299569455,1176.2063172738592,1.0005307645940196,27.88256875071975,copath_tau_app_REGION-RF_rank1_region152_iRCH,152,iRCH,384
beta,0.0023836716546265695,0.9696638465933214,0.018171969272647318,2847.501727614789,2650.505295989915,1.0015734668869274,40.427368887836856,copath_tau_app_REGION-RF_rank1_region152_iRCH,152,iRCH,384
gamma,0.08038896557525807,0.06065755767510357,0.0011773563474098,1756.0524180671675,1114.1967366948459,1.0015028170039093,24.93153145548616,copath_tau_app_REGION-RF_rank1_region152_iRCH,152,iRCH,384
sigma,1.6219102069838787,2.0422243008377916,0.04327064517491203,2225.849400825611,1903.2147917509453,1.0009220901809064,31.601468031882035,copath_tau_app_REGION-RF_rank1_region152_iRCH,152,iRCH,384
u0,0.00797378627818781,0.006205812578274657,0.0001186086060527881,1892.899951490332,1250.9324346909361,1.003614065932434,26.87442253837342,copath_tau_app_REGION-RF_rank1_region152_iRCH,152,iRCH,384
alpha,1.3154233258380073,0.6374984146167788,0.020919984145241072,772.980910133637,600.7366440219894,1.0038120820698695,5.058146631856229,copath_tau_app_REGION-RF_rank277_region153_iSTN,153,iSTN,277
beta,0.5163848969270612,0.2419078246099136,0.010644412896141245,836.454247984062,626.059225411962,1.0052153318519759,5.4734964106823245,copath_tau_app_REGION-RF_rank277_region153_iSTN,153,iSTN,277
gamma,0.09351139975525624,0.06217542042302689,0.0014788848998116457,1194.551090153879,957.1362499082021,1.002542286519304,7.816770755952329,copath_tau_app_REGION-RF_rank277_region153_iSTN,153,iSTN,277
sigma,0.13769853434532212,0.027267580494093054,0.0006454727663945421,1852.270922273408,1942.1018362329949,1.0016015363855895,12.120684746487074,copath_tau_app_REGION-RF_rank277_region153_iSTN,153,iSTN,277
u0,0.014613065675031383,0.00675345476619165,0.00015178897509030112,1809.1975133607186,1361.783036184057,1.0023059495994022,11.838825757011358,copath_tau_app_REGION-RF_rank277_region153_iSTN,153,iSTN,277
alpha,1.8779634012452342,0.6541818879192438,0.01719309897028712,1399.2451093121897,994.1249970651729,1.0020971919982524,15.598817298523887,copath_tau_app_REGION-RF_rank70_region154_iTU,154,iTU,70
beta,0.9523638805996032,0.2637167348774104,0.013606915236534772,920.011838352013,715.6234572389485,1.0032438317385033,10.256313553231957,copath_tau_app_REGION-RF_rank70_region154_iTU,154,iTU,70
gamma,0.08736117439154546,0.05373989912721136,0.0013589000931309863,1150.5100656962838,868.643227589848,1.0022662017074093,12.82591319810354,copath_tau_app_REGION-RF_rank70_region154_iTU,154,iTU,70
sigma,0.5296704800811022,0.09982100739821435,0.003312331213419179,1542.5031255875447,798.26412105391,1.002366010782067,17.195861024141543,copath_tau_app_REGION-RF_rank70_region154_iTU,154,iTU,70
u0,0.011373493905405397,0.006625926285440053,0.0001515118601060099,1495.4370899532344,1101.269392685807,1.0032146355291334,16.671167754935613,copath_tau_app_REGION-RF_rank70_region154_iTU,154,iTU,70
alpha,0.8394079835480294,0.6266639796410418,0.01643938540850988,1183.6137097412459,1096.423889876672,1.0032521229449773,13.096983720151437,copath_tau_app_REGION-RF_rank215_region155_iFF,155,iFF,215
beta,-0.017851268838776822,0.8814968196689853,0.023685426236262994,1391.174174108504,1773.3120118264737,1.0041779571181024,15.393692519983889,copath_tau_app_REGION-RF_rank215_region155_iFF,155,iFF,215
gamma,0.08349876536168466,0.06212742591552036,0.0014120604096163655,1468.6161651081436,1128.0440579372041,1.0021070288465315,16.250607649498672,copath_tau_app_REGION-RF_rank215_region155_iFF,155,iFF,215
sigma,0.4517200532785168,0.29129531341845893,0.008364159787716553,822.1166870003831,483.6805166569531,1.0062040170528768,9.096928142259115,copath_tau_app_REGION-RF_rank215_region155_iFF,155,iFF,215
u0,0.008454959278816144,0.006227761666197079,0.00015329472328776315,1213.9358077636518,977.1756069381232,1.0009435221579706,13.432505369564492,copath_tau_app_REGION-RF_rank215_region155_iFF,155,iFF,215
alpha,1.844121581330496,0.5599088126246196,0.012550782704436002,1913.1587157045956,1871.1308590346848,1.0013438669893964,21.208304315632713,copath_tau_app_REGION-RF_rank46_region156_iME,156,iME,46
beta,1.2416645753411997,0.307325950638662,0.008092515983016513,1505.4456121303822,1424.5215248884733,1.002714700115269,16.68860424940562,copath_tau_app_REGION-RF_rank46_region156_iME,156,iME,46
gamma,0.10380121024075424,0.056025923215369276,0.0014170521000658862,1467.9375927409346,1367.426589918734,1.0017442553933316,16.27280942644704,copath_tau_app_REGION-RF_rank46_region156_iME,156,iME,46
sigma,0.6728368982598875,0.11659544473727555,0.002347432179323187,2657.0973121801717,2274.9656358758625,1.0011474828473994,29.455229161273632,copath_tau_app_REGION-RF_rank46_region156_iME,156,iME,46
u0,0.010610203851835798,0.00636608745719753,0.00011530563032133295,2492.757616540373,1618.4689044742265,1.000601679492936,27.633442893539076,copath_tau_app_REGION-RF_rank46_region156_iME,156,iME,46
alpha,2.5828106253482592,0.607061122822974,0.019502053684652153,923.2426107311865,589.4386345890257,1.0042578738269834,6.418181766386647,copath_tau_app_REGION-RF_rank227_region157_iSCs,157,iSCs,227
beta,0.35754189417015514,0.04161456158258083,0.0016562981183866402,877.768720276058,529.7537276344539,1.0093770013989427,6.102057173377857,copath_tau_app_REGION-RF_rank227_region157_iSCs,157,iSCs,227
gamma,0.033809690469980384,0.029188741346457516,0.0011027897232917512,943.769159228088,584.9862163809191,1.011351169533704,6.5608778657199815,copath_tau_app_REGION-RF_rank227_region157_iSCs,157,iSCs,227
sigma,0.04464404202445813,0.009657210690368203,0.0002892120151769009,1249.5599883555008,1501.162077573997,1.0031196779346823,8.686669181048751,copath_tau_app_REGION-RF_rank227_region157_iSCs,157,iSCs,227
u0,0.02264444918215983,0.006934829732776196,0.00016728408001374072,1717.2917074038446,1408.1608254988716,1.0035401059552214,11.938238330764728,copath_tau_app_REGION-RF_rank227_region157_iSCs,157,iSCs,227
alpha,2.176794709251324,0.6533543152249877,0.016849757961854915,1348.9850220986314,1144.3328131968788,1.0052933840120337,10.592986266646497,copath_tau_app_REGION-RF_rank297_region158_iIC,158,iIC,297
beta,0.35055231053697583,0.06256731224006445,0.0019618370059497465,1126.4199049797217,1013.5802292830842,1.007795709698261,8.845280257718844,copath_tau_app_REGION-RF_rank297_region158_iIC,158,iIC,297
gamma,0.09191949788489946,0.05542096938822227,0.0016194447548680282,1166.1021681476311,1387.9085614720693,1.0063377358612937,9.156887623168439,copath_tau_app_REGION-RF_rank297_region158_iIC,158,iIC,297
sigma,0.06354520289785437,0.012798115953597968,0.0002945234679648039,1947.1220334632426,2123.4672656023768,1.001234118145578,15.28989323237487,copath_tau_app_REGION-RF_rank297_region158_iIC,158,iIC,297
u0,0.021348717054332493,0.00699173660854423,0.00014856899251682512,2140.2367735570274,1744.5730848754677,1.003110204773273,16.806338379051155,copath_tau_app_REGION-RF_rank297_region158_iIC,158,iIC,297
alpha,2.3778822854104393,0.6015799932808952,0.014520189059299728,1650.208731880404,1495.9953890954937,1.0017154246415927,14.70564564661371,copath_tau_app_REGION-RF_rank245_region159_iSAG,159,iSAG,245
beta,0.4213128191201146,0.06272347691837724,0.001620355209073474,1513.2437867699384,1536.76743201787,1.001259494453931,13.485098263794276,copath_tau_app_REGION-RF_rank245_region159_iSAG,159,iSAG,245
gamma,0.09956920350791434,0.04912663632435444,0.0012355055287448314,1523.0032190543732,1155.6855569057352,1.0016465045061658,13.57206832407476,copath_tau_app_REGION-RF_rank245_region159_iSAG,159,iSAG,245
sigma,0.08152734817089065,0.016159640529123942,0.00037144568818451326,1799.2989039577308,1683.8614919967465,1.0021816526947933,16.034245597399043,copath_tau_app_REGION-RF_rank245_region159_iSAG,159,iSAG,245
u0,0.018008665187451405,0.0066173511948484235,0.00013688725939876048,2201.9350106469346,1853.466364390989,1.00106037633863,19.62229103378248,copath_tau_app_REGION-RF_rank245_region159_iSAG,159,iSAG,245
alpha,1.3520999098035855,0.6214259903435526,0.04014905246364217,211.64515012097712,138.97365550136735,1.0207994458698948,1.8211204051126524,copath_tau_app_REGION-RF_rank263_region160_iPBG,160,iPBG,263
beta,0.5491290509970705,0.2738933656580457,0.02795448982968394,214.72412645754386,105.15218575055677,1.0255979789461438,1.8476137437512916,copath_tau_app_REGION-RF_rank263_region160_iPBG,160,iPBG,263
gamma,0.09361504997212418,0.06265296577385941,0.0014257577323833403,1570.3799710581281,1011.4942897137618,1.005713654815302,13.512480713304663,copath_tau_app_REGION-RF_rank263_region160_iPBG,160,iPBG,263
sigma,0.1646281935475334,0.030868663568886817,0.0009034618711484027,1245.2121712028609,1357.2309068488275,1.0033477730345848,10.71454409598304,copath_tau_app_REGION-RF_rank263_region160_iPBG,160,iPBG,263
u0,0.012410803619845751,0.006451483333328534,0.00015713645865380428,1396.8681087264501,946.5171984475348,1.0008032736988985,12.019481734397292,copath_tau_app_REGION-RF_rank263_region160_iPBG,160,iPBG,263
alpha,0.8597629179581602,0.5219455467123432,0.013640338800784343,1101.1870427580643,741.5411291776367,1.0033777292817323,8.872955721383851,copath_tau_app_REGION-RF_rank103_region161_iSCO,161,iSCO,103
beta,0.6804473901045678,0.6906448624721543,0.02612663795966979,793.2605289843591,1147.2645205489382,1.006108510489782,6.39179837384461,copath_tau_app_REGION-RF_rank103_region161_iSCO,161,iSCO,103
gamma,0.07781217660665875,0.05924166431500419,0.0013644455001508293,1047.616550701082,377.3639856382167,1.0017896316611687,8.441304616223889,copath_tau_app_REGION-RF_rank103_region161_iSCO,161,iSCO,103
sigma,0.6489995407290415,0.12127511597951923,0.00431897411928746,661.543898156398,509.9036279391295,1.003596342058252,5.330474740595926,copath_tau_app_REGION-RF_rank103_region161_iSCO,161,iSCO,103
u0,0.00832020763880156,0.00611126441050721,0.00015130508405996734,759.2051082136961,352.61810370283945,1.00876857800563,6.117392456558878,copath_tau_app_REGION-RF_rank103_region161_iSCO,161,iSCO,103
alpha,0.7890470103174665,0.6216335308613082,0.01208354629696812,1712.2764530882203,1097.2437701051529,1.0008167204574467,23.433050773743624,copath_tau_app_REGION-RF_rank1_region162_iSNr,162,iSNr,385
beta,0.021167394530187584,1.0045078841623618,0.019921460342163713,2535.6311207613094,1975.735436660608,1.003378547816331,34.70092267467681,copath_tau_app_REGION-RF_rank1_region162_iSNr,162,iSNr,385
gamma,0.0793615351644617,0.05972683174488532,0.001012419410926532,2492.382366295395,1651.374899510931,1.0010816155190485,34.109049640697336,copath_tau_app_REGION-RF_rank1_region162_iSNr,162,iSNr,385
sigma,1.6631026717581612,2.2106561970000356,0.043101532742857225,2689.2014185543626,2265.6429385126185,1.00070077755202,36.80258130522865,copath_tau_app_REGION-RF_rank1_region162_iSNr,162,iSNr,385
u0,0.008000859338397788,0.006040839122232731,0.00010306241771935245,2445.777744115391,1431.8873110449365,1.0005345857560204,33.47125048398669,copath_tau_app_REGION-RF_rank1_region162_iSNr,162,iSNr,385
alpha,1.4401004654416403,0.5025636661126247,0.015195415780337281,957.4237765170607,930.6083088084856,1.0008052173868438,7.025468168368279,copath_tau_app_REGION-RF_rank148_region163_iVTA,163,iVTA,148
beta,0.5782695160248431,0.11096172989859883,0.00436439380547126,766.8835183059831,535.9971625564023,1.000622750268126,5.627305148305925,copath_tau_app_REGION-RF_rank148_region163_iVTA,163,iVTA,148
gamma,0.06689562162157853,0.05431569619225319,0.0020811606907665922,831.8548915103989,657.3154303467952,1.0013815189703625,6.104057789611011,copath_tau_app_REGION-RF_rank148_region163_iVTA,163,iVTA,148
sigma,0.12042237298924893,0.022383336224894676,0.0005048342121086226,1931.8536281654137,1512.30415821192,1.0038957361358642,14.175725006533757,copath_tau_app_REGION-RF_rank148_region163_iVTA,163,iVTA,148
u0,0.016665851306077107,0.006897004600063062,0.00014936212418089273,1927.984241378367,1236.2529444015559,1.000478682716575,14.147331880762017,copath_tau_app_REGION-RF_rank148_region163_iVTA,163,iVTA,148
alpha,1.57712306430442,0.5090830708248845,0.014600248068173402,1175.3048105496762,1306.4219046921412,1.0018709752552508,7.820610518486298,copath_tau_app_REGION-RF_rank212_region164_iMRN,164,iMRN,212
beta,0.43404738747792987,0.08496018294653226,0.0026752425170793806,1048.0468019816717,1106.0621597959978,1.0020019728671308,6.973821403496548,copath_tau_app_REGION-RF_rank212_region164_iMRN,164,iMRN,212
gamma,0.0708454926793625,0.054417209503468886,0.001601127196295922,1036.5676323970138,1312.320471634003,1.0016521195899217,6.897437716821023,copath_tau_app_REGION-RF_rank212_region164_iMRN,164,iMRN,212
sigma,0.07033962325843839,0.013834918023877693,0.0003442413535880418,1570.802157135759,1436.7565084314595,1.0010077570684024,10.452294385497755,copath_tau_app_REGION-RF_rank212_region164_iMRN,164,iMRN,212
u0,0.020484043070184976,0.007131108234376634,0.00014757196595613074,2292.5017733160375,2034.5551460401468,1.0009820987115374,15.254564876373493,copath_tau_app_REGION-RF_rank212_region164_iMRN,164,iMRN,212
alpha,2.956378355891152,0.7635240757355207,0.02692895110594656,796.7320780525503,838.780784104593,1.0018377466001798,5.271728067679132,copath_tau_app_REGION-RF_rank286_region165_iSCm,165,iSCm,286
beta,0.30374678916724474,0.04207339083264364,0.0017258033806648511,682.997999932241,821.4400645128774,1.0047087280566427,4.519185088182203,copath_tau_app_REGION-RF_rank286_region165_iSCm,165,iSCm,286
gamma,0.04161604895474437,0.034551910069854155,0.0013711725319164561,659.9928378981957,781.9297199944618,1.0056471906891933,4.3669670945339245,copath_tau_app_REGION-RF_rank286_region165_iSCm,165,iSCm,286
sigma,0.04060098869865171,0.009760579888997159,0.00027189561944545974,1299.1541612637272,2056.0927044669465,1.0037466493044074,8.5960985440885,copath_tau_app_REGION-RF_rank286_region165_iSCm,165,iSCm,286
u0,0.02534267387342137,0.007065626583925567,0.00018933302544864718,1372.8376712673473,1825.9566593205911,1.004747300629165,9.08363938562291,copath_tau_app_REGION-RF_rank286_region165_iSCm,165,iSCm,286
alpha,1.039740395467401,0.48442598299881423,0.011810366099482333,1362.2190595282877,766.2772412170888,1.001311483780913,14.548337778246019,copath_tau_app_REGION-RF_rank57_region166_iPRC,166,iPRC,57
beta,0.8610179701566519,0.7051503675132637,0.026425791906808035,1018.5898563176792,1025.4779926300785,1.0025111423300672,10.878418697456897,copath_tau_app_REGION-RF_rank57_region166_iPRC,166,iPRC,57
gamma,0.08095361646903441,0.058159860297534414,0.001774114620892073,720.1204187045981,528.6338163619054,1.0047429672079973,7.690800550062991,copath_tau_app_REGION-RF_rank57_region166_iPRC,166,iPRC,57
sigma,0.6400274285250928,0.2645230353563981,0.009721120620201362,716.6576604077441,1035.876449234313,1.0030194621482653,7.6538187026907325,copath_tau_app_REGION-RF_rank57_region166_iPRC,166,iPRC,57
u0,0.00829802153606886,0.005995155248594176,0.00013247040616404934,1313.4140087423614,859.1997439561028,1.0010854650651098,14.027105631953791,copath_tau_app_REGION-RF_rank57_region166_iPRC,166,iPRC,57
alpha,1.4119734571005202,0.5451913143450019,0.014579488415165962,1114.1893400586632,836.4294014753845,1.0032875663814014,7.396125593671633,copath_tau_app_REGION-RF_rank223_region167_iINC,167,iINC,223
beta,0.4570756529481847,0.11206965020232001,0.0039359850050563255,1059.6277597131757,777.9744583187128,1.0041423172366635,7.033939126510509,copath_tau_app_REGION-RF_rank223_region167_iINC,167,iINC,223
gamma,0.0788359145872208,0.05818337010596184,0.001577148558496258,1252.8514872503952,1269.1949341833297,1.0008739843411132,8.316581945968304,copath_tau_app_REGION-RF_rank223_region167_iINC,167,iINC,223
sigma,0.0855995298382738,0.01678423203633731,0.0003870731798067875,1974.1835777202612,2086.932224488443,1.0005352175374145,13.104872898006978,copath_tau_app_REGION-RF_rank223_region167_iINC,167,iINC,223
u0,0.019557416118891977,0.007262778001771507,0.00017624308580311066,1608.7846833800438,1645.323954922514,1.00134465309267,10.67931018872212,copath_tau_app_REGION-RF_rank223_region167_iINC,167,iINC,223
alpha,1.661577844559672,0.6329050591732576,0.017062366315262593,1208.2306031127564,581.2254576257892,1.0019197853700714,8.563241809509595,copath_tau_app_REGION-RF_rank308_region168_iND,168,iND,308
beta,0.39483250612459114,0.1245131008378491,0.0045259238747652735,1016.1299559947863,574.7157246467625,1.001688534545418,7.20174319426476,copath_tau_app_REGION-RF_rank308_region168_iND,168,iND,308
gamma,0.10066822548332231,0.06421493216433853,0.001743755856181218,1022.4362142224754,450.97057905474696,1.0054989987920173,7.246438316187501,copath_tau_app_REGION-RF_rank308_region168_iND,168,iND,308
sigma,0.10055880416885925,0.019196257158891634,0.00047723714686075157,1578.1522702440905,2048.57832272793,1.0015901442049642,11.185033277182681,copath_tau_app_REGION-RF_rank308_region168_iND,168,iND,308
u0,0.017386871137856467,0.006821250937490079,0.00016263599431951678,1635.2242205674738,1367.6726351684795,1.0007007085874575,11.589526351518295,copath_tau_app_REGION-RF_rank308_region168_iND,168,iND,308
alpha,0.7353028912975154,0.5903225509408867,0.01518856413255103,1041.068269491284,837.6894020385431,1.0033205649635681,11.323960074958219,copath_tau_app_REGION-RF_rank320_region169_iSu3,169,iSu3,320
beta,-0.12428385223371481,0.8471837467897518,0.024921411513659335,1174.3322431226347,1479.3269878641622,1.0028664312596889,12.773505662942673,copath_tau_app_REGION-RF_rank320_region169_iSu3,169,iSu3,320
gamma,0.07878357757259707,0.06022233638489954,0.0014030246083246256,1176.465478744931,845.6608574484238,1.0015426461197643,12.796709400608375,copath_tau_app_REGION-RF_rank320_region169_iSu3,169,iSu3,320
sigma,0.29159902178412556,0.10105401816022183,0.0026547585578967706,1381.969087948837,1191.398713125574,1.0035965762971621,15.032023581321987,copath_tau_app_REGION-RF_rank320_region169_iSu3,169,iSu3,320
u0,0.008507867860073392,0.006399006931058436,0.00015896162915723046,1248.6864386792763,981.616187904456,1.0035831757315206,13.5822748537475,copath_tau_app_REGION-RF_rank320_region169_iSu3,169,iSu3,320
alpha,1.3359123958939694,0.4770771594271524,0.014868434147015382,891.4872918734321,613.0741958486657,1.002554610761735,5.765255943979099,copath_tau_app_REGION-RF_rank231_region170_iAPN,170,iAPN,231
beta,0.4692771387595688,0.13293085601936191,0.005660007048332038,942.9343497077423,609.9906094805862,1.005164607533478,6.0979645071670125,copath_tau_app_REGION-RF_rank231_region170_iAPN,170,iAPN,231
gamma,0.08502530176936306,0.05954742367164042,0.0014202979359711737,1584.0515312306143,991.1353848120862,1.0013255217597554,10.24407480537935,copath_tau_app_REGION-RF_rank231_region170_iAPN,170,iAPN,231
sigma,0.08511996108542944,0.01594065403111572,0.0003792898324554524,1855.2912758136358,2207.141451579924,1.001487539260036,11.998184554284949,copath_tau_app_REGION-RF_rank231_region170_iAPN,170,iAPN,231
u0,0.017423555584852812,0.007049649294741739,0.00018276463980880696,1391.0650331758382,1178.0552664267088,1.0014076226219315,8.996029471295136,copath_tau_app_REGION-RF_rank231_region170_iAPN,170,iAPN,231
alpha,0.7529896040753215,0.6063424919385098,0.013552618799030035,1393.0955134284911,1097.9394448216763,1.003703827758092,15.860549598429891,copath_tau_app_REGION-RF_rank344_region171_iMPT,171,iMPT,344
beta,-0.07200086693250185,0.88479208220807,0.02258236271222108,1474.675003496142,1317.4655008881111,1.0025840702403985,16.78934129717583,copath_tau_app_REGION-RF_rank344_region171_iMPT,171,iMPT,344
gamma,0.08101602046759702,0.06177689477786574,0.001388399505030864,1213.2609683110436,735.355619057729,1.0009394486692005,13.813113012171181,copath_tau_app_REGION-RF_rank344_region171_iMPT,171,iMPT,344
sigma,0.5059671056912105,0.47464626420494194,0.01211088745473955,1387.7174997489092,937.0656213186535,1.0063688132767297,15.799320305905562,copath_tau_app_REGION-RF_rank344_region171_iMPT,171,iMPT,344
u0,0.00793643821481123,0.005822990368721353,0.0001432431193482863,1091.6759658955991,765.4696072434153,1.0039229357208999,12.428854041664948,copath_tau_app_REGION-RF_rank344_region171_iMPT,171,iMPT,344
alpha,1.6774572758069113,0.6606821019313096,0.026975091120010623,539.2073247334582,208.30426975472423,1.0051564262916504,3.9995202772141565,copath_tau_app_REGION-RF_rank335_region172_iNOT,172,iNOT,335
beta,0.4010936206941615,0.19310817502802508,0.015396680451256688,504.56854366195523,202.0519074388025,1.0072644044002532,3.7425903340945212,copath_tau_app_REGION-RF_rank335_region172_iNOT,172,iNOT,335
gamma,0.11668579730247317,0.06775413851308226,0.001535536911664414,1724.3605519834155,1319.2426966094265,1.001449981876974,12.790284323928669,copath_tau_app_REGION-RF_rank335_region172_iNOT,172,iNOT,335
sigma,0.08428095759813752,0.024916372330186926,0.001023567750980237,400.49633788810667,160.81203472415888,1.0086681994358415,2.9706444086702564,copath_tau_app_REGION-RF_rank335_region172_iNOT,172,iNOT,335
u0,0.014974187186368514,0.006728590431941811,0.00022359704463805128,936.443628046341,794.8202428474822,1.0030379247293777,6.945983682047953,copath_tau_app_REGION-RF_rank335_region172_iNOT,172,iNOT,335
alpha,0.8432484395543236,0.47126457333825983,0.013393527859740581,900.9204105794099,945.7609706829614,1.0039983435711908,5.983597851953707,copath_tau_app_REGION-RF_rank149_region173_iNPC,173,iNPC,149
beta,0.7296278559190135,0.5315681939564854,0.021894772823970482,711.4253036268474,438.71959040090803,1.0059413647327775,4.725037715450784,copath_tau_app_REGION-RF_rank149_region173_iNPC,173,iNPC,149
gamma,0.07974358661695252,0.06012618003369687,0.0020779659398170993,523.1901161167771,230.5874622820649,1.0026910154546802,3.4748455226432244,copath_tau_app_REGION-RF_rank149_region173_iNPC,173,iNPC,149
sigma,0.2511369440088923,0.07732911284478476,0.0035789460038668417,350.76874973622665,188.94570854338184,1.0093256232327221,2.3296831915533267,copath_tau_app_REGION-RF_rank149_region173_iNPC,173,iNPC,149
u0,0.00855148363066211,0.005840977082716073,0.00020127692387241687,606.8472184896597,574.1457979332112,1.0111442349995967,4.030466698699297,copath_tau_app_REGION-RF_rank149_region173_iNPC,173,iNPC,149
alpha,0.7854731778908591,0.6004396262435356,0.012238457504083596,1746.9731868038277,1367.9166350983098,1.001991492687215,21.506237603917565,copath_tau_app_REGION-RF_rank313_region174_iOP,174,iOP,313
beta,-0.08029422910045823,0.9259425076231054,0.01900338308979962,2359.612716202585,2177.252132784079,1.0018856148765134,29.048180081527807,copath_tau_app_REGION-RF_rank313_region174_iOP,174,iOP,313
gamma,0.08097524334293545,0.06250141668893563,0.0014160469219008005,1194.741310587559,921.9729419123994,1.003995464461965,14.707947835032918,copath_tau_app_REGION-RF_rank313_region174_iOP,174,iOP,313
sigma,0.7932806461097341,0.9230069021430063,0.020809968421204892,1745.122115195402,1260.7482108977272,1.0007938691333083,21.48344985529419,copath_tau_app_REGION-RF_rank313_region174_iOP,174,iOP,313
u0,0.00806765704684712,0.0063014574773949655,0.00013112605179106446,1394.1452690932076,895.3294743982153,1.0024843176775935,17.16272444132422,copath_tau_app_REGION-RF_rank313_region174_iOP,174,iOP,313
alpha,1.3868968983686023,0.7042325014348243,0.023311553654888954,766.5355652552167,634.9695483450366,1.0097273027138345,4.826229578442058,copath_tau_app_REGION-RF_rank337_region175_iPPT,175,iPPT,337
beta,0.4578201264069877,0.2837616810951825,0.013420264016063077,766.7281061629492,595.0701431712096,1.0089362047527612,4.827441846555996,copath_tau_app_REGION-RF_rank337_region175_iPPT,175,iPPT,337
gamma,0.10568803133164895,0.0673794103633798,0.0019247784086613522,988.4780043387445,722.7075256300569,1.0035444979332258,6.223614400188536,copath_tau_app_REGION-RF_rank337_region175_iPPT,175,iPPT,337
sigma,0.1176596117615289,0.030623536256547658,0.0009390993115078631,1130.3847802378696,1455.7035129582978,1.0053635409836168,7.117081983780274,copath_tau_app_REGION-RF_rank337_region175_iPPT,175,iPPT,337
u0,0.012888330180412896,0.006248239440034783,0.0001525571634812459,1452.0834558170475,1085.2947859306698,1.0023227158810384,9.142547903171675,copath_tau_app_REGION-RF_rank337_region175_iPPT,175,iPPT,337
alpha,0.7575711168759899,0.612278749329761,0.011954721194243885,1547.1356109521937,999.6357084518997,1.0009510974183222,19.079005203440502,copath_tau_app_REGION-RF_rank358_region176_iRPF,176,iRPF,358
beta,-0.13309915897271538,0.9374298020448635,0.02067690496329082,2065.864946650896,1814.110053909838,1.0000049474148116,25.475884458828922,copath_tau_app_REGION-RF_rank358_region176_iRPF,176,iRPF,358
gamma,0.08317065171346635,0.06047372337812324,0.001232445871793707,1623.2869632669829,1064.897987595491,1.001566748628443,20.01809033390861,copath_tau_app_REGION-RF_rank358_region176_iRPF,176,iRPF,358
sigma,0.6933484602343056,0.7829683593014287,0.01613949890961325,2139.4215575414264,1382.5155814292868,1.0007245225329346,26.382971692807175,copath_tau_app_REGION-RF_rank358_region176_iRPF,176,iRPF,358
u0,0.007995743116765215,0.006127122368621807,0.00011365587524158427,1877.675953973445,1409.0652164774979,1.0008199615425961,23.155170783113356,copath_tau_app_REGION-RF_rank358_region176_iRPF,176,iRPF,358
alpha,0.7895166421425384,0.6003775359353064,0.011500754681235018,1916.873127724966,1211.1488015698308,1.00019391535328,27.932170427024246,copath_tau_app_REGION-RF_rank1_region177_iCUN,177,iCUN,386
beta,-0.010713252711497284,1.0006984352803663,0.01882386315290501,2824.6926510650214,2409.811368528304,0.9998706032998451,41.16067745555651,copath_tau_app_REGION-RF_rank1_region177_iCUN,177,iCUN,386
gamma,0.07950426636678674,0.05834292217972807,0.0012229043313950905,1668.052470983723,1175.015093277523,1.0045376016948226,24.306421341528324,copath_tau_app_REGION-RF_rank1_region177_iCUN,177,iCUN,386
sigma,1.6548736066596936,2.1917893208915906,0.04498823132339307,2584.1508935079733,2514.6403018192186,1.0005576889991945,37.65556630880385,copath_tau_app_REGION-RF_rank1_region177_iCUN,177,iCUN,386
u0,0.007904447440562672,0.005907239943162116,0.00011067956544680804,1906.588134337098,1138.8276472017135,1.0043845048808682,27.782300211830762,copath_tau_app_REGION-RF_rank1_region177_iCUN,177,iCUN,386
alpha,1.1794193139706937,0.5333788709211147,0.01924280244092825,542.6801712203534,243.81654130809434,1.0066105932375804,3.025091119610873,copath_tau_app_REGION-RF_rank233_region178_iRN,178,iRN,233
beta,0.5396769485764812,0.24647353166637334,0.0171760407073054,490.02973359544313,258.62604799806076,1.0070522657608703,2.7315989676043277,copath_tau_app_REGION-RF_rank233_region178_iRN,178,iRN,233
gamma,0.08223116758097183,0.06024266467900158,0.0012877102421596119,1557.1237637531128,1322.6613935517005,1.0020807580389937,8.67995832475689,copath_tau_app_REGION-RF_rank233_region178_iRN,178,iRN,233
sigma,0.11094636177147221,0.02081179102745387,0.0005055696384291534,1735.626495089549,1976.7684027682312,1.0026528686846041,9.674995652503437,copath_tau_app_REGION-RF_rank233_region178_iRN,178,iRN,233
u0,0.01591500955173711,0.0069487888336378185,0.00015926187300686567,1605.663227416868,1091.6722812580924,1.0019889741137578,8.950534454615665,copath_tau_app_REGION-RF_rank233_region178_iRN,178,iRN,233
alpha,0.8625126294470848,0.5230560779445464,0.018859987126167196,591.5747856412079,654.9886278296951,1.0051741424021485,3.296838364669538,copath_tau_app_REGION-RF_rank254_region179_iIII,179,iIII,254
beta,0.7418697234229196,0.49561947499017844,0.023868339398439024,524.1075148817774,518.5712828787223,1.0106097308050244,2.920844167489299,copath_tau_app_REGION-RF_rank254_region179_iIII,179,iIII,254
gamma,0.0792823975534599,0.0612446011237701,0.0023844074589207767,272.90612585194475,80.80577497437157,1.021716652267871,1.5209021876867355,copath_tau_app_REGION-RF_rank254_region179_iIII,179,iIII,254
sigma,0.18660140459896424,0.045844295081040466,0.0016167842655324695,862.348007092601,1320.177180044425,1.0028887912429618,4.8058539046718405,copath_tau_app_REGION-RF_rank254_region179_iIII,179,iIII,254
u0,0.008744370433507096,0.006116762591438249,0.00022041172937516638,255.1803928266495,71.95670001320303,1.0166079221728057,1.4221169147202053,copath_tau_app_REGION-RF_rank254_region179_iIII,179,iIII,254
alpha,0.9728565914253553,0.48068993504004126,0.016603569851091085,670.6663651230601,603.3891988490891,1.0046875905761765,4.63920288536686,copath_tau_app_REGION-RF_rank153_region180_iMA3,180,iMA3,153
beta,0.7744709093537521,0.326209411541275,0.01537741503284052,663.0556872660536,495.8328852660348,1.0058268006974105,4.586557515761447,copath_tau_app_REGION-RF_rank153_region180_iMA3,180,iMA3,153
gamma,0.07911138567501966,0.05800426618653456,0.0013292322046191203,1334.9275265559725,819.5766368490653,1.0015056426211961,9.23409903196467,copath_tau_app_REGION-RF_rank153_region180_iMA3,180,iMA3,153
sigma,0.24964093680514293,0.04358087179727939,0.0010572252908066905,1958.6870072128677,1924.3353400482372,1.0024185133206787,13.548832754905183,copath_tau_app_REGION-RF_rank153_region180_iMA3,180,iMA3,153
u0,0.009865959456984694,0.006135862068178186,0.00013448980802012147,1641.2433992268336,1196.2082632683935,1.002773997946328,11.352978931462205,copath_tau_app_REGION-RF_rank153_region180_iMA3,180,iMA3,153
alpha,1.1640790820580296,0.6285151227102952,0.027520396851978976,525.7226556163046,865.6006907586907,1.0093160544417352,5.4677911950858,copath_tau_app_REGION-RF_rank113_region181_iIV,181,iIV,113
beta,0.5021337924104636,0.6253663740105564,0.021306090448253812,922.4128934553755,902.7395160088533,1.0029032012142116,9.593577608247362,copath_tau_app_REGION-RF_rank113_region181_iIV,181,iIV,113
gamma,0.0905045370918481,0.06454506063884986,0.002591867601739072,498.0129496262076,422.761851711194,1.001613623013601,5.1795957277372375,copath_tau_app_REGION-RF_rank113_region181_iIV,181,iIV,113
sigma,0.552844408420495,0.1226077142814792,0.0058133818578403286,357.59043423761216,256.0730183915795,1.0118401893652862,3.7191279601203564,copath_tau_app_REGION-RF_rank113_region181_iIV,181,iIV,113
u0,0.009180420774843266,0.006092620778866467,0.00021969947557651842,651.5802102319312,922.9839638582445,1.001385807140851,6.776775735909174,copath_tau_app_REGION-RF_rank113_region181_iIV,181,iIV,113
alpha,1.5217314248522629,0.597704207345294,0.027804627491021257,378.85821048702616,185.13736846369744,1.0041310930436775,3.059132064169132,copath_tau_app_REGION-RF_rank268_region182_iPa4,182,iPa4,268
beta,0.49089729672784843,0.20864604746888735,0.02098429254713131,463.9670858311754,188.74326924681918,1.0063633583565215,3.7463529882609343,copath_tau_app_REGION-RF_rank268_region182_iPa4,182,iPa4,268
gamma,0.09842060460640634,0.06506130745072485,0.0015393807009200379,1411.122792351452,1066.029953503622,1.000868825244139,11.394265350651638,copath_tau_app_REGION-RF_rank268_region182_iPa4,182,iPa4,268
sigma,0.1641927451644122,0.03002336916302135,0.0006978656780915288,1954.451176827299,2162.4145929265446,1.0009153353449396,15.781429826212596,copath_tau_app_REGION-RF_rank268_region182_iPa4,182,iPa4,268
u0,0.012685494630805021,0.006653896458651547,0.0001688205657076023,1332.6295710926238,918.2719912883906,1.0007647796494532,10.760463249163259,copath_tau_app_REGION-RF_rank268_region182_iPa4,182,iPa4,268
alpha,0.8080674584938178,0.6095416448478876,0.01115190795252133,2048.8851109077864,1078.8865750062625,1.0007438231268226,29.014460050240547,copath_tau_app_REGION-RF_rank1_region183_iVTN,183,iVTN,387
beta,0.0045927975126536826,1.0048104463996477,0.017742573294799814,3219.065824347427,2405.221621931707,1.0030247836901047,45.585502214051026,copath_tau_app_REGION-RF_rank1_region183_iVTN,183,iVTN,387
gamma,0.07905672340756104,0.06149266994005889,0.001079646578182986,1728.4104773153142,997.1272387394961,1.003573488466893,24.476187794767675,copath_tau_app_REGION-RF_rank1_region183_iVTN,183,iVTN,387
sigma,1.6736082018613625,2.32483332888496,0.04541433830073847,3105.5921062520206,2566.074502216873,1.0000193749810153,43.97858992653252,copath_tau_app_REGION-RF_rank1_region183_iVTN,183,iVTN,387
u0,0.008015787482861645,0.005921488014858808,0.00010345070273832396,1742.8580642455784,945.2670132455617,1.0012587021369657,24.680781469434383,copath_tau_app_REGION-RF_rank1_region183_iVTN,183,iVTN,387
alpha,1.2318886019294242,0.34567143616965856,0.010404922171182853,977.1614234570312,950.8782315420348,1.0026062208326603,6.892485282404363,copath_tau_app_REGION-RF_rank104_region184_iAT,184,iAT,104
beta,0.7733387916317798,0.12260309423199764,0.004303973690459699,897.0962464109106,1058.976400483021,1.0018525709094732,6.327739232083279,copath_tau_app_REGION-RF_rank104_region184_iAT,184,iAT,104
gamma,0.054883941356488934,0.04668322525082458,0.0016262609471345269,812.8893662740905,1170.3466808791918,1.0009577307502517,5.73377935187548,copath_tau_app_REGION-RF_rank104_region184_iAT,184,iAT,104
sigma,0.12416543297347658,0.023171509956782656,0.0005175849710603699,1970.3776044711044,2254.4046167617976,1.0028067557126976,13.89821406533804,copath_tau_app_REGION-RF_rank104_region184_iAT,184,iAT,104
u0,0.0132842662646488,0.00638811180021086,0.0001482044367818695,1640.1119139799882,1394.0322741674338,1.0015030000148453,11.568658931100558,copath_tau_app_REGION-RF_rank104_region184_iAT,184,iAT,104
alpha,2.105507727307874,0.7461747947875979,0.020239945233569017,1284.0674301514769,798.5812966259078,1.0023750800827071,13.404746013774394,copath_tau_app_REGION-RF_rank184_region185_iLT,185,iLT,184
beta,0.5360644250839101,0.1218557111593309,0.003852891519392992,1423.1654451985191,874.2561948186728,1.0037378954014096,14.856829852164264,copath_tau_app_REGION-RF_rank184_region185_iLT,185,iLT,184
gamma,0.10290012715541345,0.058352954435684105,0.0013122356945529257,1666.1525843704746,1081.8819010190434,1.0024105973770792,17.393441877927955,copath_tau_app_REGION-RF_rank184_region185_iLT,185,iLT,184
sigma,0.19208582358313558,0.03900602862585422,0.0009533221844161289,1688.0285545109527,2037.656407490355,1.0037468004662438,17.621811367451905,copath_tau_app_REGION-RF_rank184_region185_iLT,185,iLT,184
u0,0.015173772174871238,0.006741062646356703,0.00014438553429814874,1876.3704875618757,1151.4532198700667,1.0022721937619279,19.58796650619964,copath_tau_app_REGION-RF_rank184_region185_iLT,185,iLT,184
alpha,1.5885257873281058,0.6320254969789958,0.015638897963678136,1405.9127696917506,658.6744709051535,1.0031564443270151,13.740217254441909,copath_tau_app_REGION-RF_rank220_region186_iMT,186,iMT,220
beta,0.5391730622615776,0.15372488945656615,0.0052953966295299195,1375.322975383458,702.669841580733,1.0014904225966872,13.441258152123787,copath_tau_app_REGION-RF_rank220_region186_iMT,186,iMT,220
gamma,0.10140043484372349,0.06342346328276516,0.0011943055217643508,2320.7894497016164,1477.55735964666,1.0006914179981026,22.681457860083622,copath_tau_app_REGION-RF_rank220_region186_iMT,186,iMT,220
sigma,0.2197690254709104,0.042770011625808825,0.0010629382068954856,1826.2627314181016,1553.8401546609996,1.0006614380515544,17.848366722550615,copath_tau_app_REGION-RF_rank220_region186_iMT,186,iMT,220
u0,0.013007461255777413,0.006525376345049676,0.00013838653816133697,1774.0640113903014,1229.8604455497095,1.0007644504464155,17.338220027074613,copath_tau_app_REGION-RF_rank220_region186_iMT,186,iMT,220
alpha,0.8084158210902929,0.6063905963986995,0.010908030626119239,2281.5123460095588,1592.4935267566364,1.0003949480447567,32.73472812329883,copath_tau_app_REGION-RF_rank1_region187_iSNc,187,iSNc,388
beta,0.01017929501515418,0.9862023388887938,0.018690645675284754,2785.8537469482253,2384.4789238042295,1.0007890322685213,39.970927686245105,copath_tau_app_REGION-RF_rank1_region187_iSNc,187,iSNc,388
gamma,0.07926276941018198,0.06096401763786455,0.0011795192280360715,1977.7579277821326,1627.2398428740075,1.0010536891215587,28.376514452302573,copath_tau_app_REGION-RF_rank1_region187_iSNc,187,iSNc,388
sigma,1.6391862082890647,2.145821577498831,0.05083533474783498,2601.0121728738454,2382.1163480124237,1.0012690458240872,37.318854080862096,copath_tau_app_REGION-RF_rank1_region187_iSNc,187,iSNc,388
u0,0.008044700977479462,0.005894628982053152,0.00011043534815995639,1966.4988948617702,1333.881751015984,1.0004124432694206,28.2149718762898,copath_tau_app_REGION-RF_rank1_region187_iSNc,187,iSNc,388
alpha,1.2819796615261267,0.4421617724557839,0.014494036870595972,813.183100201407,1089.8700979634468,1.0034465245159996,6.8800126925961935,copath_tau_app_REGION-RF_rank161_region188_iPPN,188,iPPN,161
beta,0.5654826918343476,0.12211191748444117,0.004422609796889563,834.301523402056,668.1692168786248,1.0029637804251657,7.058687113685486,copath_tau_app_REGION-RF_rank161_region188_iPPN,188,iPPN,161
gamma,0.07416492914016024,0.05762446648102217,0.0020350317812620165,775.3580423701648,1128.55967583322,1.0036981067837767,6.559990205763059,copath_tau_app_REGION-RF_rank161_region188_iPPN,188,iPPN,161
sigma,0.11104684511804669,0.021307540468805373,0.0005097752762454038,1554.7003908759712,952.9538958575025,1.0006677394648813,13.153690011218506,copath_tau_app_REGION-RF_rank161_region188_iPPN,188,iPPN,161
u0,0.016507002800301276,0.007185983785310376,0.00018210011246707594,1432.5238044018963,1249.0048596241902,1.0022320497416441,12.120003421480574,copath_tau_app_REGION-RF_rank161_region188_iPPN,188,iPPN,161
alpha,1.4998701638689553,0.5206574073665747,0.014681485936778461,1088.5320520209752,1296.593996847638,1.0059189324137099,11.955847066548504,copath_tau_app_REGION-RF_rank121_region189_iIF,189,iIF,121
beta,0.6519417266284978,0.11727626088421725,0.003908773134419508,1017.6624546738279,1033.391111606321,1.0054592398045428,11.177453756055487,copath_tau_app_REGION-RF_rank121_region189_iIF,189,iIF,121
gamma,0.06204609339334159,0.04924965393709137,0.0014879744796221252,1085.5288546905713,1424.824011911089,1.0031525285268452,11.922861572068747,copath_tau_app_REGION-RF_rank121_region189_iIF,189,iIF,121
sigma,0.16733674148978092,0.030925481133203057,0.0007680803941151664,1528.6836815502547,1029.785708059774,1.0048233262164301,16.790234404040316,copath_tau_app_REGION-RF_rank121_region189_iIF,189,iIF,121
u0,0.014325916722214154,0.006711191387124469,0.00014618261622819991,1902.6897728825056,1474.2848702676752,1.0020639835988936,20.898114940607005,copath_tau_app_REGION-RF_rank121_region189_iIF,189,iIF,121
alpha,0.782825613630562,0.2904756121907204,0.00825678279785436,1081.8481593476963,958.1249809066707,1.0009671364773205,6.688065872152823,copath_tau_app_REGION-RF_rank96_region190_iIPN,190,iIPN,96
beta,0.9875182502360529,0.24445345737892418,0.008251155123669281,1178.6892820523922,843.8930382253625,1.002141651024867,7.286744903203502,copath_tau_app_REGION-RF_rank96_region190_iIPN,190,iIPN,96
gamma,0.06975299462197547,0.05503746212386632,0.0012484696527372133,1547.2303305719659,1170.864714961421,1.0013138311239134,9.565093105577256,copath_tau_app_REGION-RF_rank96_region190_iIPN,190,iIPN,96
sigma,0.2169661209671373,0.03875338802736961,0.0009173082179779169,1842.1281318033525,2084.44180534683,1.0012926649707925,11.388173269967188,copath_tau_app_REGION-RF_rank96_region190_iIPN,190,iIPN,96
u0,0.011404029632017962,0.006452855227546796,0.0001383525331205742,1801.5066759346907,1251.4932228862324,1.00072605010435,11.13704840523925,copath_tau_app_REGION-RF_rank96_region190_iIPN,190,iIPN,96
alpha,1.0809253019687195,0.545282438593323,0.017861488207730175,718.0289025425457,540.9366646958393,1.0021988252030631,3.6646093752171405,copath_tau_app_REGION-RF_rank269_region191_iRL,191,iRL,269
beta,0.5671140906843456,0.30217882317500205,0.01467028230583176,727.5503552582649,534.6323921355876,1.004084352480576,3.713204083263233,copath_tau_app_REGION-RF_rank269_region191_iRL,191,iRL,269
gamma,0.08698877993267379,0.06201522424188506,0.0015142604554895438,1149.230786408004,828.7521822210288,1.002054034078625,5.865337591907582,copath_tau_app_REGION-RF_rank269_region191_iRL,191,iRL,269
sigma,0.10900143334294068,0.020144041065860513,0.0004470611598978082,1980.1330827221077,1839.4038755450108,1.0030184920784295,10.106019734617975,copath_tau_app_REGION-RF_rank269_region191_iRL,191,iRL,269
u0,0.015458893594448573,0.006699871848766038,0.00016629538074731012,1457.1516761553721,1178.3184193750583,1.0021098046485426,7.436875694897171,copath_tau_app_REGION-RF_rank269_region191_iRL,191,iRL,269
alpha,0.8569372244774124,0.396498223103419,0.012635364895190486,738.7828388015798,454.8061700843839,1.0067692195932938,4.27620503340692,copath_tau_app_REGION-RF_rank128_region192_iCLI,192,iCLI,128
beta,0.8509200014012522,0.3147664469144781,0.014892415937671093,799.0733695885439,409.6908294168066,1.0108019901054142,4.625177231564914,copath_tau_app_REGION-RF_rank128_region192_iCLI,192,iCLI,128
gamma,0.07196138040156495,0.057607559523323824,0.001336003857680541,1342.8237041555535,1170.178120709105,1.002039206109108,7.772499821466918,copath_tau_app_REGION-RF_rank128_region192_iCLI,192,iCLI,128
sigma,0.15860876058587828,0.04076450662440223,0.0010645029672429103,1391.420469486358,880.0988941054309,1.0058186486036127,8.05378644806477,copath_tau_app_REGION-RF_rank128_region192_iCLI,192,iCLI,128
u0,0.010164850414594629,0.006141989850311322,0.00014573570260297396,1420.3593415028006,1057.062156794262,1.0013494060967005,8.221289730055686,copath_tau_app_REGION-RF_rank128_region192_iCLI,192,iCLI,128
alpha,1.2064887937430666,0.4043049123811821,0.010511999475374602,1360.2155824062236,943.5433120740831,1.0044289692703867,10.723784757343632,copath_tau_app_REGION-RF_rank122_region193_iDR,193,iDR,122
beta,0.7035386574418003,0.14544833601301355,0.004456218520980704,1321.7215759772773,912.5390963270266,1.005574174478563,10.420302394157074,copath_tau_app_REGION-RF_rank122_region193_iDR,193,iDR,122
gamma,0.08026154396286095,0.05784003764989002,0.0014856029549337032,1318.3122418164342,1193.2135578096502,1.0060717001128294,10.393423591870407,copath_tau_app_REGION-RF_rank122_region193_iDR,193,iDR,122
sigma,0.18588863537179992,0.03386183037759371,0.0007163791459564074,2291.9750913428325,1986.683196932336,1.000961134569588,18.06967062182443,copath_tau_app_REGION-RF_rank122_region193_iDR,193,iDR,122
u0,0.011581694020617646,0.006283821011823465,0.00012566773245076932,2141.130072373642,1323.4189869172528,1.0019617424977587,16.880425669725422,copath_tau_app_REGION-RF_rank122_region193_iDR,193,iDR,122
alpha,1.3232172504974984,0.5795994897907772,0.02252950562377949,486.0760649886199,192.62572074860338,1.0040491623076357,3.426135099621633,copath_tau_app_REGION-RF_rank256_region194_iNLL,194,iNLL,256
beta,0.5159233022279311,0.22273167294930554,0.017247249472664823,468.7055266263381,182.66328828356833,1.0074238069709687,3.3036978609484406,copath_tau_app_REGION-RF_rank256_region194_iNLL,194,iNLL,256
gamma,0.09480874097779617,0.06313631313103137,0.0014053522462741431,1474.6340343700124,878.0868006499467,1.000727329248715,10.394042801449272,copath_tau_app_REGION-RF_rank256_region194_iNLL,194,iNLL,256
sigma,0.1466235569132521,0.028104102994076854,0.0007254433887232706,1616.308999448907,1592.0055599041266,1.0036659492155708,11.392646940918336,copath_tau_app_REGION-RF_rank256_region194_iNLL,194,iNLL,256
u0,0.01422151723802497,0.006685107284200354,0.00014071587327069778,1982.6653714563895,1684.946094491887,1.001695026014703,13.974930899159034,copath_tau_app_REGION-RF_rank256_region194_iNLL,194,iNLL,256
alpha,0.781962338996581,0.6206016002700147,0.011995836996468619,1659.3496467353639,1062.546354049095,1.0013901078252376,23.42060192992751,copath_tau_app_REGION-RF_rank1_region195_iPSV,195,iPSV,389
beta,0.015062623404084917,1.023347540225922,0.019676523864233835,2700.595050555583,2122.369126927613,1.0002051907212481,38.11707904806751,copath_tau_app_REGION-RF_rank1_region195_iPSV,195,iPSV,389
gamma,0.07848915429244678,0.059297348198085804,0.0010983196530286587,2123.454507182548,1285.7133808906958,1.0036372859905691,29.971129247460098,copath_tau_app_REGION-RF_rank1_region195_iPSV,195,iPSV,389
sigma,1.6347943090719728,2.1225351273261297,0.04427634705669818,2542.3248147117297,2371.515962869905,1.0008269765094469,35.88320133679223,copath_tau_app_REGION-RF_rank1_region195_iPSV,195,iPSV,389
u0,0.008102117575926574,0.0059032902168889845,0.00011628636530026294,1699.1081836318217,1116.224589306334,1.0016428994753777,23.98176688259452,copath_tau_app_REGION-RF_rank1_region195_iPSV,195,iPSV,389
alpha,0.8091256560249038,0.6093615440127192,0.012796848070817582,1582.9245839478665,805.4544395404371,1.00075389696573,22.63260772015823,copath_tau_app_REGION-RF_rank1_region196_iPB,196,iPB,390
beta,-0.015123377970405565,0.9851813846140279,0.021075994082969392,2211.0503008879145,2058.491942039566,1.0017394293045576,31.61353018141142,copath_tau_app_REGION-RF_rank1_region196_iPB,196,iPB,390
gamma,0.07796401107716514,0.059188075955022006,0.0012290505199313347,1534.909278316006,1020.4955762279747,1.0025311915725081,21.946086335659224,copath_tau_app_REGION-RF_rank1_region196_iPB,196,iPB,390
sigma,1.6926396875547989,2.1191473762841317,0.04518777925595476,2573.3334653780103,2103.284054401808,1.0004053580717531,36.79344388587376,copath_tau_app_REGION-RF_rank1_region196_iPB,196,iPB,390
u0,0.008023631123793439,0.0060365602471909715,0.00013199759234093635,1467.5127240159288,1140.3304345987074,1.003806000822893,20.982452445180567,copath_tau_app_REGION-RF_rank1_region196_iPB,196,iPB,390
alpha,0.7881533027016812,0.6151854227956309,0.011510250428472498,1897.158050079064,1387.3952827827284,1.0013452788116433,26.29682371477966,copath_tau_app_REGION-RF_rank1_region197_iSOC,197,iSOC,391
beta,0.015373381327213139,0.9907358886782341,0.018846130357602995,2759.496851155941,2512.9927536055166,1.0022173792974627,38.24984546401559,copath_tau_app_REGION-RF_rank1_region197_iSOC,197,iSOC,391
gamma,0.0796306794053466,0.06060860049979465,0.0011392805456081443,1805.5395821606585,1124.2043495268688,1.002022652452371,25.0268848713775,copath_tau_app_REGION-RF_rank1_region197_iSOC,197,iSOC,391
sigma,1.6176223702166947,2.396123795615257,0.04832490091764285,3244.2630858471234,2292.7652324927026,0.9997575111767332,44.96927098368712,copath_tau_app_REGION-RF_rank1_region197_iSOC,197,iSOC,391
u0,0.007788909948422369,0.0059845290441253194,0.00011745868962149448,1719.9325353885224,1181.9996969224783,1.0026557678937669,23.8402713377207,copath_tau_app_REGION-RF_rank1_region197_iSOC,197,iSOC,391
alpha,1.1385074352271127,0.5831261794059296,0.023875475133525715,388.2968641039816,196.8355469629326,1.0067218998447314,2.1008438291825504,copath_tau_app_REGION-RF_rank287_region198_iPG,198,iPG,287
beta,0.5531363376038501,0.3328350255530419,0.02779163479929105,374.84378748074295,174.8287019019176,1.012149335846225,2.028057217648437,copath_tau_app_REGION-RF_rank287_region198_iPG,198,iPG,287
gamma,0.08852550251910277,0.06102630835316582,0.0013540393768821362,1528.5960834862688,1058.4718134345137,1.000510846965078,8.270325995846262,copath_tau_app_REGION-RF_rank287_region198_iPG,198,iPG,287
sigma,0.11125118181731736,0.02029443319342632,0.0005004700026009187,1721.7023263886394,1902.6276477708047,1.0011201993424828,9.315109243617828,copath_tau_app_REGION-RF_rank287_region198_iPG,198,iPG,287
u0,0.015066270264725226,0.006634953060299731,0.00014583760452643136,1880.465278109539,1628.1803615286178,1.000781468957628,10.174081329821288,copath_tau_app_REGION-RF_rank287_region198_iPG,198,iPG,287
alpha,0.7875522356091428,0.5983434577049391,0.013807358296450542,1213.422266638589,834.9750561232602,1.0005979112099115,17.014488363764446,copath_tau_app_REGION-RF_rank1_region199_iSUT,199,iSUT,392
beta,0.015339082631942762,0.9994818377990506,0.019034268266677184,2752.1630597658927,2413.26522361733,1.0018538692212886,38.59056129346289,copath_tau_app_REGION-RF_rank1_region199_iSUT,199,iSUT,392
gamma,0.08124616263272866,0.061209165060032655,0.0012806372444818497,1613.7274778636672,1148.3484829918445,1.0043201849158963,22.627528890217864,copath_tau_app_REGION-RF_rank1_region199_iSUT,199,iSUT,392
sigma,1.634916419398238,2.33573723109543,0.05412431445664379,2048.654982336432,2188.0433221558765,1.0025968677953592,28.726039826919703,copath_tau_app_REGION-RF_rank1_region199_iSUT,199,iSUT,392
u0,0.00784152264243887,0.005854942829122761,0.0001182588887614952,1750.96537849323,1096.6342892089529,1.0015385305186897,24.551865312523383,copath_tau_app_REGION-RF_rank1_region199_iSUT,199,iSUT,392
alpha,1.2859445018546996,0.47886796053237607,0.013743310873903108,982.0180122783257,588.6812371153002,1.0025841470015686,6.573343054462199,copath_tau_app_REGION-RF_rank193_region200_iTRN,200,iTRN,193
beta,0.5228917584676434,0.13548194755090218,0.0051128248891497904,1013.1069468453649,598.214826106229,1.0027559302140616,6.781443343409808,copath_tau_app_REGION-RF_rank193_region200_iTRN,200,iTRN,193
gamma,0.0778630846758,0.058589246296980285,0.0014815213963633059,1362.2980372277439,1212.4524531158443,1.0011525918112008,9.118826975833995,copath_tau_app_REGION-RF_rank193_region200_iTRN,200,iTRN,193
sigma,0.11224496819874431,0.02096098042428691,0.000496789100081799,1675.5597431880776,1501.1695953537935,1.0007373424729995,11.215709755332059,copath_tau_app_REGION-RF_rank193_region200_iTRN,200,iTRN,193
u0,0.016649249882630165,0.006983266594442182,0.0001571224734116421,1822.7617545066025,1525.7710372567783,1.0011363572524052,12.201037220414491,copath_tau_app_REGION-RF_rank193_region200_iTRN,200,iTRN,193
alpha,0.7998605757522299,0.6047865015941032,0.012255413527528273,1622.5615419798457,983.4120427687769,1.0025414306847895,23.54814730610481,copath_tau_app_REGION-RF_rank1_region201_iP5,201,iP5,393
beta,-0.000767646175185618,0.9726647797385591,0.018636669709539755,2718.367871556324,2281.771131026082,1.0014951287703333,39.45152489777552,copath_tau_app_REGION-RF_rank1_region201_iP5,201,iP5,393
gamma,0.07831427409076297,0.06078324831622483,0.0011866557618097728,1722.4470101922075,1482.8694401449607,1.0006243796499548,24.997779667250196,copath_tau_app_REGION-RF_rank1_region201_iP5,201,iP5,393
sigma,1.6955748337666479,2.289906169400044,0.046308995303847675,2737.8916504181407,2099.964492043201,1.0016642856100468,39.73487243727709,copath_tau_app_REGION-RF_rank1_region201_iP5,201,iP5,393
u0,0.007921397386903152,0.005986092371285691,0.00011473951973607323,1965.4215880090148,1441.9520572954991,1.0023925455273077,28.524056484514904,copath_tau_app_REGION-RF_rank1_region201_iP5,201,iP5,393
alpha,0.7889794013539702,0.6129486827674586,0.01184682166024925,1697.674176753044,882.0159254771339,1.0030758621770381,24.13114306278491,copath_tau_app_REGION-RF_rank1_region202_iPC5,202,iPC5,394
beta,0.023335090731682988,0.9807876367046635,0.01772769082641764,3067.091198949526,2497.229896590535,1.0010859505607288,43.5963611404015,copath_tau_app_REGION-RF_rank1_region202_iPC5,202,iPC5,394
gamma,0.07987530832599461,0.05868671336762975,0.0010973338800884414,1682.0168136059135,898.6355651187005,1.0022562582284011,23.908585592533452,copath_tau_app_REGION-RF_rank1_region202_iPC5,202,iPC5,394
sigma,1.6049455065805778,2.0284920600606604,0.040324342912641885,2885.4095566832134,2769.8408213438815,1.0007363864390446,41.01389522235634,copath_tau_app_REGION-RF_rank1_region202_iPC5,202,iPC5,394
u0,0.008015820821924083,0.005893698982373611,0.00011494882970939885,1784.89433627788,1151.7020375895872,1.000355307523344,25.370911079683307,copath_tau_app_REGION-RF_rank1_region202_iPC5,202,iPC5,394
alpha,1.0006160673264086,0.30201522593584407,0.008497865094399317,1171.3897275089387,1242.740239128709,1.001354165876767,8.911023837303837,copath_tau_app_REGION-RF_rank86_region203_iCS,203,iCS,86
beta,0.9279529547043524,0.14729157341823076,0.004458428131083764,1155.7462297303396,1072.3186249590356,1.002481946347778,8.79202024837844,copath_tau_app_REGION-RF_rank86_region203_iCS,203,iCS,86
gamma,0.05565184376345557,0.04538707078760833,0.001352915403383095,933.7440454575252,1039.3255895518605,1.0047676498008247,7.1031999441441505,copath_tau_app_REGION-RF_rank86_region203_iCS,203,iCS,86
sigma,0.18510413838887693,0.03422134706936624,0.0007552826113836278,2104.798000306767,1887.680597490938,1.00090799885169,16.011669483673124,copath_tau_app_REGION-RF_rank86_region203_iCS,203,iCS,86
u0,0.013080543021141462,0.006543794637504806,0.00015091012069917673,1526.320041824885,975.6532290942483,1.0008517634062477,11.611058178715634,copath_tau_app_REGION-RF_rank86_region203_iCS,203,iCS,86
alpha,1.641109883966775,0.5332933546356922,0.015396107305141403,1075.1682734675405,1403.505070384946,1.0018694805474884,7.439426758837974,copath_tau_app_REGION-RF_rank241_region204_iPRNr,204,iPRNr,241
beta,0.4076267284146213,0.0800615802035613,0.0025905316601440654,1053.2116304390277,1109.660210163598,1.0019099861375145,7.287501853954233,copath_tau_app_REGION-RF_rank241_region204_iPRNr,204,iPRNr,241
gamma,0.0776411141642962,0.05426752951089921,0.001465034706149791,1268.211859221738,1425.7625232120463,1.0017768464750099,8.775155921353265,copath_tau_app_REGION-RF_rank241_region204_iPRNr,204,iPRNr,241
sigma,0.07253704348038505,0.014779600314935042,0.0003223660424987069,2250.6416687791175,2225.603478661789,1.0001983711348348,15.572896139570293,copath_tau_app_REGION-RF_rank241_region204_iPRNr,204,iPRNr,241
u0,0.020184547739511845,0.006925562624391996,0.00015517616563375832,1928.8516229448499,1784.0416868509947,1.0011737337232418,13.346329808714529,copath_tau_app_REGION-RF_rank241_region204_iPRNr,204,iPRNr,241
alpha,0.8123964621955656,0.595812416545699,0.011344166002129619,1798.1983462496487,1266.1749252890115,1.001597558227732,25.364605555472234,copath_tau_app_REGION-RF_rank1_region205_iNTB,205,iNTB,395
beta,0.022548537885036933,1.004279419556665,0.019095538422252784,2766.3849867398276,2275.0693230174497,1.0001488165753052,39.02142616779738,copath_tau_app_REGION-RF_rank1_region205_iNTB,205,iNTB,395
gamma,0.08162130147537484,0.06032162264176976,0.0012031308149950176,1763.6210645500819,1158.0335086534642,1.0016553615247488,24.876873424409425,copath_tau_app_REGION-RF_rank1_region205_iNTB,205,iNTB,395
sigma,1.7767981639974846,2.442441962630133,0.0592588977035758,2555.511332664917,1974.6697789648554,1.0013128180566757,36.04693391069649,copath_tau_app_REGION-RF_rank1_region205_iNTB,205,iNTB,395
u0,0.007980069478898334,0.0060892742897978,0.00011443291194584496,2079.850996356232,1410.975767051483,1.0020280512665032,29.337475616501138,copath_tau_app_REGION-RF_rank1_region205_iNTB,205,iNTB,395
alpha,0.7979239569720135,0.6408293502517937,0.0659285930875285,148.32193051862373,78.27815427692168,1.0295780471942015,0.9190450935863714,copath_tau_app_REGION-RF_rank354_region206_iCB,206,iCB,354
beta,0.44554414925278696,0.4775081802219352,0.02242200742977991,378.1080470611656,377.32985100711835,1.0154799848349192,2.3428655781516827,copath_tau_app_REGION-RF_rank354_region206_iCB,206,iCB,354
gamma,0.0890718864775061,0.06887816905769621,0.006027490451795344,112.86645088399982,374.47815200626565,1.0160295436485314,0.6993528034104346,copath_tau_app_REGION-RF_rank354_region206_iCB,206,iCB,354
sigma,0.11052644581110962,0.02257388968791338,0.001682298055179132,154.38135468270912,138.8821601441246,1.025753864617672,0.9565910183763817,copath_tau_app_REGION-RF_rank354_region206_iCB,206,iCB,354
u0,0.013858019367971304,0.006849958002476117,0.0005076994220921149,185.14811814851782,316.43229906664754,1.0193697255832026,1.14723068244975,copath_tau_app_REGION-RF_rank354_region206_iCB,206,iCB,354
alpha,0.8009856432599008,0.5469710463142434,0.023459731586351538,481.7130239460689,590.0374976418906,1.0077314540455677,3.909468855320848,copath_tau_app_REGION-RF_rank185_region207_cFRP,207,cFRP,185
beta,0.38353299025006504,0.7460920599993398,0.03722359766334528,396.88403732789186,419.7081003625482,1.0059989806254959,3.2210168834486463,copath_tau_app_REGION-RF_rank185_region207_cFRP,207,cFRP,185
gamma,0.07850751373216025,0.058176491336816696,0.0028662287790791534,369.4976256192699,490.2688959962104,1.0078100552578144,2.9987552498378465,copath_tau_app_REGION-RF_rank185_region207_cFRP,207,cFRP,185
sigma,0.2865230221483869,0.08787673806662759,0.00649772765992068,129.52961039342242,106.24256183733843,1.0229854244912358,1.0512316514232811,copath_tau_app_REGION-RF_rank185_region207_cFRP,207,cFRP,185
u0,0.008795271322881671,0.006270701590451589,0.0002635825059800026,521.9764126422722,586.419188612967,1.003002856032822,4.23623698549934,copath_tau_app_REGION-RF_rank185_region207_cFRP,207,cFRP,185
alpha,2.3882357699649748,0.7379269532482561,0.0244245221165617,821.7552839270821,508.3839732022509,1.0031213045014065,6.14998827956415,copath_tau_app_REGION-RF_rank283_region208_cMOp,208,cMOp,283
beta,0.3497739895170234,0.06696748330019053,0.0031434514824929204,687.9895056055701,459.00337729130746,1.0037522073459335,5.148889795654586,copath_tau_app_REGION-RF_rank283_region208_cMOp,208,cMOp,283
gamma,0.07404449388680415,0.05367982039073868,0.00228578384673697,725.7574565555354,554.2527654508614,1.0026640169057148,5.431543841486132,copath_tau_app_REGION-RF_rank283_region208_cMOp,208,cMOp,283
sigma,0.06017703849832732,0.012803106323050721,0.0003583295437857708,1330.6035438730623,1834.739292816148,1.0033656597511926,9.958191154499453,copath_tau_app_REGION-RF_rank283_region208_cMOp,208,cMOp,283
u0,0.02232718180190618,0.007099878207349174,0.00017784983132836378,1539.88730329288,1313.72284881678,1.0007674055082854,11.524463611409155,copath_tau_app_REGION-RF_rank283_region208_cMOp,208,cMOp,283
alpha,1.719421580385373,0.529659164472671,0.013830133230503633,1315.8952660341745,1642.0072298805385,1.000817454911945,9.544741024140647,copath_tau_app_REGION-RF_rank221_region209_cMOs,209,cMOs,221
beta,0.4331981261947351,0.08197414539467968,0.0025197037135970286,1162.0985662047126,1483.0480495565937,1.0024444379797393,8.42918896758238,copath_tau_app_REGION-RF_rank221_region209_cMOs,209,cMOs,221
gamma,0.07885492255562442,0.055439099460492976,0.0015346850813741791,1300.0598821353165,1724.5869643306705,1.0010137074683427,9.429880334058552,copath_tau_app_REGION-RF_rank221_region209_cMOs,209,cMOs,221
sigma,0.08629103855489142,0.01664565841192365,0.0003778276751728558,1949.7767391622037,2078.4847087387157,1.0008834915769311,14.142549571048725,copath_tau_app_REGION-RF_rank221_region209_cMOs,209,cMOs,221
u0,0.018086117735447497,0.006838172599089851,0.0001462819730046486,2031.1462658815617,1874.0110288892333,1.0019914178159863,14.732756922530294,copath_tau_app_REGION-RF_rank221_region209_cMOs,209,cMOs,221
alpha,1.015975347952306,0.6928246514026067,0.03292829918263871,479.05032145454686,572.3894914048941,1.0025697859551537,5.004286326409691,copath_tau_app_REGION-RF_rank181_region210_cSSp-n,210,cSSp-n,181
beta,0.13720280923543787,0.7896372265494975,0.03049556316761216,741.7914615924055,1240.6617366868838,1.00925716725136,7.748949749210321,copath_tau_app_REGION-RF_rank181_region210_cSSp-n,210,cSSp-n,181
gamma,0.09107117414329399,0.06539704752544738,0.0026921302207198777,481.48101333828515,639.9560418508269,1.007401545415378,5.029677976540669,copath_tau_app_REGION-RF_rank181_region210_cSSp-n,210,cSSp-n,181
sigma,0.35597009539317176,0.14455331025817744,0.007289082895513295,256.697524684197,205.12966815151395,1.0088975161649638,2.6815302177439935,copath_tau_app_REGION-RF_rank181_region210_cSSp-n,210,cSSp-n,181
u0,0.009040033661441352,0.006185798350196402,0.00022158442955983254,616.5541653870221,578.2960929872626,1.0054795148721212,6.440687838323396,copath_tau_app_REGION-RF_rank181_region210_cSSp-n,210,cSSp-n,181
alpha,1.5234191949880178,0.5250602222755469,0.014180478373702192,1231.3933103400238,1094.331635268788,1.00305128443669,10.655786211092183,copath_tau_app_REGION-RF_rank155_region211_cSSp-bfd,211,cSSp-bfd,155
beta,0.5875720977945235,0.12217799943137236,0.003892704968578451,1177.0018448447831,878.0398270595284,1.001729129763499,10.185113012562915,copath_tau_app_REGION-RF_rank155_region211_cSSp-bfd,211,cSSp-bfd,155
gamma,0.07924937549421335,0.057207952559912185,0.0016216561714496487,1246.6978029236484,1427.6126053471248,1.0018352200448497,10.788222695577646,copath_tau_app_REGION-RF_rank155_region211_cSSp-bfd,211,cSSp-bfd,155
sigma,0.1676303755526627,0.02948266752832509,0.0006410072634686584,2214.0641560468507,2107.250312606066,1.0023884010600257,19.15926788489932,copath_tau_app_REGION-RF_rank155_region211_cSSp-bfd,211,cSSp-bfd,155
u0,0.013541319969688003,0.006622964255630917,0.00014476823184766512,1793.6336805962922,1525.669663895032,1.0027161893404912,15.521098645704797,copath_tau_app_REGION-RF_rank155_region211_cSSp-bfd,211,cSSp-bfd,155
alpha,0.847186568938561,0.6536530235304163,0.03265344301837735,458.5549498312523,271.28144917547957,1.0064953257117613,4.838455571009173,copath_tau_app_REGION-RF_rank244_region212_cSSp-ll,212,cSSp-ll,244
beta,0.006007577229175261,0.8660453537721237,0.03000612990065177,805.1170530530095,883.6946766419813,1.0082358634902024,8.495215441665977,copath_tau_app_REGION-RF_rank244_region212_cSSp-ll,212,cSSp-ll,244
gamma,0.08337219815680896,0.06505896933165645,0.002625664357311941,401.1442514467657,259.4603292926107,1.0110379063598658,4.232684957179425,copath_tau_app_REGION-RF_rank244_region212_cSSp-ll,212,cSSp-ll,244
sigma,0.3175902249046259,0.1061928456074468,0.004746330242625955,304.5962512915467,171.25378572969066,1.0098810785062087,3.2139559926513535,copath_tau_app_REGION-RF_rank244_region212_cSSp-ll,212,cSSp-ll,244
u0,0.008863356543806123,0.006637408004556717,0.00025380918121322034,527.070648643585,330.5146038266258,1.0069218527864854,5.5614009121119405,copath_tau_app_REGION-RF_rank244_region212_cSSp-ll,212,cSSp-ll,244
alpha,1.7319400077276688,0.6036376981880499,0.03020750344190762,399.36825817551795,153.5140819382505,1.0103191701401162,3.158784302706757,copath_tau_app_REGION-RF_rank285_region213_cSSp-m,213,cSSp-m,285
beta,0.41363054776715286,0.16400280106562853,0.016224288297629823,400.32540904276993,151.37409609118885,1.009663605231493,3.166354842109688,copath_tau_app_REGION-RF_rank285_region213_cSSp-m,213,cSSp-m,285
gamma,0.0991210429168967,0.06061367592127284,0.0014109809430743645,1707.7335464066173,1486.4429665547698,0.9999882112422158,13.50723751616785,copath_tau_app_REGION-RF_rank285_region213_cSSp-m,213,cSSp-m,285
sigma,0.08867001483779521,0.017694616703977997,0.0004926673578209911,1625.5984714305584,1616.014124978653,1.0008819406604188,12.85759403493256,copath_tau_app_REGION-RF_rank285_region213_cSSp-m,213,cSSp-m,285
u0,0.017955632816504374,0.006814937035853847,0.00014654880496243344,2023.5014004731067,1549.6411624185241,1.0011024980274723,16.004788386338056,copath_tau_app_REGION-RF_rank285_region213_cSSp-m,213,cSSp-m,285
alpha,1.6394148256750822,0.7110429642353916,0.033556420066543004,364.5057197775028,122.71408827974818,1.0049520258184808,3.177351113820631,copath_tau_app_REGION-RF_rank260_region214_cSSp-ul,214,cSSp-ul,260
beta,0.47442762077113765,0.2029703329395317,0.01662161850265672,362.0135096928728,114.59352243541079,1.005866140106456,3.1556268278667434,copath_tau_app_REGION-RF_rank260_region214_cSSp-ul,214,cSSp-ul,260
gamma,0.09628909233799748,0.06089724179162944,0.0016785914310831476,914.9687949078861,629.8532015554931,1.0021857543036756,7.975669411679621,copath_tau_app_REGION-RF_rank260_region214_cSSp-ul,214,cSSp-ul,260
sigma,0.13752374435676706,0.02647469569588239,0.0008065568010210024,1207.7922312503806,1429.6951969574231,1.0033504372879227,10.528174958598157,copath_tau_app_REGION-RF_rank260_region214_cSSp-ul,214,cSSp-ul,260
u0,0.01619808543130617,0.006819054384637738,0.0001550797960921423,1739.8770608306818,1445.6119583879745,1.0007753836908984,15.166292371257686,copath_tau_app_REGION-RF_rank260_region214_cSSp-ul,214,cSSp-ul,260
alpha,0.8145516704383177,0.5103211511040936,0.01433920873079005,908.152677515681,810.0110267946804,1.0300917708480675,7.777477176905128,copath_tau_app_REGION-RF_rank137_region215_cSSp-tr,215,cSSp-tr,137
beta,0.41454156298638256,0.8022327668723337,0.0394451999293835,377.7932371250408,529.52875402553,1.0152597252527609,3.235445263859145,copath_tau_app_REGION-RF_rank137_region215_cSSp-tr,215,cSSp-tr,137
gamma,0.08661784965051694,0.060935469427708444,0.006323435870076898,110.85249085154531,695.5217599410913,1.0319650010096642,0.9493477682182921,copath_tau_app_REGION-RF_rank137_region215_cSSp-tr,215,cSSp-tr,137
sigma,0.3363607942021447,0.21719391549351832,0.017219888055128675,68.64701177063672,83.53818946106826,1.0403601945124157,0.5878973662990119,copath_tau_app_REGION-RF_rank137_region215_cSSp-tr,215,cSSp-tr,137
u0,0.007894217500455505,0.0057061507986492475,0.00022711018274536668,515.1465578456688,795.6031894958477,1.0622888784607605,4.411747821265159,copath_tau_app_REGION-RF_rank137_region215_cSSp-tr,215,cSSp-tr,137
alpha,1.0760434002438786,0.5995076489721983,0.020634535861454428,723.611390996436,930.6912651696922,1.0068758190135594,4.555656650149435,copath_tau_app_REGION-RF_rank259_region216_cSSp-un,216,cSSp-un,259
beta,0.5994457207011135,0.40791306963799795,0.017700656103723362,710.4550748790255,538.3465887794404,1.0077245614137837,4.472828132304772,copath_tau_app_REGION-RF_rank259_region216_cSSp-un,216,cSSp-un,259
gamma,0.08795806432944872,0.06338692524316464,0.001969060533273086,622.4468391212091,447.01442784076835,1.0040899964302468,3.918752685888825,copath_tau_app_REGION-RF_rank259_region216_cSSp-un,216,cSSp-un,259
sigma,0.21134994968301307,0.059259194727823525,0.0021464166681745443,889.4013480745476,1037.5609628053157,1.003016912350509,5.599424244038251,copath_tau_app_REGION-RF_rank259_region216_cSSp-un,216,cSSp-un,259
u0,0.010157378881455986,0.0062142509643107425,0.0001507462246829379,1288.4785254702267,828.1339636278228,1.0024368912348474,8.111903483235919,copath_tau_app_REGION-RF_rank259_region216_cSSp-un,216,cSSp-un,259
alpha,2.026600835741167,0.6098246179495588,0.0183617528061889,957.2457903948933,838.7554002672972,1.0093623340824927,8.10806100570801,copath_tau_app_REGION-RF_rank230_region217_cSSs,217,cSSs,230
beta,0.43883832499842607,0.07976200734413938,0.003084373481898276,829.0513739316689,343.11264451613954,1.0125990465477905,7.0222289658030075,copath_tau_app_REGION-RF_rank230_region217_cSSs,217,cSSs,230
gamma,0.08869604984726907,0.05665092771345684,0.0020839254161714384,884.5187398177038,645.8981351516992,1.0123835197992768,7.492048515747824,copath_tau_app_REGION-RF_rank230_region217_cSSs,217,cSSs,230
sigma,0.09123908972483062,0.017773664290955928,0.0004181079447157353,1847.0937303131127,2014.8856267928124,1.0021135083304873,15.645248899408887,copath_tau_app_REGION-RF_rank230_region217_cSSs,217,cSSs,230
u0,0.017413848031339975,0.006545565555657866,0.00015165119800914493,1784.3180758045282,1636.2049588256536,1.0006365308569927,15.113526700642279,copath_tau_app_REGION-RF_rank230_region217_cSSs,217,cSSs,230
alpha,1.521583985980852,0.5653647200090696,0.04565147066020604,164.21557511507552,48.68823136506134,1.0270668148954352,1.2927001260701985,copath_tau_app_REGION-RF_rank219_region218_cGU,218,cGU,219
beta,0.5051621175120459,0.27672038179260555,0.04469942142366574,155.83468043411952,49.00725226392139,1.0311667016368584,1.2267259722601176,copath_tau_app_REGION-RF_rank219_region218_cGU,218,cGU,219
gamma,0.08768429790424628,0.060488770519733885,0.0015765347440738812,1226.8802658685333,1022.0620340528357,1.0030657674179912,9.657964984441314,copath_tau_app_REGION-RF_rank219_region218_cGU,218,cGU,219
sigma,0.10262510639576951,0.01951635500149678,0.0006750601479476361,909.6584262484523,1813.1868638760188,1.0070882223921342,7.160804092231564,copath_tau_app_REGION-RF_rank219_region218_cGU,218,cGU,219
u0,0.01637660180388962,0.006718662515307959,0.00016121578780283052,1665.9862090136999,1774.1682601479624,1.0028709546575751,13.114593916649216,copath_tau_app_REGION-RF_rank219_region218_cGU,218,cGU,219
alpha,1.691883073839107,0.5281181744367551,0.013619210100759047,1357.8070605347011,1185.5616384143452,1.0021423780073926,12.2941885002644,copath_tau_app_REGION-RF_rank200_region219_cVISC,219,cVISC,200
beta,0.5112175348099403,0.10193015402563145,0.00299802722830576,1436.3179049375476,1066.0229335361735,1.0015725244255154,13.005060573667391,copath_tau_app_REGION-RF_rank200_region219_cVISC,219,cVISC,200
gamma,0.09440778898342177,0.05949020973236801,0.0014448651044538024,1641.36182286735,1478.0041587280436,1.00151614185886,14.86161932279411,copath_tau_app_REGION-RF_rank200_region219_cVISC,219,cVISC,200
sigma,0.13517583011057036,0.026811573314626018,0.0005928391061378385,2155.119529936579,1977.3418192497606,1.0016601005202148,19.513409903177017,copath_tau_app_REGION-RF_rank200_region219_cVISC,219,cVISC,200
u0,0.013394786399382425,0.00651687544600966,0.00013215396536824902,2145.8985597888395,1767.0024302552781,1.0005296054148487,19.4299191418998,copath_tau_app_REGION-RF_rank200_region219_cVISC,219,cVISC,200
alpha,1.7701362854873568,0.5593218239409297,0.013606515437924136,1542.6478072515863,1324.458282278523,1.0027514219653575,14.444808862238157,copath_tau_app_REGION-RF_rank171_region220_cAUDd,220,cAUDd,171
beta,0.5500100633152508,0.10352093161994752,0.003423192352175367,1293.7136429716477,1165.5379294085449,1.0049551032027952,12.113877326600694,copath_tau_app_REGION-RF_rank171_region220_cAUDd,220,cAUDd,171
gamma,0.08593682688836402,0.055605269363905814,0.0015640184838223126,1268.2942941139472,1161.329872885458,1.005857198725141,11.87585952764099,copath_tau_app_REGION-RF_rank171_region220_cAUDd,220,cAUDd,171
sigma,0.15983827682919052,0.02997664786802392,0.0006415948311062354,2259.159301384692,2268.1866389285547,1.0011312670943817,21.1539692627504,copath_tau_app_REGION-RF_rank171_region220_cAUDd,220,cAUDd,171
u0,0.0140187659164731,0.00665368898606407,0.0001485125538604485,1563.4500493147225,951.740580339524,1.0026414033796147,14.63959370495826,copath_tau_app_REGION-RF_rank171_region220_cAUDd,220,cAUDd,171
alpha,1.062095784938421,0.48015842945832127,0.011205484028615337,1507.1314738395818,1265.9562726582121,1.0015973429916987,13.400535919902387,copath_tau_app_REGION-RF_rank99_region221_cAUDp,221,cAUDp,99
beta,0.8741527036238426,0.23448761810268423,0.0066958397251588725,1560.2779007903862,1091.974500728733,1.002400728416799,13.873083017306133,copath_tau_app_REGION-RF_rank99_region221_cAUDp,221,cAUDp,99
gamma,0.07144132454225058,0.05400244821704425,0.001148487092802903,1509.2051633005735,940.76293450225,1.0012730164552066,13.418973959709193,copath_tau_app_REGION-RF_rank99_region221_cAUDp,221,cAUDp,99
sigma,0.37181014624875636,0.06624964323966255,0.0015213458643365718,2045.54820734118,1887.4054345342909,1.0039881856283885,18.18782415745972,copath_tau_app_REGION-RF_rank99_region221_cAUDp,221,cAUDp,99
u0,0.010813275933393167,0.0064320998310367465,0.00013752310241973992,1781.741512688527,1478.6651043859927,1.0024698089677855,15.842208563222668,copath_tau_app_REGION-RF_rank99_region221_cAUDp,221,cAUDp,99
alpha,1.1005345665319328,0.5179543916903715,0.015264877168686984,658.9969460668398,225.45139150800307,1.0027164469060394,8.194033448558137,copath_tau_app_REGION-RF_rank95_region222_cAUDpo,222,cAUDpo,95
beta,0.9323194096670977,0.28888910783947985,0.017338354152286354,593.8415661655943,224.0521111975012,1.0044222484394991,7.383884986640732,copath_tau_app_REGION-RF_rank95_region222_cAUDpo,222,cAUDpo,95
gamma,0.0714814606485925,0.054189119817767896,0.0011852039530642238,1640.2130673795104,1187.3048243257072,0.9998920059993083,20.394572110060558,copath_tau_app_REGION-RF_rank95_region222_cAUDpo,222,cAUDpo,95
sigma,0.4700836566253056,0.08090656701979561,0.0018632517996642602,2098.1368192266677,1909.532760203988,1.002058319665618,26.088441500381325,copath_tau_app_REGION-RF_rank95_region222_cAUDpo,222,cAUDpo,95
u0,0.009836502025776248,0.006296353221124404,0.00012945421722979525,1770.107658112684,1382.6795499129762,1.0008347583313872,22.009694346372772,copath_tau_app_REGION-RF_rank95_region222_cAUDpo,222,cAUDpo,95
alpha,2.0877290971792863,0.6592364781247882,0.023561234869793415,805.5158347689438,327.99553593074484,1.0031270903564256,8.12864126472253,copath_tau_app_REGION-RF_rank141_region223_cAUDv,223,cAUDv,141
beta,0.6339211047985684,0.1490473042167247,0.010986175810341697,741.2548587235809,353.9089984904341,1.0050281299762733,7.480169317869348,copath_tau_app_REGION-RF_rank141_region223_cAUDv,223,cAUDv,141
gamma,0.0756014812729843,0.047364999056848156,0.0012832543477036625,1173.0392378398528,941.4302212809919,1.0012520385768755,11.837402496971148,copath_tau_app_REGION-RF_rank141_region223_cAUDv,223,cAUDv,141
sigma,0.21809776853622906,0.04249532738881426,0.0012140500039097592,1532.0421242966947,1255.1346360052569,1.0032269603475303,15.460181281754004,copath_tau_app_REGION-RF_rank141_region223_cAUDv,223,cAUDv,141
u0,0.014175651313491563,0.0066987928353228945,0.00013418732240948322,1989.702053808936,1070.930429717785,1.001482732965551,20.078530453387987,copath_tau_app_REGION-RF_rank141_region223_cAUDv,223,cAUDv,141
alpha,1.0819971007102833,0.5064399235608487,0.013039990267781451,1104.4285701936915,781.8389485565542,1.0026768481364987,11.31007240341722,copath_tau_app_REGION-RF_rank84_region224_cVISal,224,cVISal,84
beta,0.9557994393495315,0.2670879759832377,0.009100271883915273,1080.3745107190884,721.4295931661352,1.0021400121025892,11.063743069319901,copath_tau_app_REGION-RF_rank84_region224_cVISal,224,cVISal,84
gamma,0.07021324124823441,0.053944451364228464,0.0012182977846343938,1389.6457031204063,946.9936528372623,1.0009493983853688,14.230882776450652,copath_tau_app_REGION-RF_rank84_region224_cVISal,224,cVISal,84
sigma,0.4951349233800442,0.09301031245274384,0.002169634814137064,2109.008523202521,1930.3823980902528,1.0028249376088056,21.59762952588347,copath_tau_app_REGION-RF_rank84_region224_cVISal,224,cVISal,84
u0,0.00978494105377147,0.006308631695280364,0.0001297326128391697,1706.6930271763422,951.666859498389,1.0008015362767018,17.477655168216508,copath_tau_app_REGION-RF_rank84_region224_cVISal,224,cVISal,84
alpha,0.8799547382576838,0.40644962368793186,0.010734985209194005,1093.0885517416068,762.4329899514447,1.0016132268328537,9.969797079000427,copath_tau_app_REGION-RF_rank59_region225_cVISam,225,cVISam,59
beta,1.150932143026525,0.3130246199722372,0.011107729301109379,1037.7305957669998,699.1351023845601,1.0027304216375696,9.464890512285661,copath_tau_app_REGION-RF_rank59_region225_cVISam,225,cVISam,59
gamma,0.06461954862199983,0.0522586751674166,0.0013129167380859545,1224.4984410730608,962.610375044321,1.0031244045146872,11.16835498972146,copath_tau_app_REGION-RF_rank59_region225_cVISam,225,cVISam,59
sigma,0.5291694629535898,0.09226273752279956,0.002165176263816671,1854.814742663859,2057.14359613732,1.0047657522870594,16.917317973949828,copath_tau_app_REGION-RF_rank59_region225_cVISam,225,cVISam,59
u0,0.00921629584868892,0.006139260806106661,0.000128573213712077,1801.986999014044,1356.2229841310368,0.999829541442863,16.435488863681538,copath_tau_app_REGION-RF_rank59_region225_cVISam,225,cVISam,59
alpha,1.053977524688576,0.4679468934470131,0.013181927436415254,765.5923553757934,279.2579918721647,1.0088806938591977,7.279085307394139,copath_tau_app_REGION-RF_rank89_region226_cVISl,226,cVISl,89
beta,0.941619328509179,0.26152149829559906,0.015697138836707387,768.2093847698519,294.3066216706353,1.0091254467927122,7.303967452673606,copath_tau_app_REGION-RF_rank89_region226_cVISl,226,cVISl,89
gamma,0.07038476153099164,0.05199503714879275,0.0011342603632961917,1746.3690402411257,1503.9497817003055,1.0010065341156598,16.604096335141005,copath_tau_app_REGION-RF_rank89_region226_cVISl,226,cVISl,89
sigma,0.4273734241255207,0.07469207206050561,0.0015675810905955514,2239.960056336854,2082.3767167882884,1.0012626414917862,21.297052172403223,copath_tau_app_REGION-RF_rank89_region226_cVISl,226,cVISl,89
u0,0.010103934471731496,0.006461078493089991,0.00012791486083746242,1991.1680966194472,1478.406778113769,1.0025943095273273,18.93159242628566,copath_tau_app_REGION-RF_rank89_region226_cVISl,226,cVISl,89
alpha,1.0087831916624546,0.4605427228954897,0.011374061646980573,1253.8371628035611,761.6601020000603,1.002898779776856,11.520850143372916,copath_tau_app_REGION-RF_rank93_region227_cVISp,227,cVISp,93
beta,0.9454895136867751,0.27690604891245846,0.009167191160373452,1237.9257522191479,702.1314000243207,1.0021200779849162,11.374648561260916,copath_tau_app_REGION-RF_rank93_region227_cVISp,227,cVISp,93
gamma,0.07329384208238296,0.054617013671993606,0.001220945369259668,1509.6491467206918,970.1464606040408,1.0001996865936325,13.871371900917854,copath_tau_app_REGION-RF_rank93_region227_cVISp,227,cVISp,93
sigma,0.4885538508535486,0.08539725733334512,0.0018707990447033324,2220.9446223772316,2194.535595588358,1.0008343601029404,20.407091869829017,copath_tau_app_REGION-RF_rank93_region227_cVISp,227,cVISp,93
u0,0.009668916785472026,0.006182050441199071,0.00013421465371654868,1626.095943127062,1293.4321694851144,1.0003027274929626,14.941340259547394,copath_tau_app_REGION-RF_rank93_region227_cVISp,227,cVISp,93
alpha,0.9488135653860659,0.47534885127418064,0.026685173327901365,142.76857273588402,37.31836841700448,1.0323929421060347,1.2851729040308584,copath_tau_app_REGION-RF_rank87_region228_cVISpl,228,cVISpl,87
beta,1.0217655923202498,0.3539061445762514,0.04902882116995146,135.74439487890632,30.318403035401836,1.0367800069179172,1.2219427205115387,copath_tau_app_REGION-RF_rank87_region228_cVISpl,228,cVISpl,87
gamma,0.07015177467629699,0.05397003591459094,0.0017579342685790141,878.2689253242593,1242.882496353694,1.0066674221519758,7.905993620648843,copath_tau_app_REGION-RF_rank87_region228_cVISpl,228,cVISpl,87
sigma,0.41797038559329047,0.07112861079050968,0.002456027246367514,682.7827221894398,614.5163822518192,1.0104081223749912,6.146267606958744,copath_tau_app_REGION-RF_rank87_region228_cVISpl,228,cVISpl,87
u0,0.010272012863167347,0.00640231367839801,0.0001504863695008003,1387.1562005474057,957.7842286307929,1.0009319494387725,12.48689069617519,copath_tau_app_REGION-RF_rank87_region228_cVISpl,228,cVISpl,87
alpha,0.9843740872081373,0.4737924324678502,0.01234837134724773,1051.8710465438048,811.4630872441383,1.0035513875751574,11.15156158541007,copath_tau_app_REGION-RF_rank52_region229_cVISpm,229,cVISpm,52
beta,1.1767237672663915,0.33591127852003233,0.01236321570233455,1013.7985209424918,843.8675197864064,1.0013580157849185,10.747930251179346,copath_tau_app_REGION-RF_rank52_region229_cVISpm,229,cVISpm,52
gamma,0.06449652530668047,0.05131718693953828,0.0011223475057205797,1456.4903770018,1181.8187596715502,1.0015858565938418,15.441191380883117,copath_tau_app_REGION-RF_rank52_region229_cVISpm,229,cVISpm,52
sigma,0.7463736724950609,0.12554391430852674,0.0031894644867397253,1702.3554496202762,1959.9667312456054,1.0031890124508902,18.047765169576213,copath_tau_app_REGION-RF_rank52_region229_cVISpm,229,cVISpm,52
u0,0.009020800352459939,0.006348589886887922,0.00013629588977343224,1551.3359723013582,1198.5447412497404,1.0014193522412287,16.446710546529108,copath_tau_app_REGION-RF_rank52_region229_cVISpm,229,cVISpm,52
alpha,0.9985487459241872,0.45378965455311626,0.014424768691345123,645.8901538562832,325.9853827856204,1.005898146813947,5.77579791871626,copath_tau_app_REGION-RF_rank78_region230_cVISli,230,cVISli,78
beta,0.9969756705384651,0.31653294859093445,0.018908994438823937,534.5828438883755,327.7241592572973,1.0058176961863168,4.780445186657744,copath_tau_app_REGION-RF_rank78_region230_cVISli,230,cVISli,78
gamma,0.06896187649442406,0.05478181611673357,0.0013730325742270931,1435.5241831240014,1231.2715106519026,1.00073005051015,12.837008800414939,copath_tau_app_REGION-RF_rank78_region230_cVISli,230,cVISli,78
sigma,0.4526904620044437,0.0830208940241093,0.0026874926691098674,1385.9085842013521,726.90055109162,1.0033879189839285,12.393327051618591,copath_tau_app_REGION-RF_rank78_region230_cVISli,230,cVISli,78
u0,0.00968448526319693,0.006150865437564066,0.00014647196662608713,1455.0212970015164,1320.290296546591,1.0029122613965498,13.011359483859144,copath_tau_app_REGION-RF_rank78_region230_cVISli,230,cVISli,78
alpha,0.9351751552906831,0.41648860757042827,0.012540323779699178,1037.6079675529272,1363.7547328828168,1.0019840186348876,9.254028696124212,copath_tau_app_REGION-RF_rank36_region231_cVISpor,231,cVISpor,36
beta,1.351806233975811,0.2530534143681969,0.00813804080308741,1040.4149534295525,1229.2326301640262,1.0020322113534432,9.279063129806488,copath_tau_app_REGION-RF_rank36_region231_cVISpor,231,cVISpor,36
gamma,0.046317764823684285,0.042890117420544986,0.001228225800024683,1161.2308144654628,1327.8152932773642,1.0028879584160137,10.356573596124528,copath_tau_app_REGION-RF_rank36_region231_cVISpor,231,cVISpor,36
sigma,0.4757906289198014,0.08066539402054813,0.0018066734253062214,2003.7520477078594,2032.383530751967,1.0014518089879563,17.870698307316474,copath_tau_app_REGION-RF_rank36_region231_cVISpor,231,cVISpor,36
u0,0.010489023567242689,0.0064042771311561735,0.00015826702022976073,1219.1484427722246,670.45350972732,1.0015665350025351,10.873118776117945,copath_tau_app_REGION-RF_rank36_region231_cVISpor,231,cVISpor,36
alpha,1.3811090419430574,0.4821837785155285,0.01474889719169412,846.9064179653134,480.5959682688634,1.002498298349123,7.282961130018346,copath_tau_app_REGION-RF_rank157_region232_cACAd,232,cACAd,157
beta,0.5930911692613571,0.14021415705238555,0.007900749105403095,720.2995323858984,503.52997167128234,1.0041178938280573,6.19420680379322,copath_tau_app_REGION-RF_rank157_region232_cACAd,232,cACAd,157
gamma,0.07814545462723033,0.056915946296985674,0.0014859873887490195,1246.8647876576213,1337.439806176473,1.0012011589336447,10.722398118927655,copath_tau_app_REGION-RF_rank157_region232_cACAd,232,cACAd,157
sigma,0.16643407389192366,0.03015889418232973,0.0006706239876513187,2092.3065658030846,1991.964572397521,1.0012811772910817,17.992764097166337,copath_tau_app_REGION-RF_rank157_region232_cACAd,232,cACAd,157
u0,0.013442189358051884,0.006574143788650327,0.00014808011520834466,1697.7625396250567,1389.8794853643792,1.000831900964928,14.599887687469314,copath_tau_app_REGION-RF_rank157_region232_cACAd,232,cACAd,157
alpha,0.9434022203994921,0.40995481158559105,0.010415671115989372,1289.440753397728,1045.7392878003047,1.0003865862322332,11.255691420121755,copath_tau_app_REGION-RF_rank67_region233_cACAv,233,cACAv,67
beta,1.0778802059886927,0.2764365925594828,0.01004039018098975,1303.2359757834158,975.3782521322701,1.0014253814462888,11.376111661095294,copath_tau_app_REGION-RF_rank67_region233_cACAv,233,cACAv,67
gamma,0.0653101446058132,0.05220159805657093,0.0010943740359023702,1789.3648079145448,1399.7810111168883,1.0019186130621156,15.6195917205505,copath_tau_app_REGION-RF_rank67_region233_cACAv,233,cACAv,67
sigma,0.4810205832625574,0.08254688759041394,0.0018065231532842395,2219.561494419398,2109.3386924232636,1.0006269893153434,19.37483300674236,copath_tau_app_REGION-RF_rank67_region233_cACAv,233,cACAv,67
u0,0.009427798299616215,0.006025488064633706,0.00012585830531916905,1709.8634323776257,929.5647326282862,1.0040029896443974,14.925614158447837,copath_tau_app_REGION-RF_rank67_region233_cACAv,233,cACAv,67
alpha,1.2306700941490112,0.47253658076068084,0.013140613354141576,1134.412263780941,637.3070176590124,1.0005360617831767,8.37569320797204,copath_tau_app_REGION-RF_rank158_region234_cPL,234,cPL,158
beta,0.6160742552663163,0.16196048352758413,0.006266704014104763,1023.60271951523,615.457745358576,1.0019545429017163,7.557554355883595,copath_tau_app_REGION-RF_rank158_region234_cPL,234,cPL,158
gamma,0.07800836759986561,0.05853897337406181,0.0014827252316292978,1145.1788269068722,797.6387851743809,1.0033581360741743,8.455185851454672,copath_tau_app_REGION-RF_rank158_region234_cPL,234,cPL,158
sigma,0.15802777261837728,0.02891655064489437,0.0006817281476998437,2001.4820085031922,1390.488284894423,1.0003907802438832,14.777519425456045,copath_tau_app_REGION-RF_rank158_region234_cPL,234,cPL,158
u0,0.013483415483062788,0.0067646351310992085,0.00015182025499252893,1751.816115946464,1154.6358092577302,1.0015677646824244,12.934164071045428,copath_tau_app_REGION-RF_rank158_region234_cPL,234,cPL,158
alpha,1.351008397762655,0.43846092202988335,0.011245032242646499,1332.1395422548437,1237.7296788302267,1.0021734245679172,10.596504333252545,copath_tau_app_REGION-RF_rank144_region235_cILA,235,cILA,144
beta,0.6071417542270056,0.11641179387520648,0.0036214284292884883,1186.0830678488658,751.4907871816791,1.0019011454531392,9.434698069831489,copath_tau_app_REGION-RF_rank144_region235_cILA,235,cILA,144
gamma,0.07229508580202645,0.055077556298195836,0.0015453424019099854,1230.572094684078,1186.645430708546,1.002936518329093,9.788586045293544,copath_tau_app_REGION-RF_rank144_region235_cILA,235,cILA,144
sigma,0.13772255512236892,0.02634060103616711,0.000605958463547903,2010.0062385758374,2015.9963652477022,1.0014566215886984,15.98859514438084,copath_tau_app_REGION-RF_rank144_region235_cILA,235,cILA,144
u0,0.014579242484347157,0.006611550386428762,0.00013348129734749303,2160.6308681272453,1363.4919925590832,1.0027069679788287,17.186738799087184,copath_tau_app_REGION-RF_rank144_region235_cILA,235,cILA,144
alpha,1.4207880353540732,0.5646538534379741,0.03181296613262151,277.52717756441245,87.99232116299846,1.0234090017374113,1.9469989516308464,copath_tau_app_REGION-RF_rank237_region236_cORBl,236,cORBl,237
beta,0.48013005956909593,0.2231272560630012,0.02506983744093113,235.48408759983212,91.61794089780341,1.0275179524636107,1.652044587871785,copath_tau_app_REGION-RF_rank237_region236_cORBl,236,cORBl,237
gamma,0.0849108863216378,0.06176214426589813,0.001743067411678682,980.087458570038,1011.3673460049502,1.0048413191297683,6.87582841827992,copath_tau_app_REGION-RF_rank237_region236_cORBl,236,cORBl,237
sigma,0.08776315286260607,0.017380590510830296,0.0005977058810214843,1135.2216148728066,874.8370759488118,1.0046558300943231,7.96417602565442,copath_tau_app_REGION-RF_rank237_region236_cORBl,236,cORBl,237
u0,0.018110694454696305,0.007089344639686099,0.0001618883125613919,1826.812991031593,1509.5284587482047,1.0036289517912027,12.816052862205211,copath_tau_app_REGION-RF_rank237_region236_cORBl,236,cORBl,237
alpha,1.12317596776155,0.40389354343789596,0.01092405825666762,1209.1392499662616,849.5049254626538,1.0026912143974587,8.961300016795956,copath_tau_app_REGION-RF_rank135_region237_cORBm,237,cORBm,135
beta,0.6843291649468739,0.16407102558924966,0.005260325482123868,1300.6130061076333,921.8665209581532,1.003625280748008,9.639239941803714,copath_tau_app_REGION-RF_rank135_region237_cORBm,237,cORBm,135
gamma,0.07651855312396653,0.056487853413300544,0.0013177402726166298,1406.91320745059,1003.3904848513529,1.0013680127211533,10.427063177305028,copath_tau_app_REGION-RF_rank135_region237_cORBm,237,cORBm,135
sigma,0.18030745090617337,0.03195913784164755,0.0007565000755248803,1901.4055139242148,2038.5924567825389,1.0015131285448216,14.091896582085502,copath_tau_app_REGION-RF_rank135_region237_cORBm,237,cORBm,135
u0,0.01252664734618542,0.006406739011716059,0.00014004189467181242,1849.1378896530769,1583.2714607350567,0.9999331997778667,13.704525266273944,copath_tau_app_REGION-RF_rank135_region237_cORBm,237,cORBm,135
alpha,1.1611197921116891,0.4167024272430472,0.012692595861274115,929.5656221853103,1011.3375328530157,1.003106577454846,6.748599716755313,copath_tau_app_REGION-RF_rank134_region238_cORBvl,238,cORBvl,134
beta,0.6812797825724081,0.16012309700441965,0.00598994871352699,1043.463825381074,956.9906544389627,1.0027932984809906,7.575494949841545,copath_tau_app_REGION-RF_rank134_region238_cORBvl,238,cORBvl,134
gamma,0.0783792630412099,0.05656000488852489,0.0014005224398054793,1326.9380578798002,998.7164690425217,1.0020102053686828,9.633503636362187,copath_tau_app_REGION-RF_rank134_region238_cORBvl,238,cORBvl,134
sigma,0.1711173237084066,0.03028520809145205,0.0006492192438013307,2225.8053765143736,2135.942893479918,1.0008798609428433,16.15923521158669,copath_tau_app_REGION-RF_rank134_region238_cORBvl,238,cORBvl,134
u0,0.011927957932602241,0.006433577440962237,0.0001677059447111256,1220.524349274553,944.9022077343051,1.0021721779968977,8.860945457990686,copath_tau_app_REGION-RF_rank134_region238_cORBvl,238,cORBvl,134
alpha,1.3120240700427328,0.4746790646041449,0.014611679384389153,896.1899481545379,620.6498709963371,1.0035894161810262,5.77829182025673,copath_tau_app_REGION-RF_rank201_region239_cAId,239,cAId,201
beta,0.5040245889829973,0.128510505055039,0.00510422572473495,935.0028053542941,674.4524074179365,1.0018644631588074,6.028542356697104,copath_tau_app_REGION-RF_rank201_region239_cAId,239,cAId,201
gamma,0.07823143745056478,0.05905806647074758,0.0016570427765000984,1130.0422398481087,1207.2948194689711,1.0025116060699755,7.286082425388847,copath_tau_app_REGION-RF_rank201_region239_cAId,239,cAId,201
sigma,0.09411353674944292,0.018101318092620076,0.00045013929020449727,1701.4949365143107,2002.7928467279764,1.0012788065670037,10.97059199795166,copath_tau_app_REGION-RF_rank201_region239_cAId,239,cAId,201
u0,0.01764177017630175,0.007006715236427506,0.00017277996662922184,1413.3022069590663,999.6713492004134,1.0014272970638172,9.112434923912069,copath_tau_app_REGION-RF_rank201_region239_cAId,239,cAId,201
alpha,1.9195478744640113,0.6942402662424414,0.02018666927857542,1039.9131688661569,734.3038393674235,1.0025122727414726,9.504301685017198,copath_tau_app_REGION-RF_rank130_region240_cAIp,240,cAIp,130
beta,0.6052046235500237,0.1109162782159156,0.004214204382484314,942.4260953121817,536.0381884125659,1.0038388175560222,8.613317144012994,copath_tau_app_REGION-RF_rank130_region240_cAIp,240,cAIp,130
gamma,0.05613479838056922,0.04623709606333403,0.0016769042495646824,832.2703844016,737.23106554302,1.0053766044076802,7.6065474057633775,copath_tau_app_REGION-RF_rank130_region240_cAIp,240,cAIp,130
sigma,0.16847236075016847,0.03374077077970546,0.0008153510710585634,1799.4853451224226,2211.8080651865725,1.0011888984304296,16.44642274937095,copath_tau_app_REGION-RF_rank130_region240_cAIp,240,cAIp,130
u0,0.01464932978324881,0.006704787463664564,0.00015591583275625757,1709.4676563808314,1434.827748983334,1.0012016524790255,15.62370476059801,copath_tau_app_REGION-RF_rank130_region240_cAIp,240,cAIp,130
alpha,1.1445871373057945,0.45631171242057766,0.01653804890864873,564.2253341597682,204.4009912899865,1.003922569106864,3.767656065972877,copath_tau_app_REGION-RF_rank176_region241_cAIv,241,cAIv,176
beta,0.5985174722714784,0.20939301564877139,0.016300995068956388,521.6601905784148,200.18153826649507,1.0046812807481424,3.4834241967107262,copath_tau_app_REGION-RF_rank176_region241_cAIv,241,cAIv,176
gamma,0.07962835724499277,0.05805677678244296,0.0015541346168468056,1197.6635378820754,1236.6629338061243,1.0023684365431085,7.997486146586594,copath_tau_app_REGION-RF_rank176_region241_cAIv,241,cAIv,176
sigma,0.12150753556206836,0.022839026402443004,0.0006729656182109866,998.1934369349168,592.348704105097,1.0028711428100694,6.66550991242307,copath_tau_app_REGION-RF_rank176_region241_cAIv,241,cAIv,176
u0,0.014809783456018908,0.006737898668503398,0.00016547914344317916,1475.7349039156272,1166.7411230457672,1.001194129359775,9.854328095326549,copath_tau_app_REGION-RF_rank176_region241_cAIv,241,cAIv,176
alpha,0.9660204675518858,0.46769547077515217,0.012016509185307297,1288.4110854954467,1396.513929350369,1.0020679090915061,13.007289890214802,copath_tau_app_REGION-RF_rank38_region242_cRSPagl,242,cRSPagl,38
beta,1.2536642648834326,0.383090077681854,0.01437024836967284,1065.2056897323314,1045.0582968493009,1.0033021562482218,10.75389629523923,copath_tau_app_REGION-RF_rank38_region242_cRSPagl,242,cRSPagl,38
gamma,0.061145510259025454,0.04957319311035449,0.0010888152730221042,1469.3554471108996,1128.676663719755,1.002696578223137,14.834032761359067,copath_tau_app_REGION-RF_rank38_region242_cRSPagl,242,cRSPagl,38
sigma,0.8722646159963052,0.15403892877729988,0.004336320191710564,1506.4379452068688,1473.362493800108,1.0009243238627745,15.20840302875096,copath_tau_app_REGION-RF_rank38_region242_cRSPagl,242,cRSPagl,38
u0,0.008899742239843031,0.006038643282035829,0.00011775319532686468,1819.1286509374822,1238.343864731537,1.0015783840504289,18.365205000731752,copath_tau_app_REGION-RF_rank38_region242_cRSPagl,242,cRSPagl,38
alpha,0.9339470668722493,0.4527011144375159,0.012987799644622485,955.1446913789358,722.5723827522205,1.0050924968676154,9.887012104620167,copath_tau_app_REGION-RF_rank33_region243_cRSPd,243,cRSPd,33
beta,1.3292625340141018,0.38820552203109887,0.013584711711038932,1082.6086034107414,874.9084339942448,1.0009511809309057,11.206432347998483,copath_tau_app_REGION-RF_rank33_region243_cRSPd,243,cRSPd,33
gamma,0.058360998541117814,0.050044955367523715,0.001137237836587065,1402.8193970806071,1116.9268421032457,1.0002946440233733,14.521038000544554,copath_tau_app_REGION-RF_rank33_region243_cRSPd,243,cRSPd,33
sigma,0.9319188599929868,0.15928007510090228,0.004261515604598984,1748.7482966037505,1137.2694810638895,1.0026370188483367,18.10186009775532,copath_tau_app_REGION-RF_rank33_region243_cRSPd,243,cRSPd,33
u0,0.008762462730462356,0.006196805141707767,0.00011579697656045849,1951.1437239575616,1196.2431638606536,1.0018295793400607,20.19692072912202,copath_tau_app_REGION-RF_rank33_region243_cRSPd,243,cRSPd,33
alpha,0.9294347368763476,0.42757668220146944,0.011039280240079804,1345.807853265482,1429.9451377469634,1.0034914265660269,14.844233011244864,copath_tau_app_REGION-RF_rank19_region244_cRSPv,244,cRSPv,19
beta,1.7010745085880783,0.3816024163109,0.012389791429365946,1297.0666203621201,1378.0463566190726,1.000555926214124,14.30661821228431,copath_tau_app_REGION-RF_rank19_region244_cRSPv,244,cRSPv,19
gamma,0.044477653178183876,0.039396417775653864,0.0008480790009965076,1739.7425968403659,1384.5589046432751,1.001915092948433,19.189325151004454,copath_tau_app_REGION-RF_rank19_region244_cRSPv,244,cRSPv,19
sigma,1.1068616742343824,0.1952149815151078,0.005209263900499695,1712.6045086398785,1452.6694315845307,1.0008094454690286,18.889992594911632,copath_tau_app_REGION-RF_rank19_region244_cRSPv,244,cRSPv,19
u0,0.008505663462087466,0.0059915370062215405,0.00011805206617243197,1741.3777250310604,1161.8177500960944,1.0009608687961051,19.207360581401915,copath_tau_app_REGION-RF_rank19_region244_cRSPv,244,cRSPv,19
alpha,0.841137197730292,0.35722377173411457,0.011113141585132833,865.2286938045639,993.873407999551,1.0031939954331357,7.766794676928968,copath_tau_app_REGION-RF_rank50_region245_cVISa,245,cVISa,50
beta,1.2662616292098474,0.27714172296311235,0.009006627999449516,1060.3264345540688,964.7651898210651,1.0026446886830136,9.518105174586124,copath_tau_app_REGION-RF_rank50_region245_cVISa,245,cVISa,50
gamma,0.060770422760102236,0.04999093319097797,0.0012943772217133974,1251.1155607833102,1487.2715222560637,1.0025590014457617,11.230739048871287,copath_tau_app_REGION-RF_rank50_region245_cVISa,245,cVISa,50
sigma,0.48478939218445916,0.08725680951197415,0.0021218789701695096,1648.7164539615173,1331.2430505414513,1.0024534209863132,14.799835315315997,copath_tau_app_REGION-RF_rank50_region245_cVISa,245,cVISa,50
u0,0.009333172017035493,0.006248373344410214,0.00016403789049678256,858.6727856852199,415.77562263395777,1.0039675066819196,7.707945042550964,copath_tau_app_REGION-RF_rank50_region245_cVISa,245,cVISa,50
alpha,1.0264531574183116,0.41324708691045886,0.009529011605617607,1653.809333605311,1425.118997683109,1.0019855663549637,14.879210191772405,copath_tau_app_REGION-RF_rank92_region246_cVISrl,246,cVISrl,92
beta,0.9216381563947614,0.20701394036839021,0.005476129936545457,1610.578316388734,1312.2583124248217,1.0006192434799333,14.490263667587959,copath_tau_app_REGION-RF_rank92_region246_cVISrl,246,cVISrl,92
gamma,0.06823465484393328,0.05448534163504326,0.0012964244560019157,1391.7384902718268,1206.3751636293246,1.0020700957224147,12.521376623017991,copath_tau_app_REGION-RF_rank92_region246_cVISrl,246,cVISrl,92
sigma,0.3368095519186521,0.05886856464488679,0.0014317203665033995,1684.9247046955943,1572.9460834284052,1.0026221538923108,15.159153071063116,copath_tau_app_REGION-RF_rank92_region246_cVISrl,246,cVISrl,92
u0,0.010254662728604074,0.006287452430608655,0.0001540374472310772,1110.8192516665285,650.7301389848633,1.003108092876546,9.993965322823675,copath_tau_app_REGION-RF_rank92_region246_cVISrl,246,cVISrl,92
alpha,1.2794206999560975,0.4997428208587035,0.013020643041928879,1214.8317986256463,1046.288206208542,1.0020466092342593,10.548528199517621,copath_tau_app_REGION-RF_rank101_region247_cTEa,247,cTEa,101
beta,0.8101120372852535,0.16570225108662578,0.005909884811517025,1073.1073154561336,1172.383819406375,1.0017731000407342,9.317917748781182,copath_tau_app_REGION-RF_rank101_region247_cTEa,247,cTEa,101
gamma,0.06305487782950105,0.05039523346347659,0.0013176745737419398,1278.4207660496604,1335.921629286743,1.0018396398888623,11.100678725054795,copath_tau_app_REGION-RF_rank101_region247_cTEa,247,cTEa,101
sigma,0.2700388447117462,0.04728023768682521,0.0010143587032683612,2238.42822784457,2113.6185488199862,1.0020345163216873,19.436537066882327,copath_tau_app_REGION-RF_rank101_region247_cTEa,247,cTEa,101
u0,0.012164755124943302,0.006850604083611905,0.00014789026094596869,1745.0373455700433,1271.153642951943,1.0019063915412707,15.15236567710994,copath_tau_app_REGION-RF_rank101_region247_cTEa,247,cTEa,101
alpha,0.7097382441498764,0.20106994131056835,0.006762901053634035,863.8152059021301,832.9225787197523,1.0012089494281793,8.00829931768535,copath_tau_app_REGION-RF_rank12_region248_cPERI,248,cPERI,12
beta,2.383369982191635,0.2097759910752874,0.006843216289866605,1089.4992362658609,966.4967638214016,1.0024252229340305,10.10058161837353,copath_tau_app_REGION-RF_rank12_region248_cPERI,248,cPERI,12
gamma,0.015172930309848504,0.015546592837100146,0.0004239507083902212,1364.9307954882768,1511.2525807754203,1.002120196540877,12.654065688483538,copath_tau_app_REGION-RF_rank12_region248_cPERI,248,cPERI,12
sigma,0.564437422697019,0.10191764996847612,0.0024167842173365645,1880.9299151538326,1774.721801965496,1.0031604555685867,17.43781500165793,copath_tau_app_REGION-RF_rank12_region248_cPERI,248,cPERI,12
u0,0.00987389449865565,0.006446136763035696,0.00015877112613381809,1286.694066257375,999.584404765117,1.0006538550240345,11.928744877924952,copath_tau_app_REGION-RF_rank12_region248_cPERI,248,cPERI,12
alpha,0.9891498166215523,0.352174499366374,0.011246594968572686,749.351868713479,390.8181069418509,1.0051457828968333,6.675205272748546,copath_tau_app_REGION-RF_rank43_region249_cECT,249,cECT,43
beta,1.2694046582675795,0.22025914244797296,0.010229795072365377,713.9082437691711,353.48289495243495,1.0043744174112756,6.359474463242779,copath_tau_app_REGION-RF_rank43_region249_cECT,249,cECT,43
gamma,0.04364326778680052,0.04179249882125102,0.0018925779256873678,764.2927020650176,459.97168284153565,1.002575422252431,6.808297794074574,copath_tau_app_REGION-RF_rank43_region249_cECT,249,cECT,43
sigma,0.3627323821513926,0.06188656799110024,0.0014005959324400062,2049.6607735596663,2117.4955173217713,1.0016132413869707,18.258320255477656,copath_tau_app_REGION-RF_rank43_region249_cECT,249,cECT,43
u0,0.01076434820359749,0.006239702015730859,0.0001551658870726516,1240.7112084723647,658.2001353676941,1.0037134569398327,11.052220387428756,copath_tau_app_REGION-RF_rank43_region249_cECT,249,cECT,43
alpha,0.820065403592876,0.6124553268698939,0.010900790094168606,2189.257929425979,994.0107135161617,1.0020363153702299,31.14829521841046,copath_tau_app_REGION-RF_rank1_region250_cMOB,250,cMOB,396
beta,-0.03702066122214453,1.0095961952166599,0.019122487276007183,2807.359055980462,2244.3615454387277,1.0010991652763255,39.9425063097455,copath_tau_app_REGION-RF_rank1_region250_cMOB,250,cMOB,396
gamma,0.0811311235463055,0.06158440061101639,0.0011268378282816769,1935.8636514996679,955.105473125811,0.9999910477168098,27.543055438566807,copath_tau_app_REGION-RF_rank1_region250_cMOB,250,cMOB,396
sigma,1.6918151831578891,2.315196053492288,0.046982958233825076,2690.7539127873642,2223.9343098319764,1.0007631773602659,38.28347318471031,copath_tau_app_REGION-RF_rank1_region250_cMOB,250,cMOB,396
u0,0.007934691078855818,0.005902156521983632,0.00011336962472537486,1962.7724968830903,1343.7812291545981,1.0003362829223166,27.925908755539453,copath_tau_app_REGION-RF_rank1_region250_cMOB,250,cMOB,396
alpha,1.3045199313242684,0.37035695429693155,0.011241687188732676,926.5483405167287,682.8986242612688,1.0065740914186931,5.505337733313896,copath_tau_app_REGION-RF_rank168_region251_cAON,251,cAON,168
beta,0.5351294091056717,0.10116905927951474,0.003988877803865402,1125.4895338735626,312.5662677816236,1.0080738555373887,6.687400676610591,copath_tau_app_REGION-RF_rank168_region251_cAON,251,cAON,168
gamma,0.07486407493898968,0.05804540919820104,0.0024915520473491773,780.6612407163506,389.82063052584635,1.0103881266406733,4.638510045848785,copath_tau_app_REGION-RF_rank168_region251_cAON,251,cAON,168
sigma,0.0759192069606024,0.014837472577689487,0.0003890360488678978,1271.1971129992685,913.2500193091897,1.0018662615527032,7.553161693400288,copath_tau_app_REGION-RF_rank168_region251_cAON,251,cAON,168
u0,0.017437797546522388,0.006680886628544152,0.0001674733342414912,1491.1303497919907,1740.1243103683803,1.0030325650255658,8.859954544218601,copath_tau_app_REGION-RF_rank168_region251_cAON,251,cAON,168
alpha,1.0343569405254833,0.3470468376756333,0.009987969246007374,1117.0726536592738,815.6346717894835,1.003301372751268,5.689799538831623,copath_tau_app_REGION-RF_rank170_region252_cTT,252,cTT,170
beta,0.5911540195495582,0.14551561870762136,0.00507363216136253,1091.6347244079889,908.1958761841778,1.0051949823236914,5.560231674423997,copath_tau_app_REGION-RF_rank170_region252_cTT,252,cTT,170
gamma,0.0748467624399489,0.058388088819825316,0.0016287752774220435,1144.2229041734142,1140.169475378885,1.0043582556222181,5.828089096228342,copath_tau_app_REGION-RF_rank170_region252_cTT,252,cTT,170
sigma,0.07917864711792175,0.015552936488420287,0.0003757549282408983,1683.1900298335295,1450.0045691805235,1.0019475323410314,8.573313315065677,copath_tau_app_REGION-RF_rank170_region252_cTT,252,cTT,170
u0,0.017978107655315014,0.0071249263360930685,0.0001846844048964128,1409.6323885036213,1370.645869484443,1.0025867208897057,7.179949923361405,copath_tau_app_REGION-RF_rank170_region252_cTT,252,cTT,170
alpha,1.2540844792661179,0.4306536635231291,0.01252560237202631,1037.601699352212,1100.4865947568583,1.010120848434014,7.457303123870461,copath_tau_app_REGION-RF_rank151_region253_cDP,253,cDP,151
beta,0.6062413926245269,0.13314025791578668,0.0046961869680515285,1031.5474688314212,1156.868575421086,1.0093641718642146,7.413791020716126,copath_tau_app_REGION-RF_rank151_region253_cDP,253,cDP,151
gamma,0.0767189093317798,0.05745339895259339,0.0015403042940133804,1294.354647685928,1504.0231774931217,1.0027752879935439,9.302601338847685,copath_tau_app_REGION-RF_rank151_region253_cDP,253,cDP,151
sigma,0.13336783534743019,0.023535293831171325,0.0005090186341742151,2100.056349462223,2013.0531253411314,1.0022095086656295,15.093225835044256,copath_tau_app_REGION-RF_rank151_region253_cDP,253,cDP,151
u0,0.014738889217893096,0.006846442946902998,0.0001473600512697511,1924.515954784493,1539.5490515920235,1.0019435691121052,13.831606916712733,copath_tau_app_REGION-RF_rank151_region253_cDP,253,cDP,151
alpha,1.3587872698935002,0.5906937503463358,0.01647436880085111,986.5376893208706,729.9644382113296,1.0036606091822065,7.347143469155618,copath_tau_app_REGION-RF_rank132_region254_cPIR,254,cPIR,132
beta,0.6231649544336175,0.14289622873777438,0.0049461195568965164,1068.1615266939168,674.1377140446372,1.0040449819197863,7.9550290574858815,copath_tau_app_REGION-RF_rank132_region254_cPIR,254,cPIR,132
gamma,0.06394961993410384,0.053251003429836075,0.0013954408748039879,1349.353249990742,1647.9435526489128,1.0038999942908418,10.049177061930678,copath_tau_app_REGION-RF_rank132_region254_cPIR,254,cPIR,132
sigma,0.1469070751606543,0.027343633330689607,0.000669174237297659,1595.6234481771316,1426.0331928018666,1.0008352633207895,11.883250405340767,copath_tau_app_REGION-RF_rank132_region254_cPIR,254,cPIR,132
u0,0.01671951867953403,0.006928735158698319,0.00014052026473002871,2200.316471657781,1626.2626628162852,1.0007686387073385,16.38664287214881,copath_tau_app_REGION-RF_rank132_region254_cPIR,254,cPIR,132
alpha,0.9576143809726326,0.46689984924667044,0.014420605088322847,899.7579435538975,1438.3882138782778,1.0030100107905426,7.38511370843851,copath_tau_app_REGION-RF_rank45_region255_cCOAp,255,cCOAp,45
beta,1.2330127367345904,0.248126820558163,0.00880517756626905,877.5808464219707,1324.598189787889,1.000822935064312,7.203086547449568,copath_tau_app_REGION-RF_rank45_region255_cCOAp,255,cCOAp,45
gamma,0.04761601907623154,0.04367095265280589,0.0013617343641309661,989.3287477319594,1120.2743715223996,1.0021201441678462,8.120300964689326,copath_tau_app_REGION-RF_rank45_region255_cCOAp,255,cCOAp,45
sigma,0.4087041886220791,0.07332230885029029,0.0018250505764641973,1616.8578779703685,1608.3506353801986,1.0018818940189895,13.270990675594403,copath_tau_app_REGION-RF_rank45_region255_cCOAp,255,cCOAp,45
u0,0.011584081714917843,0.006527950189548081,0.0001392515223992681,1669.6065663296977,1182.1231158744658,1.0021380502077395,13.70394607687261,copath_tau_app_REGION-RF_rank45_region255_cCOAp,255,cCOAp,45
alpha,1.4849855566865446,0.5840700563680966,0.01726270800453807,922.984971265171,777.1191580511205,1.00463053870322,7.241710509400812,copath_tau_app_REGION-RF_rank143_region256_cPAA,256,cPAA,143
beta,0.5830958592956863,0.12053210331430919,0.004586871270487286,875.0524563970038,814.9027588878765,1.0060262545790681,6.865633533643541,copath_tau_app_REGION-RF_rank143_region256_cPAA,256,cPAA,143
gamma,0.06333082945301266,0.05000499651997626,0.0014275649610956285,1011.3928132515215,1484.0457624804726,1.0052804396483495,7.935355604779148,copath_tau_app_REGION-RF_rank143_region256_cPAA,256,cPAA,143
sigma,0.13989725684735943,0.02641794477219615,0.0006518359016635753,1702.6070108854515,1929.2650587464868,1.002502078225545,13.358600050884645,copath_tau_app_REGION-RF_rank143_region256_cPAA,256,cPAA,143
u0,0.016326052325596006,0.006955562417246811,0.00014935133077894163,1976.6530034732243,1294.7451679576711,0.9993098842773473,15.508756127490894,copath_tau_app_REGION-RF_rank143_region256_cPAA,256,cPAA,143
alpha,0.8104566312932417,0.3676625420729382,0.013686144006456263,696.691562582378,1357.5861846010762,1.0064383685148799,5.443328092682069,copath_tau_app_REGION-RF_rank42_region257_cTR,257,cTR,42
beta,1.3060762048061842,0.24304016005452728,0.008730749353340946,754.7965031898957,1535.2441727048108,1.0051560382806783,5.897308408390466,copath_tau_app_REGION-RF_rank42_region257_cTR,257,cTR,42
gamma,0.050511309259300474,0.044363590227090806,0.0012661112501082053,1073.8833813779809,1022.6511815668256,1.0043365388060916,8.390369414625994,copath_tau_app_REGION-RF_rank42_region257_cTR,257,cTR,42
sigma,0.3565863362456671,0.06477592575857366,0.0015985606626166139,1633.2523686573534,1392.1817664041482,1.0007561593770125,12.760781066156367,copath_tau_app_REGION-RF_rank42_region257_cTR,257,cTR,42
u0,0.011830090878813811,0.006593016664680055,0.00014507446156370723,1521.7209066870587,611.5445317748622,1.0022334155782993,11.889373440792708,copath_tau_app_REGION-RF_rank42_region257_cTR,257,cTR,42
alpha,0.8847548786907649,0.28658377623660586,0.011128070325499971,632.6216641712392,406.28806173550845,1.0040082864548223,5.949942291215899,copath_tau_app_REGION-RF_rank13_region258_cCA1,258,cCA1,13
beta,2.109846445347569,0.21918153252671302,0.009734617595423689,709.8430431128444,449.7508330879938,1.0043227246923858,6.676225904902415,copath_tau_app_REGION-RF_rank13_region258_cCA1,258,cCA1,13
gamma,0.014301550364432918,0.016871403072668538,0.0006963082198506209,999.413656216152,700.7849151459736,1.0044289259823045,9.39969956186893,copath_tau_app_REGION-RF_rank13_region258_cCA1,258,cCA1,13
sigma,0.5499846353625696,0.10113561082913607,0.0025410022108112154,1657.2048296418807,1846.3285865059586,1.0026894589389412,15.586366480210307,copath_tau_app_REGION-RF_rank13_region258_cCA1,258,cCA1,13
u0,0.009990342937130381,0.006561625065282177,0.00017125362443676218,1138.6985835836358,867.3041265587964,1.002899765995377,10.709704145664533,copath_tau_app_REGION-RF_rank13_region258_cCA1,258,cCA1,13
alpha,0.8161231828016542,0.19293796265999955,0.006180319925398243,1361.4762924259946,991.442681295366,1.0066546691908542,12.139996187413013,copath_tau_app_REGION-RF_rank10_region259_cCA2,259,cCA2,10
beta,2.6730672752345885,0.1910712421794081,0.004908485591291155,1611.5091216437036,1304.2643662586302,1.006326008569803,14.36948605096572,copath_tau_app_REGION-RF_rank10_region259_cCA2,259,cCA2,10
gamma,0.012138417957652962,0.011422859070107412,0.0002900230348600355,1374.6623908853876,1226.538319569753,1.001489043302496,12.257573838903838,copath_tau_app_REGION-RF_rank10_region259_cCA2,259,cCA2,10
sigma,0.5864581150009259,0.1081122701574432,0.0025203373160484653,1954.194221745672,2100.7924797629403,1.001905447169693,17.42513662076606,copath_tau_app_REGION-RF_rank10_region259_cCA2,259,cCA2,10
u0,0.008895710293113902,0.006168380407510237,0.00013664904570933389,1477.9702974351258,1086.4729207960565,1.0037274571156456,13.178748595027336,copath_tau_app_REGION-RF_rank10_region259_cCA2,259,cCA2,10
alpha,0.847750797820734,0.25475787986863435,0.008688473673957106,1154.2954962821482,664.2396496645597,1.001588516421108,10.565247004980579,copath_tau_app_REGION-RF_rank6_region260_cCA3,260,cCA3,6
beta,2.6047653974849334,0.2056708573758892,0.005431301737800811,1583.0476909608067,1452.2534779613393,1.003135324850721,14.489608535713169,copath_tau_app_REGION-RF_rank6_region260_cCA3,260,cCA3,6
gamma,0.011500173595650483,0.011270506213963367,0.00029749262512046234,1577.5525931718857,1679.5069612746647,1.0019816151553427,14.439311999303326,copath_tau_app_REGION-RF_rank6_region260_cCA3,260,cCA3,6
sigma,0.6865059809498218,0.12420078516707848,0.002814800419812694,2092.3206414481883,1968.7110338659154,1.001294530994501,19.150975172059496,copath_tau_app_REGION-RF_rank6_region260_cCA3,260,cCA3,6
u0,0.008779761868316652,0.006181619339200278,0.00013613598286841736,1173.808488480331,508.61850195637624,1.0029144004851667,10.743849090013464,copath_tau_app_REGION-RF_rank6_region260_cCA3,260,cCA3,6
alpha,0.86374804130098,0.3878003841084053,0.016079194707392688,471.10362571466214,670.3911872173941,1.012091744216173,3.847942707789448,copath_tau_app_REGION-RF_rank1_region261_cDG,261,cDG,1
beta,3.7690829937169354,0.20833199468940708,0.010505133933813228,429.110969903954,361.59566547934554,1.014782621830946,3.50494952139144,copath_tau_app_REGION-RF_rank1_region261_cDG,261,cDG,1
gamma,0.007720522589067079,0.007352372119198044,0.0003886732321098844,399.191092718067,422.0006688349578,1.012274665497491,3.2605659782575103,copath_tau_app_REGION-RF_rank1_region261_cDG,261,cDG,1
sigma,0.6157452316850327,0.11599413409707973,0.00471599459153907,518.1260140171164,532.5552125781722,1.0064183677110412,4.232018410660102,copath_tau_app_REGION-RF_rank1_region261_cDG,261,cDG,1
u0,0.008741655687826907,0.006061482157320767,0.0002181256560666711,542.2372874738672,420.1500066432682,1.007984390883228,4.428957669475351,copath_tau_app_REGION-RF_rank1_region261_cDG,261,cDG,1
alpha,0.7197939548997275,0.28227070768384327,0.008499018219484405,1332.8755268223092,1191.9516466041753,1.0020828771694998,13.846474967248515,copath_tau_app_REGION-RF_rank3_region262_cFC,262,cFC,3
beta,2.977521599346509,0.3422573336346297,0.00839838995066674,1662.582343820172,1977.9983177044473,1.0016944318229564,17.271608894777447,copath_tau_app_REGION-RF_rank3_region262_cFC,262,cFC,3
gamma,0.018725568531137014,0.018124024696806053,0.0004052374558685801,1571.7135271434818,1256.732777037027,1.0010392644242776,16.32762517679519,copath_tau_app_REGION-RF_rank3_region262_cFC,262,cFC,3
sigma,1.1366147478430564,0.20803822260991192,0.004813113817109204,1960.137438242768,2325.9865131542388,1.0005202402651199,20.36273712347439,copath_tau_app_REGION-RF_rank3_region262_cFC,262,cFC,3
u0,0.008225634815351107,0.006055386081249984,0.00011693828851390547,1924.7893699609033,1211.9374813744282,1.0016305063197477,19.99552643293653,copath_tau_app_REGION-RF_rank3_region262_cFC,262,cFC,3
alpha,1.0765208344042243,0.3877476566769176,0.010913567340126726,1104.585322173238,1044.3522067680956,1.0038057364715678,11.232766455552778,copath_tau_app_REGION-RF_rank30_region263_cIG,263,cIG,30
beta,1.5217919606579122,0.25658370379151113,0.012888628142749225,670.6064429648452,293.518620869577,1.0065335238446997,6.819541601904137,copath_tau_app_REGION-RF_rank30_region263_cIG,263,cIG,30
gamma,0.04408930140026204,0.03932489739624175,0.0018868393596510977,682.2482868239362,355.5478443215647,1.0059526959123222,6.937930023835992,copath_tau_app_REGION-RF_rank30_region263_cIG,263,cIG,30
sigma,0.6211114741223658,0.10588990932978135,0.002087357319301372,2648.3460261209552,2428.445633878088,1.0001999170488332,26.93160212049458,copath_tau_app_REGION-RF_rank30_region263_cIG,263,cIG,30
u0,0.009462022724960389,0.006229979546392654,0.00014147458331148196,1469.4786528318089,979.0114029966905,1.0017982309908489,14.943445460785561,copath_tau_app_REGION-RF_rank30_region263_cIG,263,cIG,30
alpha,0.6625836969106994,0.18563346497975644,0.0062284471219529736,855.6231194525978,763.2056427260808,1.0008174682571487,7.234734576738858,copath_tau_app_REGION-RF_rank7_region264_cENTl,264,cENTl,7
beta,2.622601950109526,0.20576243667741032,0.007448116818143596,1012.494713818036,736.3483925963297,1.0015993307916955,8.561164779548102,copath_tau_app_REGION-RF_rank7_region264_cENTl,264,cENTl,7
gamma,0.010203855898782529,0.011742082448553938,0.0003838213015820322,1249.3486387214364,1246.9239609366593,1.0003395531828327,10.563886820569195,copath_tau_app_REGION-RF_rank7_region264_cENTl,264,cENTl,7
sigma,0.5337848043580306,0.10064455875236587,0.0025540716147696855,1469.3760584647084,1040.938577163294,1.0022637788138737,12.424332085846384,copath_tau_app_REGION-RF_rank7_region264_cENTl,264,cENTl,7
u0,0.010660257064728135,0.006842170955212781,0.00016862257166004658,1375.0338770432734,1136.17264639581,1.0011574876794467,11.626620305440898,copath_tau_app_REGION-RF_rank7_region264_cENTl,264,cENTl,7
alpha,0.706763756735422,0.29620609190875224,0.010648945551563777,625.8096060431529,526.5189561126855,1.0063591896119906,6.0260335099628595,copath_tau_app_REGION-RF_rank5_region265_cENTm,265,cENTm,5
beta,2.5427075180491325,0.3052176351537727,0.012256055663424675,683.5822209394962,531.9141865327503,1.0037206725649723,6.582336433346778,copath_tau_app_REGION-RF_rank5_region265_cENTm,265,cENTm,5
gamma,0.017554955852352824,0.017371240066415838,0.0005279141892155949,794.9109155437859,732.0949355612744,1.0047385128013724,7.654340502679665,copath_tau_app_REGION-RF_rank5_region265_cENTm,265,cENTm,5
sigma,0.8642207600484075,0.15292043360321794,0.003948915042237662,1347.399691275042,1545.641844625429,1.002102065306967,12.974354520178352,copath_tau_app_REGION-RF_rank5_region265_cENTm,265,cENTm,5
u0,0.00942618355323171,0.0064594368354712545,0.00016348533957017585,1276.5412199601153,1188.214452760797,1.0001955277725323,12.29204552638025,copath_tau_app_REGION-RF_rank5_region265_cENTm,265,cENTm,5
alpha,0.7463478459228172,0.26911588452901125,0.008018969237716262,1151.9006423790615,1181.155975559711,1.0027952754901899,10.947544595885399,copath_tau_app_REGION-RF_rank8_region266_cPAR,266,cPAR,8
beta,2.555421062993737,0.25522701149604937,0.007440888625226951,1304.2087943630086,950.0806520355584,1.0035744010597023,12.39506552331314,copath_tau_app_REGION-RF_rank8_region266_cPAR,266,cPAR,8
gamma,0.014442332861377643,0.014917761948524011,0.0004201513003315208,1191.407324468109,1344.5009261908408,1.0028848917878328,11.32301201737416,copath_tau_app_REGION-RF_rank8_region266_cPAR,266,cPAR,8
sigma,0.7652807887118157,0.13733594982728442,0.0033137844513481856,1712.2224473731521,2199.657421866645,1.0009324877293504,16.272785091932636,copath_tau_app_REGION-RF_rank8_region266_cPAR,266,cPAR,8
u0,0.009182075840156616,0.0061744514228037565,0.0001381510775101316,1455.3462046598374,1075.9523014957497,1.0036838695476507,13.831459842804005,copath_tau_app_REGION-RF_rank8_region266_cPAR,266,cPAR,8
alpha,0.9165814257225297,0.4060397812918612,0.012649903550407772,912.7702578230112,919.6421493406071,1.0011062815620193,9.473189810623554,copath_tau_app_REGION-RF_rank9_region267_cPOST,267,cPOST,9
beta,2.3961225703068876,0.32681430559827274,0.009545379511653029,1286.0150383335863,957.1485142758805,1.002100752042284,13.346912273967456,copath_tau_app_REGION-RF_rank9_region267_cPOST,267,cPOST,9
gamma,0.020593640449176605,0.02082054587873062,0.0005562597428361641,1309.6858557439384,1133.6936947273773,1.003680387658421,13.592579948148355,copath_tau_app_REGION-RF_rank9_region267_cPOST,267,cPOST,9
sigma,1.0765332447134401,0.1927103775943194,0.004754141672906207,1756.5736530595861,1843.6598742731278,1.0020387194089584,18.230606759100247,copath_tau_app_REGION-RF_rank9_region267_cPOST,267,cPOST,9
u0,0.009233826965382021,0.006164211197139076,0.00013054654608161655,1603.461462517467,1126.3638948470348,0.9998300047473818,16.641531270613964,copath_tau_app_REGION-RF_rank9_region267_cPOST,267,cPOST,9
alpha,0.8798411198283108,0.3534169428860449,0.010869535577441624,1028.5524721539102,1300.4109469515222,1.0045935823282492,10.283159594832291,copath_tau_app_REGION-RF_rank2_region268_cPRE,268,cPRE,2
beta,2.728267991138058,0.2615264023899127,0.007089737221537088,1426.9758211561193,1068.150313721055,1.0036662744418736,14.266476921869163,copath_tau_app_REGION-RF_rank2_region268_cPRE,268,cPRE,2
gamma,0.012262392085699798,0.01285765435282532,0.000394968289841649,1052.7388519606736,1085.7028014285472,1.0002561712900038,10.524967777018022,copath_tau_app_REGION-RF_rank2_region268_cPRE,268,cPRE,2
sigma,0.894378193642036,0.16406427259918838,0.004369293243992943,1438.988531241198,1090.028816455766,1.002002307299449,14.386576399840017,copath_tau_app_REGION-RF_rank2_region268_cPRE,268,cPRE,2
u0,0.008861213147236603,0.006320880088697101,0.00014692112559286613,1253.5555081047207,773.0598830468618,1.004457689915803,12.532672566356945,copath_tau_app_REGION-RF_rank2_region268_cPRE,268,cPRE,2
alpha,0.7531614335133777,0.1890459246076961,0.0064368337884570595,1195.384044752006,862.3863050701766,1.0034992408952592,10.46004186830712,copath_tau_app_REGION-RF_rank4_region269_cSUB,269,cSUB,4
beta,2.8169798607044365,0.19173659187568987,0.004763698710602676,1665.5070175298806,1773.9259286312208,1.0011251748342913,14.573787572123805,copath_tau_app_REGION-RF_rank4_region269_cSUB,269,cSUB,4
gamma,0.009766611390927252,0.009742236935790044,0.00022066572172565956,1605.7809569637616,1290.280150070474,1.0030621331894773,14.051162983906,copath_tau_app_REGION-RF_rank4_region269_cSUB,269,cSUB,4
sigma,0.6343723630806763,0.1149457865331523,0.002766847959090153,1769.1498804186795,2159.2401500798005,1.0013632685873342,15.480700032539787,copath_tau_app_REGION-RF_rank4_region269_cSUB,269,cSUB,4
u0,0.008855610161915987,0.006273855112083571,0.00013037925953109417,1690.935594799488,1236.412381790829,1.0027039957238686,14.79629680173859,copath_tau_app_REGION-RF_rank4_region269_cSUB,269,cSUB,4
alpha,0.8766882529980422,0.2793627712802664,0.00792438701677449,1396.2273964165915,1319.5096594148283,1.0049713963515619,12.997229661778837,copath_tau_app_REGION-RF_rank11_region270_cProS,270,cProS,11
beta,2.3440355213099164,0.21893577608438647,0.00553627071182691,1638.6686546906142,1587.440323026064,1.0026106897179838,15.254071721578908,copath_tau_app_REGION-RF_rank11_region270_cProS,270,cProS,11
gamma,0.01527029861545602,0.015144510545354506,0.0003965035698707596,1347.5768271008506,1622.6401250103745,1.0032978180888241,12.544350263912968,copath_tau_app_REGION-RF_rank11_region270_cProS,270,cProS,11
sigma,0.6829156202408313,0.12534430617938241,0.003158439532505681,1682.2198999196632,1758.1581103193544,1.0018057254415793,15.659482428854208,copath_tau_app_REGION-RF_rank11_region270_cProS,270,cProS,11
u0,0.009031123545436719,0.006130636242468819,0.00013416560700289372,1450.2285584346916,914.414448030404,1.0039533624188435,13.499916764577069,copath_tau_app_REGION-RF_rank11_region270_cProS,270,cProS,11
alpha,0.7297090872693927,0.3748081967610242,0.016275147773841883,415.47685248821125,545.7756878950728,1.0052841753762753,3.724646362894998,copath_tau_app_REGION-RF_rank17_region271_cHATA,271,cHATA,17
beta,2.0121862390434244,0.36911904370104887,0.02132618604770646,324.2497522346955,294.45731201565536,1.0056990467555034,2.9068181611028034,copath_tau_app_REGION-RF_rank17_region271_cHATA,271,cHATA,17
gamma,0.03360893705756153,0.033443970629818486,0.0015363603160176676,448.42496377289143,943.9813863715921,1.0094564283099219,4.020017963324232,copath_tau_app_REGION-RF_rank17_region271_cHATA,271,cHATA,17
sigma,0.7421940890382153,0.12610006627051154,0.004319958130977242,744.6310135411156,562.7715291880057,1.0032645429263853,6.675431325896615,copath_tau_app_REGION-RF_rank17_region271_cHATA,271,cHATA,17
u0,0.009416550281253249,0.006305011055187059,0.00024173762040816764,461.0888477558583,205.4794294729474,1.0066953467634656,4.133546524866948,copath_tau_app_REGION-RF_rank17_region271_cHATA,271,cHATA,17
alpha,0.9812154967168597,0.44757292317096004,0.011475916443202094,1200.329673122678,1202.3057821508319,1.0035913744059184,13.399976256435002,copath_tau_app_REGION-RF_rank20_region272_cAPr,272,cAPr,20
beta,1.6672148324914169,0.3507157161396079,0.009832829082826114,1386.318603072063,955.7694463342309,1.00443171857038,15.476278543287485,copath_tau_app_REGION-RF_rank20_region272_cAPr,272,cAPr,20
gamma,0.04594007897466147,0.04071038969810486,0.0009860227387273781,1446.4345495246598,1445.8426951280194,1.0039149173619555,16.147387716988288,copath_tau_app_REGION-RF_rank20_region272_cAPr,272,cAPr,20
sigma,1.1274203839357138,0.18755855363447602,0.004167967596974085,2068.1927904663944,2115.3258374901898,1.0004627677842635,23.088435541114286,copath_tau_app_REGION-RF_rank20_region272_cAPr,272,cAPr,20
u0,0.008886331704180734,0.006092790708685586,0.00013206890774875913,1413.8831498098175,887.3652122544469,1.0008812305206936,15.783997564216456,copath_tau_app_REGION-RF_rank20_region272_cAPr,272,cAPr,20
alpha,0.9450003646909868,0.3747489652859161,0.011721499878990991,821.0174453877,349.12127210714954,1.0046050550720071,5.338110735081241,copath_tau_app_REGION-RF_rank119_region273_cCLA,273,cCLA,119
beta,0.8085048289857707,0.2571083691788884,0.013075199937417674,781.9353082837092,328.8319779810645,1.005617135087043,5.084005567405767,copath_tau_app_REGION-RF_rank119_region273_cCLA,273,cCLA,119
gamma,0.07335021122679507,0.05627932174084336,0.0014476554793472205,1024.3590968544038,830.0267270963034,1.001988345960544,6.660202316303348,copath_tau_app_REGION-RF_rank119_region273_cCLA,273,cCLA,119
sigma,0.2114710826612677,0.03641540562299801,0.0008132845053051847,2174.207720172498,2139.9135336122895,0.999922959852794,14.136315417595872,copath_tau_app_REGION-RF_rank119_region273_cCLA,273,cCLA,119
u0,0.01065771100853867,0.006012947834146855,0.0001485103272763048,1428.4596635829737,1419.3866419965084,1.001192878119997,9.287592983121094,copath_tau_app_REGION-RF_rank119_region273_cCLA,273,cCLA,119
alpha,1.9437738231723383,0.7192695801954019,0.023775310864112293,823.6902082004723,636.0325407260751,1.0037053441466206,7.031313132334628,copath_tau_app_REGION-RF_rank109_region274_cEP,274,cEP,109
beta,0.6150980595934357,0.10895778270195537,0.004613208616790302,885.172737455825,629.4167707573819,1.004814509591584,7.5561499108448,copath_tau_app_REGION-RF_rank109_region274_cEP,274,cEP,109
gamma,0.038239277242710853,0.0392511094796829,0.0015451260863075691,821.4301950735226,772.57909719132,1.0021174071809258,7.012020854946157,copath_tau_app_REGION-RF_rank109_region274_cEP,274,cEP,109
sigma,0.1496406954754832,0.030041367454479436,0.0007650113333263675,1532.4165812222748,1996.251967892862,1.0020219641702837,13.081254001180362,copath_tau_app_REGION-RF_rank109_region274_cEP,274,cEP,109
u0,0.01612508494617098,0.007068362094403904,0.0001615729541126221,1718.0056370344373,1379.4995458295773,1.0001589225298668,14.665508314705045,copath_tau_app_REGION-RF_rank109_region274_cEP,274,cEP,109
alpha,1.7176289456078224,0.6100647972071569,0.019422766639427717,799.86552317897,521.6750213067035,1.0032683629260886,6.3526766990625845,copath_tau_app_REGION-RF_rank154_region275_cLA,275,cLA,154
beta,0.5345370766021316,0.10095403683510065,0.0041163341939660265,868.9441117106501,566.4570761517363,1.0038488059022408,6.90131134707847,copath_tau_app_REGION-RF_rank154_region275_cLA,275,cLA,154
gamma,0.05813503618622461,0.04787269148412327,0.0016034690456397088,1037.6894341401915,1049.9887958979548,1.0026045543916942,8.241517227703849,copath_tau_app_REGION-RF_rank154_region275_cLA,275,cLA,154
sigma,0.12143261046831672,0.023003080239176844,0.0005414570886721001,1867.819315252684,1984.6943390028957,1.0009033049432239,14.83455893298931,copath_tau_app_REGION-RF_rank154_region275_cLA,275,cLA,154
u0,0.01738007958541467,0.006833841196640218,0.00015341526102707483,1902.735223547545,1495.9661598804787,1.0007591033631527,15.111867393753833,copath_tau_app_REGION-RF_rank154_region275_cLA,275,cLA,154
alpha,1.9766771003177086,0.6692505288845492,0.025186425158377063,683.9067354608303,729.9138615363441,1.0057540873353938,,copath_tau_app_REGION-RF_rank114_region276_cBLA,276,cBLA,114
beta,0.574731201008686,0.09027700451074629,0.00393891456051102,705.1239763128852,626.9164250506981,1.0074240315228657,,copath_tau_app_REGION-RF_rank114_region276_cBLA,276,cBLA,114
gamma,0.030042746125505435,0.0328687925347711,0.0013580476833571836,696.1310697144556,601.2932733686762,1.0063072911856294,,copath_tau_app_REGION-RF_rank114_region276_cBLA,276,cBLA,114
u0,0.017303278259753987,0.006956893605763231,0.00018119880631162053,1311.0182342355972,895.4462406202523,1.0023410113439983,,copath_tau_app_REGION-RF_rank114_region276_cBLA,276,cBLA,114
sigma,0.11845927583963499,0.024116982492219097,0.000714305234768471,1193.60478220468,1358.175847739212,1.0004852480330688,,copath_tau_app_REGION-RF_rank114_region276_cBLA,276,cBLA,114
alpha,1.7219291396845928,0.7230565493105336,0.02867258783255626,567.0372743920383,768.3074045674009,1.005438100490958,4.556822121973676,copath_tau_app_REGION-RF_rank105_region277_cBMA,277,cBMA,105
beta,0.6571073219945325,0.12982737683960738,0.00673424206530334,532.3440635020788,560.1802025807967,1.005647125791053,4.278020713309376,copath_tau_app_REGION-RF_rank105_region277_cBMA,277,cBMA,105
gamma,0.03947458889688206,0.04210395531318798,0.002120379024208875,487.99899779628555,729.9874117582094,1.005103868352577,3.9216551170173304,copath_tau_app_REGION-RF_rank105_region277_cBMA,277,cBMA,105
sigma,0.15030939189773954,0.030070272082724486,0.0008700504241852435,1253.9033644035972,1393.8797394253531,1.001801576312433,10.07661197556673,copath_tau_app_REGION-RF_rank105_region277_cBMA,277,cBMA,105
u0,0.016648047672926908,0.007360109991058933,0.00020791485168229767,1193.6212346563234,911.6289242550226,1.0044918700659942,9.592173024553174,copath_tau_app_REGION-RF_rank105_region277_cBMA,277,cBMA,105
alpha,1.7517081797452647,0.47996095868183436,0.013346407092888151,1272.5933629090948,1383.2409314203842,1.0028018509454353,12.761282381287113,copath_tau_app_REGION-RF_rank49_region278_cPA,278,cPA,49
beta,1.0525232739367543,0.12203732356511668,0.003364779926117547,1537.0726902721717,1260.2591888037832,1.0026123603486297,15.413422081888548,copath_tau_app_REGION-RF_rank49_region278_cPA,278,cPA,49
gamma,0.02366508554124289,0.02176875719513919,0.0005602753840740165,1453.0381526908475,1735.4634419973386,1.0012366247367965,14.570742483588013,copath_tau_app_REGION-RF_rank49_region278_cPA,278,cPA,49
sigma,0.3293280999928362,0.06053044356465719,0.0014266580963395673,1876.3561483462934,1994.6461796014842,1.0035425418850412,18.815680919610255,copath_tau_app_REGION-RF_rank49_region278_cPA,278,cPA,49
u0,0.011285914709763674,0.006460721414584502,0.0001506372552617233,1395.8841840951243,1055.1639393377907,1.0019226672518706,13.997615235152615,copath_tau_app_REGION-RF_rank49_region278_cPA,278,cPA,49
alpha,1.5614440472755386,0.5291584030284527,0.013025816766705027,1441.7199806269875,872.3336866735254,1.0016100887851196,11.155714975912188,copath_tau_app_REGION-RF_rank207_region279_cCP,279,cCP,207
beta,0.4770517571261887,0.10616347254394029,0.0038045894021880647,1311.88528720418,921.4059761688698,1.002119335025687,10.151082416696433,copath_tau_app_REGION-RF_rank207_region279_cCP,279,cCP,207
gamma,0.0817206505681512,0.05701482746363394,0.0013231516654834338,1636.9864107698802,1653.535938238941,1.0015164234581624,12.666644052507662,copath_tau_app_REGION-RF_rank207_region279_cCP,279,cCP,207
sigma,0.11266399019562265,0.021040052205226152,0.0004776869531639856,2061.319143992908,2109.799815866709,1.0008943373666581,15.950038255539539,copath_tau_app_REGION-RF_rank207_region279_cCP,279,cCP,207
u0,0.015811991722971718,0.006619556416368005,0.00012891005896976913,2476.3335849837335,1669.6117836066474,1.001120291653572,19.161329544273528,copath_tau_app_REGION-RF_rank207_region279_cCP,279,cCP,207
alpha,2.4824618565411365,0.6369503518692599,0.018566366866406742,1109.9453441435112,679.9466422332885,1.0021025059222604,8.552382796870992,copath_tau_app_REGION-RF_rank177_region280_cACB,280,cACB,177
beta,0.4294365012005799,0.05110209764592758,0.0019996540553864966,943.7248184584464,643.9197262285528,1.001559119615591,7.271615620490102,copath_tau_app_REGION-RF_rank177_region280_cACB,280,cACB,177
gamma,0.032993891195813065,0.028618096338508245,0.001077026045714682,920.6777844406045,756.3732983213988,1.0009731181851156,7.094032950953171,copath_tau_app_REGION-RF_rank177_region280_cACB,280,cACB,177
sigma,0.07235241717162515,0.015353790520358538,0.00040096430974950753,1568.3389857091934,2169.8043231951024,1.0012504048546147,12.084410671042157,copath_tau_app_REGION-RF_rank177_region280_cACB,280,cACB,177
u0,0.01944753121094511,0.007093490684790362,0.0001697799295139773,1697.648010670569,1418.0084587000774,1.0008305820507604,13.080766290167888,copath_tau_app_REGION-RF_rank177_region280_cACB,280,cACB,177
alpha,0.7891463490154054,0.6000873626221523,0.012584475192593536,1365.9238460583551,800.2869196346333,1.0027348705246046,19.583699117657208,copath_tau_app_REGION-RF_rank1_region281_cFS,281,cFS,397
beta,-0.0067097093351605585,0.9999131622770927,0.019413497471747154,2641.6345306205453,2415.2237006809833,1.0028379706604922,37.87398248868133,copath_tau_app_REGION-RF_rank1_region281_cFS,281,cFS,397
gamma,0.07902077818973702,0.05941920876411028,0.0010874742553664465,2118.330443091011,1352.2562477639356,1.0001733859332809,30.371199791979855,copath_tau_app_REGION-RF_rank1_region281_cFS,281,cFS,397
sigma,1.687339545453215,1.9841655385945212,0.043356057217975794,2573.8272533497775,2356.230182991659,1.003043277426442,36.901807268305575,copath_tau_app_REGION-RF_rank1_region281_cFS,281,cFS,397
u0,0.007973011898654646,0.006141766719076496,0.00011957120717079802,1656.2292773292975,983.0998495941922,1.0019983775478876,23.745903500161972,copath_tau_app_REGION-RF_rank1_region281_cFS,281,cFS,397
alpha,1.3069664155756824,0.42487742409237395,0.011310559876028485,1300.327256579948,1437.5391025156662,1.0017509308325843,9.009154160349938,copath_tau_app_REGION-RF_rank186_region282_cOT,282,cOT,186
beta,0.5281536816323534,0.10716505795948603,0.003212160217840231,1203.1102930342356,1380.5434834170926,1.0026151213924597,8.335598632576078,copath_tau_app_REGION-RF_rank186_region282_cOT,282,cOT,186
gamma,0.08036118433849268,0.05885355800503284,0.0016343461174142572,1224.581955253829,1230.7304997352317,1.0028817468489952,8.484362348814756,copath_tau_app_REGION-RF_rank186_region282_cOT,282,cOT,186
sigma,0.09685925779619135,0.017687195076154346,0.0004032319197458046,1891.2850210744416,1867.7202335601746,1.0014006265562565,13.103530845638875,copath_tau_app_REGION-RF_rank186_region282_cOT,282,cOT,186
u0,0.015995251684678555,0.006797516049666067,0.00015184774928760203,1741.8328207728453,1107.9118526140842,1.0010671525059598,12.06807003736365,copath_tau_app_REGION-RF_rank186_region282_cOT,282,cOT,186
alpha,1.0131157363702754,0.36866045127701014,0.013322529483983464,694.9927925449747,823.7886324037547,1.0078966295118466,5.412084200015378,copath_tau_app_REGION-RF_rank32_region283_cLS,283,cLS,32
beta,1.341306681091856,0.17649511665798406,0.007110810432492187,792.7093818846297,688.7129274343469,1.0062381035642325,6.173027931975468,copath_tau_app_REGION-RF_rank32_region283_cLS,283,cLS,32
gamma,0.022350971065843744,0.025264335124180547,0.0009572049579262471,847.4505873872164,859.8115632489211,1.0091961448640672,6.599311508680578,copath_tau_app_REGION-RF_rank32_region283_cLS,283,cLS,32
sigma,0.28159144310662704,0.05290524068927286,0.0014714019139549026,1267.3945205116981,1169.2331596408778,1.0032375105544966,9.86952085435267,copath_tau_app_REGION-RF_rank32_region283_cLS,283,cLS,32
u0,0.0129953478988899,0.007370986238432448,0.00019905557713861417,1186.9703282916719,1035.948131933199,1.0034150620391178,9.24323738108221,copath_tau_app_REGION-RF_rank32_region283_cLS,283,cLS,32
alpha,0.9520420131041959,0.5960035687033436,0.01579437762548037,1084.2881357173364,785.8605257407778,1.0088762831150455,11.816566431095644,copath_tau_app_REGION-RF_rank22_region284_cSF,284,cSF,22
beta,0.7666309870792095,1.1072908080692598,0.043469798917439996,700.9918038154949,1434.5632358810378,1.013166171864099,7.639405011066858,copath_tau_app_REGION-RF_rank22_region284_cSF,284,cSF,22
gamma,0.06947271006273271,0.05556097297811934,0.0015373016113790394,896.342353975374,913.449596007826,1.001904971662244,9.768334284823169,copath_tau_app_REGION-RF_rank22_region284_cSF,284,cSF,22
sigma,1.2379478686865237,0.8870819254698357,0.03415548769922542,275.75056818923053,81.3583631711136,1.0200653150574457,3.0051282496646743,copath_tau_app_REGION-RF_rank22_region284_cSF,284,cSF,22
u0,0.007746707047490279,0.006029341645005246,0.00017832393386617832,835.7871491262146,708.6698131258931,1.0049739365979673,9.108403979143576,copath_tau_app_REGION-RF_rank22_region284_cSF,284,cSF,22
alpha,0.5762214493487682,0.2594582888379523,0.008394134833543548,870.1796048412986,1055.2989355472914,1.0092444238818146,7.434827153230907,copath_tau_app_REGION-RF_rank23_region285_cSH,285,cSH,23
beta,1.776215549671073,0.37248323807684736,0.011965875256723697,986.7853651706215,1317.0684748709643,1.0042388922844472,8.431108459177738,copath_tau_app_REGION-RF_rank23_region285_cSH,285,cSH,23
gamma,0.049074462578495355,0.042903324679113855,0.0010652332824721568,879.7971200776345,507.38999649679505,1.003277624159547,7.516999342774195,copath_tau_app_REGION-RF_rank23_region285_cSH,285,cSH,23
sigma,0.4565932648104315,0.14789694704634881,0.005262768861717864,705.5247746008367,629.217095179983,1.00699887939641,6.02801389770112,copath_tau_app_REGION-RF_rank23_region285_cSH,285,cSH,23
u0,0.008745847949322276,0.006175181076101365,0.00018057658436526343,924.9166596558716,1018.8503571967489,1.007203054829038,7.9025013427420445,copath_tau_app_REGION-RF_rank23_region285_cSH,285,cSH,23
alpha,0.7414881754651766,0.5900204212584668,0.01268032849144914,1458.178025843714,1490.2454135662815,1.0015275630380116,19.131675271506914,copath_tau_app_REGION-RF_rank329_region286_cBA,286,cBA,329
beta,-0.22386413745095496,0.8919161406002548,0.023452658955914554,1456.7883211733501,1490.5808707930696,1.0020364739593057,19.113441984483327,copath_tau_app_REGION-RF_rank329_region286_cBA,286,cBA,329
gamma,0.08135260710333637,0.06243512552376146,0.001260405946129437,1652.7462246229284,1328.4213998865976,1.002310467026738,21.684460686752843,copath_tau_app_REGION-RF_rank329_region286_cBA,286,cBA,329
sigma,0.4126381673556815,0.375542880448846,0.00900042356890285,2095.2267823164875,2305.6611677620012,1.0027577474850957,27.48992078402067,copath_tau_app_REGION-RF_rank329_region286_cBA,286,cBA,329
u0,0.007932415678264687,0.006059508602985278,0.00013100472592441376,1439.8849048580114,1082.1264683549987,1.0012992678635766,18.891664762365995,copath_tau_app_REGION-RF_rank329_region286_cBA,286,cBA,329
alpha,1.2178933446593452,0.5082223261381036,0.01551096216946668,847.5170541923864,717.9526830794921,1.0014087553580877,5.990112478919373,copath_tau_app_REGION-RF_rank126_region287_cCEA,287,cCEA,126
beta,0.6557001763598089,0.1405882518678122,0.0050946744781357285,894.8778553893487,653.4391510409905,1.0035567652019257,6.324850906728219,copath_tau_app_REGION-RF_rank126_region287_cCEA,287,cCEA,126
gamma,0.06359272499554453,0.05293096628586529,0.001618354051749117,1000.8182615513476,1138.58089420423,1.0017934041333718,7.0736204398410285,copath_tau_app_REGION-RF_rank126_region287_cCEA,287,cCEA,126
sigma,0.14270928179937567,0.02689101312943977,0.0007226616904589718,1240.5813590897953,920.813181455473,1.0025359382369408,8.768226955951793,copath_tau_app_REGION-RF_rank126_region287_cCEA,287,cCEA,126
u0,0.016830207510612673,0.007158165601659022,0.0001885802979196375,1329.7135065620298,1171.8959438098307,1.001191013122718,9.398198454702444,copath_tau_app_REGION-RF_rank126_region287_cCEA,287,cCEA,126
alpha,1.5019275105055823,0.44241744469385674,0.011082574330081573,1522.8726552452429,1713.0862331328358,1.0035587463331954,14.545245467915098,copath_tau_app_REGION-RF_rank111_region288_cIA,288,cIA,111
beta,0.7414374602324333,0.13427561040281166,0.003664999123547755,1454.7607396538463,1363.8349858588429,1.0063493121546216,13.894695648037196,copath_tau_app_REGION-RF_rank111_region288_cIA,288,cIA,111
gamma,0.09315346323565138,0.056431331008192365,0.0013903601603813954,1566.0144034844798,1531.2760333150272,1.0054562110388088,14.957300485052196,copath_tau_app_REGION-RF_rank111_region288_cIA,288,cIA,111
sigma,0.22920924458266376,0.04370138376177864,0.0009793684074221613,2093.1308429764767,2025.8221601193527,1.0014387403725886,19.991889540267593,copath_tau_app_REGION-RF_rank111_region288_cIA,288,cIA,111
u0,0.009956501649596923,0.0060242182081489196,0.00012282732338361965,1807.0978394101521,1118.0098750372965,1.0003425262828847,17.259934091158005,copath_tau_app_REGION-RF_rank111_region288_cIA,288,cIA,111
alpha,1.906734058768484,0.7653614600865574,0.022535354502911404,1080.6683192945218,1259.575586030839,1.0013153869571587,9.630165833113715,copath_tau_app_REGION-RF_rank131_region289_cMEA,289,cMEA,131
beta,0.5679092701811544,0.10708371924018133,0.003591089952529567,1067.4891464208295,993.2128587305118,1.0022503569574197,9.512722193792648,copath_tau_app_REGION-RF_rank131_region289_cMEA,289,cMEA,131
gamma,0.05012404906378461,0.04324774154738656,0.0013343495018874071,1073.503050869558,1361.5721460726363,1.0018745265250872,9.56631393522869,copath_tau_app_REGION-RF_rank131_region289_cMEA,289,cMEA,131
sigma,0.15026569154626798,0.030211170900627034,0.0007770434299210185,1578.5413606502084,1935.0020626486553,1.0012549998952516,14.066864741083869,copath_tau_app_REGION-RF_rank131_region289_cMEA,289,cMEA,131
u0,0.016357659411724797,0.006928067919445713,0.0001433747203297757,2032.0459401579635,1298.3430499038557,0.9994437414661376,18.108182718821244,copath_tau_app_REGION-RF_rank131_region289_cMEA,289,cMEA,131
alpha,1.4501160016735986,0.5036649299548654,0.012810269835626028,1347.8017875252876,770.2499894964427,1.0040112843213886,10.652033411248619,copath_tau_app_REGION-RF_rank198_region290_cPALd,290,cPALd,198
beta,0.5268734858861078,0.13107219537149403,0.004914799454054701,1330.9603267338885,793.8007924388045,1.0043771493307994,10.518930899659278,copath_tau_app_REGION-RF_rank198_region290_cPALd,290,cPALd,198
gamma,0.08984618147017455,0.06009941233855166,0.0012876183239506225,1719.5710560731818,1322.6390125439211,1.001401448769542,13.590224105533721,copath_tau_app_REGION-RF_rank198_region290_cPALd,290,cPALd,198
sigma,0.1459288461700419,0.02984553206566328,0.000645602120847513,2275.9897411838306,2020.952859007024,1.0006077980434929,17.987747895232992,copath_tau_app_REGION-RF_rank198_region290_cPALd,290,cPALd,198
u0,0.012065697591288551,0.0063922516077102665,0.00013464931213347809,1850.0483213185473,1561.350050090881,1.0038458916385966,14.621420385035544,copath_tau_app_REGION-RF_rank198_region290_cPALd,290,cPALd,198
alpha,2.2848933184175193,0.6313391878609492,0.027634218684944402,469.26519845583846,206.65103079719051,1.0082025796077974,3.939465563477182,copath_tau_app_REGION-RF_rank152_region291_cSI,291,cSI,152
beta,0.4847569898110912,0.06330259043197897,0.003829700915593381,495.85420515366565,199.01180679431613,1.0114428251311571,4.162679380734104,copath_tau_app_REGION-RF_rank152_region291_cSI,291,cSI,152
gamma,0.03299122545480273,0.031316292728815795,0.00187527061726509,547.0584041903231,253.36160891711162,1.0108175764002612,4.592536910067438,copath_tau_app_REGION-RF_rank152_region291_cSI,291,cSI,152
sigma,0.0917329516016695,0.01936611966056144,0.0005755658362903077,1219.2730885082638,1486.4065599206829,1.0022620879460955,10.235756583821756,copath_tau_app_REGION-RF_rank152_region291_cSI,291,cSI,152
u0,0.01845668857406521,0.006871295746026318,0.0001683629656858759,1556.6350342160395,1258.757209486886,1.001540088325934,13.067898775309056,copath_tau_app_REGION-RF_rank152_region291_cSI,291,cSI,152
alpha,0.8129628430890026,0.6107780739070461,0.012728200154625485,1449.570893580182,867.0743104733251,1.001037228656807,21.41041731035363,copath_tau_app_REGION-RF_rank1_region292_cMA,292,cMA,398
beta,0.0052735944198286835,1.0165321066495803,0.02134243904511478,2272.5033987014845,1912.7770512483646,1.0016219897250445,33.56527529690247,copath_tau_app_REGION-RF_rank1_region292_cMA,292,cMA,398
gamma,0.08051176746500179,0.06011795728889414,0.0012324415618765914,1512.7908688606133,897.7368954623662,1.002526723060344,22.344187475785972,copath_tau_app_REGION-RF_rank1_region292_cMA,292,cMA,398
sigma,1.643042295766787,2.247203322788472,0.045803385676166555,2295.90365053576,2543.6600394441757,1.000796585936894,33.910901136354724,copath_tau_app_REGION-RF_rank1_region292_cMA,292,cMA,398
u0,0.007845170855300107,0.005914635671670207,0.00012048185108064249,1658.6022811572402,1111.2019812857131,1.0023975386545143,24.49784770703711,copath_tau_app_REGION-RF_rank1_region292_cMA,292,cMA,398
alpha,0.5315052663542819,0.1538342196317577,0.004958084187090508,753.9525321268844,1333.7677698954571,1.0058847006964533,5.4483425021092655,copath_tau_app_REGION-RF_rank16_region293_cMS,293,cMS,16
beta,2.2225908676792225,0.26422626521245124,0.01376276203333867,497.3158020418969,175.55551793987433,1.0100174731842528,3.59378966947939,copath_tau_app_REGION-RF_rank16_region293_cMS,293,cMS,16
gamma,0.029904561376728908,0.029461817531144314,0.0016582805387422247,473.88191522427763,201.01200087993686,1.009629233182791,3.424447653772005,copath_tau_app_REGION-RF_rank16_region293_cMS,293,cMS,16
sigma,0.3994089524505145,0.07673582165267133,0.0024760048783613615,709.5110624116901,378.7814915737293,1.005358068872434,5.127191848735313,copath_tau_app_REGION-RF_rank16_region293_cMS,293,cMS,16
u0,0.011208113361566425,0.006755268384508655,0.00017151981014547381,1174.263736443042,960.3369204250058,1.002375310929793,8.485668197041827,copath_tau_app_REGION-RF_rank16_region293_cMS,293,cMS,16
alpha,0.535866911965159,0.14526190831818725,0.00495709569131223,966.9421706897929,999.3857319157428,1.0053547906769573,6.969957260072031,copath_tau_app_REGION-RF_rank18_region294_cNDB,294,cNDB,18
beta,2.062754614020343,0.2606935365679855,0.007959951994132523,1115.9319941739395,1388.3478249207774,1.0041029940047048,8.04391259405997,copath_tau_app_REGION-RF_rank18_region294_cNDB,294,cNDB,18
gamma,0.03651659610568918,0.03318009001317868,0.0009397335963471471,1155.3293615067896,1571.9667257549588,1.0053923551462653,8.32789851875434,copath_tau_app_REGION-RF_rank18_region294_cNDB,294,cNDB,18
sigma,0.40365741429891544,0.07231691043559849,0.0017020713442532937,1890.8971053161567,1891.333896532642,1.0011384380282733,13.63005193769305,copath_tau_app_REGION-RF_rank18_region294_cNDB,294,cNDB,18
u0,0.010706784102965017,0.006325558252119072,0.00014723608029013955,1391.8754968244427,762.8084702033905,1.0057966622435788,10.032981307752056,copath_tau_app_REGION-RF_rank18_region294_cNDB,294,cNDB,18
alpha,0.8987410044857708,0.6287149923575976,0.03303256549410106,359.9420790426646,919.6144303151107,1.0081919725590303,3.4974015861584054,copath_tau_app_REGION-RF_rank265_region295_cBST,295,cBST,265
beta,0.1764975647109122,0.8046378859567743,0.032418145954626436,643.3472715063115,915.9354826737681,1.0258371468933443,6.2511273308230075,copath_tau_app_REGION-RF_rank265_region295_cBST,295,cBST,265
gamma,0.09105829198312375,0.06263346543889405,0.0032881800374979096,347.50834184666576,326.35318259686665,1.006234028209261,3.3765883366855403,copath_tau_app_REGION-RF_rank265_region295_cBST,295,cBST,265
sigma,0.3425538189074599,0.1838162167663302,0.015424989618940278,59.0427279862864,52.5335514103556,1.0777680327643995,0.5736926648297793,copath_tau_app_REGION-RF_rank265_region295_cBST,295,cBST,265
u0,0.009049051388881917,0.005830522675052708,0.0002616564556318625,464.83532861309584,933.2027918571653,1.006811529521282,4.516603948940368,copath_tau_app_REGION-RF_rank265_region295_cBST,295,cBST,265
alpha,0.791337827663141,0.4879077323454904,0.014204885715801382,935.748266131272,1405.3738080387038,1.004482305891133,3.4835261060426106,copath_tau_app_REGION-RF_rank328_region296_cVAL,296,cVAL,328
beta,0.7493398340314124,0.43396777053312535,0.014334929514523488,1068.6353113010396,1329.138498489922,1.0025961435603568,3.9782269863526665,copath_tau_app_REGION-RF_rank328_region296_cVAL,296,cVAL,328
gamma,0.08203841004702793,0.05765049544663372,0.0015359562458960592,1113.6369373497002,1151.06897439615,1.0026613696810276,4.145755310827152,copath_tau_app_REGION-RF_rank328_region296_cVAL,296,cVAL,328
sigma,0.13215702503926643,0.026452737051660322,0.0006917035215258691,1583.3810724918585,1589.0148210269435,1.0002499499615027,5.894479852624547,copath_tau_app_REGION-RF_rank328_region296_cVAL,296,cVAL,328
u0,0.008337832314952269,0.005562555186587002,0.00014319935576917472,854.9414944640799,465.4304751251874,1.001247666786783,3.1827053523889792,copath_tau_app_REGION-RF_rank328_region296_cVAL,296,cVAL,328
alpha,1.1134973671180841,0.5013868173556765,0.01747654045148737,612.6685252687175,341.351454373445,1.0026501022790806,3.3098610795483485,copath_tau_app_REGION-RF_rank229_region297_cVM,297,cVM,229
beta,0.5658426155724399,0.25949474531496475,0.016142769500988734,681.1755702851335,351.7491933316341,1.0033233388657798,3.679961374606348,copath_tau_app_REGION-RF_rank229_region297_cVM,297,cVM,229
gamma,0.08495783736858067,0.06008990834974709,0.0014202601141602394,1390.2284612477588,1248.3677301255916,1.0024235553877954,7.510526305470215,copath_tau_app_REGION-RF_rank229_region297_cVM,297,cVM,229
sigma,0.10693300192391199,0.019452797292284253,0.0005665573002914668,1069.4418689599859,896.137799090605,1.004971242312966,5.777518956694538,copath_tau_app_REGION-RF_rank229_region297_cVM,297,cVM,229
u0,0.014733877617858828,0.006717665089880408,0.000181831932801087,1201.1824441573149,1325.1919266005089,1.0042876011515978,6.489230076915219,copath_tau_app_REGION-RF_rank229_region297_cVM,297,cVM,229
alpha,0.9537687157189427,0.5428324843019167,0.014883254060377209,986.0152526428209,993.6883048623613,1.0026056902770535,5.475246563546421,copath_tau_app_REGION-RF_rank266_region298_cVPL,298,cVPL,266
beta,0.6623654259332218,0.3418306435244524,0.012476933304154138,980.4981669270842,1047.709616300678,1.0020187182194396,5.444610724470998,copath_tau_app_REGION-RF_rank266_region298_cVPL,298,cVPL,266
gamma,0.0825517775140197,0.06330861867602022,0.0019173402322898814,674.1192482196807,473.70783832482357,1.0056686192186686,3.743318460178363,copath_tau_app_REGION-RF_rank266_region298_cVPL,298,cVPL,266
sigma,0.18988473011323848,0.03367570968524172,0.0010134872793034623,1006.8196111983623,986.5629857902182,1.0046784652533283,5.59077113822486,copath_tau_app_REGION-RF_rank266_region298_cVPL,298,cVPL,266
u0,0.011493333195018,0.006609201837410647,0.00020274285406856747,772.1507884362803,530.9258772391596,1.003744385953035,4.287678045135547,copath_tau_app_REGION-RF_rank266_region298_cVPL,298,cVPL,266
alpha,1.029036432099751,0.5179054967177773,0.015432448900645702,981.1268382538295,970.4641021504134,1.0036470850091217,3.3929419271695234,copath_tau_app_REGION-RF_rank315_region299_cVPM,299,cVPM,315
beta,0.5061422568498436,0.2738808507178988,0.010145148879626512,964.7361056905354,911.6358486063547,1.007314088826053,3.336259343875807,copath_tau_app_REGION-RF_rank315_region299_cVPM,299,cVPM,315
gamma,0.08235837714992073,0.061152364006361364,0.0014723515287920245,1128.9033142249111,757.3096736889282,1.0021591418044415,3.903983906271847,copath_tau_app_REGION-RF_rank315_region299_cVPM,299,cVPM,315
sigma,0.06531045039635623,0.012398273997265775,0.00031824439197461306,1465.9854326924344,1426.0698837690263,1.0019645933760488,5.069684413133015,copath_tau_app_REGION-RF_rank315_region299_cVPM,299,cVPM,315
u0,0.019371940469800553,0.0070843432736709564,0.00017800407406106422,1483.8114008718521,1129.7911522852307,1.002366194795656,5.131330341539153,copath_tau_app_REGION-RF_rank315_region299_cVPM,299,cVPM,315
alpha,1.7497957242587818,0.6099520304893595,0.017098352620881885,1108.117121263099,949.9896771841168,1.0012665481897831,8.995041246697019,copath_tau_app_REGION-RF_rank218_region300_cPoT,300,cPoT,218
beta,0.45326472130549655,0.10024133574143036,0.0037314557749124925,997.2189543813735,864.2073779932132,1.0013741799279177,8.094835333312012,copath_tau_app_REGION-RF_rank218_region300_cPoT,300,cPoT,218
gamma,0.08530106712385503,0.05807738902759303,0.001536995270136172,1255.6664101611773,778.5691922993649,1.0000723946757093,10.192759352564918,copath_tau_app_REGION-RF_rank218_region300_cPoT,300,cPoT,218
sigma,0.109827060301806,0.02080209462276826,0.00047890882957699884,2034.8817821484365,2082.4425267642773,1.0029887304042746,16.517970177839768,copath_tau_app_REGION-RF_rank218_region300_cPoT,300,cPoT,218
u0,0.017050077617590087,0.0068483456867250575,0.00015120295841601408,1858.239441028605,1527.541028760945,1.0014286186005716,15.084091832494034,copath_tau_app_REGION-RF_rank218_region300_cPoT,300,cPoT,218
alpha,1.7979764361127453,0.5382478828521843,0.013302608390359762,1456.5993004186892,1058.0168188132345,1.0022066435768984,13.354107727881633,copath_tau_app_REGION-RF_rank252_region301_cSPF,301,cSPF,252
beta,0.4475830455285496,0.08947781605298713,0.0024767776843519036,1483.9617275486714,1250.0012117121498,1.0037767960954018,13.604966560152844,copath_tau_app_REGION-RF_rank252_region301_cSPF,301,cSPF,252
gamma,0.10626679058881164,0.06334324513152564,0.0015436126575520052,1585.0422834227345,1559.2640773306075,1.0049095178838587,14.531673467089016,copath_tau_app_REGION-RF_rank252_region301_cSPF,301,cSPF,252
sigma,0.1123320962230113,0.023167892628691813,0.0005456503929562971,1949.1413635221043,2011.66006075135,1.0003248711579322,17.869735168664718,copath_tau_app_REGION-RF_rank252_region301_cSPF,301,cSPF,252
u0,0.013393912774656992,0.006452879747609052,0.00015138096506140075,1532.560672396845,1561.0728109189777,1.0016834103113212,14.05052186474302,copath_tau_app_REGION-RF_rank252_region301_cSPF,301,cSPF,252
alpha,0.7889238245967944,0.6115780110026386,0.011007294163190549,2022.9442212009712,1298.9728141852054,1.0012381347493773,28.68244581946393,copath_tau_app_REGION-RF_rank1_region302_cSPA,302,cSPA,399
beta,0.00028644548328677646,1.0025394354957018,0.018650570964610636,2908.300210158662,2370.6227684001337,1.003393514615164,41.235523120399584,copath_tau_app_REGION-RF_rank1_region302_cSPA,302,cSPA,399
gamma,0.08240734745272764,0.06112192605271242,0.0011386803495492298,2004.5994188162401,1198.1377415100471,1.0038638408959046,28.422342849271082,copath_tau_app_REGION-RF_rank1_region302_cSPA,302,cSPA,399
sigma,1.6209515113894497,1.9055356739026994,0.03708921349383339,2790.1726176129737,2771.510371248971,1.001438617422423,39.560643389428094,copath_tau_app_REGION-RF_rank1_region302_cSPA,302,cSPA,399
u0,0.008038244954994882,0.0061200763965078625,0.00010873754393739503,2185.019822954976,1374.609656503745,1.001940680065398,30.980445248833476,copath_tau_app_REGION-RF_rank1_region302_cSPA,302,cSPA,399
alpha,1.4634054800813683,0.526037499324675,0.015474733499364192,1014.3860884356249,428.64116949215367,1.0039930629579628,9.49657437495904,copath_tau_app_REGION-RF_rank179_region303_cPP,303,cPP,179
beta,0.5888140195651794,0.1622979793591726,0.008035656985345519,910.8609854045521,466.73103107122483,1.0069220664113314,8.527383401405707,copath_tau_app_REGION-RF_rank179_region303_cPP,303,cPP,179
gamma,0.09003332721097218,0.06239211875362209,0.0014414046521215066,1400.9780252443973,797.7349367910209,0.9999570337828921,13.115806857066332,copath_tau_app_REGION-RF_rank179_region303_cPP,303,cPP,179
sigma,0.1986259404400855,0.04305568698680866,0.0011598545884317793,1656.235729120231,1298.7881536796488,1.0014888137559803,15.505502257341888,copath_tau_app_REGION-RF_rank179_region303_cPP,303,cPP,179
u0,0.010970350670189857,0.00625275273055179,0.0001389201996705454,1653.8293571107547,1504.0910978045279,1.0012939065753914,15.482974059230402,copath_tau_app_REGION-RF_rank179_region303_cPP,303,cPP,179
alpha,2.5510718861762345,0.5389151467219139,0.012433117266736755,1841.2944199666508,2264.0037367265036,1.001307015590568,18.783351899117097,copath_tau_app_REGION-RF_rank166_region304_cMG,304,cMG,166
beta,0.5886582111201695,0.08829946219985481,0.002103908033995689,1769.8902659272062,2189.1296261532393,1.0018545590673955,18.054946198302588,copath_tau_app_REGION-RF_rank166_region304_cMG,304,cMG,166
gamma,0.1391395440515269,0.046808543079180046,0.0011380952147851467,1646.2903383680546,1645.9836011241298,1.002121343668073,16.794082694414396,copath_tau_app_REGION-RF_rank166_region304_cMG,304,cMG,166
sigma,0.1438812252297215,0.02756351959595496,0.0005776700237781636,2315.1407112935485,2107.766768136706,1.0009095223453062,23.617137055673364,copath_tau_app_REGION-RF_rank166_region304_cMG,304,cMG,166
u0,0.01469817522694004,0.006548458284360193,0.00012878719580952105,2288.848128476951,1684.1917987031106,1.0025409638783893,23.348922027144802,copath_tau_app_REGION-RF_rank166_region304_cMG,304,cMG,166
alpha,1.8192706237611365,0.6021105363526812,0.013441867327600915,1789.5156495257245,967.622035369158,1.002061680632837,19.423388719725224,copath_tau_app_REGION-RF_rank172_region305_cLGd,305,cLGd,172
beta,0.5961844168927934,0.12641935080567376,0.0038338803552156,1431.141323489064,1037.4096842304768,1.004010832678648,15.533596616691963,copath_tau_app_REGION-RF_rank172_region305_cLGd,305,cLGd,172
gamma,0.09654477632002721,0.057573013874776396,0.001346050904029045,1595.1295251662798,1119.903175306774,1.0008132294768157,17.313523261909864,copath_tau_app_REGION-RF_rank172_region305_cLGd,305,cLGd,172
sigma,0.24438603834045203,0.045572034633662294,0.0009368185150857072,2602.023719485792,2720.867527813718,1.0011186353974364,28.242344890871703,copath_tau_app_REGION-RF_rank172_region305_cLGd,305,cLGd,172
u0,0.013465000790467243,0.0064883512395578396,0.0001380548594472344,1822.7168257081144,1281.0795209860046,1.002790560190275,19.783754023662944,copath_tau_app_REGION-RF_rank172_region305_cLGd,305,cLGd,172
alpha,1.0506832130516228,0.4522600802432832,0.017772355886483758,400.2104026542172,156.43806220687745,1.009669296867763,2.866097586970532,copath_tau_app_REGION-RF_rank133_region306_cLP,306,cLP,133
beta,0.7295968636991297,0.24733448916834272,0.018439450588464412,450.5129426649687,144.56719542108155,1.0108827278898467,3.226338069444618,copath_tau_app_REGION-RF_rank133_region306_cLP,306,cLP,133
gamma,0.07509426966320175,0.056514221643667685,0.0012538809029127272,1439.5198647373707,1031.688410306381,1.0056679488198366,10.309088377906633,copath_tau_app_REGION-RF_rank133_region306_cLP,306,cLP,133
sigma,0.20398947229524997,0.03605162398601646,0.0007794675158539815,2110.7854045533277,1761.2588895261454,1.001263694344754,15.11634109078839,copath_tau_app_REGION-RF_rank133_region306_cLP,306,cLP,133
u0,0.01231933248274308,0.006544320915867536,0.0001498874505851888,1511.8182671305813,959.1718899721816,1.0018849256074338,10.826851722554222,copath_tau_app_REGION-RF_rank133_region306_cLP,306,cLP,133
alpha,1.3443332511430126,0.57392224158817,0.019862364425626177,724.2742439034195,442.92926786903536,1.0041339234359854,3.9456224744689563,copath_tau_app_REGION-RF_rank317_region307_cPO,307,cPO,317
beta,0.4150195091579714,0.18190588012655864,0.009052597905558868,716.4790401970255,426.6665475085351,1.0035986808907336,3.9031566113019194,copath_tau_app_REGION-RF_rank317_region307_cPO,307,cPO,317
gamma,0.09057163458407909,0.06270174359347044,0.0014718697769400475,1399.9406502316715,899.5421700408064,1.0014489132910278,7.626444456601902,copath_tau_app_REGION-RF_rank317_region307_cPO,307,cPO,317
sigma,0.07006007452185625,0.013743683832174357,0.00035482845000952255,1687.1029063288343,1687.4604627810772,1.0040652256576539,9.190815771768072,copath_tau_app_REGION-RF_rank317_region307_cPO,307,cPO,317
u0,0.018974251453066287,0.006755727199436733,0.0001677033147605787,1532.579700686636,1361.8310017871665,1.0008543665941787,8.349021053619643,copath_tau_app_REGION-RF_rank317_region307_cPO,307,cPO,317
alpha,2.1097381992988704,0.6174075729627931,0.014523494219491168,1714.6338937930705,1698.205972175942,1.001889452902087,15.020094377808178,copath_tau_app_REGION-RF_rank243_region308_cPOL,308,cPOL,243
beta,0.42145043131376886,0.06979723804585697,0.0018239030754909928,1505.497481785529,1963.7580693362145,1.001052792459234,13.188071426692675,copath_tau_app_REGION-RF_rank243_region308_cPOL,308,cPOL,243
gamma,0.09023729844520849,0.05300529363306894,0.0013091161445732999,1522.792482664448,1494.8461399101593,1.0007903495509194,13.339574640530921,copath_tau_app_REGION-RF_rank243_region308_cPOL,308,cPOL,243
sigma,0.09775014431113542,0.018459564916583668,0.0004285150026667491,1969.6236166588635,1914.3642844691758,1.0005255953692582,17.25378969707123,copath_tau_app_REGION-RF_rank243_region308_cPOL,308,cPOL,243
u0,0.01723863074274827,0.006566717315709266,0.00013495644925145503,2200.375922312288,1862.7811442043924,1.0006482688358977,19.27516663436252,copath_tau_app_REGION-RF_rank243_region308_cPOL,308,cPOL,243
alpha,1.8335339574375737,0.7216560480571528,0.03010393016089912,427.8453012096054,124.56600756605721,1.0075810354366768,3.7465546486300463,copath_tau_app_REGION-RF_rank249_region309_cSGN,309,cSGN,249
beta,0.4428417655772686,0.1366505616575933,0.012552264463820038,463.9078696533138,128.3719573050156,1.0101570823229342,4.062347256524372,copath_tau_app_REGION-RF_rank249_region309_cSGN,309,cSGN,249
gamma,0.09334037345674312,0.061026572373187246,0.001487967910577304,1599.4398056822868,1399.6247242994334,1.000517321582071,14.00597043426961,copath_tau_app_REGION-RF_rank249_region309_cSGN,309,cSGN,249
sigma,0.11776278915671225,0.022960119870239375,0.0005902304600224055,1568.965504931522,1944.4166085348684,1.0004612159489292,13.739113154737181,copath_tau_app_REGION-RF_rank249_region309_cSGN,309,cSGN,249
u0,0.017734993335303074,0.00685183702505717,0.00014905183666320492,1905.0070849250808,1468.3871239944528,1.0039455334199943,16.6817612102339,copath_tau_app_REGION-RF_rank249_region309_cSGN,309,cSGN,249
alpha,1.0717887239172281,0.6202778959605376,0.020601745333506023,681.1413002680212,677.3766515906275,1.001284056080274,3.3773368716185104,copath_tau_app_REGION-RF_rank326_region310_cEth,310,cEth,326
beta,0.576585168580347,0.3558008105665406,0.01713873664918836,695.5110878433505,505.71254518494555,1.0011359439391223,3.4485873058476324,copath_tau_app_REGION-RF_rank326_region310_cEth,310,cEth,326
gamma,0.08820383523330604,0.0639326307107199,0.0013820018706483092,1501.1482928445068,870.0060019638795,1.0035634702524723,7.443218429415444,copath_tau_app_REGION-RF_rank326_region310_cEth,310,cEth,326
sigma,0.12153674076006209,0.02235138207003246,0.0005484252793820916,1662.537970979976,1778.0304509364528,1.0009578634077716,8.243444917592106,copath_tau_app_REGION-RF_rank326_region310_cEth,310,cEth,326
u0,0.012489001514651646,0.006441144451711479,0.00017242074471080805,1125.810618862187,882.7311639279262,1.0029059366819124,5.582162925734763,copath_tau_app_REGION-RF_rank326_region310_cEth,310,cEth,326
alpha,0.747449650522521,0.565586884883669,0.026502634320656932,403.18743187076086,574.5951947311014,1.0067616593827127,3.2111903905856374,copath_tau_app_REGION-RF_rank327_region311_cLD,311,cLD,327
beta,0.22487748032303248,0.8435586113401786,0.039630176455030725,424.8851813317457,506.4822815254377,1.0075475658478874,3.3840023362436638,copath_tau_app_REGION-RF_rank327_region311_cLD,311,cLD,327
gamma,0.08662800060101114,0.060964393985366606,0.0022905818867319486,534.9110620494948,847.178290116087,1.006611311392302,4.260304579191083,copath_tau_app_REGION-RF_rank327_region311_cLD,311,cLD,327
sigma,0.210027734530917,0.08192363075459667,0.004798778245488303,158.6765586400753,138.97311676483608,1.016107793888074,1.2637810607140607,copath_tau_app_REGION-RF_rank327_region311_cLD,311,cLD,327
u0,0.008529122381252346,0.0061112370663596585,0.00025138881697391773,508.3821971683126,825.8027060239907,1.0109746307149436,4.049015165767839,copath_tau_app_REGION-RF_rank327_region311_cLD,311,cLD,327
alpha,1.1229748413567262,0.5403048340012071,0.019288220574877255,667.8401655109018,516.8532485307023,1.0058016849828124,3.440311585038799,copath_tau_app_REGION-RF_rank279_region312_cIMD,312,cIMD,279
beta,0.5371813167367508,0.2542762644557273,0.011715098777031866,685.7881021150956,484.9352827966153,1.0054483536268857,3.5327685791156878,copath_tau_app_REGION-RF_rank279_region312_cIMD,312,cIMD,279
gamma,0.08735382605264351,0.062253253023546756,0.001614967587023707,1054.5040263191838,649.2936638852832,1.0022437581060264,5.43217165658289,copath_tau_app_REGION-RF_rank279_region312_cIMD,312,cIMD,279
sigma,0.0935723756942281,0.017320595980671576,0.00041696011805585325,1662.3643159679411,1051.1300668786673,1.0025368014108564,8.563502930981244,copath_tau_app_REGION-RF_rank279_region312_cIMD,312,cIMD,279
u0,0.014116028452079817,0.006434980250266774,0.00016685866096139662,1353.1662896809657,1697.445029561078,1.0019996444266837,6.970700331136943,copath_tau_app_REGION-RF_rank279_region312_cIMD,312,cIMD,279
alpha,1.7489750099648798,0.5782149180102952,0.014760632294784297,1406.0945092522759,1716.9615677060133,1.0014183771328418,9.619451805080836,copath_tau_app_REGION-RF_rank296_region313_cMD,313,cMD,296
beta,0.3597591352317516,0.07230330622984661,0.0019556250104532783,1409.0934314986737,1701.2309155373234,1.0012654030926342,9.639968198414701,copath_tau_app_REGION-RF_rank296_region313_cMD,313,cMD,296
gamma,0.0904994283235923,0.05949743625654813,0.0014515934976147996,1579.84046724231,1491.7876754072445,1.0012719418177836,10.808092297035753,copath_tau_app_REGION-RF_rank296_region313_cMD,313,cMD,296
sigma,0.06232841470354974,0.012528667042946622,0.00026998529712065364,2196.702861544147,2158.6989175318995,1.000074624271554,15.028205549244362,copath_tau_app_REGION-RF_rank296_region313_cMD,313,cMD,296
u0,0.0205846003933354,0.007011601492067653,0.0001532210445502257,1967.4319592626332,1719.2684568141674,1.0017480160768528,13.459704726367795,copath_tau_app_REGION-RF_rank296_region313_cMD,313,cMD,296
alpha,0.9571804201799777,0.5225954537174909,0.01544768364061404,812.0568225068953,515.6169729857503,1.0023505192222322,5.818109551255214,copath_tau_app_REGION-RF_rank165_region314_cSMT,314,cSMT,165
beta,0.7523147466487258,0.39990819429066476,0.020974359249823948,574.587885265436,357.91894880234594,1.0060030929477162,4.1167257889394575,copath_tau_app_REGION-RF_rank165_region314_cSMT,314,cSMT,165
gamma,0.0810914100172952,0.06113050407850769,0.0015096514216841345,1061.6475512527884,648.8191695969534,1.001840524384591,7.606341806158657,copath_tau_app_REGION-RF_rank165_region314_cSMT,314,cSMT,165
sigma,0.31097309032748083,0.06312657249698712,0.0019383139100210976,1149.9595330619643,1370.4738525168063,1.0039615978140917,8.239066968503906,copath_tau_app_REGION-RF_rank165_region314_cSMT,314,cSMT,165
u0,0.00941212630202901,0.006203681256793196,0.00014392276541971524,1467.9975102683636,1034.876971053229,1.0023670495392587,10.517700361588574,copath_tau_app_REGION-RF_rank165_region314_cSMT,314,cSMT,165
alpha,1.0764825366559616,0.43869225541954937,0.01240153533050572,991.4026741843501,671.8036507717368,1.0042000689751864,7.613758134306747,copath_tau_app_REGION-RF_rank115_region315_cPR,315,cPR,115
beta,0.7641422947131065,0.21997308110232253,0.008655074543184954,1006.1145842027134,641.4600658791924,1.0069903337136021,7.726742421610247,copath_tau_app_REGION-RF_rank115_region315_cPR,315,cPR,115
gamma,0.0755037819676237,0.05716546916423406,0.0013925841037095937,1161.443810491079,843.0698040753956,1.0025155137265962,8.919637287585468,copath_tau_app_REGION-RF_rank115_region315_cPR,315,cPR,115
sigma,0.25667075453102384,0.050209287765360495,0.00134975850996753,1415.1300479700726,1403.0585783130357,1.0036643318090095,10.867892728550922,copath_tau_app_REGION-RF_rank115_region315_cPR,315,cPR,115
u0,0.010753649251723502,0.006115206318939591,0.0001402459783618761,1516.94942672712,1034.2674690265362,1.002941859890982,11.649843537670261,copath_tau_app_REGION-RF_rank115_region315_cPR,315,cPR,115
alpha,1.1218400135445505,0.48152840780766404,0.014583027522612282,894.8721950233546,605.2682150701564,1.006578235570843,5.122336548502316,copath_tau_app_REGION-RF_rank210_region316_cPVT,316,cPVT,210
beta,0.5791462840429306,0.21342194140200157,0.009562072852588132,874.7446641868614,475.7923725409718,1.0084437390637007,5.0071245803483775,copath_tau_app_REGION-RF_rank210_region316_cPVT,316,cPVT,210
gamma,0.0849567486415271,0.06039333402257289,0.0014762700677171763,1205.611090737243,1024.499041106039,1.0051212491245776,6.901036581209177,copath_tau_app_REGION-RF_rank210_region316_cPVT,316,cPVT,210
sigma,0.12116479940580505,0.022753440235905042,0.0006313564396478776,1434.886338762786,1553.6577992229354,1.0018735848572469,8.213430674085782,copath_tau_app_REGION-RF_rank210_region316_cPVT,316,cPVT,210
u0,0.01287269554394095,0.006328133184455275,0.00014427694291271247,1691.7957576989368,1297.7464350136033,1.001347699184835,9.684005481963004,copath_tau_app_REGION-RF_rank210_region316_cPVT,316,cPVT,210
alpha,0.8152402071604015,0.4189381400567043,0.011905087501753654,879.173903665244,542.8095973115483,1.0075349699000946,7.202978146810457,copath_tau_app_REGION-RF_rank72_region317_cRE,317,cRE,72
beta,1.1171594609436921,0.3755969550416979,0.016667369733138773,769.9820481335236,527.7301086443584,1.0062269888584938,6.3083809050978115,copath_tau_app_REGION-RF_rank72_region317_cRE,317,cRE,72
gamma,0.07020860054310198,0.056242250027617256,0.001345713311972194,1042.8322957878086,610.1252407849339,1.0044074187610204,8.543813921264725,copath_tau_app_REGION-RF_rank72_region317_cRE,317,cRE,72
sigma,0.527901670059641,0.10287023447403576,0.002731470639958428,1565.4240412328952,1313.8868669641436,1.0043674339351016,12.8253524274142,copath_tau_app_REGION-RF_rank72_region317_cRE,317,cRE,72
u0,0.008359110798024167,0.006031646503597478,0.0001563437420085526,847.504414453599,369.5217577671449,1.0081101388855989,6.943513395000688,copath_tau_app_REGION-RF_rank72_region317_cRE,317,cRE,72
alpha,0.991493843497132,0.4021373585447575,0.012237963489057988,905.688835327139,521.3587406524786,1.0032094936950102,6.976980651309511,copath_tau_app_REGION-RF_rank102_region318_cXi,318,cXi,102
beta,0.9028610950627305,0.24160392204459444,0.010678812115956008,974.2559203280673,485.2818743517846,1.0041125290018813,7.505187698485238,copath_tau_app_REGION-RF_rank102_region318_cXi,318,cXi,102
gamma,0.07430308164031968,0.0569635399056366,0.0014199765350062625,1271.2345214065604,1162.2181317901889,1.0013759358621954,9.792964551590854,copath_tau_app_REGION-RF_rank102_region318_cXi,318,cXi,102
sigma,0.2924797442938173,0.056415436003989426,0.0012099247414331707,2271.2279094764635,2174.944175037571,1.00063933837451,17.49642102346075,copath_tau_app_REGION-RF_rank102_region318_cXi,318,cXi,102
u0,0.009535010737850015,0.006108615865701912,0.00013396080269384523,1648.5736135827385,1035.332780287306,1.0012098683538313,12.699799043091405,copath_tau_app_REGION-RF_rank102_region318_cXi,318,cXi,102
alpha,0.9035048689392905,0.537083392041596,0.016530605662293956,767.714570565551,776.1835241103583,1.0039958028110265,4.920837177450283,copath_tau_app_REGION-RF_rank225_region319_cRH,319,cRH,225
beta,0.6752791070155875,0.4856305085919031,0.01854168405293933,757.3972423877779,641.1896011204061,1.00586871708243,4.854705969296006,copath_tau_app_REGION-RF_rank225_region319_cRH,319,cRH,225
gamma,0.08047678214158778,0.06281027215349123,0.002142608817403407,468.7488776431973,362.9604716609278,1.0015826898648108,3.0045501185362586,copath_tau_app_REGION-RF_rank225_region319_cRH,319,cRH,225
sigma,0.2777248542424858,0.05943491682415672,0.0019037368799523099,1030.271320891647,1414.3852480689209,1.0029879444264815,6.603753026296828,copath_tau_app_REGION-RF_rank225_region319_cRH,319,cRH,225
u0,0.009140688909903615,0.006159218890290602,0.0001593020746936332,936.546442522551,608.8683445674222,1.0011640659442478,6.00300258646748,copath_tau_app_REGION-RF_rank225_region319_cRH,319,cRH,225
alpha,1.1735897586757047,0.6265056348264718,0.015899688293472998,1252.1345412953265,1044.090066986709,1.002575619787129,6.503446359060356,copath_tau_app_REGION-RF_rank324_region320_cCM,320,cCM,324
beta,0.5109644429550296,0.28439565403279343,0.009979516204593718,1178.489792581503,939.749927896706,1.0030049534668544,6.120943794766135,copath_tau_app_REGION-RF_rank324_region320_cCM,320,cCM,324
gamma,0.09199104664415693,0.06393812490743829,0.0013852002564539404,1585.5065216718813,1046.8334425422795,1.0007022213314598,8.234943031734039,copath_tau_app_REGION-RF_rank324_region320_cCM,320,cCM,324
sigma,0.11810694967296502,0.02157127876577699,0.0004855221841216309,2011.827976036409,2172.4374370435444,1.0007393606830182,10.44920884641886,copath_tau_app_REGION-RF_rank324_region320_cCM,320,cCM,324
u0,0.01444839361654126,0.0065548513209781455,0.00013444974956543994,2049.8115743684275,1548.9110869533665,1.0015210169040034,10.646491395641432,copath_tau_app_REGION-RF_rank324_region320_cCM,320,cCM,324
alpha,0.8387858844623868,0.5102129749857491,0.016363819613281285,882.4021652958377,1332.472779818742,1.0020785584291625,2.870618089976081,copath_tau_app_REGION-RF_rank346_region321_cPCN,321,cPCN,346
beta,0.5989167173736655,0.3521138994275864,0.012269335569378688,980.8073084612178,1204.2492332883085,1.0014777043380232,3.1907482927646473,copath_tau_app_REGION-RF_rank346_region321_cPCN,321,cPCN,346
gamma,0.08295275779871299,0.060760887457478895,0.0017368400526949599,829.412270590914,735.0853848913437,1.0037405579164975,2.6982321232271405,copath_tau_app_REGION-RF_rank346_region321_cPCN,321,cPCN,346
sigma,0.061878488313385605,0.011130465035245637,0.0002846678222341109,1565.7540301764918,1064.437378950729,1.0025670580016952,5.093688592627929,copath_tau_app_REGION-RF_rank346_region321_cPCN,321,cPCN,346
u0,0.014599266217875464,0.006265912262010689,0.00016486251728253643,1223.5322438087996,1180.8804254697836,1.0019576978862454,3.9803775771209944,copath_tau_app_REGION-RF_rank346_region321_cPCN,321,cPCN,346
alpha,1.2124612929379979,0.5353587909086102,0.01675342486923075,829.429990079215,446.4254434312836,1.0029665033708335,4.343065641483391,copath_tau_app_REGION-RF_rank272_region322_cCL,322,cCL,272
beta,0.5055498542808712,0.24712140145006986,0.01355813887608272,864.8829287560336,418.0161176132356,1.0036609093405502,4.52870450395351,copath_tau_app_REGION-RF_rank272_region322_cCL,322,cCL,272
gamma,0.08695887961710039,0.06047015762689379,0.0014576313212471966,1343.591686887448,1170.227560142495,1.0053304950387032,7.035321800874698,copath_tau_app_REGION-RF_rank272_region322_cCL,322,cCL,272
sigma,0.1070863802290464,0.019703722182755255,0.0005006377325290868,1387.816271278896,706.6584548745079,1.0024691158199512,7.266890800400549,copath_tau_app_REGION-RF_rank272_region322_cCL,322,cCL,272
u0,0.015077507921687005,0.006649691654964506,0.00018096827854938613,1178.3282643955392,844.2896438466986,1.0034641161317988,6.169968605784641,copath_tau_app_REGION-RF_rank272_region322_cCL,322,cCL,272
alpha,0.7293725414804879,0.5796628508586072,0.013689098063238947,1319.4417644044877,1282.002772946967,1.002036125016844,15.29645672754397,copath_tau_app_REGION-RF_rank357_region323_cPF,323,cPF,357
beta,-0.1941814762304786,0.8697366636792737,0.02365567342831689,1349.993431493115,1127.0878931218003,1.0010068744448801,15.650646102310684,copath_tau_app_REGION-RF_rank357_region323_cPF,323,cPF,357
gamma,0.08112248663585017,0.05959283230579444,0.0012876040176604876,1532.0092962867163,1088.0052841527936,1.001896420410032,17.760779246988296,copath_tau_app_REGION-RF_rank357_region323_cPF,323,cPF,357
sigma,0.32875772917814566,0.37770933359597364,0.00924083172415719,1250.3212187439492,875.471479895561,1.0032232737577413,14.49513342233705,copath_tau_app_REGION-RF_rank357_region323_cPF,323,cPF,357
u0,0.0077767916601986665,0.0058803014648354255,0.0001323356647228611,1345.0040087946422,885.5791100553115,1.0007683889404666,15.592803088347079,copath_tau_app_REGION-RF_rank357_region323_cPF,323,cPF,357
alpha,2.0318842831430195,0.6215626869421176,0.01674708790936715,1275.5825010539547,1353.9820406137164,1.0019227218604194,11.267500826382662,copath_tau_app_REGION-RF_rank167_region324_cPIL,324,cPIL,167
beta,0.5110028815161254,0.0845190634685659,0.0027600821806072727,1085.1520707531029,1054.169641004713,1.0019707937534668,9.58538694585327,copath_tau_app_REGION-RF_rank167_region324_cPIL,324,cPIL,167
gamma,0.06784162290964298,0.04817640664596867,0.0014583426478103605,1153.5216000270889,1154.163374124502,1.0010307553206337,10.189310037427138,copath_tau_app_REGION-RF_rank167_region324_cPIL,324,cPIL,167
sigma,0.12588180537908938,0.024544720750722806,0.000535048217429423,2042.0077497916207,2326.2107268376612,1.001350237557517,18.03750364186258,copath_tau_app_REGION-RF_rank167_region324_cPIL,324,cPIL,167
u0,0.016132328992357222,0.0067035089895930875,0.00014323747739110687,1960.404937448875,1336.5851041813232,1.0012432607160606,17.31668804996842,copath_tau_app_REGION-RF_rank167_region324_cPIL,324,cPIL,167
alpha,0.9505784682457056,0.4615170251880236,0.015392655886781712,714.0872251781449,555.9705678838193,1.0023922077628586,4.402646352712136,copath_tau_app_REGION-RF_rank164_region325_cRT,325,cRT,164
beta,0.7309522234871542,0.3001216879647648,0.013231841730800688,770.0718171687483,536.267562996476,1.0015278306478181,4.747814773382339,copath_tau_app_REGION-RF_rank164_region325_cRT,325,cRT,164
gamma,0.07793667399100386,0.05845257599490214,0.0012445568872129474,1411.1227360310615,1001.4215096730468,1.0012747996316356,8.700161756102602,copath_tau_app_REGION-RF_rank164_region325_cRT,325,cRT,164
sigma,0.18798013329809107,0.03265048223171848,0.0007309506929403415,1959.1455545229048,2066.7062740205574,1.0013235062183365,12.07895159852588,copath_tau_app_REGION-RF_rank164_region325_cRT,325,cRT,164
u0,0.011171241757129103,0.006140297214292758,0.00014244879614313177,1542.214917520975,1158.6922483249132,1.001734325185997,9.508399873738247,copath_tau_app_REGION-RF_rank164_region325_cRT,325,cRT,164
alpha,0.7053781681479185,0.5792335199296462,0.013603901795982948,1257.9813339745197,1081.1678763495063,1.0028626906496378,16.32236942526397,copath_tau_app_REGION-RF_rank361_region326_cIGL,326,cIGL,361
beta,-0.339422812433369,0.7971780216842794,0.021192468631306693,1445.502756992102,1519.1012461519197,1.0016416076456613,18.755469073868277,copath_tau_app_REGION-RF_rank361_region326_cIGL,326,cIGL,361
gamma,0.08025206093762272,0.0602150878372978,0.0011846852561248737,1739.4314828109427,1174.5490446737708,1.001634973286291,22.56920868823478,copath_tau_app_REGION-RF_rank361_region326_cIGL,326,cIGL,361
sigma,0.12172591403471202,0.0690290285019316,0.0017905798858568924,2120.547003483103,1556.6050062370875,1.0004392644674642,27.514201236302927,copath_tau_app_REGION-RF_rank361_region326_cIGL,326,cIGL,361
u0,0.007990209149224308,0.006041786317512097,0.00015259297030419778,944.524595996505,640.9113661824382,1.0052706534477256,12.255252896634337,copath_tau_app_REGION-RF_rank361_region326_cIGL,326,cIGL,361
alpha,0.7634378936503864,0.5993207048342136,0.018580168113392546,798.9798262931795,967.8131818127025,1.0110300858178662,9.16240254000114,copath_tau_app_REGION-RF_rank350_region327_cIntG,327,cIntG,350
beta,-0.07347479827131849,0.8098027040834629,0.02698423675389933,873.7156483401861,934.199437005664,1.0047054994318108,10.0194450625007,copath_tau_app_REGION-RF_rank350_region327_cIntG,327,cIntG,350
gamma,0.07932586666113603,0.06027282365923492,0.0028482685751529536,261.2459435888217,446.97428723906205,1.0109878674172887,2.9958710074175103,copath_tau_app_REGION-RF_rank350_region327_cIntG,327,cIntG,350
sigma,0.23418767791177292,0.09384648211211473,0.005091600205497573,175.38996969241774,44.788016645666055,1.0226225998048855,2.0113067325567964,copath_tau_app_REGION-RF_rank350_region327_cIntG,327,cIntG,350
u0,0.008156982274057102,0.006294146920945348,0.0003084323000420259,236.46708156962768,57.131033500809565,1.0171386858797724,2.711716263040156,copath_tau_app_REGION-RF_rank350_region327_cIntG,327,cIntG,350
alpha,0.9240565829902024,0.41953119885575124,0.012669301228635967,918.713495543139,564.3661435945172,1.0049034944799402,7.900533134481137,copath_tau_app_REGION-RF_rank98_region328_cLGv,328,cLGv,98
beta,0.9438989473585818,0.29377904433658125,0.010677693989950443,1130.171564552592,621.4023176796586,1.003764932159581,9.718979787183144,copath_tau_app_REGION-RF_rank98_region328_cLGv,328,cLGv,98
gamma,0.07180419418067575,0.05523607768406814,0.0013312353419473323,1142.3833578871045,803.40915987114,1.0003854086011879,9.823995854040543,copath_tau_app_REGION-RF_rank98_region328_cLGv,328,cLGv,98
sigma,0.4114251602729959,0.07336186552529517,0.00166122737953023,1959.8541888586797,1944.678141244421,1.0025056307292155,16.85388647597437,copath_tau_app_REGION-RF_rank98_region328_cLGv,328,cLGv,98
u0,0.0091788974638546,0.006300512491709031,0.00015307638234523683,1074.241710892055,539.0415204629082,1.0040847265290267,9.238007575285334,copath_tau_app_REGION-RF_rank98_region328_cLGv,328,cLGv,98
alpha,0.7909671126197243,0.5951286786005722,0.011235284087014694,1968.2917102553556,1368.501194952745,1.001968351040368,28.261780605289047,copath_tau_app_REGION-RF_rank1_region329_cSubG,329,cSubG,400
beta,-0.01802794111623807,0.9910135882882062,0.018586776072579313,2847.358992591645,2481.793306698933,1.003931144796095,40.88389679936313,copath_tau_app_REGION-RF_rank1_region329_cSubG,329,cSubG,400
gamma,0.07903978067021558,0.06039151963025341,0.001162510553734613,1794.0951090009803,1106.6744957094722,1.0007767947537147,25.760573034689934,copath_tau_app_REGION-RF_rank1_region329_cSubG,329,cSubG,400
sigma,1.619128513694031,1.919435138362257,0.0394145505946324,2536.8264192102015,2433.92755328855,1.0004551349581132,36.425104734154665,copath_tau_app_REGION-RF_rank1_region329_cSubG,329,cSubG,400
u0,0.008094857563265626,0.005985909348003743,0.00010741872012937718,2061.9634205336015,1453.1218378981355,1.0007141030530646,29.606768907080216,copath_tau_app_REGION-RF_rank1_region329_cSubG,329,cSubG,400
alpha,1.2330306042676393,0.3930971264936263,0.011675377265544202,1025.7304043616261,1036.8004614948636,1.002900413058161,8.905765127818523,copath_tau_app_REGION-RF_rank76_region330_cMH,330,cMH,76
beta,0.9450087236749577,0.15308550445112792,0.005175472482432508,1038.192243004649,888.249228063428,1.0030767679902144,9.01396335178031,copath_tau_app_REGION-RF_rank76_region330_cMH,330,cMH,76
gamma,0.04803234426383604,0.04330226703269126,0.0013855006737328308,991.2340969646096,1161.755223837917,1.0035351620174675,8.606255617182482,copath_tau_app_REGION-RF_rank76_region330_cMH,330,cMH,76
sigma,0.2454940278126828,0.0440272950019815,0.0009500788542942945,2346.095673602378,2354.9177558694623,1.0007509714554719,20.36965751200231,copath_tau_app_REGION-RF_rank76_region330_cMH,330,cMH,76
u0,0.011595310256987127,0.006407613226905028,0.00014281385279026304,1639.8315986698542,1652.0093743663715,1.0016069006264223,14.237615463897463,copath_tau_app_REGION-RF_rank76_region330_cMH,330,cMH,76
alpha,1.642764407626383,0.49938186028200987,0.013726356580967306,1211.7583205952853,1015.9889071644592,1.003456065981366,8.892921089638895,copath_tau_app_REGION-RF_rank250_region331_cLH,331,cLH,250
beta,0.4241876681075655,0.08773184143083618,0.0029584323671126033,1253.9834698096122,990.0792391636031,1.0015863926812087,9.2028054234859,copath_tau_app_REGION-RF_rank250_region331_cLH,331,cLH,250
gamma,0.09571881148839946,0.06187124424931108,0.001633966707843303,1357.2886891444784,1239.643701523451,1.0014962277899004,9.960947660331852,copath_tau_app_REGION-RF_rank250_region331_cLH,331,cLH,250
sigma,0.08218751065337784,0.015255807005570155,0.0003517289271463113,1879.6792262704155,1639.519700769093,1.0016475249284233,13.794697134693093,copath_tau_app_REGION-RF_rank250_region331_cLH,331,cLH,250
u0,0.015827662469690404,0.006533525501974509,0.0001596842560212782,1531.2083825497918,1415.6957356898624,1.0021716102155678,11.237319427787789,copath_tau_app_REGION-RF_rank250_region331_cLH,331,cLH,250
alpha,0.8037469464865763,0.6035725565870308,0.01159327164402455,1918.5617241861196,1291.6008894373767,1.0001784789226844,27.586945678919268,copath_tau_app_REGION-RF_rank1_region332_cPVH,332,cPVH,401
beta,-0.010275892499008838,1.0124502113226506,0.021007096311241202,2328.1385621753925,2031.0558153603654,1.0018294687971598,33.4762396424725,copath_tau_app_REGION-RF_rank1_region332_cPVH,332,cPVH,401
gamma,0.07924992628733384,0.061764384305543506,0.001336161565485795,1395.4755616019827,930.8693563311859,1.0019580762455647,20.065504293589605,copath_tau_app_REGION-RF_rank1_region332_cPVH,332,cPVH,401
sigma,1.6433590490504804,2.029701195472302,0.04536886648890573,2724.9206706217983,2183.4782870633603,1.0015649635478143,39.18155854573661,copath_tau_app_REGION-RF_rank1_region332_cPVH,332,cPVH,401
u0,0.008228340694483315,0.006116082140334808,0.00011602179650318113,2004.6336903549302,1553.5368802821947,1.0007980858553969,28.824572086891123,copath_tau_app_REGION-RF_rank1_region332_cPVH,332,cPVH,401
alpha,1.4947840019270242,0.5840063917457484,0.015414421959909748,1287.4317540165343,1067.0874785847598,1.0022359323651833,14.955702682487068,copath_tau_app_REGION-RF_rank61_region333_cARH,333,cARH,61
beta,1.1335300672997866,0.2389246486367456,0.006672354481505342,1412.9762044492286,1040.5395488655086,1.0005610881102707,16.414114336735807,copath_tau_app_REGION-RF_rank61_region333_cARH,333,cARH,61
gamma,0.06438318425858297,0.04746914416336663,0.0011897986378196041,1378.0890287514042,1177.396422915498,1.0013356802282243,16.008840639283065,copath_tau_app_REGION-RF_rank61_region333_cARH,333,cARH,61
sigma,0.6320138404542176,0.11167079126732508,0.0023787596986949095,2241.7996379502315,2376.259227344052,1.0001554018755605,26.04230379924296,copath_tau_app_REGION-RF_rank61_region333_cARH,333,cARH,61
u0,0.010467414187219684,0.006358553351560956,0.0001257114806819388,2120.883157460691,1496.2500109297305,1.001987583407104,24.637653862675453,copath_tau_app_REGION-RF_rank61_region333_cARH,333,cARH,61
alpha,0.787802731794395,0.5961020546608284,0.011886654035955643,1767.2316151216435,1139.1611513082992,1.0012273148379607,25.094523310873484,copath_tau_app_REGION-RF_rank1_region334_cADP,334,cADP,402
beta,0.028190413855853583,1.006469083477769,0.0195563222801386,2659.358442341296,2074.6479270658383,1.0015276181946116,37.762640647818124,copath_tau_app_REGION-RF_rank1_region334_cADP,334,cADP,402
gamma,0.08071012971105714,0.06024581138903449,0.0011637778030951095,1883.6542948675374,1327.9586308783298,1.001145892939884,26.747714452203645,copath_tau_app_REGION-RF_rank1_region334_cADP,334,cADP,402
sigma,1.744820314490757,2.4360578285997887,0.04900701133596906,2812.2089832280044,2223.619682263736,1.0002495575225026,39.93310400335124,copath_tau_app_REGION-RF_rank1_region334_cADP,334,cADP,402
u0,0.007963431696028539,0.005787969027948888,0.00011775322220084412,1704.3543715852222,1190.200586386557,1.001967429348547,24.201672345472677,copath_tau_app_REGION-RF_rank1_region334_cADP,334,cADP,402
alpha,0.7830484731778178,0.6106866236623788,0.01205691231745448,1740.8161123455643,1140.0635748627024,1.0004207287896425,25.0997190199199,copath_tau_app_REGION-RF_rank1_region335_cAVP,335,cAVP,403
beta,-0.023254699677334352,1.0097417415150518,0.018937879142387617,2852.6608360621367,2482.255763429433,1.00126828276099,41.130700098940785,copath_tau_app_REGION-RF_rank1_region335_cAVP,335,cAVP,403
gamma,0.07999413544162917,0.06056876230213866,0.0012052499688531262,1742.6060447704097,1236.7119334298907,1.002102493810134,25.12552691577383,copath_tau_app_REGION-RF_rank1_region335_cAVP,335,cAVP,403
sigma,1.7073890347896183,2.5424959522353325,0.05790436112077142,1863.9481233801116,2205.9439569379347,1.0062429134150521,26.87508107993702,copath_tau_app_REGION-RF_rank1_region335_cAVP,335,cAVP,403
u0,0.00805935224183394,0.006042585477328569,0.00011300152172223476,2051.091005257671,1263.2114945608212,1.0001458798816294,29.573375126271284,copath_tau_app_REGION-RF_rank1_region335_cAVP,335,cAVP,403
alpha,1.0221094061823648,0.543837896521501,0.014221943350601776,1236.128892980975,1030.2693813346618,1.0020142390513622,13.14122035806065,copath_tau_app_REGION-RF_rank14_region336_cAVPV,336,cAVPV,14
beta,1.8159325812688978,0.7625223279846858,0.03121373116960269,920.6292556469476,583.7393155033471,1.006557740343415,9.78716053417262,copath_tau_app_REGION-RF_rank14_region336_cAVPV,336,cAVPV,14
gamma,0.04379294209535882,0.04191213241401908,0.0010551173797547538,1329.2956725037484,1567.4352399939507,1.001524004772024,14.131671424055158,copath_tau_app_REGION-RF_rank14_region336_cAVPV,336,cAVPV,14
sigma,0.9194313638415893,0.5666855992550043,0.022181940215314347,645.6546526041914,1202.1785141448327,1.0054329094457095,6.86392018927541,copath_tau_app_REGION-RF_rank14_region336_cAVPV,336,cAVPV,14
u0,0.008152368242277873,0.006040138608684926,0.00016367178493645839,966.9498899135355,861.0453405889459,1.001355964202877,10.279592727513267,copath_tau_app_REGION-RF_rank14_region336_cAVPV,336,cAVPV,14
alpha,1.508071620565558,0.6011015478593603,0.015211648785562784,1379.9894097100603,1452.9256046778635,1.002180721370685,11.145395298788214,copath_tau_app_REGION-RF_rank110_region337_cDMH,337,cDMH,110
beta,0.6650131625165636,0.12978948879386065,0.003673029928726999,1373.1380352246322,1257.793745561644,1.0019443859589958,11.090060615461788,copath_tau_app_REGION-RF_rank110_region337_cDMH,337,cDMH,110
gamma,0.058793215090097405,0.04955387441891786,0.0013034276880910173,1267.6404426164836,1363.2383039130675,1.0028633328496255,10.238016125544018,copath_tau_app_REGION-RF_rank110_region337_cDMH,337,cDMH,110
sigma,0.17929986281370291,0.03305195425683846,0.0007755537323389073,1884.014934800849,2034.0133975832862,1.0011940464804123,15.21612488431192,copath_tau_app_REGION-RF_rank110_region337_cDMH,337,cDMH,110
u0,0.014870348773017674,0.0069249949436660995,0.0001509660944611134,1843.0642497648203,1395.9428877719856,1.0071417135778322,14.885389322668296,copath_tau_app_REGION-RF_rank110_region337_cDMH,337,cDMH,110
alpha,0.7886821637488832,0.6004495343591982,0.01124495270572379,1882.873613561405,1250.303614094745,1.0009788123475467,26.014087146291118,copath_tau_app_REGION-RF_rank1_region338_cMEPO,338,cMEPO,404
beta,0.015341642115528988,1.0135565676059828,0.01801355555426096,3169.9230966878777,2606.406449865554,1.0002198712816819,43.796171495708386,copath_tau_app_REGION-RF_rank1_region338_cMEPO,338,cMEPO,404
gamma,0.07955771770278193,0.05986234574137465,0.0011055819500425674,1965.727962369956,1012.7987973746158,1.0019326783619684,27.158816263970984,copath_tau_app_REGION-RF_rank1_region338_cMEPO,338,cMEPO,404
sigma,1.6936822626945953,2.322262068801768,0.0495726310721374,3018.2281402016883,2480.605455193919,1.0007107578102707,41.70032938009213,copath_tau_app_REGION-RF_rank1_region338_cMEPO,338,cMEPO,404
u0,0.007966301317636211,0.005963888326215375,0.00011484121660177732,1603.5390158575901,887.5231355466711,1.0008554566240602,22.154755051293744,copath_tau_app_REGION-RF_rank1_region338_cMEPO,338,cMEPO,404
alpha,0.7852908730059068,0.6210037525709309,0.01241388491801251,1581.2922571426968,881.8852325337828,1.0002358237874558,22.12433026657195,copath_tau_app_REGION-RF_rank1_region339_cMPO,339,cMPO,405
beta,0.015412746720448543,0.9983788202626327,0.01974359933716405,2566.326160702282,2315.19450087158,1.0013099447617335,35.90623257317144,copath_tau_app_REGION-RF_rank1_region339_cMPO,339,cMPO,405
gamma,0.07813386228907353,0.05955653671597275,0.0012574061542375231,1448.8509133277184,1094.6246947252196,1.0011317051282689,20.271304035477993,copath_tau_app_REGION-RF_rank1_region339_cMPO,339,cMPO,405
sigma,1.627554637928203,2.135980841249432,0.0473161435482133,2473.3275718337622,2180.4336939299847,1.0007460735538911,34.60506165732182,copath_tau_app_REGION-RF_rank1_region339_cMPO,339,cMPO,405
u0,0.008040821933052954,0.005964934497668987,0.00012011773681038285,1663.4612133733833,1055.410818735801,1.005011005706275,23.27398057131201,copath_tau_app_REGION-RF_rank1_region339_cMPO,339,cMPO,405
alpha,0.8161273829076391,0.6194434319835187,0.013350648778689175,1496.1461507111492,997.2606560366545,1.0026948807363492,20.754153209382142,copath_tau_app_REGION-RF_rank1_region340_cPS,340,cPS,406
beta,-0.001681310143846897,0.9983571300811205,0.020896002547039043,2278.010588751983,1966.2262340445036,1.0024167445991217,31.599974874835038,copath_tau_app_REGION-RF_rank1_region340_cPS,340,cPS,406
gamma,0.07774048088368107,0.059531696874954736,0.001164495763953238,1704.4488025157718,1122.6369356858856,1.000146799668083,23.643673827016215,copath_tau_app_REGION-RF_rank1_region340_cPS,340,cPS,406
sigma,1.6194102809761066,1.9893019974595572,0.04315899054907589,2302.4776992218785,2293.419524130929,1.0025787229440137,31.93937631569142,copath_tau_app_REGION-RF_rank1_region340_cPS,340,cPS,406
u0,0.00802763206004645,0.006159423755478376,0.00013005906637565383,1427.2109031643727,957.2864355688571,1.0007090030634282,19.79790124934973,copath_tau_app_REGION-RF_rank1_region340_cPS,340,cPS,406
alpha,0.7948866843871891,0.5971284096705343,0.010321630553614437,2248.152570134494,1416.845829895699,0.999898071295547,31.592925381316668,copath_tau_app_REGION-RF_rank1_region341_cVLPO,341,cVLPO,407
beta,-0.0026771380544444645,1.028066140356832,0.018610366629783257,3051.11795306741,2245.2571856554428,1.0010440618768464,42.87686836800745,copath_tau_app_REGION-RF_rank1_region341_cVLPO,341,cVLPO,407
gamma,0.07830791344683743,0.059841033332969806,0.001174436711199864,1822.673915858739,1200.6147672927784,1.0016430371972336,25.613742493799034,copath_tau_app_REGION-RF_rank1_region341_cVLPO,341,cVLPO,407
sigma,1.582845509058872,1.9135214379250498,0.035571414880695006,2958.826825805978,2064.069584524192,1.000307141445671,41.57991604561521,copath_tau_app_REGION-RF_rank1_region341_cVLPO,341,cVLPO,407
u0,0.007911486990364787,0.005980298000784088,0.00010872657579480198,1974.477597665042,1186.0899100887104,1.0004220952141616,27.74701514425298,copath_tau_app_REGION-RF_rank1_region341_cVLPO,341,cVLPO,407
alpha,0.9201835075803971,0.629376187448905,0.0168632080157102,1102.1310245207283,1055.2529387449563,1.0022115828546705,13.26111207460869,copath_tau_app_REGION-RF_rank117_region342_cAHN,342,cAHN,117
beta,0.17432637138526863,0.9054609670280702,0.029166157145053447,1147.060712632163,1988.8829126560458,1.0026592676405506,13.801717153557489,copath_tau_app_REGION-RF_rank117_region342_cAHN,342,cAHN,117
gamma,0.08344442783033862,0.060746500312554685,0.0018702911311284634,749.0555096775133,560.7827519648582,1.0037806082784102,9.012820475003169,copath_tau_app_REGION-RF_rank117_region342_cAHN,342,cAHN,117
sigma,0.6847898407303189,0.5204822835176115,0.015216163600152828,523.1597101716042,220.53246562674963,1.005112295103552,6.294786550013286,copath_tau_app_REGION-RF_rank117_region342_cAHN,342,cAHN,117
u0,0.008705877209039741,0.006085110010603347,0.0001480198762232111,1220.3164795662249,872.4799531714281,1.0015545714521037,14.683148593024002,copath_tau_app_REGION-RF_rank117_region342_cAHN,342,cAHN,117
alpha,1.4600635169445455,0.5298063822939305,0.013170624098641783,1394.8308860621278,1203.5851383521813,1.0020594310819535,14.65774365344817,copath_tau_app_REGION-RF_rank51_region343_cLM,343,cLM,51
beta,1.17024870614457,0.20306560213464003,0.006117412295870769,1264.8509857129366,1210.9615698836942,1.0051377925628389,13.291834654402445,copath_tau_app_REGION-RF_rank51_region343_cLM,343,cLM,51
gamma,0.045629876202599916,0.03705669804799903,0.0009363497327715725,1432.373604096266,1363.7524725774722,1.003007277512433,15.05226570088552,copath_tau_app_REGION-RF_rank51_region343_cLM,343,cLM,51
sigma,0.5247375483989473,0.09170689178539083,0.0020569291593673473,2154.30512003532,2292.7614248173536,1.0028034927501344,22.638767549761667,copath_tau_app_REGION-RF_rank51_region343_cLM,343,cLM,51
u0,0.010668337242621605,0.0064071847767653515,0.00012331208638013518,2121.3260684268444,1540.7330513515562,1.000252990625782,22.292203325208536,copath_tau_app_REGION-RF_rank51_region343_cLM,343,cLM,51
alpha,1.195634375309867,0.44086334256020715,0.011515317384256004,1336.4653241816336,1547.266602978057,1.0020848135518652,13.409978970737427,copath_tau_app_REGION-RF_rank62_region344_cMM,344,cMM,62
beta,1.0806899824387424,0.19364293973120272,0.005552607475487581,1349.7215110693912,1167.9630533357229,1.0023417127280905,13.542990418307792,copath_tau_app_REGION-RF_rank62_region344_cMM,344,cMM,62
gamma,0.05875326628745807,0.04670969601529633,0.0013009319749012758,1195.3566527617813,1248.659621551169,1.001946125735589,11.994106607952693,copath_tau_app_REGION-RF_rank62_region344_cMM,344,cMM,62
sigma,0.4431152401437418,0.07618488889438847,0.0017592269385565697,1821.5979447957716,1818.3140084361112,1.0017334680595216,18.277758270913402,copath_tau_app_REGION-RF_rank62_region344_cMM,344,cMM,62
u0,0.010064888356627314,0.0063326300468105655,0.000134380153687484,1455.5162140788416,749.9536274312514,1.0012581938278557,14.60452543676468,copath_tau_app_REGION-RF_rank62_region344_cMM,344,cMM,62
alpha,0.9021911752935339,0.3073182460886256,0.010603883821738519,709.3980908920172,637.9426449727831,1.0043409126182996,6.860782898210013,copath_tau_app_REGION-RF_rank26_region345_cSUM,345,cSUM,26
beta,1.604498443331154,0.21606179971297268,0.008739597964639391,783.8965927252655,466.6978143604635,1.0045077477767916,7.581278278564255,copath_tau_app_REGION-RF_rank26_region345_cSUM,345,cSUM,26
gamma,0.03206465217187016,0.03071856669285064,0.0012867592404427414,762.2146608458387,562.9486740860985,1.0015879931487388,7.371586387158858,copath_tau_app_REGION-RF_rank26_region345_cSUM,345,cSUM,26
sigma,0.4796890869334342,0.0819002439693954,0.0021514762875574677,1491.969305399606,1634.427474411838,1.0034729141635133,14.42924308165075,copath_tau_app_REGION-RF_rank26_region345_cSUM,345,cSUM,26
u0,0.009947884481299919,0.006586503800180835,0.0001789814729159955,1128.535278236984,864.9434040374489,1.0029522362545928,10.914373236075628,copath_tau_app_REGION-RF_rank26_region345_cSUM,345,cSUM,26
alpha,0.7303572891911374,0.5785720948427425,0.01369997843878327,1398.7773658324106,1240.5654358976615,1.0024016050971294,18.5659516841084,copath_tau_app_REGION-RF_rank364_region346_cTM,346,cTM,364
beta,-0.18468067266319582,0.9527385026681217,0.025060198034019508,1482.2973091417878,1455.5548338546803,1.0025429411576123,19.67451067999878,copath_tau_app_REGION-RF_rank364_region346_cTM,346,cTM,364
gamma,0.08141577529382707,0.06140312746737176,0.0013658322043927458,1132.72360949958,504.9919946237398,1.002618962824942,15.034624036043857,copath_tau_app_REGION-RF_rank364_region346_cTM,346,cTM,364
sigma,0.23919224546946544,0.3115275020020499,0.0077640667262316955,1987.2768263431863,1831.6841411036485,1.0014927351293132,26.377096485886653,copath_tau_app_REGION-RF_rank364_region346_cTM,346,cTM,364
u0,0.007773411140752662,0.005874106073528784,0.00012233469713831234,1579.6419933040797,1174.037744945529,1.0049717773944908,20.96656526066922,copath_tau_app_REGION-RF_rank364_region346_cTM,346,cTM,364
alpha,0.8016986118608138,0.6039419413515431,0.010603220655503344,2350.226854142281,1557.638823795962,1.0010882654910973,33.603952789463406,copath_tau_app_REGION-RF_rank1_region347_cMPN,347,cMPN,408
beta,-0.029163872276795715,0.9775200930478422,0.018663751429722847,2750.115382450127,2372.8512643524964,1.0014060826509277,39.32162859706498,copath_tau_app_REGION-RF_rank1_region347_cMPN,347,cMPN,408
gamma,0.0789245353580914,0.06010926359084754,0.0012125586211394065,1589.5530667764094,940.3394626243673,1.000642279318374,22.727706526779187,copath_tau_app_REGION-RF_rank1_region347_cMPN,347,cMPN,408
sigma,1.6316232525846137,2.1029425624368585,0.0433777022310447,2829.1371246057697,2180.173892561446,1.0006998985867759,40.45149522592216,copath_tau_app_REGION-RF_rank1_region347_cMPN,347,cMPN,408
u0,0.007900296003732892,0.006022505893964501,0.00011743155840227659,1822.5506248430975,1429.6855270112599,1.001814511111102,26.059146182288817,copath_tau_app_REGION-RF_rank1_region347_cMPN,347,cMPN,408
alpha,0.7786404299573481,0.5951283970920869,0.013037157406305257,1494.1537464226399,993.3576505690293,1.0010050969132125,20.768865842242917,copath_tau_app_REGION-RF_rank202_region348_cPMd,348,cPMd,202
beta,-0.03286113316357367,1.004217214070496,0.021810262637913337,2116.618993468608,1607.438645676342,1.000988055344647,29.421186420569462,copath_tau_app_REGION-RF_rank202_region348_cPMd,348,cPMd,202
gamma,0.08076652077444112,0.061108277175047104,0.0012911639315242533,1451.309718372261,767.728627683843,1.0011661083025383,20.173330160021422,copath_tau_app_REGION-RF_rank202_region348_cPMd,348,cPMd,202
sigma,0.8717298016811182,0.927772136960327,0.022291476366957254,1654.3990543442383,1130.230109856468,1.005028656471132,22.996289432379395,copath_tau_app_REGION-RF_rank202_region348_cPMd,348,cPMd,202
u0,0.008119516747549235,0.005917208112310258,0.00011979631689758686,1665.6762203999676,1133.3100268930064,1.0006079288634877,23.15304301242623,copath_tau_app_REGION-RF_rank202_region348_cPMd,348,cPMd,202
alpha,0.8355303506001389,0.6352669549521713,0.01574894099250811,1112.649437723192,775.5052435079258,1.002818154140073,15.188301974189388,copath_tau_app_REGION-RF_rank56_region349_cPMv,349,cPMv,56
beta,0.12417165028737852,1.051245362074059,0.024760742090253786,1805.9620342242551,1529.5111722079066,1.0012119630625258,24.652415936009596,copath_tau_app_REGION-RF_rank56_region349_cPMv,349,cPMv,56
gamma,0.08085373487536004,0.0610113015416493,0.0013220603745655805,1379.2930866731074,890.9488690861397,1.0012033025019067,18.82814047358078,copath_tau_app_REGION-RF_rank56_region349_cPMv,349,cPMv,56
sigma,1.4779109404464996,1.4040852142043332,0.03594352613473391,1031.6422649595124,418.10776550346156,1.0018252589524201,14.082507677894432,copath_tau_app_REGION-RF_rank56_region349_cPMv,349,cPMv,56
u0,0.008063646097650288,0.006067152965459233,0.00012640089171939741,1624.4488062580135,1162.4722625285408,1.0028674092169367,22.174656432259216,copath_tau_app_REGION-RF_rank56_region349_cPMv,349,cPMv,56
alpha,1.768318253897181,0.5942694819220702,0.018749469631943166,821.7362948213993,502.10576181613334,1.0034494394438402,7.169222603571796,copath_tau_app_REGION-RF_rank136_region350_cVMH,350,cVMH,136
beta,0.5971389572658613,0.1059449336457645,0.004242553747246627,878.3621662823418,416.1487217004676,1.00300985080676,7.663253937204169,copath_tau_app_REGION-RF_rank136_region350_cVMH,350,cVMH,136
gamma,0.06072744789276523,0.04758383150450524,0.0016261464106619946,984.6111736680417,679.5384908216378,1.0028302128554307,8.590221372082025,copath_tau_app_REGION-RF_rank136_region350_cVMH,350,cVMH,136
sigma,0.15863586607840732,0.03115201222132012,0.0007600187110000784,1741.806740975821,1727.2664635451738,1.0015423990978733,15.196359631615955,copath_tau_app_REGION-RF_rank136_region350_cVMH,350,cVMH,136
u0,0.015005921020143394,0.006727718877856806,0.00016852880170781337,1526.5357189032673,1493.4145570711582,1.00253482282589,13.318231712644105,copath_tau_app_REGION-RF_rank136_region350_cVMH,350,cVMH,136
alpha,0.9966314518017421,0.49840896223141823,0.016447721629021105,735.4944494810633,723.9863431820205,1.0021231004608881,5.214238768431202,copath_tau_app_REGION-RF_rank150_region351_cPH,351,cPH,150
beta,0.7357452869616025,0.28566723074528644,0.011836394728238692,725.7550341917073,636.2285393273884,1.0060058486547274,5.145191834332049,copath_tau_app_REGION-RF_rank150_region351_cPH,351,cPH,150
gamma,0.0772215814017979,0.057725707606824765,0.0015796174343034506,1033.2819899522954,991.1052094597856,1.003094275773022,7.325383644339409,copath_tau_app_REGION-RF_rank150_region351_cPH,351,cPH,150
sigma,0.19885197668930255,0.05115744667658582,0.0017425696502232134,927.6695688334771,1042.5823819054092,1.0004911266132808,6.576651439746745,copath_tau_app_REGION-RF_rank150_region351_cPH,351,cPH,150
u0,0.011637562279979226,0.006770128345790123,0.0001799461554069081,1191.0942233893377,1046.3365155775145,1.0023226852490537,8.444182931405038,copath_tau_app_REGION-RF_rank150_region351_cPH,351,cPH,150
alpha,0.6936159919912368,0.21437167722808287,0.006931944309416899,991.6140128528397,1388.1071184079055,1.0037857246657942,6.5352130231381205,copath_tau_app_REGION-RF_rank66_region352_cLHA,352,cLHA,66
beta,1.1456818595796363,0.20009880732700694,0.006042221674350162,1155.9536861649726,1275.2323365586685,1.0018413188432718,7.618290469934046,copath_tau_app_REGION-RF_rank66_region352_cLHA,352,cLHA,66
gamma,0.06136950383933138,0.051130453176968335,0.0014526439056260687,1108.3049077081564,1192.8380400789606,1.0004403395174444,7.304262114675395,copath_tau_app_REGION-RF_rank66_region352_cLHA,352,cLHA,66
sigma,0.19865429711414448,0.03773428058526512,0.0009829058311698277,1376.9670625076951,1125.1819301312667,1.001927299964718,9.07487486329824,copath_tau_app_REGION-RF_rank66_region352_cLHA,352,cLHA,66
u0,0.013958372216009264,0.006938702619853249,0.0001580524644855437,1697.4185160872676,1215.9254946321075,1.001732810372763,11.186803986497868,copath_tau_app_REGION-RF_rank66_region352_cLHA,352,cLHA,66
alpha,1.0201351157477685,0.3604866764128845,0.010306375892710695,1086.974860887894,1235.1936947777353,1.0023574589255977,8.957870341823542,copath_tau_app_REGION-RF_rank88_region353_cLPO,353,cLPO,88
beta,0.9410455950501728,0.1820997595370141,0.00563579848662102,1322.6321354927866,1227.007882500038,0.999580167871761,10.899945901228637,copath_tau_app_REGION-RF_rank88_region353_cLPO,353,cLPO,88
gamma,0.06773234023321055,0.050879033242152864,0.0013365816360906752,1248.76295731679,1295.2483257144902,1.0012474707133683,10.29118249356609,copath_tau_app_REGION-RF_rank88_region353_cLPO,353,cLPO,88
sigma,0.21254160639396025,0.06837772638518168,0.001900507981596044,1358.3734265735025,1296.4532962538317,0.9999627237823072,11.194493514858726,copath_tau_app_REGION-RF_rank88_region353_cLPO,353,cLPO,88
u0,0.009172619694250013,0.006027290663535562,0.0001481288088282686,1183.0085404518254,777.7138425132148,1.0025988291862105,9.749293658899363,copath_tau_app_REGION-RF_rank88_region353_cLPO,353,cLPO,88
alpha,1.5493533824912586,0.4552936601684476,0.010462511731665717,1761.9900988679865,1569.4094516622831,1.0011548428348824,16.038504449917955,copath_tau_app_REGION-RF_rank140_region354_cPST,354,cPST,140
beta,0.6600590900411273,0.1207183854393761,0.003189600883228311,1590.93081537952,1198.1436049832114,1.0002992496963503,14.481438334057165,copath_tau_app_REGION-RF_rank140_region354_cPST,354,cPST,140
gamma,0.09535193845553316,0.05970738706652513,0.0015396871350582167,1489.49772053669,1475.8766031876078,1.0007754117349204,13.558144188391498,copath_tau_app_REGION-RF_rank140_region354_cPST,354,cPST,140
sigma,0.17322700521890264,0.04025333828077495,0.0008449387320354426,2392.8266559812355,2355.6080539525733,1.002816983724566,21.780690478620386,copath_tau_app_REGION-RF_rank140_region354_cPST,354,cPST,140
u0,0.00995630924709431,0.006179143879612476,0.00014254128469617583,1495.0145759266554,955.2715401754132,1.0025489508618783,13.608361331937516,copath_tau_app_REGION-RF_rank140_region354_cPST,354,cPST,140
alpha,0.8677108759819637,0.6237234172691675,0.02513906690633414,517.3302869750498,671.0096493191569,1.010949824524701,4.72089910821067,copath_tau_app_REGION-RF_rank306_region355_cPSTN,355,cPSTN,306
beta,0.23687766568580002,0.9844590433709196,0.04587249925062697,451.9415837216829,1249.626296659487,1.0148021915342922,4.124194297671016,copath_tau_app_REGION-RF_rank306_region355_cPSTN,355,cPSTN,306
gamma,0.0761973643195201,0.05849291210152123,0.001900604532035721,601.9033800934926,363.8047169178143,1.0041291111455042,5.492671126848988,copath_tau_app_REGION-RF_rank306_region355_cPSTN,355,cPSTN,306
sigma,0.321151222971716,0.18994968769842974,0.00825253759039151,256.90353501928246,159.04878475064612,1.0172982617652928,2.344373990667188,copath_tau_app_REGION-RF_rank306_region355_cPSTN,355,cPSTN,306
u0,0.008739024226331708,0.006152532241785814,0.00020125552647899325,698.4134558241692,979.4048796696027,1.0025355431445593,6.373374116643724,copath_tau_app_REGION-RF_rank306_region355_cPSTN,355,cPSTN,306
alpha,0.7611093112150497,0.2363181066231869,0.007576845884112096,1162.0628859303354,903.2241782134378,1.0050129560104264,7.411209874681663,copath_tau_app_REGION-RF_rank54_region356_cPeF,356,cPeF,54
beta,1.2672511268652873,0.19499335739436155,0.005640582078677766,1314.5980533541874,966.030777274944,1.0032836765416902,8.38402309566568,copath_tau_app_REGION-RF_rank54_region356_cPeF,356,cPeF,54
gamma,0.06093071600160697,0.050232298614579306,0.0015256891080262184,1128.8474011470453,1020.9217233965393,0.9999710083738511,7.199373723816919,copath_tau_app_REGION-RF_rank54_region356_cPeF,356,cPeF,54
sigma,0.22713870398534566,0.046477387300308565,0.0011352885896583635,1776.5881013035528,1957.1378024011174,1.0054187242208474,11.330425779050453,copath_tau_app_REGION-RF_rank54_region356_cPeF,356,cPeF,54
u0,0.008321053513361367,0.006058692064432982,0.00015728470366232076,1012.2978312193117,675.2408004035871,1.0032930212622038,6.456063414197322,copath_tau_app_REGION-RF_rank54_region356_cPeF,356,cPeF,54
alpha,0.7885671351384751,0.5885519480250747,0.012914910555502226,1360.5899370882246,685.3196571430265,1.0027267698639855,19.23747896230841,copath_tau_app_REGION-RF_rank1_region357_cRCH,357,cRCH,409
beta,-0.02102740314040662,0.9973768536759446,0.022216654853033986,2022.1350621744616,1950.7184859310403,1.0003137662666128,28.59111305848573,copath_tau_app_REGION-RF_rank1_region357_cRCH,357,cRCH,409
gamma,0.07967603130828474,0.05986378304010719,0.0012062927996967178,1619.519842117088,993.6506557699822,1.0005215397005485,22.8985075095027,copath_tau_app_REGION-RF_rank1_region357_cRCH,357,cRCH,409
sigma,1.6409023891015722,2.148924571367582,0.042618669035522985,2970.7956308427038,2375.4567669283833,1.0017618682559157,42.00429305831948,copath_tau_app_REGION-RF_rank1_region357_cRCH,357,cRCH,409
u0,0.00784744125164937,0.006037553848877507,0.00011765845310818006,1607.2177037114109,980.9596237962711,1.002284068267892,22.724566689921822,copath_tau_app_REGION-RF_rank1_region357_cRCH,357,cRCH,409
alpha,1.2905664593825885,0.5516028264754709,0.02048182238301879,582.5883341218686,330.45037433524976,1.00373314469805,4.207507612967042,copath_tau_app_REGION-RF_rank213_region358_cSTN,358,cSTN,213
beta,0.5298961047819619,0.1892016524427506,0.009991762525688577,598.0504477941735,330.0782218113793,1.007581764575603,4.319176448709943,copath_tau_app_REGION-RF_rank213_region358_cSTN,358,cSTN,213
gamma,0.08489754773486959,0.060986528043849256,0.001448118169400937,1417.68444372534,991.2718332582899,1.0053440327344128,10.238650073126156,copath_tau_app_REGION-RF_rank213_region358_cSTN,358,cSTN,213
sigma,0.11396673690632639,0.024075544010224402,0.0005406432341575078,2012.9543412836927,2342.2622656756716,1.0031970253792082,14.537745127135521,copath_tau_app_REGION-RF_rank213_region358_cSTN,358,cSTN,213
u0,0.015213609129499357,0.006709395573956423,0.00013931953558237958,2012.491274344168,1531.1975836646423,1.0006886258128627,14.53440081424896,copath_tau_app_REGION-RF_rank213_region358_cSTN,358,cSTN,213
alpha,1.9005954637290652,0.6449315243167896,0.018795827220635292,1156.6819030917966,819.0720330085808,1.001241759014637,12.273919535349448,copath_tau_app_REGION-RF_rank69_region359_cTU,359,cTU,69
beta,0.9456543766006832,0.16436384272573176,0.00560967371087416,1181.924246094693,652.490754269311,1.002719203417646,12.541774064821283,copath_tau_app_REGION-RF_rank69_region359_cTU,359,cTU,69
gamma,0.044887073038804744,0.03705505647536264,0.00108776242039646,1149.9969083007372,1117.018739388609,1.0019059954290832,12.202982929580505,copath_tau_app_REGION-RF_rank69_region359_cTU,359,cTU,69
sigma,0.3881461790744127,0.07125782522865576,0.0016959945809039323,1789.6298164216853,2310.520599249186,1.0018432856135366,18.990331141265138,copath_tau_app_REGION-RF_rank69_region359_cTU,359,cTU,69
u0,0.011866083066095299,0.006553335864306693,0.0001380870940979146,1708.8783752040329,1046.4596440421485,1.0001018800847832,18.133451916977396,copath_tau_app_REGION-RF_rank69_region359_cTU,359,cTU,69
alpha,0.7166107164314132,0.5318422056380796,0.02256087190572226,540.8771684001134,979.0848565979375,1.0103371981984466,5.289545332213052,copath_tau_app_REGION-RF_rank183_region360_cFF,360,cFF,183
beta,0.13592057589263493,0.9355986894422338,0.09338189866654895,89.08344607095674,68.67153692702969,1.0323771709823102,0.8711976653329624,copath_tau_app_REGION-RF_rank183_region360_cFF,360,cFF,183
gamma,0.08102362583625446,0.06151892535299793,0.00322156784655746,343.82020948197277,582.3726326254375,1.0144411680382655,3.362413299058939,copath_tau_app_REGION-RF_rank183_region360_cFF,360,cFF,183
sigma,0.21685823008889218,0.10511719605457179,0.009345021525917051,55.971243609759746,36.05310625496153,1.0559845925802729,0.5473746123355541,copath_tau_app_REGION-RF_rank183_region360_cFF,360,cFF,183
u0,0.0073976563037933055,0.005741370210792766,0.0002443851586532735,467.8546628300818,835.3838986565079,1.0113451062431544,4.5754167350918475,copath_tau_app_REGION-RF_rank183_region360_cFF,360,cFF,183
alpha,1.6902931225491267,0.5535258147338309,0.011916892552723098,2009.5018847264114,1524.0223529635368,1.0013606065588652,23.938600551872813,copath_tau_app_REGION-RF_rank47_region361_cME,361,cME,47
beta,1.2311440909812668,0.2863685733952242,0.007352418146731769,1662.657932813364,1155.8485198541077,1.0021353476112345,19.80675132008677,copath_tau_app_REGION-RF_rank47_region361_cME,361,cME,47
gamma,0.08478459957514993,0.05095478791828489,0.0011543091701577274,1721.5370267440735,1339.2848584279764,1.0029238781202816,20.508160520633677,copath_tau_app_REGION-RF_rank47_region361_cME,361,cME,47
sigma,0.6840513605435443,0.1315129589648144,0.003027490252240128,2006.032414306561,1880.1527889409977,1.0010542737753845,23.89726977874012,copath_tau_app_REGION-RF_rank47_region361_cME,361,cME,47
u0,0.010380792444183879,0.0062217142478924025,0.00013587581302516242,1635.2037246874083,1152.7491078847495,1.0011974471914085,19.479697473165544,copath_tau_app_REGION-RF_rank47_region361_cME,361,cME,47
alpha,2.0071098315427887,0.6654071485819962,0.02724324803053084,521.2875675513745,527.2858780640678,1.0085855490514108,3.9315752888707634,copath_tau_app_REGION-RF_rank187_region362_cSCs,362,cSCs,187
beta,0.44294864252463334,0.07691275990603853,0.004240082390012841,409.76651867631483,319.508904418583,1.0117779167163292,3.0904783066318338,copath_tau_app_REGION-RF_rank187_region362_cSCs,362,cSCs,187
gamma,0.04868203929610467,0.04403579500032973,0.002369336594000932,445.0006885299267,459.2020446787182,1.0107477682566106,3.3562160685566536,copath_tau_app_REGION-RF_rank187_region362_cSCs,362,cSCs,187
sigma,0.07853222705005518,0.015566050077431564,0.00039391525545258107,1526.001573241762,2034.8117771874272,1.0045787635306664,11.509175452460681,copath_tau_app_REGION-RF_rank187_region362_cSCs,362,cSCs,187
u0,0.020583089818508878,0.007108302324734756,0.00016184240564260985,1907.131622735769,2017.229981297956,1.0019778049871881,14.383676165138917,copath_tau_app_REGION-RF_rank187_region362_cSCs,362,cSCs,187
alpha,2.195887315787504,0.671108383318582,0.01972082694759525,1088.7451287920542,755.1253025147225,1.0013909393938651,9.557270394424535,copath_tau_app_REGION-RF_rank292_region363_cIC,363,cIC,292
beta,0.365989465359091,0.06998227404787187,0.0025331628467650004,988.7342447362349,789.7045986998967,1.002906846876559,8.67935045151982,copath_tau_app_REGION-RF_rank292_region363_cIC,363,cIC,292
gamma,0.09364388258451166,0.05500894030280253,0.0016560716195492093,1108.0751181476717,1031.1283245368593,1.0008761317203851,9.726953757506905,copath_tau_app_REGION-RF_rank292_region363_cIC,363,cIC,292
sigma,0.07258242559319039,0.01532866271822467,0.0003839680672588934,1679.324302314628,1934.1320984750632,1.0018195257729605,14.741518480965501,copath_tau_app_REGION-RF_rank292_region363_cIC,363,cIC,292
u0,0.020681024278899816,0.006768964042947061,0.000133338737372914,2544.0899828307925,2354.9049155306125,1.0003669266959978,22.332642627423166,copath_tau_app_REGION-RF_rank292_region363_cIC,363,cIC,292
alpha,1.7707659239435316,0.5019270667449789,0.012406248680843208,1551.5112807878438,1495.5440547237822,1.0009241019381618,12.215277692127197,copath_tau_app_REGION-RF_rank255_region364_cSAG,364,cSAG,255
beta,0.4308470733513314,0.07907445529842357,0.0021741425826410114,1358.2301066235304,1471.5660229757714,1.002274267201789,10.693546432861972,copath_tau_app_REGION-RF_rank255_region364_cSAG,364,cSAG,255
gamma,0.1043014666929973,0.06293470289049932,0.0017647967741775035,1195.784687609261,1386.5598118541138,1.0021612779097642,9.414589632711836,copath_tau_app_REGION-RF_rank255_region364_cSAG,364,cSAG,255
sigma,0.08497676720293412,0.016002121729890764,0.00038080900975371543,1763.8916754749848,1030.90632507825,1.0015946409538223,13.887379938235036,copath_tau_app_REGION-RF_rank255_region364_cSAG,364,cSAG,255
u0,0.013575944105871138,0.006044072603401532,0.00011989413919299502,2336.420722948682,1812.2600965061506,1.0001572343299372,18.394985772817815,copath_tau_app_REGION-RF_rank255_region364_cSAG,364,cSAG,255
alpha,1.1220002854590048,0.489322282072465,0.019449880794044395,412.27418941496404,159.22962375728255,1.0109917668316217,2.6571934298501105,copath_tau_app_REGION-RF_rank190_region365_cPBG,365,cPBG,190
beta,0.6217654097276765,0.26369303897815927,0.021928970417303732,423.9315673846498,162.7687061067225,1.0093430917949233,2.732327670473528,copath_tau_app_REGION-RF_rank190_region365_cPBG,365,cPBG,190
gamma,0.08458920328638052,0.05999278213222287,0.0013492425697870787,1558.6708933639543,1225.6340230388616,1.000546964134155,10.045960100055135,copath_tau_app_REGION-RF_rank190_region365_cPBG,365,cPBG,190
sigma,0.14024670312770762,0.02548135209404021,0.0005749250435098232,1969.9186816002864,2125.6236778597695,1.0013290800906949,12.696538159507885,copath_tau_app_REGION-RF_rank190_region365_cPBG,365,cPBG,190
u0,0.013169322703134983,0.006457134755796238,0.000144891024336883,1730.1120484120931,1352.455650066956,1.0033514091641382,11.150934222850157,copath_tau_app_REGION-RF_rank190_region365_cPBG,365,cPBG,190
alpha,1.0393343045953265,0.6923568785861608,0.020525144768366605,943.6926349090693,932.6539673672602,1.0045092325842138,9.21062138174131,copath_tau_app_REGION-RF_rank142_region366_cSCO,366,cSCO,142
beta,0.2626392763108257,0.7335016058558487,0.02166935035179862,1255.0627833469007,1717.164014540247,1.0049269410427482,12.249653838653296,copath_tau_app_REGION-RF_rank142_region366_cSCO,366,cSCO,142
gamma,0.09334981772836068,0.06416496428380693,0.0019001798869499617,855.5174350471376,682.8288008138923,1.0019136625773297,8.350014494345313,copath_tau_app_REGION-RF_rank142_region366_cSCO,366,cSCO,142
sigma,0.507019317784184,0.11078082379092918,0.0036270559797467353,781.232786564296,561.1460832867106,1.0083004980005088,7.624982056514402,copath_tau_app_REGION-RF_rank142_region366_cSCO,366,cSCO,142
u0,0.00960887780479574,0.00617914844700393,0.0001465766001727818,1261.9184030587878,833.3181433471146,1.0021928686988528,12.316566003872726,copath_tau_app_REGION-RF_rank142_region366_cSCO,366,cSCO,142
alpha,0.7861904343968303,0.5916895591326069,0.011470311284377708,1744.3471125210322,1073.5313666294082,1.001343490377028,24.435423087454573,copath_tau_app_REGION-RF_rank1_region367_cSNr,367,cSNr,410
beta,0.0013505761423176113,1.04924971830021,0.02029015191566568,2686.560929460557,2384.972341032726,1.000985708123506,37.6342830451427,copath_tau_app_REGION-RF_rank1_region367_cSNr,367,cSNr,410
gamma,0.08074529575705483,0.06091885968469937,0.0011391268905337644,2177.65098780064,1701.8470086829354,1.0007467419076608,30.505294985020033,copath_tau_app_REGION-RF_rank1_region367_cSNr,367,cSNr,410
sigma,1.5741446025787018,1.9328868169740694,0.039184237439453075,2730.088219816835,2542.215667559444,1.0005048451411822,38.24402851843268,copath_tau_app_REGION-RF_rank1_region367_cSNr,367,cSNr,410
u0,0.007943362756728153,0.006052355955902392,0.0001218435541065458,1550.4462723142246,897.6338337331356,1.000922629912043,21.719192451100003,copath_tau_app_REGION-RF_rank1_region367_cSNr,367,cSNr,410
alpha,1.1216889724773083,0.34831064788023575,0.011320092532607589,829.4852210747475,681.5412944293863,1.0041760941153164,5.609253716406413,copath_tau_app_REGION-RF_rank112_region368_cVTA,368,cVTA,112
beta,0.7002215120637888,0.1262432366996131,0.004464340954796736,853.1408896491138,1115.1896175204365,1.0028651588831925,5.769221179953163,copath_tau_app_REGION-RF_rank112_region368_cVTA,368,cVTA,112
gamma,0.061934027824264236,0.05227193633195858,0.0017692224978498464,792.8937746385103,973.2010215291508,1.0024679934956504,5.361810239782188,copath_tau_app_REGION-RF_rank112_region368_cVTA,368,cVTA,112
sigma,0.11258463817364228,0.022123202124488203,0.000585700610257252,1207.6932638370104,345.2322648108618,1.001165884307517,8.166821730325069,copath_tau_app_REGION-RF_rank112_region368_cVTA,368,cVTA,112
u0,0.01725850173927794,0.007257924604833291,0.0002237866624133846,1122.4568993211783,572.0107910696581,1.003335295208159,7.59042521078983,copath_tau_app_REGION-RF_rank112_region368_cVTA,368,cVTA,112
alpha,0.8194468773394019,0.40566748178200424,0.014096226619873621,801.8208731896975,1143.5995107392398,1.0026544601464387,5.917453547868263,copath_tau_app_REGION-RF_rank58_region369_cPN,369,cPN,58
beta,1.1718806093192238,0.2624266498441846,0.009417962463692453,831.224101581229,1056.4837914134757,1.0024059620984935,6.134449941928318,copath_tau_app_REGION-RF_rank58_region369_cPN,369,cPN,58
gamma,0.058978944944493635,0.05070017414430045,0.0015098438221903228,931.4462955104368,1085.0163817382443,1.0000516664676233,6.874091670987202,copath_tau_app_REGION-RF_rank58_region369_cPN,369,cPN,58
sigma,0.3247310621851896,0.058593508394038485,0.001379699183462187,1813.8757918903166,1732.1368193969474,1.001509207319938,13.386438416619187,copath_tau_app_REGION-RF_rank58_region369_cPN,369,cPN,58
u0,0.011605218195272108,0.0067297846887569915,0.00016492237027935095,1324.1122742203343,670.1848504834378,1.0033121290749916,9.771974186318435,copath_tau_app_REGION-RF_rank58_region369_cPN,369,cPN,58
alpha,1.0723415555722382,0.32889777914144036,0.010689200042606688,967.2692698425974,1374.2113609251323,1.0029421790816102,5.741935745279789,copath_tau_app_REGION-RF_rank147_region370_cMRN,370,cMRN,147
beta,0.6265549943467753,0.12483548740879226,0.003762324408918984,1254.7608812574751,1437.9150745029222,1.0021110938242384,7.448552931949846,copath_tau_app_REGION-RF_rank147_region370_cMRN,370,cMRN,147
gamma,0.07166842562645108,0.056343178114541946,0.0015177341700875683,1212.2068393756717,1307.5753735489516,1.0016971607759795,7.19594222487443,copath_tau_app_REGION-RF_rank147_region370_cMRN,370,cMRN,147
sigma,0.09148472072795309,0.017246931780608446,0.00038516058457934734,2020.140468148454,2014.315475062869,1.0030238604155073,11.992024481906089,copath_tau_app_REGION-RF_rank147_region370_cMRN,370,cMRN,147
u0,0.018175295809702702,0.0071398138906068834,0.00017588222729320946,1405.5496803606266,873.230421544099,1.0015525152819573,8.343670374995558,copath_tau_app_REGION-RF_rank147_region370_cMRN,370,cMRN,147
alpha,2.8690472320028064,0.7317017766424211,0.02643418069438809,776.9058845046346,898.976773680655,1.0017597372847489,5.516504544422363,copath_tau_app_REGION-RF_rank264_region371_cSCm,371,cSCm,264
beta,0.3300937927530998,0.046465778966705916,0.0019569176533720976,740.6102304440517,703.3986613099521,1.002597767624582,5.258783313882767,copath_tau_app_REGION-RF_rank264_region371_cSCm,371,cSCm,264
gamma,0.0441073825632969,0.03567666993689582,0.0014019708699360047,739.7756872689449,806.8185634555376,1.0013543045900237,5.252857549501501,copath_tau_app_REGION-RF_rank264_region371_cSCm,371,cSCm,264
sigma,0.04749901176746927,0.011902638137499554,0.0003508898074811785,1267.3904620244082,1696.5511439419595,1.0014637890110412,8.999243515542581,copath_tau_app_REGION-RF_rank264_region371_cSCm,371,cSCm,264
u0,0.023742578393855466,0.007022386300653172,0.00016114058637485424,1844.5316715113595,1648.2482120608931,1.0001531594813713,13.097297306109786,copath_tau_app_REGION-RF_rank264_region371_cSCm,371,cSCm,264
alpha,1.0869828705722298,0.60769017163986,0.020313929436525744,804.4733741924664,855.1447970159549,1.0038286739094673,9.012091660794326,copath_tau_app_REGION-RF_rank44_region372_cPRC,372,cPRC,44
beta,0.5181679717435442,0.8406242941623554,0.02991473194267057,815.9434823229685,1695.5147503184915,1.003162975369711,9.140585243238954,copath_tau_app_REGION-RF_rank44_region372_cPRC,372,cPRC,44
gamma,0.09670102442541853,0.0680183569868018,0.0023332266731834303,746.5281645160419,867.3252795749215,1.0017373714884965,8.362961984585866,copath_tau_app_REGION-RF_rank44_region372_cPRC,372,cPRC,44
sigma,0.6807096953482613,0.29179287081526495,0.011886854067736456,412.55752614675606,342.96811385799975,1.006415704570512,4.621664756421885,copath_tau_app_REGION-RF_rank44_region372_cPRC,372,cPRC,44
u0,0.008815849560031572,0.006062303874720449,0.00016056894020504656,1007.2047795436465,605.2599223062065,1.0030692909015415,11.28318485810551,copath_tau_app_REGION-RF_rank44_region372_cPRC,372,cPRC,44
alpha,1.1325116428878566,0.39566394820212136,0.010580236730539596,1255.4883370481796,1351.9518727530985,1.0019922680500901,8.889860558166495,copath_tau_app_REGION-RF_rank118_region373_cINC,373,cINC,118
beta,0.7067047434712292,0.15185177578919462,0.004562026936624781,1294.2327567450075,1272.2912239058662,1.0044120024880723,9.164202006309045,copath_tau_app_REGION-RF_rank118_region373_cINC,373,cINC,118
gamma,0.07074617541029338,0.05501263950818204,0.0015049185213970868,1129.3327897000354,1172.2854703226305,1.0050402415059325,7.996578484992497,copath_tau_app_REGION-RF_rank118_region373_cINC,373,cINC,118
sigma,0.16026346247255116,0.030401515260044292,0.0007473495425069064,1727.4325723679854,1842.2432358191193,1.0010383258938909,12.23160282642827,copath_tau_app_REGION-RF_rank118_region373_cINC,373,cINC,118
u0,0.014234521705038805,0.006746553840795256,0.00015358732992952953,1717.0080295724633,1388.7146144951025,1.0028350976493132,12.157788734253813,copath_tau_app_REGION-RF_rank118_region373_cINC,373,cINC,118
alpha,1.4380257509744976,0.5247193099826459,0.0164558836133515,926.5489539939151,510.65459799175693,1.0009697612062827,6.443809707237099,copath_tau_app_REGION-RF_rank235_region374_cND,374,cND,235
beta,0.48318757491327413,0.15384862597525678,0.0069657703962006995,922.8175064175748,525.3818217691642,1.000654574346883,6.417858851633817,copath_tau_app_REGION-RF_rank235_region374_cND,374,cND,235
gamma,0.09153590588987691,0.06269399488925859,0.0015779992665215352,1263.7984213597958,1119.3780870641815,1.0031867572726698,8.789256628530666,copath_tau_app_REGION-RF_rank235_region374_cND,374,cND,235
sigma,0.11484777611647695,0.02119089310746124,0.0005255461661184106,1686.8100127136138,1758.9105496654665,1.0013085685946026,11.731147811818804,copath_tau_app_REGION-RF_rank235_region374_cND,374,cND,235
u0,0.013647119929905182,0.006424875619178807,0.00013967530402907792,1912.7322637069462,1557.8212048068847,1.0026143262994847,13.302354586977769,copath_tau_app_REGION-RF_rank235_region374_cND,374,cND,235
alpha,0.8819862986912081,0.6777366226160775,0.02299060353379211,686.1654565083072,586.1975621649486,1.0039694056264734,7.811092908057456,copath_tau_app_REGION-RF_rank169_region375_cSu3,375,cSu3,169
beta,0.03184179132533436,0.8739000341595049,0.02624563807599995,1179.7032565376162,1521.7666451723394,1.001698953418248,13.429372833258766,copath_tau_app_REGION-RF_rank169_region375_cSu3,375,cSu3,169
gamma,0.08195500698034365,0.06147439757443715,0.0017703525738651917,875.4744848733014,749.9691017403006,1.0038191450607536,9.966127666609385,copath_tau_app_REGION-RF_rank169_region375_cSu3,375,cSu3,169
sigma,0.4591100390585939,0.152932485148556,0.0046615820251731735,763.6851627133912,460.45836448909165,1.002470639339228,8.693552993492984,copath_tau_app_REGION-RF_rank169_region375_cSu3,375,cSu3,169
u0,0.008896858574726373,0.006269750409686803,0.0001566876966267185,1197.6519975907688,730.1701007627184,1.0040469489347197,13.633695686615845,copath_tau_app_REGION-RF_rank169_region375_cSu3,375,cSu3,169
alpha,1.5130341577447297,0.655526400836085,0.021127804917724615,756.7238843621308,334.63792023555624,1.0057915060862996,5.128175847183765,copath_tau_app_REGION-RF_rank270_region376_cAPN,376,cAPN,270
beta,0.44458435825192383,0.20085806066168732,0.01229681730234121,737.8559697043107,342.176700676047,1.0076889094446642,5.000311528064886,copath_tau_app_REGION-RF_rank270_region376_cAPN,376,cAPN,270
gamma,0.0884892008023826,0.06137250275892791,0.0014671603441245096,1414.4922055499449,1061.131169114747,1.0014253786501193,9.585748401010726,copath_tau_app_REGION-RF_rank270_region376_cAPN,376,cAPN,270
sigma,0.1063063765718792,0.020718486417937373,0.00048364051059199823,1715.8769930927613,1828.037555942901,1.0013219029994365,11.628176584030856,copath_tau_app_REGION-RF_rank270_region376_cAPN,376,cAPN,270
u0,0.018204465105314496,0.007084580014595488,0.00017575744386084385,1475.3127554599912,1300.5569186013372,1.0018466349815258,9.997917861373464,copath_tau_app_REGION-RF_rank270_region376_cAPN,376,cAPN,270
alpha,0.8576864223427622,0.6253705523070913,0.013080472056417995,1401.9951565066167,924.4132754471611,1.003159160737843,16.850700790935406,copath_tau_app_REGION-RF_rank100_region377_cMPT,377,cMPT,100
beta,0.1737696345145676,0.9730253433605752,0.02339940728129927,1787.3558471469235,2134.6073253653326,1.0029114316768475,21.482384191859758,copath_tau_app_REGION-RF_rank100_region377_cMPT,377,cMPT,100
gamma,0.08012892474044062,0.0604730676457568,0.001339233691757672,1349.998090509231,862.3586182206609,1.0022560372674565,16.225743566895,copath_tau_app_REGION-RF_rank100_region377_cMPT,377,cMPT,100
sigma,1.0436400138366737,0.7301732986335469,0.01872363102521915,1550.7324531033637,1297.0010549696008,1.003154471365291,18.638387196107786,copath_tau_app_REGION-RF_rank100_region377_cMPT,377,cMPT,100
u0,0.008391654160390822,0.006217820076850748,0.00014478819378549841,1426.5287442256529,1006.5330601663669,1.0020133315386281,17.145572099201367,copath_tau_app_REGION-RF_rank100_region377_cMPT,377,cMPT,100
alpha,1.6869885179437283,0.610080012992047,0.01667470396797602,1154.8984654338842,621.4378266801169,1.0046361226768783,9.766005102732898,copath_tau_app_REGION-RF_rank280_region378_cNOT,378,cNOT,280
beta,0.43265190644705226,0.11834960854876851,0.004948704563386008,933.6603053947292,670.3753866820076,1.0045035472865675,7.895180034963928,copath_tau_app_REGION-RF_rank280_region378_cNOT,378,cNOT,280
gamma,0.10363651048087603,0.06363890097239586,0.0017680572011420394,967.5734443403909,608.6683261126203,1.0039861590994352,8.181954931550697,copath_tau_app_REGION-RF_rank280_region378_cNOT,378,cNOT,280
sigma,0.11012249254702647,0.026784593147329987,0.0006329937130980981,1882.496786815677,1975.736257319478,1.0028394861150052,15.91869222807679,copath_tau_app_REGION-RF_rank280_region378_cNOT,378,cNOT,280
u0,0.01533544552220479,0.0066455129756796015,0.00013207510755639044,2279.6965465801195,1613.8894679687614,1.0018011357661831,19.27747656866079,copath_tau_app_REGION-RF_rank280_region378_cNOT,378,cNOT,280
alpha,1.0048141831207706,0.5954484577721577,0.018619081562929653,755.8839597535103,512.4330736847178,1.0089333863947971,4.6354764036029215,copath_tau_app_REGION-RF_rank253_region379_cNPC,379,cNPC,253
beta,0.5775494321294716,0.4814966244634085,0.022423442764700756,653.1046588202796,288.6763855871108,1.0128854592514727,4.0051798903521885,copath_tau_app_REGION-RF_rank253_region379_cNPC,379,cNPC,253
gamma,0.0827164012184912,0.06240945231141853,0.001806522985568058,772.2034391704805,391.5178077822533,1.0052948144618115,4.735556000186922,copath_tau_app_REGION-RF_rank253_region379_cNPC,379,cNPC,253
sigma,0.18324308634052938,0.05760143860854862,0.0025864666877846916,516.4274527027064,704.9811982287288,1.0110982680543013,3.1670036654260967,copath_tau_app_REGION-RF_rank253_region379_cNPC,379,cNPC,253
u0,0.010882480826889678,0.006347147993207576,0.00018051586104897077,910.0612507899672,634.5468371616831,1.0022604734161904,5.580972316499354,copath_tau_app_REGION-RF_rank253_region379_cNPC,379,cNPC,253
alpha,0.7283758316808691,0.5800788000822571,0.011504073940387797,1505.7685988423175,1183.454245844552,0.999918226654092,18.715894782637502,copath_tau_app_REGION-RF_rank365_region380_cOP,380,cOP,365
beta,-0.22937757910609316,0.8755290586374443,0.019500806363395438,2018.6249134630784,1901.6129988685173,1.0009881975905635,25.0904232662525,copath_tau_app_REGION-RF_rank365_region380_cOP,380,cOP,365
gamma,0.07955146871565202,0.061747425087215355,0.0011856616176520603,1755.1317637619563,997.0550607310232,1.0009088415570337,21.81534496435176,copath_tau_app_REGION-RF_rank365_region380_cOP,380,cOP,365
sigma,0.6549849122755484,0.816822411183221,0.018102137085113983,2000.9731198473585,2558.882832426823,1.0023007833100561,24.871020954177027,copath_tau_app_REGION-RF_rank365_region380_cOP,380,cOP,365
u0,0.007646917206952961,0.0060733135289380855,0.00012298367795927464,1502.0808103309753,1058.0957565415927,1.0007976728060266,18.670057552526604,copath_tau_app_REGION-RF_rank365_region380_cOP,380,cOP,365
alpha,1.1446236857643373,0.6339730131914498,0.020235870027657074,731.717206373736,481.05930747311527,1.0036021192173166,4.725176496553137,copath_tau_app_REGION-RF_rank301_region381_cPPT,381,cPPT,301
beta,0.5642901491493592,0.363606461184608,0.017113962358022625,712.9046693685265,492.11944451182615,1.009119755196086,4.6036916429467984,copath_tau_app_REGION-RF_rank301_region381_cPPT,381,cPPT,301
gamma,0.08935962202621547,0.0646214352592452,0.0015143486573333785,1248.917751084581,906.0631298617503,1.0033960607250192,8.0650786289405,copath_tau_app_REGION-RF_rank301_region381_cPPT,381,cPPT,301
sigma,0.1567060251939378,0.035309244128444196,0.0010173487128500916,1371.6601814193575,1472.9946997290367,1.0008879699059026,8.857706767100563,copath_tau_app_REGION-RF_rank301_region381_cPPT,381,cPPT,301
u0,0.011931992358957984,0.006471878426912041,0.00017820675971228018,992.5418650583961,615.0822182369144,1.0014879412972233,6.4094918798772795,copath_tau_app_REGION-RF_rank301_region381_cPPT,381,cPPT,301
alpha,0.7465516106152688,0.6039890474460907,0.01145525356151188,1859.5845675367677,1494.0001662688685,1.000448833611802,24.44120403155417,copath_tau_app_REGION-RF_rank366_region382_cRPF,382,cRPF,366
beta,-0.22265255806677547,0.8807384887850405,0.016811403591110982,2758.780559553847,2368.8125069735074,1.001282205083186,36.25966772979663,copath_tau_app_REGION-RF_rank366_region382_cRPF,382,cRPF,366
gamma,0.08029273438249275,0.0613623262097954,0.0012707277207210336,1582.5020901303628,1036.7165190635271,1.0013357721320773,20.799407104389395,copath_tau_app_REGION-RF_rank366_region382_cRPF,382,cRPF,366
sigma,0.6506187334329893,0.7956527686304483,0.015862441932299316,2094.8128758829203,1823.820133638561,1.0011189075126068,27.532896218428583,copath_tau_app_REGION-RF_rank366_region382_cRPF,382,cRPF,366
u0,0.007923709904615425,0.005981329757314366,0.00013717136866766224,1209.3229786748698,739.7504008585305,1.0014547883830869,15.894576766138343,copath_tau_app_REGION-RF_rank366_region382_cRPF,382,cRPF,366
alpha,0.7800568428115212,0.589160619559458,0.012750208273005732,1336.5763643375865,1027.9133029848524,1.0002130406629164,17.811518714520073,copath_tau_app_REGION-RF_rank298_region383_cCUN,383,cCUN,298
beta,0.023152976263842683,0.963954966139096,0.021876856010075392,1914.163121763466,1943.057042216448,1.0021700508538836,25.50857038597369,copath_tau_app_REGION-RF_rank298_region383_cCUN,383,cCUN,298
gamma,0.07954897533377121,0.060922746391565925,0.0013128830020955676,1403.4549339054781,1068.8345257305314,0.9997407945684322,18.70275764799411,copath_tau_app_REGION-RF_rank298_region383_cCUN,383,cCUN,298
sigma,0.7588607028152626,0.8358590797503945,0.018322450029933633,1962.7617616991158,2157.3632648880302,1.0013982745945922,26.156206845670518,copath_tau_app_REGION-RF_rank298_region383_cCUN,383,cCUN,298
u0,0.007997702749251417,0.006114409980158006,0.00013377323741199274,1589.3751326491536,1364.7727250451542,1.0020641602349842,21.180372236795755,copath_tau_app_REGION-RF_rank298_region383_cCUN,383,cCUN,298
alpha,1.1372150383822281,0.43059739764437976,0.014887256264804286,703.302594954004,317.3547500721507,1.0033468383007857,3.8758850352372147,copath_tau_app_REGION-RF_rank199_region384_cRN,384,cRN,199
beta,0.5398973794453171,0.17353087705619727,0.009616475127677498,708.7350259357105,351.12173641914893,1.0053100052743595,3.9058230421463636,copath_tau_app_REGION-RF_rank199_region384_cRN,384,cRN,199
gamma,0.07741653292152927,0.05879584793017861,0.0014617021550138902,1256.8067747722878,1128.5944500228147,1.002879062661572,6.926234320013049,copath_tau_app_REGION-RF_rank199_region384_cRN,384,cRN,199
sigma,0.08405643571592011,0.01687333332796644,0.0004470197683939375,1300.8937017586231,1071.176118675578,1.0049679779453646,7.169196398899034,copath_tau_app_REGION-RF_rank199_region384_cRN,384,cRN,199
u0,0.018457026657237734,0.007182235645360882,0.00019313527050146925,1374.2193238559948,1208.2884216774369,1.0026565222427999,7.5732922794285935,copath_tau_app_REGION-RF_rank199_region384_cRN,384,cRN,199
alpha,0.806813410149637,0.5016519909854589,0.014943240788135177,875.2399601754739,1069.5630930637903,1.0034087247401318,3.4834173509226494,copath_tau_app_REGION-RF_rank323_region385_cIII,385,cIII,323
beta,0.7326117829433437,0.4128657742373368,0.015338587644741527,957.9545773915469,941.0429013995193,1.0042661898413632,3.8126179654919703,copath_tau_app_REGION-RF_rank323_region385_cIII,385,cIII,323
gamma,0.0824808522261274,0.05964703046905823,0.0013729478266247398,1415.7042490448378,1119.3089966024638,1.0031674846696128,5.634441946536593,copath_tau_app_REGION-RF_rank323_region385_cIII,385,cIII,323
sigma,0.1051176232505891,0.026046655397568008,0.0008723917435313591,702.3375431633248,322.2948918349087,1.0041153461089145,2.7952731769342583,copath_tau_app_REGION-RF_rank323_region385_cIII,385,cIII,323
u0,0.009225708667368627,0.005894537281585716,0.00016800623464303276,876.2742269326487,506.6352464936974,1.002855236285475,3.4875336880774372,copath_tau_app_REGION-RF_rank323_region385_cIII,385,cIII,323
alpha,0.9453446070674068,0.5437226491548383,0.017995986680477027,742.4968958198752,760.0814093275154,1.005467987583465,3.8375304074253305,copath_tau_app_REGION-RF_rank293_region386_cMA3,386,cMA3,293
beta,0.6531810442098149,0.3525677021518163,0.014490154779111317,764.066188228628,762.8791937753367,1.0043445534778908,3.9490094128612228,copath_tau_app_REGION-RF_rank293_region386_cMA3,386,cMA3,293
gamma,0.08225290943489978,0.06189662268092489,0.0013728630651969884,1065.0600768815816,763.0000007192623,1.0036536276812726,5.504670058256186,copath_tau_app_REGION-RF_rank293_region386_cMA3,386,cMA3,293
sigma,0.14510369662658956,0.026597059243160387,0.0006551153212052411,1657.719685161432,1382.4234783968388,1.001885351483327,8.56777952151575,copath_tau_app_REGION-RF_rank293_region386_cMA3,386,cMA3,293
u0,0.01138182180434255,0.006289176409293503,0.00014779244477343252,1469.5043207230387,980.1695221076709,1.0027573214626406,7.595004836202864,copath_tau_app_REGION-RF_rank293_region386_cMA3,386,cMA3,293
alpha,1.539542472330566,0.6754033200208402,0.025694300286179167,636.213937465887,420.794789398758,1.009647888986589,7.013094837473126,copath_tau_app_REGION-RF_rank178_region387_cIV,387,cIV,178
beta,0.6192039517213098,0.2912548854199542,0.014401292920150766,632.2294968861597,388.68551937312975,1.0077883889616952,6.969173668799574,copath_tau_app_REGION-RF_rank178_region387_cIV,387,cIV,178
gamma,0.10365757046071318,0.06499059601780677,0.0013371146394843538,1758.2593724560413,1205.0370259342158,1.0003048393605338,19.38159320593533,copath_tau_app_REGION-RF_rank178_region387_cIV,387,cIV,178
sigma,0.3146167629105245,0.073826831504769,0.0023963034686481184,1153.3292013272173,1487.9615501916915,1.007154906492496,12.7133446650854,copath_tau_app_REGION-RF_rank178_region387_cIV,387,cIV,178
u0,0.011590088649186816,0.006636309720307185,0.00014320854178381708,1586.2803175380213,943.9274947581841,1.002409247083042,17.485838725920118,copath_tau_app_REGION-RF_rank178_region387_cIV,387,cIV,178
alpha,1.216860539706396,0.5273280319073153,0.012937672990482483,1154.205319540168,521.869376689619,1.003592168178962,8.17958811364464,copath_tau_app_REGION-RF_rank188_region388_cPa4,388,cPa4,188
beta,0.6017808474613588,0.21710404871240413,0.011710678577639229,1018.3328259422547,424.00942917181936,1.0027948875290422,7.216690945532887,copath_tau_app_REGION-RF_rank188_region388_cPa4,388,cPa4,188
gamma,0.08279257224752536,0.06035217636499329,0.0012763270569080287,1595.5282598778792,1188.9342980479576,1.0023159652970313,11.30714247156702,copath_tau_app_REGION-RF_rank188_region388_cPa4,388,cPa4,188
sigma,0.19298400340390942,0.03465778457438282,0.0007749634779610282,2033.8843343317167,2106.1396416330676,1.0001596390064058,14.4136713321124,copath_tau_app_REGION-RF_rank188_region388_cPa4,388,cPa4,188
u0,0.012460361709474104,0.006399266342663768,0.00013321400471278568,2003.239671116526,1573.8668855101087,1.001228451060953,14.196499639400502,copath_tau_app_REGION-RF_rank188_region388_cPa4,388,cPa4,188
alpha,0.7969949389371461,0.5904046791231726,0.011992840671677975,1688.1325738819976,1230.5184446415585,1.0021587983540876,22.76031513930157,copath_tau_app_REGION-RF_rank319_region389_cVTN,389,cVTN,319
beta,-0.017041009605928657,0.9521013548643269,0.02040566698869833,2168.5340160757937,1956.824370641701,1.002886724092232,29.237346852848777,copath_tau_app_REGION-RF_rank319_region389_cVTN,389,cVTN,319
gamma,0.07845155322584532,0.058260954604891474,0.0011531972414103346,1682.7430893469418,1096.2210790113554,1.00008165204369,22.687651197882456,copath_tau_app_REGION-RF_rank319_region389_cVTN,389,cVTN,319
sigma,0.7958580924074996,0.9447847761423568,0.02169504589267721,1847.7526308628453,1780.1267437225827,1.0028708468225946,24.91239895999522,copath_tau_app_REGION-RF_rank319_region389_cVTN,389,cVTN,319
u0,0.00790651115453678,0.005978312776794772,0.00013038476022569174,1338.3746422883562,660.3280978257081,1.0018139912202195,18.04468979760491,copath_tau_app_REGION-RF_rank319_region389_cVTN,389,cVTN,319
alpha,0.8184783746530543,0.24500165056711887,0.008900756340747946,748.8046948415735,992.0598689144941,1.001060835586663,4.4274698589910155,copath_tau_app_REGION-RF_rank80_region390_cAT,390,cAT,80
beta,1.038369382963935,0.18646769297942845,0.006773281128573306,869.8902130338179,826.9220929245869,1.0018723411631123,5.143414197814765,copath_tau_app_REGION-RF_rank80_region390_cAT,390,cAT,80
gamma,0.07024241100305938,0.057241180598326884,0.0019153453984343774,961.6248140312441,970.4353289491531,1.0032995013300414,5.685814884857202,copath_tau_app_REGION-RF_rank80_region390_cAT,390,cAT,80
sigma,0.17119741397435412,0.03270692264209123,0.0008361862795711914,1415.893993640994,984.2637971057605,1.0026692450798507,8.371779749188445,copath_tau_app_REGION-RF_rank80_region390_cAT,390,cAT,80
u0,0.010069713702160404,0.006428315059124406,0.0001673547838730883,1023.2238849316508,623.9787418497543,1.001546436444668,6.050032726481583,copath_tau_app_REGION-RF_rank80_region390_cAT,390,cAT,80
alpha,1.894625310750014,0.5858479045064919,0.016830991656336558,1102.7170644465625,809.1425903950355,1.001696170590905,10.934012854941523,copath_tau_app_REGION-RF_rank189_region391_cLT,391,cLT,189
beta,0.549582880324981,0.10284672092712228,0.0033413713017690114,1209.060293156763,919.5077759323451,1.0038687420060066,11.988461241787599,copath_tau_app_REGION-RF_rank189_region391_cLT,391,cLT,189
gamma,0.0934311717143011,0.05664665669617484,0.001564541132057632,1334.3414982428735,1464.6495599919187,1.0027338760716547,13.23068950782209,copath_tau_app_REGION-RF_rank189_region391_cLT,391,cLT,189
sigma,0.17033803431338207,0.03218458507659617,0.0007246993333389811,2125.2401571797163,2200.9265214335223,1.0005730492495915,21.07286079779991,copath_tau_app_REGION-RF_rank189_region391_cLT,391,cLT,189
u0,0.014540423740506594,0.006742618096164517,0.00014033048088358093,1948.757342590192,1478.6603906511612,0.999717646882083,19.322941960399316,copath_tau_app_REGION-RF_rank189_region391_cLT,391,cLT,189
alpha,0.6982669861116408,0.5523323991637206,0.014218039394090751,1150.7579817514475,1143.36447007526,1.0070825225035143,11.887258865684435,copath_tau_app_REGION-RF_rank356_region392_cDT,392,cDT,356
beta,-0.16340868275752993,0.8618551140481024,0.025193347400135915,1158.3959549730846,1345.9154679448377,1.0032894935745025,11.966158657243193,copath_tau_app_REGION-RF_rank356_region392_cDT,392,cDT,356
gamma,0.07776154582636131,0.061378543426669416,0.001579901954890082,924.8360589479876,678.8723075036116,1.0041505053823532,9.553499359006546,copath_tau_app_REGION-RF_rank356_region392_cDT,392,cDT,356
sigma,0.16774503248055975,0.044405564650999055,0.0011878655263113168,1391.3860735972012,1732.0800500946357,1.0009286291658444,14.372932190124592,copath_tau_app_REGION-RF_rank356_region392_cDT,392,cDT,356
u0,0.008275819240945287,0.00606976384961962,0.00015874895148794334,1025.2961207021413,603.0814022812219,1.0038023212149214,10.591245591204483,copath_tau_app_REGION-RF_rank356_region392_cDT,392,cDT,356
alpha,1.401736016180403,0.5527951505981588,0.02114267191604241,548.4826159366442,225.4392632625457,1.0102857124461884,4.895286773262445,copath_tau_app_REGION-RF_rank191_region393_cMT,393,cMT,191
beta,0.5868639704980093,0.20399250234023658,0.014941953839063736,583.0765966153155,224.4275094451724,1.0088491405055564,5.204043060390345,copath_tau_app_REGION-RF_rank191_region393_cMT,393,cMT,191
gamma,0.0890678400611223,0.05962400415314857,0.0011452143322970808,2126.4246078768315,1217.3711679260289,0.99979285513918,18.978647553857282,copath_tau_app_REGION-RF_rank191_region393_cMT,393,cMT,191
sigma,0.20566552372809388,0.04156208475999241,0.0010728690569981319,1747.2204998437614,1505.5188658361506,1.0011931237853673,15.594195976935296,copath_tau_app_REGION-RF_rank191_region393_cMT,393,cMT,191
u0,0.011653464081089759,0.006400290442500559,0.0001396281332804808,1575.7558998383274,1045.8800654723377,1.0014886295140695,14.063849592016702,copath_tau_app_REGION-RF_rank191_region393_cMT,393,cMT,191
alpha,0.7961788795800837,0.5972005934974258,0.011198119091151076,1775.202726009449,1360.3574703228346,1.000571016803884,24.705003423645195,copath_tau_app_REGION-RF_rank1_region394_cSNc,394,cSNc,411
beta,-0.00015678067190905053,1.0177685036023438,0.01916265374157379,2802.881389223714,2460.633188802864,1.001210545362042,39.00692202771813,copath_tau_app_REGION-RF_rank1_region394_cSNc,394,cSNc,411
gamma,0.07980292118373558,0.06052483429611018,0.0011569444704604961,1876.4661648408862,1300.5216923259734,1.000734854000161,26.11425858440334,copath_tau_app_REGION-RF_rank1_region394_cSNc,394,cSNc,411
sigma,1.6743457071739312,2.3239733459543737,0.04787939085074804,2782.565826231963,2301.660525701945,1.0004619443566285,38.72419597851207,copath_tau_app_REGION-RF_rank1_region394_cSNc,394,cSNc,411
u0,0.008076407144195196,0.006022950313672792,0.00011299539664950519,1849.1049155154035,1188.241196756094,1.0006602883592883,25.7334796748414,copath_tau_app_REGION-RF_rank1_region394_cSNc,394,cSNc,411
alpha,1.2670213244996649,0.3917202128856566,0.011070230964239572,1151.8364810873159,1094.8508746619846,1.0037253580403351,7.352413689988675,copath_tau_app_REGION-RF_rank162_region395_cPPN,395,cPPN,162
beta,0.5566155061137424,0.1093583986899435,0.0034194908569222587,1128.3283095280278,1022.7594041962367,1.0017351736412237,7.202356103484772,copath_tau_app_REGION-RF_rank162_region395_cPPN,395,cPPN,162
gamma,0.07312313650511257,0.057340024554577665,0.00170677383388085,1030.6738419365477,944.2487489956466,1.0026213924599292,6.579007167939357,copath_tau_app_REGION-RF_rank162_region395_cPPN,395,cPPN,162
sigma,0.09197129052681018,0.01734075649528892,0.0004014943522599227,1835.5259036209081,1779.743816628148,1.0002475693248296,11.716546579052272,copath_tau_app_REGION-RF_rank162_region395_cPPN,395,cPPN,162
u0,0.017224686576431843,0.006900985807389836,0.00015077052662675302,1928.2402935245623,1592.3666473340913,1.0030186121369227,12.308361963249068,copath_tau_app_REGION-RF_rank162_region395_cPPN,395,cPPN,162
alpha,0.954776907523352,0.3305405063292626,0.010151416279362209,1007.6054877218824,1137.716052911047,1.0077504758004654,7.400701342063035,copath_tau_app_REGION-RF_rank85_region396_cIF,396,cIF,85
beta,0.9516261660196634,0.16778022200760653,0.005434693752192588,993.0479479415313,1318.3753788071604,1.0070770724591753,7.293778537947347,copath_tau_app_REGION-RF_rank85_region396_cIF,396,cIF,85
gamma,0.061308753380336554,0.04950456372317457,0.0015104046057850152,892.3049929013946,1174.3588076755022,1.005345141508583,6.553837626892358,copath_tau_app_REGION-RF_rank85_region396_cIF,396,cIF,85
sigma,0.20216091214790213,0.03721568908102159,0.0008761754299855254,1766.255402093642,1868.8301771762567,1.0020348404697683,12.972863768590834,copath_tau_app_REGION-RF_rank85_region396_cIF,396,cIF,85
u0,0.012417747651501271,0.006661620105012632,0.00016902354159280811,1281.9659364945333,934.0265416613521,1.0034070468597525,9.415835009140897,copath_tau_app_REGION-RF_rank85_region396_cIF,396,cIF,85
alpha,0.6465634552126325,0.2433944566028245,0.007698007231152146,903.2110105820126,680.0723934692588,1.003854456507867,5.670693261312134,copath_tau_app_REGION-RF_rank64_region397_cIPN,397,cIPN,64
beta,1.252845896538501,0.2754661971367661,0.00933319688711295,1033.9967264316876,731.5946446487684,1.005918621172976,6.49181442663842,copath_tau_app_REGION-RF_rank64_region397_cIPN,397,cIPN,64
gamma,0.06606313058616171,0.052370711402254744,0.0011685397958841705,1566.6199939586709,1557.3741808695415,1.0013582663500915,9.835820576471624,copath_tau_app_REGION-RF_rank64_region397_cIPN,397,cIPN,64
sigma,0.2944635170521123,0.052069281427206356,0.0012114730793787525,1924.5326676755828,2162.3520703198783,1.0012588239591078,12.082928907975306,copath_tau_app_REGION-RF_rank64_region397_cIPN,397,cIPN,64
u0,0.009663429438157217,0.006161415703245503,0.0001330288562950569,1622.5731671302053,1065.7287844779717,1.0023312841897376,10.18711532192473,copath_tau_app_REGION-RF_rank64_region397_cIPN,397,cIPN,64
alpha,1.0269130569579765,0.46956921659778417,0.014361298334093036,866.2101653239226,596.8815287987804,1.0019439510157464,4.071186962785044,copath_tau_app_REGION-RF_rank222_region398_cRL,398,cRL,222
beta,0.5954307346165292,0.2507302165755946,0.010316893825042427,938.3134743937751,596.9002088448639,1.0029030419637246,4.410072447636254,copath_tau_app_REGION-RF_rank222_region398_cRL,398,cRL,222
gamma,0.08220388410989864,0.059959833662751,0.0012768020640567357,1647.8131916208154,1265.324431387853,1.0015374456053552,7.744720451673742,copath_tau_app_REGION-RF_rank222_region398_cRL,398,cRL,222
sigma,0.10250379724410894,0.01907071391350417,0.0004456293064441146,1830.375499607375,1531.5741741356076,1.0006892738166644,8.602763127602039,copath_tau_app_REGION-RF_rank222_region398_cRL,398,cRL,222
u0,0.014580770829211512,0.006791660165791514,0.00015723933861811176,1707.1343415197668,1339.4974626441347,1.0021477002486843,8.023529800436945,copath_tau_app_REGION-RF_rank222_region398_cRL,398,cRL,222
alpha,0.8168392706343537,0.38049603730172166,0.01727959870524845,212.33228598704596,96.14841192584613,1.0212658513774509,1.6845217811092983,copath_tau_app_REGION-RF_rank74_region399_cCLI,399,cCLI,74
beta,1.1028121436645524,0.2823614039868712,0.02394966507300882,219.35034819321547,110.14087241467503,1.0248268633400495,1.740199035241973,copath_tau_app_REGION-RF_rank74_region399_cCLI,399,cCLI,74
gamma,0.06350912266065727,0.05188358372736562,0.0016683923790926254,783.2352989143754,793.1415071178278,1.0031104707129292,6.213736712821009,copath_tau_app_REGION-RF_rank74_region399_cCLI,399,cCLI,74
sigma,0.24724432971340735,0.060356324698733414,0.001732189995602126,1162.088789787845,1109.1619885606835,1.0058558877335346,9.219341603565637,copath_tau_app_REGION-RF_rank74_region399_cCLI,399,cCLI,74
u0,0.011554725473251938,0.006629339153482007,0.00023912906625662888,712.4575784404797,764.0747869042683,1.0043181432296036,5.652227137386887,copath_tau_app_REGION-RF_rank74_region399_cCLI,399,cCLI,74
alpha,0.8124256109506385,0.31993100864810153,0.010157696564045781,794.9461629889137,402.74588764918883,1.004331941486711,5.909062387489137,copath_tau_app_REGION-RF_rank82_region400_cDR,400,cDR,82
beta,1.0707435310102873,0.2932183588858752,0.01483949506362427,772.024834113428,384.18699935326026,1.004793921792281,5.738681588593087,copath_tau_app_REGION-RF_rank82_region400_cDR,400,cDR,82
gamma,0.0699305811881172,0.0543771621525301,0.001419723510808262,1173.2848419145553,1024.679648720927,1.0036572850935863,8.721362089604959,copath_tau_app_REGION-RF_rank82_region400_cDR,400,cDR,82
sigma,0.3150234660624568,0.05718585268405078,0.0012875924492949937,2034.3106581077986,2102.777103709678,1.001883114397718,15.12161345504942,copath_tau_app_REGION-RF_rank82_region400_cDR,400,cDR,82
u0,0.009378363661298501,0.006068022808527513,0.00013351999503908473,1548.1511662866237,1116.3075555107598,1.0026480706319159,11.507850786342257,copath_tau_app_REGION-RF_rank82_region400_cDR,400,cDR,82
alpha,2.1263938695188886,0.6351886836492417,0.016390829964568664,1362.1583484738821,1321.9700109838643,1.0045313037065988,10.693743462218121,copath_tau_app_REGION-RF_rank281_region401_cNLL,401,cNLL,281
beta,0.36960216484232616,0.06463322339269566,0.0020365687793120818,1154.029915994822,1338.9701066831512,1.0059746509311733,9.059812967559974,copath_tau_app_REGION-RF_rank281_region401_cNLL,401,cNLL,281
gamma,0.08613322448442085,0.05363784660931578,0.0014882264653055355,1258.2051610726821,1523.6668335645986,1.0043732910751773,9.877649856512313,copath_tau_app_REGION-RF_rank281_region401_cNLL,401,cNLL,281
sigma,0.0718332773268729,0.014811632256058643,0.0003251312496530417,2179.8524170299534,1995.5839470816836,1.001422648829915,17.11312239089609,copath_tau_app_REGION-RF_rank281_region401_cNLL,401,cNLL,281
u0,0.02013809229999947,0.006953261001830369,0.00014384548117166594,2226.5460370230453,1709.1299495719231,1.0016704554563194,17.479694745782627,copath_tau_app_REGION-RF_rank281_region401_cNLL,401,cNLL,281
alpha,0.7549136028707228,0.5894050489439656,0.012854298224811699,1112.718286622365,741.2501569307534,1.0060715996047085,14.796588963210132,copath_tau_app_REGION-RF_rank336_region402_cPSV,402,cPSV,336
beta,-0.01374294703616476,0.9521297979115618,0.019834435652758223,2333.574758312567,2372.114029810104,1.002853041283625,31.03116658438807,copath_tau_app_REGION-RF_rank336_region402_cPSV,402,cPSV,336
gamma,0.08090240925665321,0.06163148164696319,0.001192971239771461,1804.1531114725549,997.5901744534485,1.0018447654126,23.99107872864131,copath_tau_app_REGION-RF_rank336_region402_cPSV,402,cPSV,336
sigma,0.7592277923315122,0.799341687984647,0.018661868203040766,1975.6843670115943,1444.0305471983067,1.0015359361440221,26.27204913513909,copath_tau_app_REGION-RF_rank336_region402_cPSV,402,cPSV,336
u0,0.00804118300615889,0.005943984283452341,0.00010660666795817163,2272.5272011488423,1450.5712589657796,1.001147159445441,30.219374757634107,copath_tau_app_REGION-RF_rank336_region402_cPSV,402,cPSV,336
alpha,0.7530540786753204,0.5678506270700743,0.011879077468632511,1678.590317525015,1494.0567508095714,1.0007634415666358,22.263061586846007,copath_tau_app_REGION-RF_rank355_region403_cSOC,403,cSOC,355
beta,-0.007852443442270743,0.9612736095007871,0.023491194738059915,1669.892035593596,930.2233936064059,1.001249573890727,22.147696697440196,copath_tau_app_REGION-RF_rank355_region403_cSOC,403,cSOC,355
gamma,0.08019369553209199,0.05982460010294305,0.0012957463699843814,1484.4699257377688,1038.4740856563863,1.0030678097410968,19.688452289686317,copath_tau_app_REGION-RF_rank355_region403_cSOC,403,cSOC,355
sigma,0.41555767918456105,0.3984979857926961,0.009061071319487884,1956.5202033240707,1536.0306975439503,1.0029559379439161,25.949232119208347,copath_tau_app_REGION-RF_rank355_region403_cSOC,403,cSOC,355
u0,0.00800193649119094,0.0060576176800564915,0.00012653537309977267,1551.4543027837374,1124.6590451648615,1.001391685022245,20.576862818426715,copath_tau_app_REGION-RF_rank355_region403_cSOC,403,cSOC,355
alpha,1.1755955192189587,0.5205898706323895,0.015170564883783853,895.4372226405336,552.8026133779524,1.0008300338670224,4.880139207571879,copath_tau_app_REGION-RF_rank278_region404_cPG,404,cPG,278
beta,0.5050032148712714,0.22061076834745716,0.011479262683808281,910.666469828436,521.513200385025,1.0013704852377316,4.963138712645303,copath_tau_app_REGION-RF_rank278_region404_cPG,404,cPG,278
gamma,0.0928528832375039,0.06294987243361438,0.0015254146898561068,1002.3149794770296,593.6969360000842,1.0027668044605427,5.462623739560673,copath_tau_app_REGION-RF_rank278_region404_cPG,404,cPG,278
sigma,0.09637515662696082,0.01869485671256075,0.0006359897252873088,716.8634758948618,187.94116307785833,1.0043874809731304,3.9069110226113266,copath_tau_app_REGION-RF_rank278_region404_cPG,404,cPG,278
u0,0.014977269332660909,0.006477924770703464,0.00015430549407873044,1664.4482607540854,1687.1990921249924,1.0016180463076156,9.071254813741024,copath_tau_app_REGION-RF_rank278_region404_cPG,404,cPG,278
alpha,0.7672432466975463,0.5690860022994007,0.011464724666329869,1653.7512742825668,1094.175784267505,1.0014055317407033,23.249047886781852,copath_tau_app_REGION-RF_rank367_region405_cSUT,405,cSUT,367
beta,-0.11051257681289349,0.9541883933565299,0.01909633151410179,2495.4306561601334,2378.4298749950644,1.0020255590140106,35.081688356297214,copath_tau_app_REGION-RF_rank367_region405_cSUT,405,cSUT,367
gamma,0.08078701299668135,0.05904025667820028,0.001170966978509018,1877.4466494415228,1325.6355315237959,0.9999191110696626,26.393840317178242,copath_tau_app_REGION-RF_rank367_region405_cSUT,405,cSUT,367
sigma,0.6216403794080922,0.7646599769237298,0.015313886417657945,2759.6755052440503,2371.955816365892,0.9996037155444955,38.79654030877875,copath_tau_app_REGION-RF_rank367_region405_cSUT,405,cSUT,367
u0,0.007905387301500031,0.005948821655232941,0.00011774991189734405,1834.8155029815266,1386.0288485774877,1.0014315291444789,25.79451587164042,copath_tau_app_REGION-RF_rank367_region405_cSUT,405,cSUT,367
alpha,1.675890839292344,0.570072470739871,0.014468893855635464,1318.2223251647085,1211.64149237272,1.00498268274066,10.03220972126659,copath_tau_app_REGION-RF_rank192_region406_cTRN,406,cTRN,192
beta,0.47449414622493613,0.08934320347630723,0.0027377598465253283,1189.3036327746097,1078.929705351025,1.0050981077303467,9.051085874128491,copath_tau_app_REGION-RF_rank192_region406_cTRN,406,cTRN,192
gamma,0.06818207735272053,0.051995009437108324,0.0015037516544738891,1221.426395866881,1541.7260644868888,1.004714961429102,9.2955532071544,copath_tau_app_REGION-RF_rank192_region406_cTRN,406,cTRN,192
sigma,0.09815699035315066,0.019044722642735535,0.00042747176705961446,2162.5347681795206,1953.824994890709,1.0018071723419415,16.457771886997012,copath_tau_app_REGION-RF_rank192_region406_cTRN,406,cTRN,192
u0,0.017920034443174505,0.0070807805424838235,0.00014960639839625654,1991.6039819589685,1415.234334517947,1.0028398695958871,15.156918865128109,copath_tau_app_REGION-RF_rank192_region406_cTRN,406,cTRN,192
alpha,0.8046228605171023,0.6028068917900055,0.012492055089111265,1508.0402175982586,784.6170268025605,1.001063963162766,21.911545646842068,copath_tau_app_REGION-RF_rank1_region407_cP5,407,cP5,412
beta,-0.01133772291679538,0.9747489387691687,0.019096048679910792,2598.5499574378696,2443.4075723931173,1.0062646624192653,37.756450619520365,copath_tau_app_REGION-RF_rank1_region407_cP5,407,cP5,412
gamma,0.08058040009728089,0.061176187290728753,0.0012648513770810135,1559.5483793252952,1188.0579288601384,1.001320645761449,22.659949717036138,copath_tau_app_REGION-RF_rank1_region407_cP5,407,cP5,412
sigma,1.6850432452554482,2.4472853014977876,0.05190499720658014,2634.5622750073862,2059.735478793078,1.000956066787599,38.27970293803595,copath_tau_app_REGION-RF_rank1_region407_cP5,407,cP5,412
u0,0.00802940781496262,0.006021929909717479,0.00012428044280218494,1635.8174149399683,1274.0969488058654,1.0013246442102814,23.76812470853145,copath_tau_app_REGION-RF_rank1_region407_cP5,407,cP5,412
alpha,0.803614087262122,0.5827128747845496,0.011772368999215186,1921.0100765781974,1675.8461545257285,1.0019461103882457,26.052539825569564,copath_tau_app_REGION-RF_rank234_region408_cPC5,408,cPC5,234
beta,-0.009365760832093032,0.9807095082784641,0.019583247001184457,2494.6300192115464,1997.6563012628374,1.000343933540611,33.83191411537846,copath_tau_app_REGION-RF_rank234_region408_cPC5,408,cPC5,234
gamma,0.08058643408061189,0.06008738520231461,0.0010602549170950844,2147.7022341764464,1350.6245712525779,1.0014373858120003,29.126915403282606,copath_tau_app_REGION-RF_rank234_region408_cPC5,408,cPC5,234
sigma,0.8622059910690972,0.9443033826334122,0.020519225222596207,2130.7171006117424,1315.8109750417427,1.00027135314277,28.896564779914048,copath_tau_app_REGION-RF_rank234_region408_cPC5,408,cPC5,234
u0,0.008084291938212975,0.006016703685284324,0.00011671151739717289,1576.9481667046678,838.7060758805653,1.00222743999778,21.386407815784253,copath_tau_app_REGION-RF_rank234_region408_cPC5,408,cPC5,234
alpha,0.8847886921043069,0.23807634054819343,0.0247456820455733,75.87780121429175,19.155736687180305,1.046482378076168,0.47614679661072395,copath_tau_app_REGION-RF_rank79_region409_cCS,409,cCS,79
beta,1.0222015017380943,0.1975812774073724,0.032963910388835546,72.2311786920207,18.92008472199724,1.0487842200961217,0.45326358696783786,copath_tau_app_REGION-RF_rank79_region409_cCS,409,cCS,79
gamma,0.07342839611629992,0.06493839462375611,0.010478075025104306,73.33493971269993,20.305159376166728,1.04931851816395,0.4601898851184122,copath_tau_app_REGION-RF_rank79_region409_cCS,409,cCS,79
sigma,0.137840715216339,0.02707748484414912,0.0020663211516668777,123.87673189322155,39.769631294040806,1.0293588674398522,0.7773486859349487,copath_tau_app_REGION-RF_rank79_region409_cCS,409,cCS,79
u0,0.011306521113315385,0.006122925501232494,0.00031860574500148993,406.9072253288327,450.43715214310237,1.0140655330942328,2.553415738957772,copath_tau_app_REGION-RF_rank79_region409_cCS,409,cCS,79
alpha,1.7346370366138752,0.6132487777266552,0.026111940312571937,503.613428395816,161.30484550555565,1.0040800490037511,3.5950047355987067,copath_tau_app_REGION-RF_rank216_region410_cPRNr,410,cPRNr,216
beta,0.44038934291365617,0.18007307520317783,0.021568978933359358,456.30342592514387,168.86777746337293,1.0101631007088585,3.2572860145848215,copath_tau_app_REGION-RF_rank216_region410_cPRNr,410,cPRNr,216
gamma,0.06919535011021317,0.054030139371591096,0.001797273893937328,839.3927727439205,1131.9149148916417,1.0020723544696595,5.991939100301389,copath_tau_app_REGION-RF_rank216_region410_cPRNr,410,cPRNr,216
sigma,0.07813706164410748,0.016609148323728142,0.000470496297954194,1540.3795506872077,1394.8226729177034,1.0016352688999617,10.995877923627516,copath_tau_app_REGION-RF_rank216_region410_cPRNr,410,cPRNr,216
u0,0.020141775009123664,0.007039473836407119,0.00014940650642273902,2129.9591762449904,1653.7513086435051,1.0028961580358688,15.204545576998513,copath_tau_app_REGION-RF_rank216_region410_cPRNr,410,cPRNr,216
alpha,0.7785038821710794,0.5829798472983367,0.010478353987556087,2056.3248131468235,1412.7015368324708,1.0037456207433244,27.755541635466727,copath_tau_app_REGION-RF_rank353_region411_cNTB,411,cNTB,353
beta,-0.026788318994049595,0.9717275280761573,0.024700438097155827,1510.6600680585495,1695.1374621103314,1.0031585728992842,20.39035280222643,copath_tau_app_REGION-RF_rank353_region411_cNTB,411,cNTB,353
gamma,0.07748247142324619,0.060205058565608295,0.0014525177406871648,1063.237139573941,910.5035804949508,1.0040937281318685,14.351197100354192,copath_tau_app_REGION-RF_rank353_region411_cNTB,411,cNTB,353
sigma,0.7038476998942942,0.8546873376149283,0.019351564793358915,839.9153419447211,303.4136206363297,1.0037299601435024,11.336878830897744,copath_tau_app_REGION-RF_rank353_region411_cNTB,411,cNTB,353
u0,0.007987302497959876,0.006408262820033555,0.0001563996783221024,1239.5938636883604,908.1793699295979,1.0042099240037001,16.731597496029806,copath_tau_app_REGION-RF_rank353_region411_cNTB,411,cNTB,353
alpha,1.0838255683550533,0.6697204059060686,0.023592383847993944,586.2343326686962,616.0242331180106,1.007319070056194,3.4278299439177196,copath_tau_app_REGION-RF_rank351_region412_cCB,412,cCB,351
beta,0.5030110135655578,0.35267776015569974,0.020309565811629612,431.60053448550775,354.52069407853446,1.0122390086518929,2.5236550530663178,copath_tau_app_REGION-RF_rank351_region412_cCB,412,cCB,351
gamma,0.08968839745081059,0.06408794534889475,0.0016973590003987954,961.9771297454454,630.5439489333298,1.0004318776707053,5.624873582027139,copath_tau_app_REGION-RF_rank351_region412_cCB,412,cCB,351
sigma,0.12144278365453084,0.02318866716071709,0.0007358542368219145,1062.068600774815,992.8326922900044,1.0024404474196347,6.210128526007268,copath_tau_app_REGION-RF_rank351_region412_cCB,412,cCB,351
u0,0.013940162540554678,0.006751145316890643,0.00019338802722624002,926.8175865733456,338.3538712402515,1.0082533341503752,5.419288667968715,copath_tau_app_REGION-RF_rank351_region412_cCB,412,cCB,351
