parameter,mean,std,mcse,ess_bulk,ess_tail,rhat,ess_per_sec,run_id,region_index,region,rank
alpha,0.6825455700377829,0.5755449757279752,0.015305348016253998,978.9451015871697,750.5398682841537,1.0046696061753642,11.127537386611762,copath_tau_mapt_REGION-RF_rank326_region1_iFRP,1,iFRP,326
beta,-0.18298839080704535,0.8234305587532972,0.026779273871546987,922.0849008343055,1176.9924895709585,1.0004890947658236,10.48121512741467,copath_tau_mapt_REGION-RF_rank326_region1_iFRP,1,iFRP,326
gamma,0.08292817513373103,0.0583708172060654,0.001476109495674881,1123.1138897807723,810.7385521866072,1.0030565848524546,12.766284623822363,copath_tau_mapt_REGION-RF_rank326_region1_iFRP,1,iFRP,326
sigma,0.11383933756914338,0.06232446346813328,0.002016029562032509,781.5082224473932,797.3955971103726,1.003177758917927,8.883298919549796,copath_tau_mapt_REGION-RF_rank326_region1_iFRP,1,iFRP,326
u0,0.008176121825022725,0.006000985342988305,0.0001716632080017497,892.1586584006826,698.9550665648283,1.003301856825227,10.141047552153255,copath_tau_mapt_REGION-RF_rank326_region1_iFRP,1,iFRP,326
alpha,1.6775832178502155,0.7708783773043384,0.024377314712563602,NaN,NaN,NaN,NaN,copath_tau_mapt_REGION-RF_rank319_region2_iMOp,2,iMOp,319
beta,0.2644818495184607,0.21679288902688126,0.006855593098530692,NaN,NaN,NaN,NaN,copath_tau_mapt_REGION-RF_rank319_region2_iMOp,2,iMOp,319
gamma,0.06632709680431759,0.06944980213288714,0.0021961955778794324,NaN,NaN,NaN,NaN,copath_tau_mapt_REGION-RF_rank319_region2_iMOp,2,iMOp,319
u0,0.023313096523728483,0.007728731339207925,0.0002444039445542046,NaN,NaN,NaN,NaN,copath_tau_mapt_REGION-RF_rank319_region2_iMOp,2,iMOp,319
sigma,0.04746650906519389,0.014368704436172003,0.00045437833044069013,NaN,NaN,NaN,NaN,copath_tau_mapt_REGION-RF_rank319_region2_iMOp,2,iMOp,319
alpha,1.2333021718808328,0.7833394640808203,0.07418524708413904,119.33576204808543,349.6154875226275,1.0401662027707361,0.5926870628719842,copath_tau_mapt_REGION-RF_rank324_region3_iMOs,3,iMOs,324
beta,0.42408713110632057,0.37024550301572134,0.02313163406508983,241.01943849150882,365.6232266997255,1.0284853516455739,1.1970351606505625,copath_tau_mapt_REGION-RF_rank324_region3_iMOs,3,iMOs,324
gamma,0.09943099032444391,0.07227547597374728,0.005550092683257276,94.45146759342474,75.29728028987444,1.049307474798478,0.4690979631850722,copath_tau_mapt_REGION-RF_rank324_region3_iMOs,3,iMOs,324
sigma,0.055965160396617926,0.013342986340277632,0.0009043560159800243,138.9856987961634,50.09805693059711,1.02597048989974,0.6902794618055565,copath_tau_mapt_REGION-RF_rank324_region3_iMOs,3,iMOs,324
u0,0.017774825572046016,0.007739275448685876,0.0010107525519974774,55.23839666701685,22.551758364210126,1.0836573662913511,0.27434427464534783,copath_tau_mapt_REGION-RF_rank324_region3_iMOs,3,iMOs,324
alpha,0.7184498486765851,0.5801767901261455,0.012670447487512795,1382.4244334610103,1000.5875593285006,1.0035436408891396,16.291416440334334,copath_tau_mapt_REGION-RF_rank329_region4_iSSp-n,4,iSSp-n,329
beta,-0.18386408894709574,0.9111810711367471,0.02147707529660119,1798.7500670123331,1584.8258912473675,1.0020128399593309,21.197676852695547,copath_tau_mapt_REGION-RF_rank329_region4_iSSp-n,4,iSSp-n,329
gamma,0.08074191249919555,0.06056994321727467,0.0015020473610552567,957.0545552782271,597.260991395353,1.0056323044308821,11.27857258506443,copath_tau_mapt_REGION-RF_rank329_region4_iSSp-n,4,iSSp-n,329
sigma,0.4108741196026944,0.4068585257503898,0.011002933306524106,1732.3807611041498,1676.7078615265823,1.006690496843979,20.41553645121323,copath_tau_mapt_REGION-RF_rank329_region4_iSSp-n,4,iSSp-n,329
u0,0.007930060692030696,0.006042989643011535,0.0001260932573981882,1325.3612218330359,939.1899870438442,1.0045066448562776,15.61894529359192,copath_tau_mapt_REGION-RF_rank329_region4_iSSp-n,4,iSSp-n,329
alpha,0.8400139287209583,0.5906938135397353,0.025147427074162537,517.4410498178937,688.0438952719571,1.0042998599682131,2.1855825919861025,copath_tau_mapt_REGION-RF_rank293_region5_iSSp-bfd,5,iSSp-bfd,293
beta,0.5766655176500491,0.42651539272305156,0.01917001361698468,531.962492854707,691.4833734275402,1.0079158780124091,2.2469186864512527,copath_tau_mapt_REGION-RF_rank293_region5_iSSp-bfd,5,iSSp-bfd,293
gamma,0.08565756292517578,0.06275655902177915,0.002103067827006242,540.9950015120085,577.5064254446405,1.0152537814365137,2.2850704598567635,copath_tau_mapt_REGION-RF_rank293_region5_iSSp-bfd,5,iSSp-bfd,293
sigma,0.0584251998039382,0.013096589688670446,0.0003504355164924294,1368.9032312337304,1655.5144987210451,1.0023453698947788,5.782013377854169,copath_tau_mapt_REGION-RF_rank293_region5_iSSp-bfd,5,iSSp-bfd,293
u0,0.016470705908351497,0.006931556489761072,0.00020191222616851661,1020.9847313084559,456.5354648061155,1.006027445431866,4.312465074459586,copath_tau_mapt_REGION-RF_rank293_region5_iSSp-bfd,5,iSSp-bfd,293
alpha,0.7060677363165084,0.563461469632458,0.025881632492095397,493.834678873774,745.1519875178609,1.0125025843778541,4.3541120357771605,copath_tau_mapt_REGION-RF_rank169_region6_iSSp-ll,6,iSSp-ll,169
beta,0.11584865092897906,0.885132001283064,0.04787953424465806,305.4565392966387,449.5554904952027,1.0116765427948171,2.693192785066204,copath_tau_mapt_REGION-RF_rank169_region6_iSSp-ll,6,iSSp-ll,169
gamma,0.08119973069538536,0.06094996267464523,0.0028857600070408495,378.6976770903227,395.3872848898571,1.014658487673409,3.338955695659619,copath_tau_mapt_REGION-RF_rank169_region6_iSSp-ll,6,iSSp-ll,169
sigma,0.2270723135542874,0.11070196721877472,0.004706000591765436,278.90916366782955,157.23918151034744,1.0101142030469032,2.459126096984866,copath_tau_mapt_REGION-RF_rank169_region6_iSSp-ll,6,iSSp-ll,169
u0,0.008335978636349922,0.0060362239672286915,0.0002667341370215606,397.5761044732931,491.5623252865527,1.0053465199379459,3.5054057069714957,copath_tau_mapt_REGION-RF_rank169_region6_iSSp-ll,6,iSSp-ll,169
alpha,1.2761247932211581,0.8085347093072979,0.03645305888876357,444.65998024582996,542.7339158994521,1.0026396477783566,2.3499629016268364,copath_tau_mapt_REGION-RF_rank305_region7_iSSp-m,7,iSSp-m,305
beta,0.40668338666189663,0.3188494216505152,0.0153573715226838,670.813422067941,509.9692969716918,1.0009807437458969,3.54515073495371,copath_tau_mapt_REGION-RF_rank305_region7_iSSp-m,7,iSSp-m,305
gamma,0.11467439368474303,0.07363135931014084,0.0030105600638268243,490.43307492415784,426.9680658194584,1.0020017732955293,2.591867006258101,copath_tau_mapt_REGION-RF_rank305_region7_iSSp-m,7,iSSp-m,305
sigma,0.07056832742633112,0.017538229800454615,0.0007581114703892086,383.97549431078545,226.8573672672544,1.0093188059796177,2.029254277089026,copath_tau_mapt_REGION-RF_rank305_region7_iSSp-m,7,iSSp-m,305
u0,0.01722194580663635,0.006871191090874464,0.00021581883874446443,957.3152520001885,1060.9757569350181,1.0063707869787413,5.059270965015266,copath_tau_mapt_REGION-RF_rank305_region7_iSSp-m,7,iSSp-m,305
alpha,0.945423898132835,0.6613434634554604,0.03113687140207259,421.50816854734535,709.4513353135762,1.0008481954298434,,copath_tau_mapt_REGION-RF_rank296_region8_iSSp-ul,8,iSSp-ul,296
beta,0.48029439925614464,0.3670377100302947,0.014737728689934507,557.2411541231498,891.1418218079023,1.0012014935641615,,copath_tau_mapt_REGION-RF_rank296_region8_iSSp-ul,8,iSSp-ul,296
gamma,0.09227573995197466,0.06537222293390245,0.0023814649026376853,565.7124927588243,414.831899066435,1.0075864157886434,,copath_tau_mapt_REGION-RF_rank296_region8_iSSp-ul,8,iSSp-ul,296
u0,0.016595893903199356,0.006937135577316328,0.00024574276855813404,695.965888980736,543.2143561760034,1.0072549874735972,,copath_tau_mapt_REGION-RF_rank296_region8_iSSp-ul,8,iSSp-ul,296
sigma,0.07664592026850586,0.017277999307155845,0.0005705010992930693,803.9461376299707,791.5988718111264,1.0069318567973964,,copath_tau_mapt_REGION-RF_rank296_region8_iSSp-ul,8,iSSp-ul,296
alpha,0.7165796566286472,0.5830308234019775,0.011850676033428476,1673.717208703802,1375.1442952100447,1.0005205448088161,21.06629589306233,copath_tau_mapt_REGION-RF_rank137_region9_iSSp-tr,9,iSSp-tr,137
beta,-0.22541351439302348,0.8952251943017718,0.02296900507025963,1545.8018236754801,1560.3446622236097,1.0012801855119156,19.456284753624672,copath_tau_mapt_REGION-RF_rank137_region9_iSSp-tr,9,iSSp-tr,137
gamma,0.08144350030104026,0.06085178952372871,0.0013321154409953013,1381.6025444487384,1251.5769172427351,1.0006194271005637,17.389585203885947,copath_tau_mapt_REGION-RF_rank137_region9_iSSp-tr,9,iSSp-tr,137
sigma,0.34699447630723085,0.23691669776864863,0.006367237579455156,1934.3395627056343,1565.8130639564727,1.0026926891606869,24.34662759856053,copath_tau_mapt_REGION-RF_rank137_region9_iSSp-tr,9,iSSp-tr,137
u0,0.007944947626134787,0.0061639996351199,0.00012587867329346436,1649.0529651552429,1131.4022547596946,1.000621878526982,20.75585859226234,copath_tau_mapt_REGION-RF_rank137_region9_iSSp-tr,9,iSSp-tr,137
alpha,0.6592752256976692,0.5572647168644309,0.01980996559314998,719.1735466503474,895.2208791356563,1.0072961956626607,7.673721941659081,copath_tau_mapt_REGION-RF_rank238_region10_iSSp-un,10,iSSp-un,238
beta,-0.16080729982539907,0.7924350393071159,0.024965915521895556,1018.0883872643451,1423.2402162344024,1.003315603529449,10.863201562803114,copath_tau_mapt_REGION-RF_rank238_region10_iSSp-un,10,iSSp-un,238
gamma,0.07777441114159961,0.05985352658659052,0.0018951733839847307,674.1568322395512,707.952333931678,1.0030591005454799,7.193384823136731,copath_tau_mapt_REGION-RF_rank238_region10_iSSp-un,10,iSSp-un,238
sigma,0.09321930049103036,0.02344091086870156,0.0007884373959748469,762.5732205584908,647.6918027927611,1.0099478829111461,8.136804922785036,copath_tau_mapt_REGION-RF_rank238_region10_iSSp-un,10,iSSp-un,238
u0,0.009088928701537335,0.006189532771243217,0.00019350987672322326,843.6289503692287,880.4464779319314,1.0060613995094134,9.001685361231221,copath_tau_mapt_REGION-RF_rank238_region10_iSSp-un,10,iSSp-un,238
alpha,1.0140467697245097,0.6334302467978445,0.02153599445093285,775.1845630766685,859.6613670738612,1.0037066261652028,3.2794277093327997,copath_tau_mapt_REGION-RF_rank263_region11_iSSs,11,iSSs,263
beta,0.5141729929957722,0.3346004756662211,0.012347488433984827,843.1130828312653,989.7083371489091,1.002954792825887,3.566800137200862,copath_tau_mapt_REGION-RF_rank263_region11_iSSs,11,iSSs,263
gamma,0.08501803641848975,0.06576404769949208,0.0018438465840099408,670.8882320411911,355.9647765907879,1.0039188774863372,2.8382008141247965,copath_tau_mapt_REGION-RF_rank263_region11_iSSs,11,iSSs,263
sigma,0.08236122688596959,0.016376807493366122,0.00042127459552855715,1400.873224744516,1556.2026895650756,1.002549367211292,5.926411192008207,copath_tau_mapt_REGION-RF_rank263_region11_iSSs,11,iSSs,263
u0,0.014866346034450167,0.006575544135419296,0.00017385867113273949,1273.970752933294,1138.67115512881,1.0026174888458017,5.389548743678744,copath_tau_mapt_REGION-RF_rank263_region11_iSSs,11,iSSs,263
alpha,1.1456631500086287,0.7563255309775913,0.032749777381672895,523.2600753913265,864.0120413627991,1.006497771506567,2.8736816762938955,copath_tau_mapt_REGION-RF_rank286_region12_iGU,12,iGU,286
beta,0.41249836916799715,0.3375936541443705,0.015121849957332862,579.5984101236735,576.4111681737041,1.004756933374687,3.1830850644124706,copath_tau_mapt_REGION-RF_rank286_region12_iGU,12,iGU,286
gamma,0.10053471879243218,0.07269952332055556,0.0025357988869121285,619.9334201662851,480.02507759327335,1.0010792985090855,3.4046001096524474,copath_tau_mapt_REGION-RF_rank286_region12_iGU,12,iGU,286
sigma,0.08429928603742545,0.02015360792897929,0.0009629375112393223,427.472822908934,575.1408315123524,1.0021509491554657,2.347629555701033,copath_tau_mapt_REGION-RF_rank286_region12_iGU,12,iGU,286
u0,0.014928435077609912,0.006605438091438205,0.00023302119205751155,680.0496061430754,547.5008571673665,1.0021898481442306,3.7347510044268697,copath_tau_mapt_REGION-RF_rank286_region12_iGU,12,iGU,286
alpha,1.0341399487040859,0.4957141450911914,0.015675857668513413,NaN,NaN,NaN,NaN,copath_tau_mapt_REGION-RF_rank341_region13_iVISC,13,iVISC,341
beta,0.30934472991710843,0.4825650964189853,0.015260048239827573,NaN,NaN,NaN,NaN,copath_tau_mapt_REGION-RF_rank341_region13_iVISC,13,iVISC,341
gamma,0.11510292310567331,0.047872243230015356,0.001513853253084245,NaN,NaN,NaN,NaN,copath_tau_mapt_REGION-RF_rank341_region13_iVISC,13,iVISC,341
u0,0.0059330137070925425,0.0037307940981034368,0.00011797806831120535,NaN,NaN,NaN,NaN,copath_tau_mapt_REGION-RF_rank341_region13_iVISC,13,iVISC,341
sigma,0.05573685171061376,0.014131614915759686,0.0004468809015020911,NaN,NaN,NaN,NaN,copath_tau_mapt_REGION-RF_rank341_region13_iVISC,13,iVISC,341
alpha,1.2308993659110044,0.8328227134403464,0.040437508441234934,428.8733939257852,372.527706867497,1.0097941661507377,2.2115425753553444,copath_tau_mapt_REGION-RF_rank299_region14_iAUDd,14,iAUDd,299
beta,0.4258813587673679,0.41551231594635285,0.01968341147755138,486.45351286979496,573.8831029847147,1.013272976093627,2.508462100656413,copath_tau_mapt_REGION-RF_rank299_region14_iAUDd,14,iAUDd,299
gamma,0.10842171442126976,0.0724339458088165,0.002558588496959559,699.251688782641,649.0319232307171,1.0062364778344297,3.6057841370769164,copath_tau_mapt_REGION-RF_rank299_region14_iAUDd,14,iAUDd,299
sigma,0.07144141095772401,0.021088696803691027,0.001083981788605944,302.56740378906966,104.75823700381834,1.0206988137710502,1.5602289740315567,copath_tau_mapt_REGION-RF_rank299_region14_iAUDd,14,iAUDd,299
u0,0.017613799660627174,0.007476800851328815,0.0002354835639631839,875.6168510671549,646.6568259957917,1.005021077980925,4.515234503375814,copath_tau_mapt_REGION-RF_rank299_region14_iAUDd,14,iAUDd,299
alpha,0.8702708291949418,0.48805746468053296,0.01536337324542268,837.7954910800795,1168.4342238408497,1.0045327659633614,4.113474628592581,copath_tau_mapt_REGION-RF_rank155_region15_iAUDp,15,iAUDp,155
beta,0.681746945109445,0.36241409869925584,0.013967549154993895,846.5963072561386,827.6028659736545,1.0059670415862192,4.156685572595699,copath_tau_mapt_REGION-RF_rank155_region15_iAUDp,15,iAUDp,155
gamma,0.0820803573648633,0.059168310595431775,0.0013622532923780503,1352.8313259985582,885.4525054268562,1.0012841037517757,6.642238345167247,copath_tau_mapt_REGION-RF_rank155_region15_iAUDp,15,iAUDp,155
sigma,0.11469938055359072,0.024495338048431986,0.0008206076885846593,664.0919521706184,282.91518124720477,1.0032583601714486,3.2606112415150825,copath_tau_mapt_REGION-RF_rank155_region15_iAUDp,15,iAUDp,155
u0,0.01130099664817978,0.006508192458013533,0.00022290548923934911,559.4477766653081,322.01122981190935,1.004283715863545,2.7468209841622424,copath_tau_mapt_REGION-RF_rank155_region15_iAUDp,15,iAUDp,155
alpha,0.8221187918288794,0.4350585802535367,0.013168053185675653,899.372974230862,896.7706196837977,1.0014752927889057,5.024710733732957,copath_tau_mapt_REGION-RF_rank106_region16_iAUDpo,16,iAUDpo,106
beta,0.8095782573647493,0.39653686704253993,0.016227764081945754,767.4277632202433,712.4726234143867,1.004167313099313,4.287545467457641,copath_tau_mapt_REGION-RF_rank106_region16_iAUDpo,16,iAUDpo,106
gamma,0.07814153697136157,0.05848201201280437,0.0014660749497838984,1127.1812669601536,839.6133151932412,1.001241532568233,6.297453863121703,copath_tau_mapt_REGION-RF_rank106_region16_iAUDpo,16,iAUDpo,106
sigma,0.19557968600311854,0.04103396532693604,0.001784580354862001,704.23720045349,488.6698034479296,1.0036579685431901,3.934505840848595,copath_tau_mapt_REGION-RF_rank106_region16_iAUDpo,16,iAUDpo,106
u0,0.008732751471727597,0.005895196469252254,0.000140882837583568,1051.1470699055399,479.6474676586349,1.002036923148423,5.872658080929325,copath_tau_mapt_REGION-RF_rank106_region16_iAUDpo,16,iAUDpo,106
alpha,1.2549696797591439,0.7457000459889973,0.029821546598213348,546.4536790241459,792.3668311315821,1.005222450123596,2.5984606632658545,copath_tau_mapt_REGION-RF_rank288_region17_iAUDv,17,iAUDv,288
beta,0.42298813123397094,0.31312336102998767,0.012898380891382727,744.5888074136145,859.5166657502074,1.0036995836168932,3.540619819464736,copath_tau_mapt_REGION-RF_rank288_region17_iAUDv,17,iAUDv,288
gamma,0.09872066461718612,0.06746104387850226,0.001990931076588428,842.4286467953015,564.6887355805526,1.001890521634264,4.005861401125547,copath_tau_mapt_REGION-RF_rank288_region17_iAUDv,17,iAUDv,288
sigma,0.08012822371151283,0.018192009493101336,0.0007259474114115919,590.4457828766766,530.3063456012432,1.0052491704395605,2.807649027701875,copath_tau_mapt_REGION-RF_rank288_region17_iAUDv,17,iAUDv,288
u0,0.017013146120673762,0.006777811717351319,0.00018795650054383606,1195.1359477539972,1274.1850017711192,1.0033807162400536,5.683032005639576,copath_tau_mapt_REGION-RF_rank288_region17_iAUDv,17,iAUDv,288
alpha,0.9720360284362626,0.5973212750225808,0.021843184517480477,660.7080347878419,1030.5173067434087,1.00448478186331,3.961910681425011,copath_tau_mapt_REGION-RF_rank222_region18_iVISal,18,iVISal,222
beta,0.5388452217341051,0.39001585861795635,0.014333171194467642,708.72621301673,887.7514910648105,1.0081867405519218,4.24984986667904,copath_tau_mapt_REGION-RF_rank222_region18_iVISal,18,iVISal,222
gamma,0.08693219123056986,0.06344997284549189,0.0025049766397606107,467.7229107087882,457.8449922339587,1.012032853932506,2.804682701458869,copath_tau_mapt_REGION-RF_rank222_region18_iVISal,18,iVISal,222
sigma,0.14836521277351436,0.035508077678577075,0.0015382726677604687,422.51066736051774,287.0938727235609,1.0096069201677746,2.5335691983360884,copath_tau_mapt_REGION-RF_rank222_region18_iVISal,18,iVISal,222
u0,0.011882095761734785,0.0064936862025398645,0.0002176367871787221,744.9227836931451,657.0549729720509,1.0051883927306855,4.466901230432915,copath_tau_mapt_REGION-RF_rank222_region18_iVISal,18,iVISal,222
alpha,1.0008781674064162,0.6213502163329991,0.021312911005336617,699.5047911440996,779.2476020104825,1.0046975866844596,3.5785238429046444,copath_tau_mapt_REGION-RF_rank224_region19_iVISam,19,iVISam,224
beta,0.5786040984704491,0.3970742701337311,0.01657114093383294,732.5241979301903,807.2553313311821,1.0037369005314745,3.7474443934977737,copath_tau_mapt_REGION-RF_rank224_region19_iVISam,19,iVISam,224
gamma,0.08808056504015542,0.06444498849336079,0.0016417456887969197,917.4464514756593,712.1726572964492,1.002828261731081,4.69346892653031,copath_tau_mapt_REGION-RF_rank224_region19_iVISam,19,iVISam,224
sigma,0.10473100690379804,0.02322625102981388,0.0006073000105234361,1390.2938092932447,1292.509836643337,1.0009383689814304,7.112459568806151,copath_tau_mapt_REGION-RF_rank224_region19_iVISam,19,iVISam,224
u0,0.014327041707529456,0.006784661077792918,0.00018108395460782003,1264.5870693237375,1043.3436713928243,1.003481224476489,6.469369525835985,copath_tau_mapt_REGION-RF_rank224_region19_iVISam,19,iVISam,224
alpha,0.9295522323421312,0.5660190714454494,0.018301715091195346,834.7163032492639,1021.3067306457204,1.0043706700896986,3.068110589679058,copath_tau_mapt_REGION-RF_rank227_region20_iVISl,20,iVISl,227
beta,0.5559745673190605,0.3566268065472108,0.013433335867774116,887.4692158311689,913.3325304467069,1.0039987652089173,3.262010923360002,copath_tau_mapt_REGION-RF_rank227_region20_iVISl,20,iVISl,227
gamma,0.08419254235563199,0.0626342934548531,0.0016542463782957422,973.5534265326218,572.521632001922,1.0063334925896057,3.578424868348471,copath_tau_mapt_REGION-RF_rank227_region20_iVISl,20,iVISl,227
sigma,0.061246652119779955,0.013880003133713953,0.00044011672612812676,971.1746173971736,911.1828606722563,1.0029238711674349,3.569681239560003,copath_tau_mapt_REGION-RF_rank227_region20_iVISl,20,iVISl,227
u0,0.015654478786388704,0.006406413980026319,0.00018637415277803965,1082.4475215933426,1009.7977713239388,1.0024215844824615,3.978679571543775,copath_tau_mapt_REGION-RF_rank227_region20_iVISl,20,iVISl,227
alpha,1.1926815588934658,0.6642115213501986,0.020380161581775684,861.3397622102822,846.8381573704644,1.0011597314082514,5.619791100681039,copath_tau_mapt_REGION-RF_rank192_region21_iVISp,21,iVISp,192
beta,0.544734734216309,0.32802860122924,0.013822573513248199,879.6011741441685,691.906717168492,1.0024744221420547,5.738937255049413,copath_tau_mapt_REGION-RF_rank192_region21_iVISp,21,iVISp,192
gamma,0.09614813615512267,0.06542336128900145,0.0014699199900736035,1462.0911114847752,919.4710994431067,1.0025457326316802,9.539379205741378,copath_tau_mapt_REGION-RF_rank192_region21_iVISp,21,iVISp,192
sigma,0.14882317932233208,0.030558722213097744,0.0007708427615263028,1553.700687119259,1627.9995115121606,1.0020323947078666,10.137083735910451,copath_tau_mapt_REGION-RF_rank192_region21_iVISp,21,iVISp,192
u0,0.01298747258921104,0.006392480353658678,0.0001579145143416115,1280.4990149305956,651.8076420617988,1.00435168596194,8.354585825774263,copath_tau_mapt_REGION-RF_rank192_region21_iVISp,21,iVISp,192
alpha,0.7624608207471706,0.48163893611535985,0.018878028924297355,526.0845551743053,1044.0069994614557,1.0177337400915198,2.551467610659663,copath_tau_mapt_REGION-RF_rank258_region22_iVISpl,22,iVISpl,258
beta,0.6118764423838985,0.4660036511635603,0.018456241413831405,622.7123595510762,696.4121574702634,1.007507579787454,3.0201046590801464,copath_tau_mapt_REGION-RF_rank258_region22_iVISpl,22,iVISpl,258
gamma,0.08214663952360016,0.059727289913283105,0.0026457663695333804,466.578861885689,512.3440223513344,1.0087898808102314,2.262869803363366,copath_tau_mapt_REGION-RF_rank258_region22_iVISpl,22,iVISpl,258
sigma,0.10679186759860936,0.023231668079035574,0.0010495047871584907,439.1365509185017,461.8579115702121,1.0089670184550363,2.1297768111708275,copath_tau_mapt_REGION-RF_rank258_region22_iVISpl,22,iVISpl,258
u0,0.011062828969095839,0.006427180673972402,0.00028145120293095237,380.15516552448156,295.9951046679665,1.0028261922930426,1.8437218548248528,copath_tau_mapt_REGION-RF_rank258_region22_iVISpl,22,iVISpl,258
alpha,1.8976648486410945,0.6514206751003491,0.01756877058451765,1322.0116750694665,638.2307492825827,1.0010347513017612,12.599947342496964,copath_tau_mapt_REGION-RF_rank160_region23_iVISpm,23,iVISpm,160
beta,0.4216938813091995,0.1378984872304183,0.005185750358832775,1383.554648896687,780.7200989479851,1.0017549523939986,13.186506632514506,copath_tau_mapt_REGION-RF_rank160_region23_iVISpm,23,iVISpm,160
gamma,0.1230712944910758,0.06745884852025243,0.001688240706707898,1319.2461956315487,700.5920233812124,1.0016939074857332,12.573589863246495,copath_tau_mapt_REGION-RF_rank160_region23_iVISpm,23,iVISpm,160
sigma,0.13768101695310042,0.032440687505739536,0.0008948674943064209,1685.2331536138506,1563.6023507601467,1.0010908257465028,16.06177115966004,copath_tau_mapt_REGION-RF_rank160_region23_iVISpm,23,iVISpm,160
u0,0.014533284508378794,0.0069063381610543475,0.000127527176062665,2550.7836645510533,1562.977876322805,1.0026052865291677,24.31123753408297,copath_tau_mapt_REGION-RF_rank160_region23_iVISpm,23,iVISpm,160
alpha,0.9320820101441377,0.5802310963585721,0.020507129494780087,655.8132118954371,653.0737477947318,1.0152730852675427,3.0082484892339036,copath_tau_mapt_REGION-RF_rank235_region24_iVISli,24,iVISli,235
beta,0.5663291952217536,0.3853286293275039,0.017819927360353285,686.8363324507544,597.7399182600271,1.0090911264655051,3.1505531178218593,copath_tau_mapt_REGION-RF_rank235_region24_iVISli,24,iVISli,235
gamma,0.09100544324860202,0.06346655986842381,0.0017412670810226585,937.6052524343409,621.2843088222681,1.001729442524144,4.300842881742808,copath_tau_mapt_REGION-RF_rank235_region24_iVISli,24,iVISli,235
sigma,0.07952879494566231,0.01690402321045209,0.00048396526666822146,1124.8043605186017,968.0065712725776,1.002408805761587,5.159534691950192,copath_tau_mapt_REGION-RF_rank235_region24_iVISli,24,iVISli,235
u0,0.015248727250565306,0.006755614774807887,0.00019613589974744867,1028.9003508709702,645.2825323233877,1.0061150475925207,4.719618132019772,copath_tau_mapt_REGION-RF_rank235_region24_iVISli,24,iVISli,235
alpha,1.2173568492862863,0.5993480926474705,0.017182585598043372,888.3610176512958,484.6436963498719,1.0034525034962498,7.330195208027724,copath_tau_mapt_REGION-RF_rank123_region25_iVISpor,25,iVISpor,123
beta,0.5860265683251227,0.3065539724930517,0.013339061562127363,824.435182087652,562.0163987525872,1.0060891400105598,6.802719503660738,copath_tau_mapt_REGION-RF_rank123_region25_iVISpor,25,iVISpor,123
gamma,0.08617390929853522,0.06332460763320122,0.0015299894601562673,1144.001753299712,863.1677665689016,1.0016908165907152,9.439581435240873,copath_tau_mapt_REGION-RF_rank123_region25_iVISpor,25,iVISpor,123
sigma,0.22707862258201308,0.049856287272915835,0.001596121305490973,1134.5875271943833,1491.1587698377384,1.0038630507680042,9.361901174948704,copath_tau_mapt_REGION-RF_rank123_region25_iVISpor,25,iVISpor,123
u0,0.01138673389288514,0.00667388672430776,0.0001393275141463809,1799.9517848669755,1292.4575390422735,1.0004021111931856,14.8520676683855,copath_tau_mapt_REGION-RF_rank123_region25_iVISpor,25,iVISpor,123
alpha,1.0913031895221965,0.6987356651043708,0.02309255159700554,701.3840819636158,662.1011056988332,1.0029752132129985,3.619243636063304,copath_tau_mapt_REGION-RF_rank282_region26_iACAd,26,iACAd,282
beta,0.49631120495960745,0.35273724385862165,0.015815233997715925,741.8248383262884,540.8856717200384,1.0039303444477263,3.8279238069811004,copath_tau_mapt_REGION-RF_rank282_region26_iACAd,26,iACAd,282
gamma,0.09483476429186707,0.06683543045835619,0.0016597804351908673,1080.460295374127,825.7019576767347,1.0026490913969224,5.575331902463593,copath_tau_mapt_REGION-RF_rank282_region26_iACAd,26,iACAd,282
sigma,0.08736261784314751,0.02018483773483036,0.0005450852545957411,1382.5104248358302,1146.8543369501615,1.0003586120478625,7.133954398950582,copath_tau_mapt_REGION-RF_rank282_region26_iACAd,26,iACAd,282
u0,0.015433080520778925,0.007022850625580102,0.00017292500740412954,1436.2866097855842,864.9287840231804,1.0022476570831902,7.4114473163921515,copath_tau_mapt_REGION-RF_rank282_region26_iACAd,26,iACAd,282
alpha,1.2213336820994851,0.6645712244406555,0.03208145650045714,395.84179395477435,524.8180738745365,1.0196273898472819,2.9949896643270257,copath_tau_mapt_REGION-RF_rank168_region27_iACAv,27,iACAv,168
beta,0.5330785045539569,0.3692774327792017,0.022198266426071554,329.2197723665418,283.9905319681475,1.0175068516185788,2.4909189241461003,copath_tau_mapt_REGION-RF_rank168_region27_iACAv,27,iACAv,168
gamma,0.0931856150058445,0.06586061666683427,0.001994796642721916,827.6624204241306,848.0143428236554,1.0053600923468864,6.262199779251638,copath_tau_mapt_REGION-RF_rank168_region27_iACAv,27,iACAv,168
sigma,0.19116255456098175,0.04343332305268985,0.002248455966553883,339.84954481253703,230.70953030624977,1.0098591062014137,2.5713451426407072,copath_tau_mapt_REGION-RF_rank168_region27_iACAv,27,iACAv,168
u0,0.01218398299100443,0.006568764769017085,0.0001737406464116507,1236.1919945239524,1024.8316017972636,1.0016335799048948,9.353186811663582,copath_tau_mapt_REGION-RF_rank168_region27_iACAv,27,iACAv,168
alpha,1.0547126055270477,0.7404059218842688,0.022961221224209436,821.2330787948127,901.5642622717231,1.0062566474243626,3.4507186415960938,copath_tau_mapt_REGION-RF_rank314_region28_iPL,28,iPL,314
beta,0.46170948335429607,0.41197648857290703,0.015793681525912113,769.1410425726303,638.2221674794487,1.006655588605198,3.231834423324735,copath_tau_mapt_REGION-RF_rank314_region28_iPL,28,iPL,314
gamma,0.09748016021943459,0.06859315092873303,0.0017697065123417036,946.4257812763582,593.6949206754971,1.0043083798053152,3.976762712883193,copath_tau_mapt_REGION-RF_rank314_region28_iPL,28,iPL,314
sigma,0.07416328772355368,0.02026775686275407,0.0008086719218542592,758.7545552914958,858.1580354855446,1.0038337024651984,3.1881917033623224,copath_tau_mapt_REGION-RF_rank314_region28_iPL,28,iPL,314
u0,0.01572266465038743,0.007284162525205896,0.00021108783623521797,1014.6893080871345,674.4042935045245,1.0010731571358686,4.263597511175451,copath_tau_mapt_REGION-RF_rank314_region28_iPL,28,iPL,314
alpha,0.9902656160660283,0.6759169618220564,0.02138699886120351,804.9420836984442,959.8352776632117,1.0117892937793809,4.441010767872598,copath_tau_mapt_REGION-RF_rank295_region29_iILA,29,iILA,295
beta,0.5106150680090775,0.4352656619963193,0.01671387345223468,849.874489796832,785.5390523255461,1.0056541428982007,4.688910962620175,copath_tau_mapt_REGION-RF_rank295_region29_iILA,29,iILA,295
gamma,0.0924674758578325,0.06495594154294299,0.0017139962298765553,1009.6746391464158,616.7392519542836,1.0014040262229187,5.570557230521129,copath_tau_mapt_REGION-RF_rank295_region29_iILA,29,iILA,295
sigma,0.10555115894409747,0.026662665993966047,0.0009089366986165987,937.9211628852778,1073.3727157532314,1.0018302144306461,5.174680350480424,copath_tau_mapt_REGION-RF_rank295_region29_iILA,29,iILA,295
u0,0.013578966988249754,0.006995581121446436,0.00022798632752257938,731.3836843998389,453.1427192824562,1.0028445386811458,4.035175801645438,copath_tau_mapt_REGION-RF_rank295_region29_iILA,29,iILA,295
alpha,0.9833733577466998,0.671829094874974,0.0293383426260084,560.4470290141304,555.9362509056095,1.0116820692003967,2.4360483561710238,copath_tau_mapt_REGION-RF_rank290_region30_iORBl,30,iORBl,290
beta,0.51801110506859,0.3619765588410639,0.013633152784980314,723.0993154268552,1048.0390196143944,1.0082559757398466,3.14303548328663,copath_tau_mapt_REGION-RF_rank290_region30_iORBl,30,iORBl,290
gamma,0.0920347901634763,0.0643338779644181,0.0019059736216877287,806.3472451929479,630.6011705599444,1.0004139143291826,3.5048823161943976,copath_tau_mapt_REGION-RF_rank290_region30_iORBl,30,iORBl,290
sigma,0.0696959308115525,0.01704341750111287,0.000569859463761399,594.7225259504075,187.22573614144918,1.0028733799030871,2.585030799909623,copath_tau_mapt_REGION-RF_rank290_region30_iORBl,30,iORBl,290
u0,0.01586553185050887,0.006863128154798742,0.00018878105236175548,1183.1075729492845,1094.0206693662126,1.001923925520164,5.142515008646657,copath_tau_mapt_REGION-RF_rank290_region30_iORBl,30,iORBl,290
alpha,1.0779377177435245,0.7226164300143252,0.030002523381240757,508.393113313928,625.7527584791244,1.0021277140856013,2.696444894580136,copath_tau_mapt_REGION-RF_rank304_region31_iORBm,31,iORBm,304
beta,0.45353785423747944,0.4066245771864392,0.01844299960561582,546.5891307384951,537.4418603015689,1.006272271845242,2.8990311481712037,copath_tau_mapt_REGION-RF_rank304_region31_iORBm,31,iORBm,304
gamma,0.09949077879098808,0.06782098290021706,0.0019948243624581595,926.4792710754139,610.140665368622,1.0058924409841217,4.913914518120174,copath_tau_mapt_REGION-RF_rank304_region31_iORBm,31,iORBm,304
sigma,0.07846022124301777,0.021158511998028536,0.000859139063474534,588.8912220046474,498.246703246514,1.0101459586310066,3.12339543446366,copath_tau_mapt_REGION-RF_rank304_region31_iORBm,31,iORBm,304
u0,0.015667830793780712,0.007282737398468063,0.00027810954411674425,672.3773698666109,647.8336126160962,1.0089271116861307,3.566194109888571,copath_tau_mapt_REGION-RF_rank304_region31_iORBm,31,iORBm,304
alpha,0.8585436129527977,0.5621633744054416,0.016014739539533855,1062.5720396574209,1472.1606593548615,1.0047171943804878,3.7746920580798538,copath_tau_mapt_REGION-RF_rank275_region32_iORBvl,32,iORBvl,275
beta,0.5746954429937816,0.3859672478686457,0.012191155264832734,1151.0888545495177,1404.7559397144046,1.0030518670262627,4.089140119678996,copath_tau_mapt_REGION-RF_rank275_region32_iORBvl,32,iORBvl,275
gamma,0.08597552567018008,0.06364489551351711,0.0014867314180394607,1194.9547907245917,741.413210136988,1.0010171771657836,4.244969931419265,copath_tau_mapt_REGION-RF_rank275_region32_iORBvl,32,iORBvl,275
sigma,0.06350818987286402,0.015223850538358643,0.0004080882416027934,1292.5212309489032,1076.5952536002235,1.0035101742836614,4.591565976962274,copath_tau_mapt_REGION-RF_rank275_region32_iORBvl,32,iORBvl,275
u0,0.014200840474087371,0.0064732599527487725,0.00017981040287888436,1105.68996917774,882.3175840928375,1.0048227412605548,3.927864643134576,copath_tau_mapt_REGION-RF_rank275_region32_iORBvl,32,iORBvl,275
alpha,1.082176054555841,0.6713705874603371,0.02894472288235274,547.5570499093274,734.2480606512693,1.0056437602382282,2.228033471583132,copath_tau_mapt_REGION-RF_rank320_region33_iAId,33,iAId,320
beta,0.4221503423422874,0.34359282411382036,0.015765710000288456,475.9343226457279,652.8520286507911,1.0078293085390368,1.936597476565271,copath_tau_mapt_REGION-RF_rank320_region33_iAId,33,iAId,320
gamma,0.09621635839155944,0.06554351151293719,0.002306826578725407,698.2567991649421,624.6709318388866,1.003132421798678,2.8412373113589062,copath_tau_mapt_REGION-RF_rank320_region33_iAId,33,iAId,320
sigma,0.04740681796973443,0.01089737580551143,0.0003750345471457103,706.5552336624748,766.3527971496902,1.0099503386186977,2.8750040025654293,copath_tau_mapt_REGION-RF_rank320_region33_iAId,33,iAId,320
u0,0.018434715370111373,0.006288131318082003,0.00017387704829451123,1240.5706432824397,1101.9428906186445,1.0014407683255706,5.047935950335043,copath_tau_mapt_REGION-RF_rank320_region33_iAId,33,iAId,320
alpha,0.8863754036607479,0.5869555334090824,0.0189121035954028,798.9654221325239,1025.702688535554,1.006013105782788,3.6813423987012173,copath_tau_mapt_REGION-RF_rank256_region34_iAIp,34,iAIp,256
beta,0.616874812895341,0.4273752293735622,0.017220198551739736,770.757402758363,639.0647773456857,1.003809921340506,3.5513700934814056,copath_tau_mapt_REGION-RF_rank256_region34_iAIp,34,iAIp,256
gamma,0.08417953253549634,0.06347674769079269,0.001507232722307033,1135.985491839411,637.4347262597844,1.0046783332173452,5.234208439528966,copath_tau_mapt_REGION-RF_rank256_region34_iAIp,34,iAIp,256
sigma,0.09911360824843139,0.02273956038721214,0.0006930507686909086,1233.9864359622684,1263.7267073607143,1.0020854953215022,5.685761186016138,copath_tau_mapt_REGION-RF_rank256_region34_iAIp,34,iAIp,256
u0,0.011366491062189123,0.006200864193859168,0.00015400815413340723,1276.4742520853856,769.750857933171,1.0011136139940544,5.8815296067630225,copath_tau_mapt_REGION-RF_rank256_region34_iAIp,34,iAIp,256
alpha,2.0941719505333163,0.6510998614377421,0.01815100611346214,1308.9035766441636,787.516838285237,1.0009938085097752,10.050552680172029,copath_tau_mapt_REGION-RF_rank294_region35_iAIv,35,iAIv,294
beta,0.25448237901937654,0.07062933988743951,0.002697126234942633,1044.280883698819,815.6706263009493,1.0015013562527706,8.018619722486171,copath_tau_mapt_REGION-RF_rank294_region35_iAIv,35,iAIv,294
gamma,0.14596102105024966,0.06758424405653025,0.0016822106037181431,1325.976928340398,612.5581595150229,1.0020507002486336,10.181652192551738,copath_tau_mapt_REGION-RF_rank294_region35_iAIv,35,iAIv,294
sigma,0.03962447321521615,0.010584570777343013,0.00027625854855263987,1505.932216052487,1759.919939595025,1.0016616389625528,11.563457645221506,copath_tau_mapt_REGION-RF_rank294_region35_iAIv,35,iAIv,294
u0,0.021712494849157857,0.0067954328826971624,0.0001439827344293866,2129.062085757463,1769.9623946339782,1.0014347325669313,16.348225365174944,copath_tau_mapt_REGION-RF_rank294_region35_iAIv,35,iAIv,294
alpha,1.315520987345605,0.6004010417246551,0.018132457040181748,864.555739069334,443.0399933887214,1.0054053897300612,6.388028218334076,copath_tau_mapt_REGION-RF_rank128_region36_iRSPagl,36,iRSPagl,128
beta,0.5693612112562838,0.2716188902507857,0.015078584453405649,834.904716508412,404.13905725345813,1.0062852417417611,6.16894278490034,copath_tau_mapt_REGION-RF_rank128_region36_iRSPagl,36,iRSPagl,128
gamma,0.09350129273671175,0.0632223912291724,0.0015771722906416348,1074.6231339184715,647.1114579041143,1.005678978507115,7.940173887383415,copath_tau_mapt_REGION-RF_rank128_region36_iRSPagl,36,iRSPagl,128
sigma,0.18376228569088976,0.03835874323328161,0.0009482113680161226,1903.859163877475,2060.1505677867844,1.003696879188378,14.067231889149365,copath_tau_mapt_REGION-RF_rank128_region36_iRSPagl,36,iRSPagl,128
u0,0.012478884495638625,0.006510541860600652,0.0001253068916946823,2250.009728806718,1676.9116273380919,1.0019864519339885,16.62486869223229,copath_tau_mapt_REGION-RF_rank128_region36_iRSPagl,36,iRSPagl,128
alpha,1.1093901194779283,0.6050287839158685,0.02115535458786406,595.0500516676823,396.85514051874895,1.00994169540614,5.178355872524669,copath_tau_mapt_REGION-RF_rank92_region37_iRSPd,37,iRSPd,92
beta,0.7169928947680471,0.42982780706431817,0.02070310746088087,687.9618514031382,273.52000048878637,1.009121538176788,5.986910316707175,copath_tau_mapt_REGION-RF_rank92_region37_iRSPd,37,iRSPd,92
gamma,0.08435435811863279,0.06056975008180678,0.0014104401445806452,1034.2649644303967,499.3239045090568,1.0044066317375853,9.00057404800582,copath_tau_mapt_REGION-RF_rank92_region37_iRSPd,37,iRSPd,92
sigma,0.3551713453625623,0.07329010137757486,0.002074481091716205,1333.4181549686593,1650.2216782728322,1.0019404879276619,11.603920903731229,copath_tau_mapt_REGION-RF_rank92_region37_iRSPd,37,iRSPd,92
u0,0.0104677795161361,0.006397889928744859,0.0001611578656482774,1265.6845307074223,1021.2026933486325,1.0035523167198794,11.014476688110122,copath_tau_mapt_REGION-RF_rank92_region37_iRSPd,37,iRSPd,92
alpha,1.238132333480761,0.5712640003391206,0.015942660495184315,1047.6578535900082,781.0175288091466,1.0022884414059474,11.327255417774984,copath_tau_mapt_REGION-RF_rank60_region38_iRSPv,38,iRSPv,60
beta,0.8204959888921435,0.3865068405786416,0.019403426757763045,693.7509184912718,315.16863452057396,1.0011726995722725,7.500820829184472,copath_tau_mapt_REGION-RF_rank60_region38_iRSPv,38,iRSPv,60
gamma,0.08426684524571561,0.06122262463308067,0.0013716095475761485,1468.9304853410201,1018.1518305248804,1.0014493352499554,15.882046549259599,copath_tau_mapt_REGION-RF_rank60_region38_iRSPv,38,iRSPv,60
sigma,0.5623286281260743,0.1169730478302393,0.003657440178831866,1252.0648095305855,1214.333986798711,1.0045392584248143,13.537299270522062,copath_tau_mapt_REGION-RF_rank60_region38_iRSPv,38,iRSPv,60
u0,0.009695555397104993,0.006208855282095588,0.0001484337833624954,1034.0149988541007,556.8038184138228,1.003774152513405,11.179749149682136,copath_tau_mapt_REGION-RF_rank60_region38_iRSPv,38,iRSPv,60
alpha,0.8838694800708462,0.5488639419767053,0.02232348314501109,603.613461297155,867.3251867851146,1.0040147894932232,2.3564935303169445,copath_tau_mapt_REGION-RF_rank270_region39_iVISa,39,iVISa,270
beta,0.5502899888743361,0.38743182924754765,0.015514061893677423,600.9801826811815,861.0407065650222,1.0053740758959517,2.3462132691565514,copath_tau_mapt_REGION-RF_rank270_region39_iVISa,39,iVISa,270
gamma,0.08548970014141533,0.06097940642073188,0.001790979661576237,802.7596474393553,620.3996746572566,1.0041527574707865,3.1339558125909344,copath_tau_mapt_REGION-RF_rank270_region39_iVISa,39,iVISa,270
sigma,0.05670312233844848,0.013821435326634983,0.0005996091634860295,224.04126251145405,66.25761250737999,1.0130903795924644,0.8746521068263161,copath_tau_mapt_REGION-RF_rank270_region39_iVISa,39,iVISa,270
u0,0.01605389524596023,0.006445841886774634,0.00021230028691287953,811.3869308003523,657.195823467146,1.0021071336741048,3.167636534986872,copath_tau_mapt_REGION-RF_rank270_region39_iVISa,39,iVISa,270
alpha,0.8228741043442559,0.5238404842718416,0.01673066709986553,771.1378785612944,818.1165011412495,1.0021068540228062,3.8402133330741828,copath_tau_mapt_REGION-RF_rank220_region40_iVISrl,40,iVISrl,220
beta,0.6606384493530466,0.4234039796457559,0.01772422608995774,706.5551407982813,717.629932177113,1.0006290206129387,3.518595763066249,copath_tau_mapt_REGION-RF_rank220_region40_iVISrl,40,iVISrl,220
gamma,0.0802568006293935,0.061056027566242115,0.0015479337153066059,1071.2681719083864,863.4077622496352,1.0049457387656793,5.334841448504458,copath_tau_mapt_REGION-RF_rank220_region40_iVISrl,40,iVISrl,220
sigma,0.10837135320909388,0.023779156965092477,0.0007265635667957442,1066.4842286154123,1365.3197050132321,1.0038847409654474,5.3110177415785005,copath_tau_mapt_REGION-RF_rank220_region40_iVISrl,40,iVISrl,220
u0,0.011616836431904918,0.006176975954102192,0.00015662267527477252,1248.9474019098604,825.9927867787986,1.0012885749176594,6.219671732467458,copath_tau_mapt_REGION-RF_rank220_region40_iVISrl,40,iVISrl,220
alpha,1.3819860488130118,0.6055374936132228,0.021089673575690127,665.0112918532166,311.16560566968315,1.0025588353445645,4.054477175529765,copath_tau_mapt_REGION-RF_rank180_region41_iTEa,41,iTEa,180
beta,0.4380230713539226,0.2375047964115766,0.01608987275745559,708.2704164253963,295.33752034085813,1.0044719254573111,4.318221769583989,copath_tau_mapt_REGION-RF_rank180_region41_iTEa,41,iTEa,180
gamma,0.09407503381856376,0.06300022625331822,0.0014974554649196913,1338.9026718213136,894.1144829403785,1.0014181904473904,8.163094957421478,copath_tau_mapt_REGION-RF_rank180_region41_iTEa,41,iTEa,180
sigma,0.09018649109956771,0.01882361917855133,0.0004695655229888792,1544.7941524679304,1595.324880453816,1.0005712221869452,9.418385385034236,copath_tau_mapt_REGION-RF_rank180_region41_iTEa,41,iTEa,180
u0,0.01495349004985796,0.006338400710079781,0.00015856026635329844,1439.2498007092206,1329.4092093077043,1.0021777459840235,8.774896815059357,copath_tau_mapt_REGION-RF_rank180_region41_iTEa,41,iTEa,180
alpha,1.0199133240104739,0.40570956033681094,0.011712948688196244,977.1739709520548,628.5393755014729,1.000884942597337,7.275132492179357,copath_tau_mapt_REGION-RF_rank73_region42_iPERI,42,iPERI,73
beta,0.7809514388048264,0.22932553827396554,0.008430602928223506,1076.8642385579244,632.0937511283805,1.000579508534435,8.017333908276125,copath_tau_mapt_REGION-RF_rank73_region42_iPERI,42,iPERI,73
gamma,0.07792692334343257,0.05834466397079872,0.0013010520546208192,1627.5674466200944,1464.215692782552,1.0009026507129248,12.117360026058462,copath_tau_mapt_REGION-RF_rank73_region42_iPERI,42,iPERI,73
sigma,0.22656048911424867,0.04429401718262363,0.0009134894749328294,2419.961141664318,2312.4079637174946,1.0004399558098445,18.01678969649648,copath_tau_mapt_REGION-RF_rank73_region42_iPERI,42,iPERI,73
u0,0.010210452905228371,0.006237689345576689,0.00013906648839551844,1556.098645835699,1050.6462847074633,1.0012940795934298,11.58526951789944,copath_tau_mapt_REGION-RF_rank73_region42_iPERI,42,iPERI,73
alpha,0.8297847970595358,0.4363488817775702,0.017534539998177036,513.1458535505235,634.186151735918,1.0078357969300777,2.7376393294451242,copath_tau_mapt_REGION-RF_rank103_region43_iECT,43,iECT,103
beta,0.8212504197644009,0.37558784907859527,0.01824823477357151,583.8126588967416,544.7922853272848,1.0055270513379115,3.1146475898909074,copath_tau_mapt_REGION-RF_rank103_region43_iECT,43,iECT,103
gamma,0.07461066450483252,0.059404004106383544,0.001488631052477576,1097.7223186622948,851.8269156705845,1.0034881868126893,5.8563618347228985,copath_tau_mapt_REGION-RF_rank103_region43_iECT,43,iECT,103
sigma,0.1581463922694404,0.03295063773361314,0.0009426545073708274,868.3348656306011,384.13834577544867,1.0025422235917822,4.632577000926164,copath_tau_mapt_REGION-RF_rank103_region43_iECT,43,iECT,103
u0,0.009982359011769828,0.006142179156844388,0.0001975455194932322,542.7238460521246,240.23453314919087,1.0053172992132964,2.895438276855782,copath_tau_mapt_REGION-RF_rank103_region43_iECT,43,iECT,103
alpha,0.7849814758889845,0.610777461426478,0.01292926521576806,1494.3708661284259,1020.946274079303,1.0009626900448305,21.53334197135978,copath_tau_mapt_REGION-RF_rank1_region44_iMOB,44,iMOB,363
beta,-0.04700845863759433,1.005927073090846,0.01889312358751893,2835.939214764105,2491.830156108032,1.0006641604155166,40.86485510769914,copath_tau_mapt_REGION-RF_rank1_region44_iMOB,44,iMOB,363
gamma,0.07718286783680374,0.06034565438399226,0.0011606899369559058,1868.6779778030725,1332.625149547082,1.001133551196816,26.926971638996406,copath_tau_mapt_REGION-RF_rank1_region44_iMOB,44,iMOB,363
sigma,1.6240153252992588,2.113019755646017,0.042072271702999604,2352.277814177765,2268.610041783548,1.0005799145906207,33.895469814371666,copath_tau_mapt_REGION-RF_rank1_region44_iMOB,44,iMOB,363
u0,0.008146692279882189,0.005985830569161728,0.00011829000064724309,1731.0760380880126,1162.3263290825091,1.0021957981160499,24.94417761445593,copath_tau_mapt_REGION-RF_rank1_region44_iMOB,44,iMOB,363
alpha,1.8377387765759718,0.6879421415573173,0.02472994064621193,742.7460028798748,381.0166218466503,1.0063888892519675,4.98246486851907,copath_tau_mapt_REGION-RF_rank292_region45_iAON,45,iAON,292
beta,0.27971669978401326,0.12177265073511927,0.006855102537960067,813.8284829518683,371.91917608841493,1.005928475143141,5.459298077116214,copath_tau_mapt_REGION-RF_rank292_region45_iAON,45,iAON,292
gamma,0.13345402542418763,0.06992422084785968,0.0015818478241067663,1723.43077743834,1245.0580833473266,1.0009204859136978,11.561062959095874,copath_tau_mapt_REGION-RF_rank292_region45_iAON,45,iAON,292
sigma,0.043200808064671484,0.012200305627819704,0.00036254391767968734,1343.4269083449158,1665.2514897445417,1.0004131614606653,9.011933215794487,copath_tau_mapt_REGION-RF_rank292_region45_iAON,45,iAON,292
u0,0.018956235092581687,0.006503254588864567,0.00014715943866914312,1856.2112579217999,1494.67927730211,1.0006187581792891,12.451776711399859,copath_tau_mapt_REGION-RF_rank292_region45_iAON,45,iAON,292
alpha,1.0189662763039016,0.6513935738016045,0.04230431300995569,280.6195460209906,466.71909366513324,1.0212311480822056,1.2021056632153468,copath_tau_mapt_REGION-RF_rank283_region46_iTT,46,iTT,283
beta,0.49718879377519193,0.3446380951693582,0.015401624260067555,270.2185299899601,460.1868396693703,1.0239957861637903,1.1575502484148392,copath_tau_mapt_REGION-RF_rank283_region46_iTT,46,iTT,283
gamma,0.08682331901819051,0.06433000469210555,0.00220682469490954,627.1860085065513,308.89514913910455,1.0021676030560491,2.6867118253364946,copath_tau_mapt_REGION-RF_rank283_region46_iTT,46,iTT,283
sigma,0.06132840366853964,0.01604290760063113,0.0008108584523934098,191.33177754560646,75.44726505593074,1.0292800061766183,0.819618649527101,copath_tau_mapt_REGION-RF_rank283_region46_iTT,46,iTT,283
u0,0.01496141130491213,0.006260973171893791,0.00018893486577736888,1011.2238070690922,1251.8784420292482,1.0035436503693218,4.331836048102692,copath_tau_mapt_REGION-RF_rank283_region46_iTT,46,iTT,283
alpha,0.8555371377236193,0.5574872860234583,0.016519921168087228,802.7726956087923,855.4534360264374,1.001833493207797,4.620380875581552,copath_tau_mapt_REGION-RF_rank150_region47_iDP,47,iDP,150
beta,0.6006432289274638,0.5745903610641265,0.023584452006129786,696.5986532628931,547.8404100279772,1.0064010379926038,4.009293182363295,copath_tau_mapt_REGION-RF_rank150_region47_iDP,47,iDP,150
gamma,0.08036226329309197,0.05944542210319502,0.0015488587744396662,874.591783484692,510.5895876738923,1.000697923061597,5.033737660059466,copath_tau_mapt_REGION-RF_rank150_region47_iDP,47,iDP,150
sigma,0.19356485972279164,0.046625774362031504,0.0017668303935463076,695.1675746968741,509.9499647068478,1.0057220009270214,4.001056569341879,copath_tau_mapt_REGION-RF_rank150_region47_iDP,47,iDP,150
u0,0.010379559515879603,0.0065030700854084985,0.0001848191231267131,944.9658032093375,805.4857008291947,1.002133071860151,5.438777314063849,copath_tau_mapt_REGION-RF_rank150_region47_iDP,47,iDP,150
alpha,1.195563777473566,0.587342037923961,0.020703690472567485,739.9728517981912,734.6403794691042,1.0022776517543543,3.618696887797655,copath_tau_mapt_REGION-RF_rank213_region48_iPIR,48,iPIR,213
beta,0.44411816721087494,0.24051138119687515,0.01022302976388984,747.7049818998798,660.6685581085145,1.0031313154332593,3.6565094035771635,copath_tau_mapt_REGION-RF_rank213_region48_iPIR,48,iPIR,213
gamma,0.09226434314181145,0.06388384387025073,0.0016485894164390098,1103.2949371537434,792.1942101242594,1.003960511218905,5.395454638233148,copath_tau_mapt_REGION-RF_rank213_region48_iPIR,48,iPIR,213
sigma,0.06730022478793996,0.013699883929483108,0.0003787970320173994,1303.7759667226326,1444.1160769992857,1.003700941085114,6.375869089926121,copath_tau_mapt_REGION-RF_rank213_region48_iPIR,48,iPIR,213
u0,0.0171690823503549,0.006733028442542459,0.00017459337749397912,1347.2202823932325,1234.7896962004988,1.0017746856749075,6.588325276024924,copath_tau_mapt_REGION-RF_rank213_region48_iPIR,48,iPIR,213
alpha,0.7853281388687325,0.5895934089060151,0.01147235515538943,1630.4264369753155,934.6906878741272,1.000933865712879,23.177244434300675,copath_tau_mapt_REGION-RF_rank1_region49_iNLOT,49,iNLOT,364
beta,0.018226514227822437,0.9959730264799719,0.018792588919887238,2798.746440838775,2361.922190016181,1.0016541757960493,39.78543827422703,copath_tau_mapt_REGION-RF_rank1_region49_iNLOT,49,iNLOT,364
gamma,0.07928898630210632,0.06044527536499119,0.001154323854432637,1643.1664363864309,966.1004046625848,1.002478368516101,23.358349250652928,copath_tau_mapt_REGION-RF_rank1_region49_iNLOT,49,iNLOT,364
sigma,1.6634978279301693,2.11190372559101,0.043510447298027236,2971.344360296909,2571.25140095783,1.000980556865112,42.23899525626061,copath_tau_mapt_REGION-RF_rank1_region49_iNLOT,49,iNLOT,364
u0,0.008014363940673504,0.00615095665300045,0.0001271993549733495,1560.5030752376335,1174.338748177272,1.0011709509437707,22.18325242711218,copath_tau_mapt_REGION-RF_rank1_region49_iNLOT,49,iNLOT,364
alpha,0.916391242018446,0.4850561591707475,0.01705160283282713,648.7363238398287,620.957385436458,1.003936696789248,4.852868573992031,copath_tau_mapt_REGION-RF_rank83_region50_iCOAp,50,iCOAp,83
beta,0.7213844831289761,0.487829797620085,0.026428405765095815,377.0520221039487,279.75588510392555,1.004166594238482,2.820535619152674,copath_tau_mapt_REGION-RF_rank83_region50_iCOAp,50,iCOAp,83
gamma,0.08272310083298023,0.05820851619250759,0.0016703912010698416,1012.7889068927225,1128.0724164689257,1.0071804648181086,7.576161959386318,copath_tau_mapt_REGION-RF_rank83_region50_iCOAp,50,iCOAp,83
sigma,0.32941666021542826,0.0719917377227204,0.003110960958559893,557.9345048199981,799.2229598714976,1.0027133362414762,4.1736260562084215,copath_tau_mapt_REGION-RF_rank83_region50_iCOAp,50,iCOAp,83
u0,0.009177657448782166,0.006023728235751242,0.00019737513598561783,735.4583344120863,581.1801856235455,1.0021549581848952,5.501592106672498,copath_tau_mapt_REGION-RF_rank83_region50_iCOAp,50,iCOAp,83
alpha,0.9757894824070433,0.6015279591650383,0.019665033444246242,649.4689290596724,502.62945236817905,1.0097014206048056,4.381287593918336,copath_tau_mapt_REGION-RF_rank152_region51_iPAA,51,iPAA,152
beta,0.5929404813097001,0.4625303134003251,0.02135964512348417,602.6671938822377,412.6793297836725,1.0081861208724456,4.065565235954841,copath_tau_mapt_REGION-RF_rank152_region51_iPAA,51,iPAA,152
gamma,0.08598554628252612,0.06220471841528989,0.001520734595100124,1210.0615268972622,726.7721451512476,1.0053292990721736,8.16301953559005,copath_tau_mapt_REGION-RF_rank152_region51_iPAA,51,iPAA,152
sigma,0.21147026667620014,0.04869034291386322,0.0018801046063112795,740.6495636365852,1198.3869113817002,1.007769369742428,4.996387970861426,copath_tau_mapt_REGION-RF_rank152_region51_iPAA,51,iPAA,152
u0,0.011305798828956767,0.0066111901617201905,0.0001828950654607798,976.5167519432734,886.2072240919287,1.0027064856052776,6.587537200181287,copath_tau_mapt_REGION-RF_rank152_region51_iPAA,51,iPAA,152
alpha,1.1697512912165662,0.5537681757126974,0.017427963399211866,857.7305125944373,700.1639777973685,1.0027302965803653,4.476158857513424,copath_tau_mapt_REGION-RF_rank157_region52_iTR,52,iTR,157
beta,0.5297875928659491,0.2523980652015697,0.010995767871423133,903.4281581781995,608.4816137958194,1.0031759651808831,4.714636931971274,copath_tau_mapt_REGION-RF_rank157_region52_iTR,52,iTR,157
gamma,0.09018389599508839,0.06129437631697412,0.0013045650445978778,1673.1457545942344,1310.3050984872793,1.0013601854113954,8.73149092794269,copath_tau_mapt_REGION-RF_rank157_region52_iTR,52,iTR,157
sigma,0.10715771460491402,0.023138280169356474,0.0005662181854604348,1777.31735486555,2000.237864148037,1.0011940279530473,9.27512161894537,copath_tau_mapt_REGION-RF_rank157_region52_iTR,52,iTR,157
u0,0.013272122797136458,0.006302187799473111,0.00015646949891466987,1342.3029064686082,916.6858686247325,1.0018293897814687,7.004951970382358,copath_tau_mapt_REGION-RF_rank157_region52_iTR,52,iTR,157
alpha,1.3405238689057883,0.4529183849379923,0.012166866971208378,1268.7576629661744,1274.928543896741,1.0042410112068336,11.111908065914996,copath_tau_mapt_REGION-RF_rank64_region53_iCA1,53,iCA1,64
beta,0.7558029801943953,0.1424995983966404,0.0044270727722385,1155.056256043952,1006.2129311670167,1.0017608214611917,10.116099632544683,copath_tau_mapt_REGION-RF_rank64_region53_iCA1,53,iCA1,64
gamma,0.07160205625138844,0.05329149807722511,0.0014985751869402734,1176.4829675257565,1320.7621370111112,1.0019675416489933,10.303756941020813,copath_tau_mapt_REGION-RF_rank64_region53_iCA1,53,iCA1,64
sigma,0.21103858532555156,0.04521147932702042,0.0010259436607557308,2020.913863511217,1689.4082323811938,1.0018370261373917,17.699368221327877,copath_tau_mapt_REGION-RF_rank64_region53_iCA1,53,iCA1,64
u0,0.010842697353285751,0.006275696856516008,0.0001384936048358326,1492.365032707013,762.912153929753,1.0017763001204265,13.070284048931624,copath_tau_mapt_REGION-RF_rank64_region53_iCA1,53,iCA1,64
alpha,1.2380991188055133,0.3989316464414573,0.011959960712629347,1117.873503234839,1137.0197422355684,1.0062376723842412,8.960263413740403,copath_tau_mapt_REGION-RF_rank66_region54_iCA2,54,iCA2,66
beta,0.7578040304297833,0.1465525456637867,0.00459782696073512,1304.7793657056038,1161.95334592576,1.00141358095248,10.458398718373855,copath_tau_mapt_REGION-RF_rank66_region54_iCA2,54,iCA2,66
gamma,0.0787879380025101,0.05844402404640868,0.0017780515670187125,953.0182502371113,689.540428833883,1.0016853241586483,7.63887375048783,copath_tau_mapt_REGION-RF_rank66_region54_iCA2,54,iCA2,66
sigma,0.1837812068148408,0.03695672983369119,0.0008475423636111847,1875.0770176883448,1250.1942213503696,1.0024063331266952,15.029593197190943,copath_tau_mapt_REGION-RF_rank66_region54_iCA2,54,iCA2,66
u0,0.009481517465471724,0.006071391915218611,0.00014988337059597132,1089.0907577134558,621.237091643207,1.0045386709187099,8.729556646922914,copath_tau_mapt_REGION-RF_rank66_region54_iCA2,54,iCA2,66
alpha,1.0899681255352909,0.3588785467632404,0.009194935352453977,1366.4913380314358,1349.3033342965132,1.0031828959866593,11.640412788192005,copath_tau_mapt_REGION-RF_rank34_region55_iCA3,55,iCA3,34
beta,0.9639354614026628,0.18231547307912851,0.005359727364397862,1300.0648349741261,1054.2002996463582,1.0033502566868906,11.074560744975178,copath_tau_mapt_REGION-RF_rank34_region55_iCA3,55,iCA3,34
gamma,0.06373553841767372,0.051212671547336316,0.0013634999944547744,1127.616771138098,1085.1387862786974,1.0045273309796607,9.60556742485091,copath_tau_mapt_REGION-RF_rank34_region55_iCA3,55,iCA3,34
sigma,0.2735033449148945,0.056720512070513804,0.001365279577169914,1729.6332940099603,1493.0800472138296,1.003862953376347,14.733825933708944,copath_tau_mapt_REGION-RF_rank34_region55_iCA3,55,iCA3,34
u0,0.009939894162880235,0.006073505412575643,0.00012451587304157868,2017.0890670950125,1486.2631506456962,1.0010006691906161,17.18250874927604,copath_tau_mapt_REGION-RF_rank34_region55_iCA3,55,iCA3,34
alpha,1.2773372367964597,0.3969572149768276,0.01195271734208273,1064.7939754233093,1286.1155115319207,1.00671556337129,11.13265557810373,copath_tau_mapt_REGION-RF_rank23_region56_iDG,56,iDG,23
beta,1.3252359254113821,0.2238373067064563,0.007164652898160873,1089.0960293896217,857.1745310660174,1.0020337002788362,11.386738905857241,copath_tau_mapt_REGION-RF_rank23_region56_iDG,56,iDG,23
gamma,0.06647191198609043,0.046026309476945686,0.001408817695093116,980.9130104112356,1238.7434648807402,1.0024100039066266,10.255661610639605,copath_tau_mapt_REGION-RF_rank23_region56_iDG,56,iDG,23
sigma,0.4634437639098601,0.09325135216298996,0.0020756060560576926,1893.3410735805642,1455.7522177539397,1.001802678681271,19.795298011213895,copath_tau_mapt_REGION-RF_rank23_region56_iDG,56,iDG,23
u0,0.009290977621134693,0.006138478122967692,0.00014643357883494418,1034.0334932576097,575.4419569433918,1.0018513962055393,10.811047960788844,copath_tau_mapt_REGION-RF_rank23_region56_iDG,56,iDG,23
alpha,0.949189745628463,0.39379890706283427,0.00871960327514888,1777.917515885306,1892.6727531182696,1.0020521863256169,20.09423157907872,copath_tau_mapt_REGION-RF_rank14_region57_iFC,57,iFC,14
beta,1.7861186582580455,0.3602976375422824,0.008683406061235986,1755.0048320034716,1597.311940162509,1.002842188077469,19.835269747662966,copath_tau_mapt_REGION-RF_rank14_region57_iFC,57,iFC,14
gamma,0.048979167734013944,0.04125371586120082,0.0008960902039092016,1624.6174927696823,1217.8542859583538,1.0016353602213814,18.361616799123887,copath_tau_mapt_REGION-RF_rank14_region57_iFC,57,iFC,14
sigma,1.037820143288699,0.21057299538694374,0.004544483981222234,2371.160359349529,2269.2970739408274,1.000799012119389,26.79913153798674,copath_tau_mapt_REGION-RF_rank14_region57_iFC,57,iFC,14
u0,0.00824541744948094,0.0061008323492111926,0.00013031804175807647,1279.9110932572794,712.3147780631238,1.0005598598053633,14.46570478031261,copath_tau_mapt_REGION-RF_rank14_region57_iFC,57,iFC,14
alpha,1.2979150124187568,0.4829019926662453,0.012932889845284812,1241.3500237923554,1133.6898082468333,1.0012047741943315,13.4904422421113,copath_tau_mapt_REGION-RF_rank41_region58_iIG,58,iIG,41
beta,0.9795276811741896,0.22975230077515504,0.007110213867962847,1240.648203187215,864.1656243306142,1.0008816947635168,13.482815166623721,copath_tau_mapt_REGION-RF_rank41_region58_iIG,58,iIG,41
gamma,0.0776125059938291,0.05647448010864099,0.0012444237006528907,1668.8701777779381,1476.7330429657748,1.000778796633129,18.136541919188176,copath_tau_mapt_REGION-RF_rank41_region58_iIG,58,iIG,41
sigma,0.5291211695237321,0.10251064129317422,0.0022536177019327392,2339.383863621109,1816.4697644725363,1.00092181319749,25.42338767424616,copath_tau_mapt_REGION-RF_rank41_region58_iIG,58,iIG,41
u0,0.00962158253144529,0.006174834152511452,0.00011825107204312655,2097.2542927540644,1497.2747608103975,1.0015423250179816,22.792030741646265,copath_tau_mapt_REGION-RF_rank41_region58_iIG,58,iIG,41
alpha,1.0757611386016124,0.38701458572391434,0.010145695759563653,1255.038326059909,1358.8237506347743,1.0018689060076442,10.689820076316247,copath_tau_mapt_REGION-RF_rank46_region59_iENTl,59,iENTl,46
beta,0.8744327612378171,0.19013457654060267,0.0054643317743506455,1333.6018682155793,1253.7514661715597,1.002141510103144,11.35898699557582,copath_tau_mapt_REGION-RF_rank46_region59_iENTl,59,iENTl,46
gamma,0.07179466051750222,0.05471604656274586,0.0013258251618867903,1376.3617114172991,1206.784536468697,1.0009919068960615,11.723195020802343,copath_tau_mapt_REGION-RF_rank46_region59_iENTl,59,iENTl,46
sigma,0.2756742741750396,0.05675443094658205,0.0012598408819233953,2246.872031068726,1949.508825843837,1.000618661486456,19.13778826343619,copath_tau_mapt_REGION-RF_rank46_region59_iENTl,59,iENTl,46
u0,0.010131546498983814,0.006046165605418166,0.00012160023682879829,1909.5399758269325,1342.8227263148456,1.0021402678292213,16.264554114619756,copath_tau_mapt_REGION-RF_rank46_region59_iENTl,59,iENTl,46
alpha,1.163776418220691,0.4404007894913076,0.01802630481780413,763.5216264971818,729.752144941159,1.0044410006533622,6.179559280789131,copath_tau_mapt_REGION-RF_rank56_region60_iENTm,60,iENTm,56
beta,0.7976330758061607,0.1709895068888406,0.0047865066156309415,1322.2595441051922,1678.6113551393396,1.0013346979049338,10.701702419187997,copath_tau_mapt_REGION-RF_rank56_region60_iENTm,60,iENTm,56
gamma,0.07180140754673829,0.05443496596877522,0.0013716812531354861,1231.8685067295576,827.349345833948,1.0040114901388764,9.970122913735938,copath_tau_mapt_REGION-RF_rank56_region60_iENTm,60,iENTm,56
sigma,0.23275829967607461,0.04726016360255591,0.001167413194669741,1405.7295055547063,784.3186824497525,1.002776791759183,11.377266223855631,copath_tau_mapt_REGION-RF_rank56_region60_iENTm,60,iENTm,56
u0,0.011239514113660982,0.006709549922029554,0.00020981437855884116,409.6347931880471,146.8266936198375,1.0134872846037053,3.315377587393952,copath_tau_mapt_REGION-RF_rank56_region60_iENTm,60,iENTm,56
alpha,1.2748454454436844,0.5094977214639005,0.013162749790542447,1310.059690288266,1288.8068600497681,1.0052425907650484,11.300632205233127,copath_tau_mapt_REGION-RF_rank52_region61_iPAR,61,iPAR,52
beta,0.8009616947763004,0.1782072557451899,0.005361441535531453,1300.8306151974432,1231.5316007761612,1.0043028438943078,11.221021799715713,copath_tau_mapt_REGION-RF_rank52_region61_iPAR,61,iPAR,52
gamma,0.07022782050396875,0.054878061990868886,0.001315145464388034,1557.0765917467422,1416.2088023772035,1.001612185760935,13.431410804522999,copath_tau_mapt_REGION-RF_rank52_region61_iPAR,61,iPAR,52
sigma,0.25677901834278144,0.05265972958598839,0.0011710843827465647,2189.853498125979,2365.037809395024,1.0010589075522132,18.889772083758704,copath_tau_mapt_REGION-RF_rank52_region61_iPAR,61,iPAR,52
u0,0.011747920709176948,0.006457388867366683,0.00012654278028610935,2091.089590652491,1450.8327337436,1.0004456638757044,18.037830296843655,copath_tau_mapt_REGION-RF_rank52_region61_iPAR,61,iPAR,52
alpha,1.4602703249204394,0.5398155191785895,0.01848129063804844,727.8856846840354,780.0933631822849,1.0047517186430577,7.275364671797891,copath_tau_mapt_REGION-RF_rank97_region62_iPOST,62,iPOST,97
beta,0.6152837436933613,0.14943293125320073,0.006968788309403077,711.8319676117815,828.677531012374,1.0096480185180596,7.11490452194728,copath_tau_mapt_REGION-RF_rank97_region62_iPOST,62,iPOST,97
gamma,0.08687948120054664,0.060568250078618935,0.0016164988587498796,1195.5884752363465,1069.2913149480698,1.006138043443461,11.950148680996588,copath_tau_mapt_REGION-RF_rank97_region62_iPOST,62,iPOST,97
sigma,0.22559296640082752,0.04807389712324513,0.0011325969875767483,1856.0774674317695,1413.9331087430753,1.0015817210764095,18.55186977682482,copath_tau_mapt_REGION-RF_rank97_region62_iPOST,62,iPOST,97
u0,0.011701738647062398,0.006554382429185226,0.00015712027388916098,1300.4705830946607,766.6970088911132,1.0030173106781388,12.99846656699445,copath_tau_mapt_REGION-RF_rank97_region62_iPOST,62,iPOST,97
alpha,1.2786142133881448,0.4525639635858318,0.011792795587217771,1280.8042743088686,992.1551142882321,1.0025931112272144,11.762368209283393,copath_tau_mapt_REGION-RF_rank58_region63_iPRE,63,iPRE,58
beta,0.7997480565200896,0.1678520049661978,0.005384711413945316,1176.366631518328,912.0216842767478,1.0045121125519603,10.803256786833758,copath_tau_mapt_REGION-RF_rank58_region63_iPRE,63,iPRE,58
gamma,0.07402295144016402,0.05394049555397033,0.0012676519901669153,1665.8114461039297,1603.5995317162776,1.002317288955735,15.298112279400584,copath_tau_mapt_REGION-RF_rank58_region63_iPRE,63,iPRE,58
sigma,0.2687047968318395,0.052800081636999625,0.0011636269086698423,2230.9213466285037,2181.8185497612476,1.001091808555084,20.487844123689076,copath_tau_mapt_REGION-RF_rank58_region63_iPRE,63,iPRE,58
u0,0.010676847894127216,0.006271124480215872,0.00011951747201297358,2179.1552873165697,1448.7101552628233,1.0028750330902383,20.01244638916861,copath_tau_mapt_REGION-RF_rank58_region63_iPRE,63,iPRE,58
alpha,1.1423721550477515,0.3877040458296027,0.01069505787637095,1251.7361700075235,1505.4849442391105,1.0050940004686206,10.082693661606994,copath_tau_mapt_REGION-RF_rank48_region64_iSUB,64,iSUB,48
beta,0.8259833939299359,0.15870866128892633,0.004648465946792932,1255.0288032896117,1255.757567413176,1.0039584969506004,10.10921571435163,copath_tau_mapt_REGION-RF_rank48_region64_iSUB,64,iSUB,48
gamma,0.06707218366526249,0.051761186117778885,0.001309236218389983,1277.8483198196732,1270.9948722862473,1.003152923607128,10.293026169135565,copath_tau_mapt_REGION-RF_rank48_region64_iSUB,64,iSUB,48
sigma,0.20739045847671023,0.04224393264415471,0.0009902425915808116,1844.1328452127555,1506.7093445203452,1.0010738296017057,14.854429387844695,copath_tau_mapt_REGION-RF_rank48_region64_iSUB,64,iSUB,48
u0,0.011539907050331812,0.006415788413856587,0.00014545026480831282,1543.513021287975,896.373178464108,1.001999116751455,12.432946597887787,copath_tau_mapt_REGION-RF_rank48_region64_iSUB,64,iSUB,48
alpha,1.5937687249365358,0.4666842922139839,0.012014517683672512,1418.7492102171125,1967.1376095427688,1.0018054228910844,12.643696731281638,copath_tau_mapt_REGION-RF_rank79_region65_iProS,65,iProS,79
beta,0.6710665670479283,0.11793034275198531,0.003147725560391459,1587.1310461021658,1616.5127902358379,1.00318983044718,14.144292363445022,copath_tau_mapt_REGION-RF_rank79_region65_iProS,65,iProS,79
gamma,0.07893432738501405,0.05435027188877016,0.0013613732302221943,1505.3692018981035,1809.8309297416513,1.003081136890337,13.41564211655025,copath_tau_mapt_REGION-RF_rank79_region65_iProS,65,iProS,79
sigma,0.17178875028552476,0.03721446370330449,0.000848776095940495,2183.639795452974,1782.0132566134848,1.0005734742207906,19.46029583328557,copath_tau_mapt_REGION-RF_rank79_region65_iProS,65,iProS,79
u0,0.011601132760170356,0.006195192159530411,0.00013585562333120522,1649.0303643930881,1330.037829970612,1.0015674883132368,14.695930526629429,copath_tau_mapt_REGION-RF_rank79_region65_iProS,65,iProS,79
alpha,1.479074480669416,0.6249549866779673,0.019014848887237656,1015.3667453455588,763.5613884655895,1.0028244033031055,9.96630099475421,copath_tau_mapt_REGION-RF_rank96_region66_iHATA,66,iHATA,96
beta,0.5816196157837042,0.3453736374544635,0.0158335060089397,1041.982993990871,349.5075798356225,1.005886662019892,10.22755196300423,copath_tau_mapt_REGION-RF_rank96_region66_iHATA,66,iHATA,96
gamma,0.10555342840197494,0.06520386786821533,0.001730629501797688,1154.2467341861766,779.1678925140295,1.0054265414614627,11.329473244858429,copath_tau_mapt_REGION-RF_rank96_region66_iHATA,66,iHATA,96
sigma,0.3497578954824065,0.07455741425400642,0.0025006251242474923,1038.8802975449892,1275.6008551877942,1.0041992508833033,10.19709754166656,copath_tau_mapt_REGION-RF_rank96_region66_iHATA,66,iHATA,96
u0,0.010513669676841472,0.006371252038211308,0.00015563704781903947,1274.5710494122955,791.710625827781,1.0017710775344364,12.51051285249603,copath_tau_mapt_REGION-RF_rank96_region66_iHATA,66,iHATA,96
alpha,0.9877098639807687,0.567609329247267,0.017576945517024815,750.2095820275251,586.8917743533236,1.003103964583392,5.172111369451186,copath_tau_mapt_REGION-RF_rank124_region67_iAPr,67,iAPr,124
beta,0.70166027030221,0.39805621980901745,0.01876247571040122,676.3733148691616,411.49313652665967,1.0038646955157342,4.663067755511321,copath_tau_mapt_REGION-RF_rank124_region67_iAPr,67,iAPr,124
gamma,0.08460889017758268,0.06268754837084398,0.0014204781232652853,1217.8289311093108,741.7316626034891,1.0003785232728537,8.395982951342724,copath_tau_mapt_REGION-RF_rank124_region67_iAPr,67,iAPr,124
sigma,0.21172591181646205,0.043568126938659774,0.00116489038408884,1495.4868681073604,1501.778863082272,1.0014056623605196,10.31021839590318,copath_tau_mapt_REGION-RF_rank124_region67_iAPr,67,iAPr,124
u0,0.011103612458232874,0.0062441774476359015,0.00017191228143890474,1034.3433113825013,878.1098801951389,1.0035721050893942,7.130992363839125,copath_tau_mapt_REGION-RF_rank124_region67_iAPr,67,iAPr,124
alpha,0.8218028527431268,0.5971144209999683,0.024587074445517797,598.9385956452985,854.6027146453786,1.002889233922535,3.021219283535938,copath_tau_mapt_REGION-RF_rank239_region68_iCLA,68,iCLA,239
beta,0.4783182490710583,0.5406535289589761,0.02123625573368995,749.839584103663,585.1210260932437,1.0009122842519074,3.7824074579995512,copath_tau_mapt_REGION-RF_rank239_region68_iCLA,68,iCLA,239
gamma,0.08710289423760534,0.06557451419684757,0.001986062742953192,749.075844718214,668.053792980371,1.0061474244783857,3.778554935928522,copath_tau_mapt_REGION-RF_rank239_region68_iCLA,68,iCLA,239
sigma,0.11815799945292972,0.02765074902167541,0.00104024539480047,707.1940222337316,1281.383078590316,1.0024145295292803,3.5672909254945,copath_tau_mapt_REGION-RF_rank239_region68_iCLA,68,iCLA,239
u0,0.013069124693367394,0.007228153637599652,0.00024510117262797556,675.4040136098494,267.10156369258453,1.0093052150128645,3.406932939255914,copath_tau_mapt_REGION-RF_rank239_region68_iCLA,68,iCLA,239
alpha,0.8880362534576127,0.519079288847114,0.01500450172834174,954.7825944442694,1192.1866256347623,1.001412201243464,4.173219725004237,copath_tau_mapt_REGION-RF_rank171_region69_iEP,69,iEP,171
beta,0.6617132373663939,0.38809864660588067,0.014099007642276878,985.0964469108649,964.0420299298024,1.0020754949036814,4.305717288104555,copath_tau_mapt_REGION-RF_rank171_region69_iEP,69,iEP,171
gamma,0.07706860419423063,0.06125056316381001,0.0015844495267350713,896.2545538611164,676.920040236669,0.9995825196748611,3.917401934809152,copath_tau_mapt_REGION-RF_rank171_region69_iEP,69,iEP,171
sigma,0.10977879749470919,0.020781973045752113,0.0005505883185832994,1361.295138060548,846.210669942216,1.001717418257594,5.950028576938248,copath_tau_mapt_REGION-RF_rank171_region69_iEP,69,iEP,171
u0,0.011703811532699816,0.005977064118484033,0.0001375939732513945,1565.9811176358849,1072.2619792712883,1.0024275231342532,6.844682053411389,copath_tau_mapt_REGION-RF_rank171_region69_iEP,69,iEP,171
alpha,0.6168976658510358,0.45555277079214873,0.0354756708257825,202.25867948643796,557.9059094704537,1.0431023371437949,1.047701007440756,copath_tau_mapt_REGION-RF_rank318_region70_iLA,70,iLA,318
beta,0.5338174782981809,0.39365940856783216,0.019004780199537642,425.8898285179775,859.6592284081258,1.0289830474962085,2.2061115178346413,copath_tau_mapt_REGION-RF_rank318_region70_iLA,70,iLA,318
gamma,0.08656718672789872,0.05988139238471657,0.0026586240179436995,448.88432018629345,509.8976515664284,1.0023255814202054,2.3252231037881037,copath_tau_mapt_REGION-RF_rank318_region70_iLA,70,iLA,318
sigma,0.06383421201281143,0.015407513674204664,0.0009125841919445705,250.09722149462837,660.1854440163403,1.0315241851483803,1.2955049028470778,copath_tau_mapt_REGION-RF_rank318_region70_iLA,70,iLA,318
u0,0.015465690667127078,0.007100408391258011,0.00041856069613416865,260.48814865100735,302.0468457967057,1.0316015301590555,1.3493299593421773,copath_tau_mapt_REGION-RF_rank318_region70_iLA,70,iLA,318
alpha,0.8243871659089009,0.48637012305252886,0.01584893901415601,808.3250225842679,921.1079150348415,1.0033686014805439,3.274970819038518,copath_tau_mapt_REGION-RF_rank177_region71_iBLA,71,iBLA,177
beta,0.7144206760634453,0.4224704513420367,0.016885666397682086,815.8888993055666,827.4523730028949,1.00395053645608,3.3056162584953617,copath_tau_mapt_REGION-RF_rank177_region71_iBLA,71,iBLA,177
gamma,0.08059595527837242,0.06051540123571927,0.0013779697342945962,1284.4058339701214,610.9054782783472,1.0022907351510277,5.203836957325495,copath_tau_mapt_REGION-RF_rank177_region71_iBLA,71,iBLA,177
sigma,0.09470427877330488,0.019983546937794184,0.0006798186659960439,985.9357289997903,1335.8784017828948,1.0066754389960573,3.9945698224196287,copath_tau_mapt_REGION-RF_rank177_region71_iBLA,71,iBLA,177
u0,0.010306963442416345,0.005813290957533677,0.0001635026803807556,997.127611808024,787.1466523523184,1.007186859913155,4.0399143170016245,copath_tau_mapt_REGION-RF_rank177_region71_iBLA,71,iBLA,177
alpha,0.7624189253735064,0.49005359420796557,0.030444439725939552,252.42712864989358,467.09254103902975,1.017992373757487,,copath_tau_mapt_REGION-RF_rank273_region72_iBMA,72,iBMA,273
beta,0.6609750382583223,0.4167393766683212,0.02373817894168649,279.0582023835095,426.73552114123214,1.0135465689506216,,copath_tau_mapt_REGION-RF_rank273_region72_iBMA,72,iBMA,273
gamma,0.07761822935602704,0.05926035480187331,0.003106626887716481,252.20933516036848,318.58675606025736,1.019248810467011,,copath_tau_mapt_REGION-RF_rank273_region72_iBMA,72,iBMA,273
u0,0.010406813933152787,0.0059024095951952064,0.0004478910176608373,138.33716315720375,172.97080022976732,1.019558272534824,,copath_tau_mapt_REGION-RF_rank273_region72_iBMA,72,iBMA,273
sigma,0.065191403467758,0.013073487173112203,0.0007783196193940037,270.50488497259227,496.6362674509812,1.0025365620321973,,copath_tau_mapt_REGION-RF_rank273_region72_iBMA,72,iBMA,273
alpha,0.8405297634635683,0.5326534127327377,0.014806608818303734,833.2021256012155,985.3103504538797,1.0012945636781827,4.519479087434315,copath_tau_mapt_REGION-RF_rank165_region73_iPA,73,iPA,165
beta,0.5500075223470057,0.6036997694891264,0.026510620606556342,743.0385940528525,439.0893697099501,1.0093427608490981,4.030411449749143,copath_tau_mapt_REGION-RF_rank165_region73_iPA,73,iPA,165
gamma,0.08403886111490237,0.06145290338066655,0.0015515112314011064,959.7720317069942,755.8141533058215,1.0025777879152915,5.206023235807473,copath_tau_mapt_REGION-RF_rank165_region73_iPA,73,iPA,165
sigma,0.20665217697359012,0.045166922130758624,0.0017248817115276315,766.0199210175793,1579.4585680068335,1.0057843881116735,4.15506742868538,copath_tau_mapt_REGION-RF_rank165_region73_iPA,73,iPA,165
u0,0.009827428771471662,0.006460637853097317,0.00017362802555239323,963.5932129234978,592.1795939331521,1.0029244486296232,5.226750197569391,copath_tau_mapt_REGION-RF_rank165_region73_iPA,73,iPA,165
alpha,1.58460656334095,0.6824383306376856,0.03423208379736942,406.5043854372403,632.9866614037547,1.0152787852224567,1.7031283823900532,copath_tau_mapt_REGION-RF_rank300_region74_iCP,74,iCP,300
beta,0.27138919218140767,0.1431019572338443,0.007228861255046487,221.0698335100936,97.32102243509026,1.0309304130958292,0.9262146275157787,copath_tau_mapt_REGION-RF_rank300_region74_iCP,74,iCP,300
gamma,0.10984672048925957,0.0676362028348623,0.003251773804619235,242.68318994179626,70.06561844286487,1.0224441281865864,1.0167679452566238,copath_tau_mapt_REGION-RF_rank300_region74_iCP,74,iCP,300
sigma,0.03231499132221071,0.008116045783189403,0.0004308792215250895,198.40120803006943,102.66481800880823,1.0336902728327428,0.8312400569382121,copath_tau_mapt_REGION-RF_rank300_region74_iCP,74,iCP,300
u0,0.02397677720154002,0.006963517935536539,0.00017120727345459227,1599.5142806206675,1628.949774573353,1.006447726475183,6.701473014696048,copath_tau_mapt_REGION-RF_rank300_region74_iCP,74,iCP,300
alpha,1.4800944447550262,0.8156055014798426,0.03311387015601964,501.27455697080234,369.93528380001317,1.0059464777351887,3.1798488779619665,copath_tau_mapt_REGION-RF_rank276_region75_iACB,75,iACB,276
beta,0.39590013221685394,0.28503093006748087,0.017257096111863664,537.9628289911199,338.37797635565,1.005690942152844,3.4125819361150964,copath_tau_mapt_REGION-RF_rank276_region75_iACB,75,iACB,276
gamma,0.11409493687794804,0.07412354287107471,0.002106829730126029,981.5790710772723,752.9517310006823,1.0033698725180407,6.226673714815767,copath_tau_mapt_REGION-RF_rank276_region75_iACB,75,iACB,276
sigma,0.08229026574727599,0.020015270738623896,0.0006817315520266182,784.9621631439467,820.9950082480907,1.0016661045030937,4.9794289756087995,copath_tau_mapt_REGION-RF_rank276_region75_iACB,75,iACB,276
u0,0.01676396997066225,0.006982634682438846,0.00017400055114554023,1399.2238358929396,1072.1231523101378,1.001578120602626,8.876014716304386,copath_tau_mapt_REGION-RF_rank276_region75_iACB,75,iACB,276
alpha,0.7890759868485434,0.592784864594217,0.011032552392018533,1515.0284413190018,1063.5635657888029,1.004123939539721,21.59021320924303,copath_tau_mapt_REGION-RF_rank1_region76_iFS,76,iFS,365
beta,-0.006909946922414688,1.022450120275361,0.01810391103493562,3187.854195408694,2708.510738528996,1.0011165340418908,45.42914831284122,copath_tau_mapt_REGION-RF_rank1_region76_iFS,76,iFS,365
gamma,0.08085689328757116,0.06017327884902871,0.0011432636229754475,1923.9524423254124,1316.7656998508817,1.001530892153215,27.417665768759797,copath_tau_mapt_REGION-RF_rank1_region76_iFS,76,iFS,365
sigma,1.698823337157854,2.1217284450843903,0.05206210733782071,3043.9473449530196,1894.7786761923687,1.0026338561077108,43.378375205965625,copath_tau_mapt_REGION-RF_rank1_region76_iFS,76,iFS,365
u0,0.008041485443441243,0.0059232707276425265,0.00011594522913046547,1849.8803182983509,1276.6635508476636,1.001945104515316,26.36208627797912,copath_tau_mapt_REGION-RF_rank1_region76_iFS,76,iFS,365
alpha,1.8202320836399895,0.7313438456833274,0.0278881143277069,666.5317229838438,274.29151846034415,1.0055083983324482,4.591735427936565,copath_tau_mapt_REGION-RF_rank254_region77_iOT,77,iOT,254
beta,0.32755550486508567,0.15225556795933487,0.009720985215458862,656.82272335021,264.16507153730186,1.0047194074941774,4.524850152937193,copath_tau_mapt_REGION-RF_rank254_region77_iOT,77,iOT,254
gamma,0.1364633360697054,0.07418295764071878,0.0018306790368433367,1230.263215851778,829.1400576801934,1.004062792680384,8.475280319179507,copath_tau_mapt_REGION-RF_rank254_region77_iOT,77,iOT,254
sigma,0.07092635248219724,0.017876211916550547,0.0006022820921207307,967.5016978015186,1404.2080328971474,1.0059047131781722,6.665116856698646,copath_tau_mapt_REGION-RF_rank254_region77_iOT,77,iOT,254
u0,0.01477464601961245,0.006511355418172246,0.00014438625033235815,1796.6801535011966,1155.8231885014497,1.0025722490343552,12.377325233028587,copath_tau_mapt_REGION-RF_rank254_region77_iOT,77,iOT,254
alpha,1.554800979379674,0.4822214852978565,0.011146869975718681,1795.4471455127473,2310.79402937871,1.0013028259452792,16.739205160476853,copath_tau_mapt_REGION-RF_rank104_region78_iLS,78,iLS,104
beta,0.5914758175395799,0.11658156498022504,0.0028421393621291323,1806.5658797307021,1908.3366991744276,1.0000958993016078,16.842866676586816,copath_tau_mapt_REGION-RF_rank104_region78_iLS,78,iLS,104
gamma,0.09806629825164204,0.06131967845942993,0.00139105060287817,1681.435194185306,1599.5711658963173,1.0007088649803024,15.676255772751315,copath_tau_mapt_REGION-RF_rank104_region78_iLS,78,iLS,104
sigma,0.18401758383402683,0.038345126467734546,0.0008685014107119997,2194.7294440487453,1919.8975490345215,1.0017113767092423,20.46176994265099,copath_tau_mapt_REGION-RF_rank104_region78_iLS,78,iLS,104
u0,0.01103835352761776,0.0062382802609787175,0.0001324896849809156,1783.0798905294212,1486.849942908004,1.000570335171912,16.62390351043652,copath_tau_mapt_REGION-RF_rank104_region78_iLS,78,iLS,104
alpha,0.802561609820985,0.6082924885929865,0.012013801332870548,1935.9686019232956,1363.1536761786904,1.001182447243754,28.244173113960315,copath_tau_mapt_REGION-RF_rank1_region79_iSF,79,iSF,366
beta,-0.0178885065064914,0.986631784911268,0.017994103044257633,3010.333069945937,2680.524295526584,1.0017792276948152,43.918257906540866,copath_tau_mapt_REGION-RF_rank1_region79_iSF,79,iSF,366
gamma,0.07925011227003532,0.060365332664385624,0.0011897124681169232,1644.0360689246475,1025.3295573823727,1.0030544670832997,23.985120053172377,copath_tau_mapt_REGION-RF_rank1_region79_iSF,79,iSF,366
sigma,1.619238540573748,2.120128390321166,0.04376183451173107,2740.906728645994,2621.9998298980186,1.0005996895897076,39.987551480012755,copath_tau_mapt_REGION-RF_rank1_region79_iSF,79,iSF,366
u0,0.008009585842039108,0.006026992597957801,0.00012064496543817688,1851.9845432330585,1524.9536995030815,1.0019037501363184,27.01891548834411,copath_tau_mapt_REGION-RF_rank1_region79_iSF,79,iSF,366
alpha,1.5504275892082728,0.4905921691830398,0.014962752448866228,983.4455161104137,513.887866654791,1.0030255879937477,9.864047303013177,copath_tau_mapt_REGION-RF_rank89_region80_iSH,80,iSH,89
beta,0.6291625431966513,0.16096643616967135,0.00713860450939659,862.997794567936,846.0280157001612,1.0071337465731094,8.655945783028445,copath_tau_mapt_REGION-RF_rank89_region80_iSH,80,iSH,89
gamma,0.09582655309587307,0.061314922424211105,0.0016018894004054503,1318.7774470521497,1132.416883905874,1.00545944443373,13.22745684104463,copath_tau_mapt_REGION-RF_rank89_region80_iSH,80,iSH,89
sigma,0.179231479351685,0.05638083033825691,0.002641059276230164,1143.5431431138213,590.3624450133618,1.0039317316885727,11.469840954000214,copath_tau_mapt_REGION-RF_rank89_region80_iSH,80,iSH,89
u0,0.01106393518027819,0.0063009386745454905,0.00013055490084714873,1813.595485467475,1194.169180475358,1.0019368766451375,18.19052643397668,copath_tau_mapt_REGION-RF_rank89_region80_iSH,80,iSH,89
alpha,0.7830142409325099,0.591990129024233,0.011627509669020245,1726.8053428143662,1124.1010476596061,1.002238573445733,24.410937994802953,copath_tau_mapt_REGION-RF_rank1_region81_iBA,81,iBA,367
beta,-0.03289590164374521,0.9952799280965434,0.018816459646917416,2799.050614004942,2267.387472367514,1.001050252506106,39.56870487291228,copath_tau_mapt_REGION-RF_rank1_region81_iBA,81,iBA,367
gamma,0.0798427641384499,0.05977368050521374,0.0011709145330242835,1708.8308514256537,1085.764595307916,1.0018405481961428,24.156842073335127,copath_tau_mapt_REGION-RF_rank1_region81_iBA,81,iBA,367
sigma,1.6885584863386107,2.28582682658531,0.04420588182522342,2953.1791052566655,2467.959100167459,0.9997020930219911,41.74753820744802,copath_tau_mapt_REGION-RF_rank1_region81_iBA,81,iBA,367
u0,0.00786912556322704,0.006028874873088795,0.0001210821697574614,1709.3094159065174,1403.6920976022452,1.003179292135921,24.16360728744423,copath_tau_mapt_REGION-RF_rank1_region81_iBA,81,iBA,367
alpha,0.7186806728504899,0.4573171633249308,0.02700078629454741,308.92057161993756,306.937319792253,1.0091688006886361,1.314745842462048,copath_tau_mapt_REGION-RF_rank219_region82_iCEA,82,iCEA,219
beta,0.7393283609052659,0.4394031745621322,0.021648382284146544,288.66067254007436,251.54704972612785,1.0075259823976215,1.2285210308728682,copath_tau_mapt_REGION-RF_rank219_region82_iCEA,82,iCEA,219
gamma,0.07968340285554783,0.05771728606039991,0.0016509624796410664,854.5425338036371,791.6121252396541,1.0066314448737557,3.6368773941916577,copath_tau_mapt_REGION-RF_rank219_region82_iCEA,82,iCEA,219
sigma,0.07834531381908119,0.01605659196951026,0.0006404804469437688,606.105381317741,1160.8497116407777,1.0013534451577124,2.5795450461672798,copath_tau_mapt_REGION-RF_rank219_region82_iCEA,82,iCEA,219
u0,0.010667040821332626,0.005705952743424405,0.00023008529556629834,528.8013846062267,768.4146673382086,1.0123925180055937,2.250544268558969,copath_tau_mapt_REGION-RF_rank219_region82_iCEA,82,iCEA,219
alpha,0.7266355648067112,0.4807515182973498,0.02242429920238222,461.21927423562136,510.0139425474272,1.0183816302362856,2.8793092583255593,copath_tau_mapt_REGION-RF_rank145_region83_iIA,83,iIA,145
beta,0.5795105841862132,0.6910771999428443,0.02868070399601182,553.1737915594866,880.2863959772743,1.0144048601887647,3.4533648276949425,copath_tau_mapt_REGION-RF_rank145_region83_iIA,83,iIA,145
gamma,0.07374998706596672,0.05872641067539933,0.0027815391722155938,290.7803974798803,232.87928760447636,1.0189405992763951,1.8152899008632593,copath_tau_mapt_REGION-RF_rank145_region83_iIA,83,iIA,145
sigma,0.2155892206590052,0.04568137924808729,0.0025563649395351448,224.47187751835116,324.4160023623509,1.024087374650407,1.4013376961391348,copath_tau_mapt_REGION-RF_rank145_region83_iIA,83,iIA,145
u0,0.007686715323823638,0.0058247488075805695,0.0004225503727677506,102.36199959708064,59.21483767025279,1.0384572482700232,0.6390276157236718,copath_tau_mapt_REGION-RF_rank145_region83_iIA,83,iIA,145
alpha,0.8112965646284007,0.5380206991255677,0.015703013698584074,950.4579150830587,1150.6026771347701,1.0086249440376132,4.047584820280378,copath_tau_mapt_REGION-RF_rank230_region84_iMEA,84,iMEA,230
beta,0.6823912952981284,0.4294012822467869,0.014584432192889511,981.7164109634798,1109.3897768521408,1.0071947105410166,4.180701091314149,copath_tau_mapt_REGION-RF_rank230_region84_iMEA,84,iMEA,230
gamma,0.08323700952076127,0.05977137408999644,0.0015588058845859443,1053.749246922987,894.34454839803,1.0016652123984857,4.487457454499329,copath_tau_mapt_REGION-RF_rank230_region84_iMEA,84,iMEA,230
sigma,0.09886161832632347,0.022204157598170546,0.000621759031407373,1372.8768245527021,1350.8439717910169,1.003305071487716,5.846482318671252,copath_tau_mapt_REGION-RF_rank230_region84_iMEA,84,iMEA,230
u0,0.010219687762957818,0.005934232890405141,0.00017200496641133522,817.9393935042115,435.33286877332023,1.0033229438977236,3.4832463600112913,copath_tau_mapt_REGION-RF_rank230_region84_iMEA,84,iMEA,230
alpha,0.5515631665209503,0.3756169963909792,0.02272493550307824,255.35181507010248,761.4532085844527,1.0205598405885357,1.684334285837461,copath_tau_mapt_REGION-RF_rank345_region85_iPALd,85,iPALd,345
beta,0.4679640514133735,0.6268662194706345,0.04214600285430423,146.60566239049797,284.4411054983553,1.0340006399455377,0.9670303052063135,copath_tau_mapt_REGION-RF_rank345_region85_iPALd,85,iPALd,345
gamma,0.08630085972695374,0.06320231007799268,0.005876116388135128,120.33080018183199,242.13234675310954,1.0144398038626412,0.7937178450557504,copath_tau_mapt_REGION-RF_rank345_region85_iPALd,85,iPALd,345
sigma,0.0609117807495914,0.01875587358223919,0.0014812520422756018,117.5611206104401,231.56498626891744,1.0164284609733596,0.7754486729271002,copath_tau_mapt_REGION-RF_rank345_region85_iPALd,85,iPALd,345
u0,0.00904732630864167,0.0059064751483591405,0.0005641511013390876,87.76607299938922,118.50973653318289,1.0607164150081996,0.5789166050987389,copath_tau_mapt_REGION-RF_rank345_region85_iPALd,85,iPALd,345
alpha,1.3553786250830249,0.7535951868215439,0.02518584636673037,717.6760699920743,516.1845010923462,1.0040727467755206,3.8529633427038448,copath_tau_mapt_REGION-RF_rank268_region86_iSI,86,iSI,268
beta,0.44496787442256286,0.33425725380610694,0.016698752973118902,751.5020264291215,468.58365122558854,1.0055104243338142,4.034563615630987,copath_tau_mapt_REGION-RF_rank268_region86_iSI,86,iSI,268
gamma,0.10814447497364663,0.06996027541751539,0.0018148152732014732,1130.797788223133,816.7793508787572,1.0014778434581353,6.070875995743362,copath_tau_mapt_REGION-RF_rank268_region86_iSI,86,iSI,268
sigma,0.09967373568743548,0.02164040760108551,0.0005755188946302396,1384.7278767510534,1736.0062623468111,1.001688434165858,7.434141908620218,copath_tau_mapt_REGION-RF_rank268_region86_iSI,86,iSI,268
u0,0.01504410104001737,0.006699732507327751,0.00015631894573231594,1569.3945952387517,1061.0784885218588,1.0018695976540752,8.42555589983546,copath_tau_mapt_REGION-RF_rank268_region86_iSI,86,iSI,268
alpha,0.8089137748289689,0.6058203777450188,0.011677315834870122,1940.5537262787286,1453.3566218820076,1.0013006274682734,26.875242033608405,copath_tau_mapt_REGION-RF_rank1_region87_iMA,87,iMA,368
beta,0.0389744006474496,0.9955980901971545,0.019699347614418522,2552.7249185706823,2439.520118442757,1.0021312549947525,35.35336285863615,copath_tau_mapt_REGION-RF_rank1_region87_iMA,87,iMA,368
gamma,0.07899951538007584,0.05895703735432191,0.0011954023921688375,1648.0188030458864,1218.0149306445242,1.0018048113113274,22.82384847583146,copath_tau_mapt_REGION-RF_rank1_region87_iMA,87,iMA,368
sigma,1.6917165281421993,2.187293765067883,0.049775836486808334,2501.6553864333955,2103.115905043205,1.0026336844760932,34.64608739486186,copath_tau_mapt_REGION-RF_rank1_region87_iMA,87,iMA,368
u0,0.008009695345580086,0.005961255782279708,0.000122005248529677,1701.1925749845573,1086.9160237820174,1.000032024683047,23.560266113405497,copath_tau_mapt_REGION-RF_rank1_region87_iMA,87,iMA,368
alpha,1.0194020741846486,0.35238247026570363,0.012169407098280554,640.7317831405051,649.9543295406739,1.0087181070229434,6.184013117724035,copath_tau_mapt_REGION-RF_rank26_region88_iMS,88,iMS,26
beta,1.2248629189484344,0.21692175163781868,0.008179137738085384,885.9028381087395,800.0334868867618,1.0036456097795712,8.55027784799625,copath_tau_mapt_REGION-RF_rank26_region88_iMS,88,iMS,26
gamma,0.0562801419093314,0.045804046102241265,0.001655054851726998,785.3836957731165,766.4675812645696,1.0059484351635313,7.580118865498031,copath_tau_mapt_REGION-RF_rank26_region88_iMS,88,iMS,26
sigma,0.4093509201319857,0.08189250641620036,0.0024241844414002083,1062.8600488682764,939.9666171847358,1.002438073193198,10.258177692216815,copath_tau_mapt_REGION-RF_rank26_region88_iMS,88,iMS,26
u0,0.009368702515806366,0.006055748822124087,0.0001706421875270535,897.1395123708593,575.2027866047623,1.0102152065659775,8.658728439749247,copath_tau_mapt_REGION-RF_rank26_region88_iMS,88,iMS,26
alpha,1.1466271441437577,0.3901181328764565,0.011981315381182658,924.0693306386038,460.68188329918837,1.0052159904879467,8.69524084799153,copath_tau_mapt_REGION-RF_rank31_region89_iNDB,89,iNDB,31
beta,1.093469856825947,0.19389993601361588,0.007808457933314889,851.491879874265,357.2279268648601,1.0055797782712097,8.012306793581295,copath_tau_mapt_REGION-RF_rank31_region89_iNDB,89,iNDB,31
gamma,0.05423189845993573,0.046864079112942714,0.0016793459106454569,782.5953547368631,800.9890538603337,1.0055884339194958,7.364009247286358,copath_tau_mapt_REGION-RF_rank31_region89_iNDB,89,iNDB,31
sigma,0.3510161842692313,0.07094350044339344,0.0019263704059731882,1297.6380443641422,1653.2841219638144,1.0008100929535884,12.210420749994281,copath_tau_mapt_REGION-RF_rank31_region89_iNDB,89,iNDB,31
u0,0.009745193806953477,0.006253743098967412,0.00014632112009888113,1356.4371907661132,715.441768437277,1.0017793428144202,12.763704711131833,copath_tau_mapt_REGION-RF_rank31_region89_iNDB,89,iNDB,31
alpha,0.7496302504277033,0.5935005736868076,0.013305652051420999,1306.0834119144745,927.1962338330857,1.0004069109816094,16.946716127085438,copath_tau_mapt_REGION-RF_rank355_region90_iBST,90,iBST,355
beta,-0.20187542377565093,0.8960878997304365,0.020785678392906345,1868.0717393017837,2225.843542462606,1.0033001421956196,24.23863681460729,copath_tau_mapt_REGION-RF_rank355_region90_iBST,90,iBST,355
gamma,0.07941086060819941,0.06088894905590293,0.00128486658240578,1328.233285163184,643.5436481372304,1.005378222169467,17.234115546427716,copath_tau_mapt_REGION-RF_rank355_region90_iBST,90,iBST,355
sigma,0.6513908362441682,0.9032518119378666,0.019066170409063506,2317.3024340801453,2283.2105858892905,1.0008971556160713,30.06750271286033,copath_tau_mapt_REGION-RF_rank355_region90_iBST,90,iBST,355
u0,0.007857024923568013,0.005964959606245691,0.00013192346394635956,1504.5329014350013,1245.429790228164,1.0021029837706499,19.52164138361232,copath_tau_mapt_REGION-RF_rank355_region90_iBST,90,iBST,355
alpha,0.6408061535463073,0.5626583895962198,0.014768890327883536,892.8883003097704,894.4542989396691,1.0064889951305789,9.287858743535345,copath_tau_mapt_REGION-RF_rank354_region91_iVAL,91,iVAL,354
beta,-0.25067520024181095,0.7700100257315998,0.024295844368371743,993.1371717542074,1387.5328586669466,1.0042331433691263,10.330651393916964,copath_tau_mapt_REGION-RF_rank354_region91_iVAL,91,iVAL,354
gamma,0.07829036060865482,0.05830048936247837,0.001717317756565829,658.9973692230436,371.97475817097984,1.007857957809135,6.854916203495538,copath_tau_mapt_REGION-RF_rank354_region91_iVAL,91,iVAL,354
sigma,0.054209900816862645,0.01338787303428657,0.0004075826856179732,1041.8584193311142,1299.490916472712,1.0077991002038367,10.837451701577097,copath_tau_mapt_REGION-RF_rank354_region91_iVAL,91,iVAL,354
u0,0.008040483193100162,0.0056587036109687775,0.00016787420469984414,798.4731434462973,554.5016438594866,1.0056754845374343,8.305748618570732,copath_tau_mapt_REGION-RF_rank354_region91_iVAL,91,iVAL,354
alpha,0.879306599368927,0.6053753341726967,0.06073053995642799,125.21634267658955,110.00853554367198,1.02001696444307,0.4551186631601523,copath_tau_mapt_REGION-RF_rank327_region92_iVM,92,iVM,327
beta,0.5040657782136697,0.38547348056167147,0.020087999219340163,162.2703399971216,122.18373246683036,1.022679042982774,0.5897972950765699,copath_tau_mapt_REGION-RF_rank327_region92_iVM,92,iVM,327
gamma,0.08865783915320102,0.06317023714190512,0.00428677563271372,273.6984213299499,276.7625174851269,1.0189496999921726,0.9948003348609193,copath_tau_mapt_REGION-RF_rank327_region92_iVM,92,iVM,327
sigma,0.03860518024834396,0.009395316405052452,0.0007846466689091522,83.08700535002214,52.85945352507749,1.0444567119763786,0.3019929027838655,copath_tau_mapt_REGION-RF_rank327_region92_iVM,92,iVM,327
u0,0.015033839673605992,0.006191266053152233,0.00035304788742572866,257.1084267115624,104.54041265500445,1.0110319448262965,0.9345013674006099,copath_tau_mapt_REGION-RF_rank327_region92_iVM,92,iVM,327
alpha,0.6055243441055447,0.4273128742617831,0.03132472480770471,235.23293217032347,127.74389130020955,1.016714169381667,0.8401476201661612,copath_tau_mapt_REGION-RF_rank340_region93_iVPL,93,iVPL,340
beta,0.6022750809162235,0.4266653503869923,0.02131913444154844,260.4869396396304,181.76497187756092,1.0168907401974194,0.9303437252745826,copath_tau_mapt_REGION-RF_rank340_region93_iVPL,93,iVPL,340
gamma,0.08100082902825921,0.060447579583067276,0.0023047780640603134,477.27543660104647,309.09134929905474,1.0151781042224086,1.7046160098612324,copath_tau_mapt_REGION-RF_rank340_region93_iVPL,93,iVPL,340
sigma,0.028515940560900673,0.006514782442600859,0.00024257920360520077,710.9653637978695,964.8571235855812,1.007305646572089,2.5392527011602897,copath_tau_mapt_REGION-RF_rank340_region93_iVPL,93,iVPL,340
u0,0.014158880910914174,0.005906181690581687,0.00042625375000406073,171.24747796529118,47.66284176107454,1.0231967227980747,0.61161997916101,copath_tau_mapt_REGION-RF_rank340_region93_iVPL,93,iVPL,340
alpha,0.5537115133498302,0.3943730799876948,0.01769089387603862,543.3263065600096,604.9231534095527,1.0104923513524038,1.8774168249591727,copath_tau_mapt_REGION-RF_rank338_region94_iVPM,94,iVPM,338
beta,0.6725622057443161,0.47264285918050264,0.017637893307281414,592.5963963665926,1006.8700066102635,1.0117359367367424,2.0476653375993603,copath_tau_mapt_REGION-RF_rank338_region94_iVPM,94,iVPM,338
gamma,0.08098324213182781,0.060600241341286866,0.0016933976135602752,992.3898049835947,842.7125562563955,1.002027407207316,3.4291167099754136,copath_tau_mapt_REGION-RF_rank338_region94_iVPM,94,iVPM,338
sigma,0.030491076928057432,0.006979729882876835,0.00025523428563488685,828.1818622144452,887.3228884657959,1.0117618598234714,2.8617104371251143,copath_tau_mapt_REGION-RF_rank338_region94_iVPM,94,iVPM,338
u0,0.012768431487127401,0.005744960915993556,0.00021625774894395357,612.409802155098,602.6176423878737,1.0144326403968391,2.1161288390679296,copath_tau_mapt_REGION-RF_rank338_region94_iVPM,94,iVPM,338
alpha,1.4211254184355184,0.71140699559036,0.0297692682301474,503.46728154213304,416.5949200698347,1.0065241580906188,2.7309514284435172,copath_tau_mapt_REGION-RF_rank271_region95_iPoT,95,iPoT,271
beta,0.3879974284531163,0.280116134417709,0.016499111544298287,516.4412434164803,416.6041449258107,1.0061032309536464,2.801325931439608,copath_tau_mapt_REGION-RF_rank271_region95_iPoT,95,iPoT,271
gamma,0.1120987034278786,0.0679701263278541,0.0016658958185827484,1409.554881527087,1339.3545488503441,1.0002916273646159,7.64583133463021,copath_tau_mapt_REGION-RF_rank271_region95_iPoT,95,iPoT,271
sigma,0.06148599742089768,0.014182612350798717,0.00044525539803125913,958.018814745961,1335.4718984871001,1.0020021453338261,5.1965697603873,copath_tau_mapt_REGION-RF_rank271_region95_iPoT,95,iPoT,271
u0,0.017118737155977445,0.006618218605974984,0.00016612932668955344,1457.0428556200025,1113.2334591016058,1.002191947852138,7.903419772722355,copath_tau_mapt_REGION-RF_rank271_region95_iPoT,95,iPoT,271
alpha,0.769293856835731,0.5572609716002809,0.027955628012843205,429.92500123574956,516.4981983848627,1.01030129368904,2.0663609900833397,copath_tau_mapt_REGION-RF_rank303_region96_iSPF,96,iSPF,303
beta,0.590620332303384,0.5276030492854109,0.01805353741632935,763.3164991775215,763.1407594636252,1.0055317571717213,3.6687502063237902,copath_tau_mapt_REGION-RF_rank303_region96_iSPF,96,iSPF,303
gamma,0.08266527045646606,0.05987287031336013,0.0017290088122685154,904.1777019639917,828.4469748322791,1.0035266528009645,4.3457754865878995,copath_tau_mapt_REGION-RF_rank303_region96_iSPF,96,iSPF,303
sigma,0.08196858797637381,0.019686515311937085,0.0007119328418371879,782.8464658947915,1231.0490108119654,1.0016646218453682,3.7626176512181235,copath_tau_mapt_REGION-RF_rank303_region96_iSPF,96,iSPF,303
u0,0.010345417360090873,0.005984924359227639,0.0001898253496061623,690.0833625104614,655.4716779276689,1.0090209114463358,3.3167676597045137,copath_tau_mapt_REGION-RF_rank303_region96_iSPF,96,iSPF,303
alpha,0.811488625809724,0.6025862165902411,0.010901493038739737,2201.371530100381,1399.0910956368373,1.001839729021442,31.11171375412158,copath_tau_mapt_REGION-RF_rank1_region97_iSPA,97,iSPA,369
beta,-0.007708621545733992,1.0030361979816023,0.017814413472455586,3176.718520838865,2389.1353291160312,0.9996331030664197,44.8961731113369,copath_tau_mapt_REGION-RF_rank1_region97_iSPA,97,iSPA,369
gamma,0.07891636298157485,0.05948122997381527,0.0010587181004139653,2266.7452608549597,1281.8947631103845,1.0017007187851998,32.035632670335936,copath_tau_mapt_REGION-RF_rank1_region97_iSPA,97,iSPA,369
sigma,1.6591136891845013,2.155237400242831,0.04424628080745234,3072.1053317840024,2249.4585660647854,1.000662629735697,43.41768774515599,copath_tau_mapt_REGION-RF_rank1_region97_iSPA,97,iSPA,369
u0,0.007982148992500928,0.006034398253604814,0.0001096187167064068,1852.8793949411154,1135.379496365967,1.0016248558710146,26.186517163547286,copath_tau_mapt_REGION-RF_rank1_region97_iSPA,97,iSPA,369
alpha,0.9858066337130332,0.6236728980782655,0.0205697923788538,701.1970738767119,944.263047847436,1.005030402112142,3.672958041971588,copath_tau_mapt_REGION-RF_rank228_region98_iPP,98,iPP,228
beta,0.5592890903439186,0.39920167801788575,0.01903259909739039,563.7647643476408,560.5539913379381,1.0070411215939983,2.9530704022232745,copath_tau_mapt_REGION-RF_rank228_region98_iPP,98,iPP,228
gamma,0.08663867605359263,0.06273085876813693,0.0014020135944007807,1421.2009583324505,986.7033292147486,1.004011504367464,7.444428511809094,copath_tau_mapt_REGION-RF_rank228_region98_iPP,98,iPP,228
sigma,0.11283880458827178,0.02524582576311182,0.0008582012602805908,1083.7447228284323,766.3432870808812,1.003024472285358,5.676790510761374,copath_tau_mapt_REGION-RF_rank228_region98_iPP,98,iPP,228
u0,0.012633791460408255,0.006702077904563933,0.0001584327231571691,1429.9946550076043,824.4077203492191,1.0035551372259761,7.490490995702665,copath_tau_mapt_REGION-RF_rank228_region98_iPP,98,iPP,228
alpha,0.7760149096106799,0.484203812594995,0.018038337387123446,711.0061070147233,1108.1106843729272,1.0023498376121898,2.099016355107779,copath_tau_mapt_REGION-RF_rank266_region99_iMG,99,iMG,266
beta,0.6517338844776925,0.43062114400794976,0.016339663826513185,787.8784492261312,906.881563492792,1.0029958600266367,2.3259571675217097,copath_tau_mapt_REGION-RF_rank266_region99_iMG,99,iMG,266
gamma,0.08008260751423074,0.061273619874573075,0.0017696212300217621,809.911882368274,631.0195445717745,1.0043509321950612,2.391003776922455,copath_tau_mapt_REGION-RF_rank266_region99_iMG,99,iMG,266
sigma,0.0455162367914577,0.009500265754030528,0.0002739929501097734,1242.8377845643363,1156.613469996771,1.006391857111546,3.6690779598218546,copath_tau_mapt_REGION-RF_rank266_region99_iMG,99,iMG,266
u0,0.011747594858103604,0.005285485091203682,0.00016945043863567048,813.8500855075389,491.72706217727415,1.0048849019954025,2.4026300523053226,copath_tau_mapt_REGION-RF_rank266_region99_iMG,99,iMG,266
alpha,0.7597461342269137,0.5720836330867348,0.03237818298478118,389.6803284494988,262.5853455377899,1.0125439824299989,1.861035338291404,copath_tau_mapt_REGION-RF_rank297_region100_iLGd,100,iLGd,297
beta,0.5357366195356625,0.6004420925202804,0.0225043036547381,692.7568452187837,595.4801406472694,1.007960936500329,3.308468187052728,copath_tau_mapt_REGION-RF_rank297_region100_iLGd,100,iLGd,297
gamma,0.08086118651715339,0.058748481012887585,0.0017521572918937467,910.3482053433963,838.8702381097537,1.0039974291841753,4.347641019076438,copath_tau_mapt_REGION-RF_rank297_region100_iLGd,100,iLGd,297
sigma,0.11215047000857904,0.026893544568772538,0.0012289699014325695,359.6380081422978,234.8983215530584,1.0075751999243565,1.717559222988303,copath_tau_mapt_REGION-RF_rank297_region100_iLGd,100,iLGd,297
u0,0.009959499160128487,0.00627800650626024,0.00021427439393174603,645.2192144648727,292.9608546569646,1.009186906566538,3.081437966965183,copath_tau_mapt_REGION-RF_rank297_region100_iLGd,100,iLGd,297
alpha,1.1194173882486447,0.6762336804965506,0.034856633154970514,363.7405857406614,469.1738273900675,1.0206510157203634,1.2631197199036752,copath_tau_mapt_REGION-RF_rank315_region101_iLP,101,iLP,315
beta,0.3741266595231863,0.27422981195253787,0.01277492316104776,426.57958732166384,681.4042452050251,1.0213318775623017,1.4813334282101045,copath_tau_mapt_REGION-RF_rank315_region101_iLP,101,iLP,315
gamma,0.1009648332229386,0.06482608020247912,0.0017716383447276378,892.6620138095753,477.76942190873314,1.0025039382515213,3.0998437816771722,copath_tau_mapt_REGION-RF_rank315_region101_iLP,101,iLP,315
sigma,0.035777371346927905,0.00911031232356067,0.0003560055057404471,633.9442081148591,1013.7088736931403,1.0113714462635333,2.201424482115703,copath_tau_mapt_REGION-RF_rank315_region101_iLP,101,iLP,315
u0,0.021874051752149844,0.007014050297859792,0.0002212435404377982,962.7016106226428,1106.5489788224484,1.0034057253521165,3.343062161414879,copath_tau_mapt_REGION-RF_rank315_region101_iLP,101,iLP,315
alpha,0.830047382922914,0.6240652243098046,0.08999357879292552,75.84862870700712,27.67528829951265,1.0406908562611834,,copath_tau_mapt_REGION-RF_rank336_region102_iPO,102,iPO,336
beta,0.5110560071206586,0.4177123813479406,0.026075391192741458,142.95990118273966,537.958014968278,1.0087513459101745,,copath_tau_mapt_REGION-RF_rank336_region102_iPO,102,iPO,336
gamma,0.09190537909395903,0.06694203492264918,0.0034614876395602707,331.8885791851163,339.86218298908534,1.0098710423312358,,copath_tau_mapt_REGION-RF_rank336_region102_iPO,102,iPO,336
u0,0.014243808826426308,0.006666096807140493,0.00035225649718767803,325.35657108018654,391.8828734630737,1.0036285059333208,,copath_tau_mapt_REGION-RF_rank336_region102_iPO,102,iPO,336
sigma,0.05203099377495258,0.013436908486149675,0.0008598356998463235,276.72396188408896,558.1305106831427,1.0175307154958988,,copath_tau_mapt_REGION-RF_rank336_region102_iPO,102,iPO,336
alpha,1.1480000140369886,0.6288476281254686,0.022790649953638158,592.9542865063435,590.2632653351014,1.0088348866971582,2.715377578806257,copath_tau_mapt_REGION-RF_rank214_region103_iPOL,103,iPOL,214
beta,0.5096891721678328,0.3265068723486956,0.016792068559535415,603.7576107014856,478.5657611959088,1.0076757640481624,2.764850371167545,copath_tau_mapt_REGION-RF_rank214_region103_iPOL,103,iPOL,214
gamma,0.09372549337586877,0.06589366268578657,0.0016002720085293452,1191.9399819080659,869.1755644535265,1.0019760285238895,5.458375419166941,copath_tau_mapt_REGION-RF_rank214_region103_iPOL,103,iPOL,214
sigma,0.08410836084316867,0.018384729227201982,0.0004893722024528911,1499.758917152874,1773.5196550761545,1.0011880868718162,6.868002862827938,copath_tau_mapt_REGION-RF_rank214_region103_iPOL,103,iPOL,214
u0,0.014154891823210817,0.00635922472084375,0.0001480640418691517,1659.7898029196513,1413.8149805737592,1.002615249539382,7.600849034980475,copath_tau_mapt_REGION-RF_rank214_region103_iPOL,103,iPOL,214
alpha,0.6782727373841569,0.5339973012605806,0.022401566936062354,640.0949449856537,627.3328704071615,1.009303233936684,3.6495104964060716,copath_tau_mapt_REGION-RF_rank301_region104_iSGN,104,iSGN,301
beta,0.46469216280395087,0.545366485323532,0.02194988538202901,698.4798880939632,461.6083494359938,1.0081727825668427,3.9823930857391625,copath_tau_mapt_REGION-RF_rank301_region104_iSGN,104,iSGN,301
gamma,0.08490186344689583,0.06327672620809849,0.0019206023925962567,762.4531758839075,513.4159312161892,1.002617315811472,4.347137702312007,copath_tau_mapt_REGION-RF_rank301_region104_iSGN,104,iSGN,301
sigma,0.08472943869471995,0.01947927529075862,0.0007516471588657946,651.1569185214378,1329.5237996178305,1.0012875221839286,3.712580496952186,copath_tau_mapt_REGION-RF_rank301_region104_iSGN,104,iSGN,301
u0,0.013449669171439475,0.007154241118252709,0.0002587875611663509,610.0257147133091,428.0283000414763,1.0028481842852044,3.4780703493506495,copath_tau_mapt_REGION-RF_rank301_region104_iSGN,104,iSGN,301
alpha,0.5762222819411913,0.5589965287165117,0.034167097183561604,360.14678576070173,227.30213521571218,1.0046975535903333,3.313431276721608,copath_tau_mapt_REGION-RF_rank353_region105_iEth,105,iEth,353
beta,0.11579856053463038,0.7365448961340583,0.02404477773265492,871.8230462818658,1467.6009453235226,1.005314104843867,8.020967737405957,copath_tau_mapt_REGION-RF_rank353_region105_iEth,105,iEth,353
gamma,0.08416821013649313,0.06041980033963399,0.003016389931764059,358.9780494667732,378.7793829570422,1.0106675309022246,3.3026786404531405,copath_tau_mapt_REGION-RF_rank353_region105_iEth,105,iEth,353
sigma,0.06271230020387228,0.014638796480188725,0.0007067210062209512,420.5426341071628,690.8423664849879,1.0117384716291236,3.8690866394999017,copath_tau_mapt_REGION-RF_rank353_region105_iEth,105,iEth,353
u0,0.009589960354466716,0.006341083864255617,0.00026389058042950716,477.2875754738778,430.290053843815,1.0072729625089507,4.391152838488935,copath_tau_mapt_REGION-RF_rank353_region105_iEth,105,iEth,353
alpha,0.7302753867692852,0.5813659914117982,0.013398323924884525,1317.5599015488895,1002.8722223750916,1.0009930171144183,16.089190528249617,copath_tau_mapt_REGION-RF_rank247_region106_iLD,106,iLD,247
beta,-0.18349526930929164,0.8637359314272489,0.02400011556763446,1351.4337956156814,1116.3986448564872,1.0024794265771504,16.502836644022924,copath_tau_mapt_REGION-RF_rank247_region106_iLD,106,iLD,247
gamma,0.08163752647276123,0.06225820206048397,0.0014145250732763202,1142.2436598804366,859.4280772752718,1.0048770158368545,13.948341818764412,copath_tau_mapt_REGION-RF_rank247_region106_iLD,106,iLD,247
sigma,0.3581794634362359,0.33675094840012204,0.008748337686560206,1403.4356873099262,1478.7239580571597,1.0061527088866324,17.137850158258246,copath_tau_mapt_REGION-RF_rank247_region106_iLD,106,iLD,247
u0,0.007860846870561947,0.005921644784150481,0.0001306930491933655,1345.6053169916518,866.5898216699975,1.0020907917012196,16.431663027581195,copath_tau_mapt_REGION-RF_rank247_region106_iLD,106,iLD,247
alpha,0.7870111909524228,0.5691021665873116,0.03512321278924434,348.71676431435947,306.6465253581395,1.0162313209632579,1.7010573868993144,copath_tau_mapt_REGION-RF_rank334_region107_iIMD,107,iIMD,334
beta,0.5243853192408232,0.41687564512267195,0.015074346175835427,594.419030953194,767.7087468276121,1.0074692756669896,2.8996050290399706,copath_tau_mapt_REGION-RF_rank334_region107_iIMD,107,iIMD,334
gamma,0.07933874035382765,0.06168370210909248,0.0022291148488605412,521.4274605753104,417.83796521120206,1.0125002367627705,2.543548588172246,copath_tau_mapt_REGION-RF_rank334_region107_iIMD,107,iIMD,334
sigma,0.06451660852507071,0.015591621337888086,0.0008554367369388675,204.32969658342287,140.05662050886443,1.0163085944084136,0.9967302272362092,copath_tau_mapt_REGION-RF_rank334_region107_iIMD,107,iIMD,334
u0,0.012700966276753971,0.006311757497337007,0.00028262794443622365,362.46910245671273,210.063420845715,1.0135789689739478,1.7681419632034767,copath_tau_mapt_REGION-RF_rank334_region107_iIMD,107,iIMD,334
alpha,0.894383750757561,0.6339391362028525,0.03728580767113617,310.71900111697505,473.5506984419859,1.0090798281202962,1.1061827853203001,copath_tau_mapt_REGION-RF_rank337_region108_iMD,108,iMD,337
beta,0.4504828392066551,0.3626468464328792,0.015250703802470624,293.02731190572064,204.39473898860237,1.0091123478432273,1.0431990541085776,copath_tau_mapt_REGION-RF_rank337_region108_iMD,108,iMD,337
gamma,0.08973627101597527,0.06600766810665114,0.002766873765355214,443.394826040501,599.9115885195714,1.0097021248091482,1.5785186033133651,copath_tau_mapt_REGION-RF_rank337_region108_iMD,108,iMD,337
sigma,0.03569758953296958,0.008518469258146486,0.00031251879737295604,656.9389737732552,517.9981723139773,1.0065055931347766,2.338751673317794,copath_tau_mapt_REGION-RF_rank337_region108_iMD,108,iMD,337
u0,0.018789662636349156,0.0066111408795792885,0.00021764335660539943,897.346306317918,1133.7808226904874,1.003461270491629,3.1946196819355346,copath_tau_mapt_REGION-RF_rank337_region108_iMD,108,iMD,337
alpha,0.7276395761538128,0.5108847891951946,0.01615559555791796,NaN,NaN,NaN,NaN,copath_tau_mapt_REGION-RF_rank349_region109_iSMT,109,iSMT,349
beta,0.3015859795132948,0.6057778863876194,0.019156378771475874,NaN,NaN,NaN,NaN,copath_tau_mapt_REGION-RF_rank349_region109_iSMT,109,iSMT,349
gamma,0.09471108304622763,0.06044400719065472,0.001911407336300643,NaN,NaN,NaN,NaN,copath_tau_mapt_REGION-RF_rank349_region109_iSMT,109,iSMT,349
u0,0.011736281270236645,0.006223412047960842,0.00019680156889289314,NaN,NaN,NaN,NaN,copath_tau_mapt_REGION-RF_rank349_region109_iSMT,109,iSMT,349
sigma,0.0717392354014911,0.017543984017810838,0.000554789487298743,NaN,NaN,NaN,NaN,copath_tau_mapt_REGION-RF_rank349_region109_iSMT,109,iSMT,349
alpha,0.7630886097900897,0.4768030972533867,0.025476700724568514,396.1908796064458,366.70054101958624,1.0118992348667175,1.4813033661223347,copath_tau_mapt_REGION-RF_rank232_region110_iPR,110,iPR,232
beta,0.7017313009068232,0.4131406084611536,0.01575233589466433,610.5356667432357,1264.7911223555311,1.006008728272789,2.2827091304647618,copath_tau_mapt_REGION-RF_rank232_region110_iPR,110,iPR,232
gamma,0.07838830506879639,0.06101588136153665,0.00148852157624444,1006.6724204439656,771.419522936696,1.0032423406174964,3.76381012724833,copath_tau_mapt_REGION-RF_rank232_region110_iPR,110,iPR,232
sigma,0.07754332554217247,0.020618856556030882,0.0006677571348422644,878.5739164871305,1416.018006103338,1.0023219456597758,3.284867388094453,copath_tau_mapt_REGION-RF_rank232_region110_iPR,110,iPR,232
u0,0.009291870971962952,0.005510342163476783,0.0002321995349541672,439.35526877587387,328.9866555105299,1.0088409728013283,1.6426890977595756,copath_tau_mapt_REGION-RF_rank232_region110_iPR,110,iPR,232
alpha,0.9490479456235833,0.5883523382949373,0.021408801759944602,590.5178327024341,580.1443431040839,1.010846446544965,3.502042051123135,copath_tau_mapt_REGION-RF_rank197_region111_iPVT,111,iPVT,197
beta,0.6070616398220966,0.40193232644814597,0.01869068234339821,583.2060367885549,526.3853481721274,1.0083585241333375,3.458679742075749,copath_tau_mapt_REGION-RF_rank197_region111_iPVT,111,iPVT,197
gamma,0.08722069956492294,0.06506055227557006,0.0017641934921704826,872.8530538321468,584.6693797584235,1.0023039750015152,5.176419626453091,copath_tau_mapt_REGION-RF_rank197_region111_iPVT,111,iPVT,197
sigma,0.15646831306522319,0.03528640409361661,0.0011596504117424556,919.8475185694339,1075.7620814601503,1.0064081204366435,5.455118393138659,copath_tau_mapt_REGION-RF_rank197_region111_iPVT,111,iPVT,197
u0,0.011747592479551318,0.006333360907682294,0.00017914517991059122,994.5550033225117,763.3873029076516,1.0011134974104243,5.898168100785262,copath_tau_mapt_REGION-RF_rank197_region111_iPVT,111,iPVT,197
alpha,0.9788140390331136,0.5540318054630426,0.018390912874098716,715.6510187380625,717.2140985627169,1.0024818977989176,4.432044061744838,copath_tau_mapt_REGION-RF_rank135_region112_iRE,112,iRE,135
beta,0.6780480892390289,0.4101475072345352,0.01903571189497469,627.7508054429626,640.8079972343734,1.004116370953134,3.8876759155950418,copath_tau_mapt_REGION-RF_rank135_region112_iRE,112,iRE,135
gamma,0.08312303429877939,0.06310212008447215,0.001503227706607049,1147.1749218075847,764.7959333663684,1.0009918957611637,7.104482026652204,copath_tau_mapt_REGION-RF_rank135_region112_iRE,112,iRE,135
sigma,0.170819793945801,0.040613958974011495,0.0013558532295681882,1116.095520431722,843.5363383748157,1.0015200348987163,6.9120065425071955,copath_tau_mapt_REGION-RF_rank135_region112_iRE,112,iRE,135
u0,0.010329869101573274,0.0063945381743331,0.00015609670003805846,1243.8769008854554,772.8260531604142,1.0014185565281506,7.703359721099976,copath_tau_mapt_REGION-RF_rank135_region112_iRE,112,iRE,135
alpha,1.0435321639303423,0.5340380633061913,0.020150602068170327,546.3622973288702,399.62921130282575,1.0026807247216283,4.126728128711368,copath_tau_mapt_REGION-RF_rank109_region113_iXi,113,iXi,109
beta,0.6605824266719896,0.37877513255550954,0.019719676786970324,489.4628496891969,355.3265199609522,1.0036642970315823,3.696961008559148,copath_tau_mapt_REGION-RF_rank109_region113_iXi,113,iXi,109
gamma,0.08473244866188681,0.06068549935092409,0.0014668703792826828,1326.3259794502378,1319.041733289062,1.0050659865679166,10.017870475318272,copath_tau_mapt_REGION-RF_rank109_region113_iXi,113,iXi,109
sigma,0.2490407871311222,0.06478404111320217,0.0023111440265252544,845.7659971370587,993.242845197271,1.0025975884265765,6.388153699032136,copath_tau_mapt_REGION-RF_rank109_region113_iXi,113,iXi,109
u0,0.010076126079214544,0.006261208655527424,0.00018704405374256848,773.5017034627798,607.7949203997244,1.0051416001645548,5.842334386709417,copath_tau_mapt_REGION-RF_rank109_region113_iXi,113,iXi,109
alpha,0.6628781536945947,0.519052638075398,0.022802262611735572,501.7924797885968,490.0341349777926,1.0050771891014287,4.173917034366681,copath_tau_mapt_REGION-RF_rank344_region114_iRH,114,iRH,344
beta,0.10901678173358988,0.7935972866952644,0.03453871705060505,520.9767287776032,810.7403834109181,1.0072481085060303,4.333491892245141,copath_tau_mapt_REGION-RF_rank344_region114_iRH,114,iRH,344
gamma,0.07684157563200739,0.05895037500353789,0.0024440511713473066,455.4579504515528,341.77992901700026,1.0123596825534615,3.788505755662927,copath_tau_mapt_REGION-RF_rank344_region114_iRH,114,iRH,344
sigma,0.10612612487096175,0.026315424230258705,0.0013882968646064284,263.8287259534238,179.52644389810087,1.0044519878512002,2.1945311214631706,copath_tau_mapt_REGION-RF_rank344_region114_iRH,114,iRH,344
u0,0.009133818299866552,0.006256954503180158,0.0002525957822161192,448.2341504234146,202.95386407687562,1.0044118978653973,3.7284180835579024,copath_tau_mapt_REGION-RF_rank344_region114_iRH,114,iRH,344
alpha,0.5940838024479744,0.4955928140222388,0.021277097997716515,544.2683909082164,577.1885842197523,1.0071339405009192,3.5166726384537914,copath_tau_mapt_REGION-RF_rank350_region115_iCM,115,iCM,350
beta,0.19584419750851628,0.7755430587752793,0.03254683837852721,546.8331027092977,740.9765527442883,1.009653706083954,3.5332439697437303,copath_tau_mapt_REGION-RF_rank350_region115_iCM,115,iCM,350
gamma,0.08190990867366203,0.06064822169614953,0.002138199107310602,561.9298746540106,394.1527589763417,1.0027069017904329,3.630788500555739,copath_tau_mapt_REGION-RF_rank350_region115_iCM,115,iCM,350
sigma,0.0734822947751669,0.0174709695608323,0.0007173581268882828,496.4730720521103,1017.8718736010424,1.0127283272576149,3.207853510106161,copath_tau_mapt_REGION-RF_rank350_region115_iCM,115,iCM,350
u0,0.009427263259367255,0.0064574604866994316,0.00024024638691663009,516.6528127909879,313.11342665473205,1.0075168188378796,3.3382405457910416,copath_tau_mapt_REGION-RF_rank350_region115_iCM,115,iCM,350
alpha,0.6583038899750214,0.47954773916630844,0.02167697641513023,592.978819751851,629.110693157795,1.0053133882153,2.417962965726703,copath_tau_mapt_REGION-RF_rank339_region116_iPCN,116,iPCN,339
beta,0.6418354623943894,0.4651671160440475,0.017673107106225158,635.6468094699219,704.8303774403021,1.0075955483736967,2.5919483013302203,copath_tau_mapt_REGION-RF_rank339_region116_iPCN,116,iPCN,339
gamma,0.07946679911518345,0.05905086124138552,0.0018049065284241848,730.07313638691,656.3239768326838,1.004548995472651,2.9769862721137748,copath_tau_mapt_REGION-RF_rank339_region116_iPCN,116,iPCN,339
sigma,0.05135403977321232,0.011955835237434157,0.00042310445408341523,830.153028986349,1175.9875092443299,1.0045813767345304,3.3850775324738276,copath_tau_mapt_REGION-RF_rank339_region116_iPCN,116,iPCN,339
u0,0.008499308545553426,0.005322987004184767,0.00020350760042161002,528.4271567033369,298.48044486256214,1.0034287153542987,2.154743563231529,copath_tau_mapt_REGION-RF_rank339_region116_iPCN,116,iPCN,339
alpha,0.5787357909628408,0.4166380552702095,0.021069718105945382,352.1124611083648,806.6487537298922,1.0076869908773638,,copath_tau_mapt_REGION-RF_rank330_region117_iCL,117,iCL,330
beta,0.5805189116726032,0.49388131185454714,0.020428973543083002,526.9944736529565,480.77231639396086,1.0050139772655373,,copath_tau_mapt_REGION-RF_rank330_region117_iCL,117,iCL,330
gamma,0.08279187445682595,0.05717700611528652,0.0019960854407323285,581.2998251767507,525.1306146158296,1.0025161937436686,,copath_tau_mapt_REGION-RF_rank330_region117_iCL,117,iCL,330
u0,0.011795177788583895,0.007052095578554155,0.0003527507496416342,274.5439038230725,238.1527799552635,1.0102620410196759,,copath_tau_mapt_REGION-RF_rank330_region117_iCL,117,iCL,330
sigma,0.0732757301780563,0.01688490088499481,0.0008270312640024699,419.9969849828951,768.6081496944304,1.0031768146187754,,copath_tau_mapt_REGION-RF_rank330_region117_iCL,117,iCL,330
alpha,0.7687558368595564,0.5729063768969783,0.01202287188894658,1380.086785621849,736.2275618506453,1.0052165780555924,18.370050522739483,copath_tau_mapt_REGION-RF_rank325_region118_iPF,118,iPF,325
beta,-0.052187322367616557,0.957533415345934,0.02039710326803245,2193.006541205307,1870.7378717319305,1.0018749697420983,29.190657702361428,copath_tau_mapt_REGION-RF_rank325_region118_iPF,118,iPF,325
gamma,0.08179179059585898,0.06018065783369762,0.001090823209156721,2009.7636694528896,1210.870888136942,1.002226127279871,26.751549635322718,copath_tau_mapt_REGION-RF_rank325_region118_iPF,118,iPF,325
sigma,0.6548928545064595,0.7528162597766697,0.016983672192988294,2140.446492687223,1908.1797793571102,1.003320049796142,28.491041738485805,copath_tau_mapt_REGION-RF_rank325_region118_iPF,118,iPF,325
u0,0.007630903891177893,0.005954943785875462,0.00012626077137340957,1475.4157211263125,1031.1971415451358,1.0011206489741515,19.638954319037264,copath_tau_mapt_REGION-RF_rank325_region118_iPF,118,iPF,325
alpha,0.9489192143000875,0.5589469372502663,0.017643652871052486,810.235444681528,728.6203812566454,1.0022802650041311,4.250370853454799,copath_tau_mapt_REGION-RF_rank170_region119_iPIL,119,iPIL,170
beta,0.6240622556645642,0.3892845382867743,0.0166263297849699,748.7403024802761,598.4561234564638,1.0058563086267052,3.9277767707631974,copath_tau_mapt_REGION-RF_rank170_region119_iPIL,119,iPIL,170
gamma,0.08243442116477726,0.06084091824072165,0.0013373244692007889,1460.4979207455344,1050.7935168894276,1.0009424305342098,7.661548053242901,copath_tau_mapt_REGION-RF_rank170_region119_iPIL,119,iPIL,170
sigma,0.1404828614063696,0.02969711096684593,0.0008161035821704824,1310.665773239539,1150.1524382986306,1.0032160224569577,6.875551591534982,copath_tau_mapt_REGION-RF_rank170_region119_iPIL,119,iPIL,170
u0,0.01177316616525838,0.006388492765412173,0.00017046828755012535,1161.5351956844875,1058.2199354058632,1.0018455238658668,6.093235458169553,copath_tau_mapt_REGION-RF_rank170_region119_iPIL,119,iPIL,170
alpha,0.6954574679206135,0.5056008801360362,0.023904097004580193,448.8718399075749,726.442397848031,1.0074994532555055,2.429039037563854,copath_tau_mapt_REGION-RF_rank313_region120_iRT,120,iRT,313
beta,0.5581741198973872,0.510582031952057,0.019695914684612143,572.4903187103887,570.9748545012848,1.011470748967907,3.0979919191661454,copath_tau_mapt_REGION-RF_rank313_region120_iRT,120,iRT,313
gamma,0.08392732042134635,0.06120330352169233,0.002237998538145993,574.7838881238445,593.301762411938,1.007768227597901,3.1104034120363453,copath_tau_mapt_REGION-RF_rank313_region120_iRT,120,iRT,313
sigma,0.10223712657358255,0.02258448002254665,0.0009717096551654691,459.5859474151334,377.2339473994375,1.0068290352600595,2.4870176922147547,copath_tau_mapt_REGION-RF_rank313_region120_iRT,120,iRT,313
u0,0.011324894370502549,0.006714810567136911,0.0002873551360339133,431.77620284574124,333.8679612151756,1.0062519305590856,2.3365271753722587,copath_tau_mapt_REGION-RF_rank313_region120_iRT,120,iRT,313
alpha,0.7393905263546108,0.567782820667093,0.01071059961715585,1926.119396559534,1341.8703020750681,1.0006584092814725,24.759546444532717,copath_tau_mapt_REGION-RF_rank356_region121_iIGL,121,iIGL,356
beta,-0.20582388403682012,0.9091015961322837,0.01976685893933055,2122.582075455715,2052.2079291799405,1.0010008495858063,27.285000905681933,copath_tau_mapt_REGION-RF_rank356_region121_iIGL,121,iIGL,356
gamma,0.08171954748979574,0.061784632138226436,0.0011392417929771011,2077.998449107585,1407.6926397310044,1.001366790376834,26.711895017644068,copath_tau_mapt_REGION-RF_rank356_region121_iIGL,121,iIGL,356
sigma,0.6475965670077891,0.7737112053764947,0.016748464021486054,2321.2502362229043,2374.3266972085403,0.9999233856627613,29.838806013688945,copath_tau_mapt_REGION-RF_rank356_region121_iIGL,121,iIGL,356
u0,0.007808983952784593,0.00623942631549405,0.00012464500830175495,1376.7344326464288,816.568745385755,1.0048818545908866,17.697407641387127,copath_tau_mapt_REGION-RF_rank356_region121_iIGL,121,iIGL,356
alpha,0.7753356077588027,0.5949570442703076,0.012864708584988043,1018.7409063125555,675.2640213331746,1.005694032687915,11.522914900040217,copath_tau_mapt_REGION-RF_rank357_region122_iIntG,122,iIntG,357
beta,-0.6080960841911719,0.7448515003267153,0.021490047516385644,1228.1886253717032,1384.4491909419514,1.00077526997032,13.891964996852202,copath_tau_mapt_REGION-RF_rank357_region122_iIntG,122,iIntG,357
gamma,0.07921590020256936,0.05902981403047305,0.0013031989930164033,1306.2499876198974,976.4170977799618,1.002941597219357,14.774912200202436,copath_tau_mapt_REGION-RF_rank357_region122_iIntG,122,iIntG,357
sigma,0.03430643057324768,0.04018733708613133,0.0009240035675009008,1984.7116995502925,2203.2891448531705,1.0015331951293418,22.448950339896985,copath_tau_mapt_REGION-RF_rank357_region122_iIntG,122,iIntG,357
u0,0.006894967730038462,0.005818370528171344,0.00013073210006501492,1331.6108898861628,1242.8110526740293,1.0002634599446318,15.061767785161893,copath_tau_mapt_REGION-RF_rank357_region122_iIntG,122,iIntG,357
alpha,0.9989871633177406,0.6830722861646072,0.09820513009082099,52.945625206738626,121.51515539492797,1.021884325148695,,copath_tau_mapt_REGION-RF_rank277_region123_iLGv,123,iLGv,277
beta,0.3383668028398913,0.4496038703794341,0.029692603200041346,173.09050101114448,263.62155646058596,1.018262652313771,,copath_tau_mapt_REGION-RF_rank277_region123_iLGv,123,iLGv,277
gamma,0.07997843755713663,0.06165102523921247,0.00784444902770238,70.86363147198699,233.9123776585905,1.041107716175468,,copath_tau_mapt_REGION-RF_rank277_region123_iLGv,123,iLGv,277
u0,0.012835587733877165,0.006257791160001344,0.0004214952760294179,229.32054881870252,365.36731130534787,1.0248635823686074,,copath_tau_mapt_REGION-RF_rank277_region123_iLGv,123,iLGv,277
sigma,0.10977452350870685,0.024716328885012954,0.002807832044935397,75.3738348273357,158.17722404180927,1.0115943740751405,,copath_tau_mapt_REGION-RF_rank277_region123_iLGv,123,iLGv,277
alpha,0.8118508702847578,0.5925525839020096,0.01129282485676196,2047.3053496483792,1452.9304473096531,1.0004954391433165,28.91796756428068,copath_tau_mapt_REGION-RF_rank1_region124_iSubG,124,iSubG,370
beta,-0.015474742852562937,1.0235750643385062,0.01935249240780638,2792.798422287452,2020.1362962866165,1.000426505856937,39.44797692398622,copath_tau_mapt_REGION-RF_rank1_region124_iSubG,124,iSubG,370
gamma,0.08057473262992207,0.0616414023666984,0.0011464198283190256,2064.516601339655,1158.388619845405,1.0007576789523172,29.161074640728494,copath_tau_mapt_REGION-RF_rank1_region124_iSubG,124,iSubG,370
sigma,1.6490068938126567,2.0494199614514694,0.0415448257875696,2964.4706712461634,2475.4989585578587,1.0003658591756859,41.87282895103131,copath_tau_mapt_REGION-RF_rank1_region124_iSubG,124,iSubG,370
u0,0.008110474908721148,0.005953132938647956,0.00011506278556767653,1822.952956550622,1110.4641075873394,1.0002312071810795,25.749014175044454,copath_tau_mapt_REGION-RF_rank1_region124_iSubG,124,iSubG,370
alpha,1.1596543391856475,0.4129918271198862,0.011241888237599055,1204.7672109848945,1316.2006124273262,1.0039004190696534,11.57806576252109,copath_tau_mapt_REGION-RF_rank44_region125_iMH,125,iMH,44
beta,0.892232436953049,0.194870850052639,0.005520387455424531,1408.6492379938486,1350.3282013785313,1.003525797621204,13.537414834260865,copath_tau_mapt_REGION-RF_rank44_region125_iMH,125,iMH,44
gamma,0.07298539245685448,0.05548230672641878,0.0013941089747575711,1266.7051274260766,1004.9716390002046,1.0017755600677671,12.173302139483322,copath_tau_mapt_REGION-RF_rank44_region125_iMH,125,iMH,44
sigma,0.32236138114032803,0.06558308377324767,0.0014621350621341176,2021.2215688042536,1858.3319518886285,1.002443716713962,19.424363504307813,copath_tau_mapt_REGION-RF_rank44_region125_iMH,125,iMH,44
u0,0.008958094532055446,0.0061694668071559,0.00015875499616434436,1075.685560304403,622.7153690921432,1.0038123161529227,10.337564006923225,copath_tau_mapt_REGION-RF_rank44_region125_iMH,125,iMH,44
alpha,0.9892426142391381,0.6494767033557016,0.024097988728421494,721.9165035044101,1077.664885512056,1.009020471482673,3.4253663169941073,copath_tau_mapt_REGION-RF_rank265_region126_iLH,126,iLH,265
beta,0.5312284694489141,0.3694776316627488,0.014683171528096027,770.9871807307848,816.063603890143,1.0091956382719085,3.658198014437476,copath_tau_mapt_REGION-RF_rank265_region126_iLH,126,iLH,265
gamma,0.0886794937926476,0.06371705757291038,0.0014737214427196323,1291.5569218314229,888.6131117183606,1.0015960242159236,6.1282095021324325,copath_tau_mapt_REGION-RF_rank265_region126_iLH,126,iLH,265
sigma,0.08598654391309943,0.01939186230629659,0.0005369138538905499,1247.609950741032,1348.0315846894184,1.00482851174264,5.91968888544588,copath_tau_mapt_REGION-RF_rank265_region126_iLH,126,iLH,265
u0,0.01579300360568161,0.00715579090240898,0.00019150527289143527,1165.6344466732453,929.9460463731224,1.0041443808871136,5.530729595708997,copath_tau_mapt_REGION-RF_rank265_region126_iLH,126,iLH,265
alpha,0.7949199348360013,0.6032166954010652,0.011228510952279218,1974.45555418963,1151.1865544546358,1.003165067317396,27.39597832955877,copath_tau_mapt_REGION-RF_rank1_region127_iPVH,127,iPVH,371
beta,-0.0039939469377909004,0.9800914912247495,0.017747698053546666,3050.7981616397533,2537.814091289717,1.0010476007169264,42.33045415825718,copath_tau_mapt_REGION-RF_rank1_region127_iPVH,127,iPVH,371
gamma,0.07840576590817315,0.058993078870363425,0.0011028560171260587,1811.3657639533267,1268.3719871442745,1.0003494069209948,25.13307382932562,copath_tau_mapt_REGION-RF_rank1_region127_iPVH,127,iPVH,371
sigma,1.680242199536127,2.283390109426934,0.04770797001613146,2836.4730853450187,2403.439105321303,1.0003015398728006,39.35664948932329,copath_tau_mapt_REGION-RF_rank1_region127_iPVH,127,iPVH,371
u0,0.008048242610945517,0.005996460953589024,0.00011171825448789734,1985.5485405815834,1104.3544308260412,1.0002066923679476,27.549895805269575,copath_tau_mapt_REGION-RF_rank1_region127_iPVH,127,iPVH,371
alpha,1.2187754825344947,0.49174631858665613,0.011308877708355732,1581.3398567424113,1011.5122123825045,1.003958599858788,16.99177839942418,copath_tau_mapt_REGION-RF_rank35_region128_iARH,128,iARH,35
beta,0.9866466941094859,0.28175654522798177,0.007823343163808732,1788.942863775169,1504.746117595349,1.0022432299940027,19.22250968436221,copath_tau_mapt_REGION-RF_rank35_region128_iARH,128,iARH,35
gamma,0.07545251632936643,0.05549145337215366,0.0011168472940901856,1872.9972024028275,1011.0802936351436,1.0013051622267781,20.12568852310565,copath_tau_mapt_REGION-RF_rank35_region128_iARH,128,iARH,35
sigma,0.5577725441579,0.11691866422700957,0.002945057140891978,1909.9138876847528,1569.0713890199174,1.0045295744606195,20.522364881370578,copath_tau_mapt_REGION-RF_rank35_region128_iARH,128,iARH,35
u0,0.009558535416710956,0.006428464326331549,0.00014205394278817436,1360.9731605112352,798.8570736256275,1.002587295152134,14.623899000819161,copath_tau_mapt_REGION-RF_rank35_region128_iARH,128,iARH,35
alpha,0.7856009606707406,0.6024400345495137,0.012990771373589416,1317.877454803698,879.9396453913447,1.0010074718106985,19.65514473980161,copath_tau_mapt_REGION-RF_rank1_region129_iADP,129,iADP,372
beta,-7.753842897578877e-5,0.9903972684936851,0.01763346983111644,3151.8206212400532,2059.4946988138768,1.0017530661097498,47.0070189595832,copath_tau_mapt_REGION-RF_rank1_region129_iADP,129,iADP,372
gamma,0.07809461991891378,0.06219131021433505,0.001207876425855575,1689.887821926618,1027.6669181421644,1.0051488729316884,25.203397791597585,copath_tau_mapt_REGION-RF_rank1_region129_iADP,129,iADP,372
sigma,1.6606798145665689,2.176872757273357,0.04852519419422854,2682.183689481809,2165.158449052711,1.0017216713131334,40.00273958958701,copath_tau_mapt_REGION-RF_rank1_region129_iADP,129,iADP,372
u0,0.00784770629101759,0.005897627993297273,0.00011230617680630873,1826.6083982464588,1399.3824418328018,1.0012224897361335,27.24248170389946,copath_tau_mapt_REGION-RF_rank1_region129_iADP,129,iADP,372
alpha,0.8192942447734681,0.615957419220142,0.011140048875988101,2118.2251858930476,1541.6560629891426,1.0019672077783957,29.44924349200656,copath_tau_mapt_REGION-RF_rank1_region130_iAVP,130,iAVP,373
beta,0.0047994713595609344,0.9988094280483252,0.018231242134502355,3010.72731449003,2342.152211304884,1.0004902034240397,41.85751466035522,copath_tau_mapt_REGION-RF_rank1_region130_iAVP,130,iAVP,373
gamma,0.07966977687193458,0.060791263721491344,0.001160498704418323,1824.24638684223,1464.1571907131233,1.0013634134616396,25.362117490299052,copath_tau_mapt_REGION-RF_rank1_region130_iAVP,130,iAVP,373
sigma,1.6481014078751477,2.271298828871801,0.04502501659457023,2758.235295965393,2443.114899556322,1.0008694994015344,38.34717072580071,copath_tau_mapt_REGION-RF_rank1_region130_iAVP,130,iAVP,373
u0,0.008049295581429696,0.005975740229130079,0.0001229172320080239,1568.8316544993006,1010.8361590715654,1.003626514352733,21.811139674386897,copath_tau_mapt_REGION-RF_rank1_region130_iAVP,130,iAVP,373
alpha,1.172184478846866,0.5937736895697205,0.018782821531362067,793.9087362713467,512.2323234878427,1.006560663986408,8.878424695497054,copath_tau_mapt_REGION-RF_rank37_region131_iAVPV,131,iAVPV,37
beta,0.8745735276434944,0.666402994632698,0.025572962650942076,998.4771323193316,1058.4193978678209,1.0034098147006247,11.166149992387963,copath_tau_mapt_REGION-RF_rank37_region131_iAVPV,131,iAVPV,37
gamma,0.08116266121790847,0.06028517303093555,0.0017847177412031632,844.8423478985471,619.7043886007785,1.0063885855668937,9.44802446766436,copath_tau_mapt_REGION-RF_rank37_region131_iAVPV,131,iAVPV,37
sigma,0.6720558688075624,0.28122858887729035,0.010388185985058756,654.8933066452319,555.4469025649902,1.0050396206839958,7.323790054185102,copath_tau_mapt_REGION-RF_rank37_region131_iAVPV,131,iAVPV,37
u0,0.008940991085164727,0.006178884741923979,0.00018680732849660848,635.3892460343246,346.7304867307681,1.0159149591792125,7.105672623958003,copath_tau_mapt_REGION-RF_rank37_region131_iAVPV,131,iAVPV,37
alpha,0.9987629334616654,0.5334035130609689,0.017941790918738806,629.4468342627679,421.7985400082391,1.0046538026135863,3.1915164622272423,copath_tau_mapt_REGION-RF_rank149_region132_iDMH,132,iDMH,149
beta,0.6345962067366224,0.36676665444711765,0.020491361885609065,580.928364518661,388.32587382181447,1.004991461600213,2.945510784731454,copath_tau_mapt_REGION-RF_rank149_region132_iDMH,132,iDMH,149
gamma,0.08552634090026262,0.06222647051212117,0.001416761600106699,1482.6015409201013,1105.5993171928133,1.0009608214362453,7.517310386209159,copath_tau_mapt_REGION-RF_rank149_region132_iDMH,132,iDMH,149
sigma,0.11866947615789943,0.026064594257517053,0.0007386829502998661,1374.5010911064528,1039.0474128133828,1.004046817937629,6.9692031492278,copath_tau_mapt_REGION-RF_rank149_region132_iDMH,132,iDMH,149
u0,0.0115706985688728,0.006292005292350429,0.00015039596866482205,1432.8384233463628,993.2149173936504,1.0023174338132708,7.264993907194133,copath_tau_mapt_REGION-RF_rank149_region132_iDMH,132,iDMH,149
alpha,0.8100150135779939,0.6006481702882165,0.01124636777573635,2069.366547089873,1366.5795063665837,1.0019579838801635,29.88125492166221,copath_tau_mapt_REGION-RF_rank1_region133_iMEPO,133,iMEPO,374
beta,-0.0009490884284846449,1.0041900914243778,0.019670583989891896,2606.7648000817,2099.710763809941,1.0002567986267379,37.641182332631075,copath_tau_mapt_REGION-RF_rank1_region133_iMEPO,133,iMEPO,374
gamma,0.08084463916861252,0.05959951228585983,0.001137259552125695,1976.955832865727,1241.417572666771,1.0010064436660595,28.546861982379493,copath_tau_mapt_REGION-RF_rank1_region133_iMEPO,133,iMEPO,374
sigma,1.692956586008867,2.290840821708287,0.0469402359355482,2981.1965736479806,2283.9315299275436,1.0007839320121539,43.04790512538057,copath_tau_mapt_REGION-RF_rank1_region133_iMEPO,133,iMEPO,374
u0,0.008161945299690132,0.005973917764651142,0.00011728150260220513,1733.3407846147265,1092.6421334888319,1.001502144288081,25.02910754212419,copath_tau_mapt_REGION-RF_rank1_region133_iMEPO,133,iMEPO,374
alpha,0.7718512214189238,0.5868385326545315,0.011728230245174063,1588.7366864318174,1103.9745419975409,1.0011362488699524,22.666771574550477,copath_tau_mapt_REGION-RF_rank1_region134_iMPO,134,iMPO,375
beta,0.024844137477280603,1.013223657204974,0.019121569774473317,2821.311164394845,2192.530259020853,1.0015378079429826,40.25211745295181,copath_tau_mapt_REGION-RF_rank1_region134_iMPO,134,iMPO,375
gamma,0.07771443402505838,0.06051744101853545,0.0011472295600889158,1763.0057703459431,998.7183751836093,1.0014363762159937,25.153097692227863,copath_tau_mapt_REGION-RF_rank1_region134_iMPO,134,iMPO,375
sigma,1.7273299668312125,3.434359894525727,0.0887912024203651,2957.221108387586,2345.5556616429294,1.0026759388042836,42.1911673165968,copath_tau_mapt_REGION-RF_rank1_region134_iMPO,134,iMPO,375
u0,0.007855497280225774,0.0058653039538513006,0.00010550601150470683,1902.6380621123783,1335.9198164307381,1.0005722934639565,27.14525491307555,copath_tau_mapt_REGION-RF_rank1_region134_iMPO,134,iMPO,375
alpha,0.8104236157542153,0.589378295312229,0.011329301997287131,1989.7114297896737,1567.6858090239248,1.0024876449194666,27.95677213738283,copath_tau_mapt_REGION-RF_rank1_region135_iPS,135,iPS,376
beta,0.008005814487762353,1.0026314836187127,0.017943086706434415,3123.3789426507606,2756.6411117036337,1.0015629624613858,43.885556513899765,copath_tau_mapt_REGION-RF_rank1_region135_iPS,135,iPS,376
gamma,0.08003417819670738,0.061426474021123376,0.0011460773920744557,1868.5912264967146,1073.5633656593225,1.0002293018251107,26.254952529776375,copath_tau_mapt_REGION-RF_rank1_region135_iPS,135,iPS,376
sigma,1.6498392997313691,2.152952625561942,0.047317592130945677,2644.1117847995383,1898.9241414781245,1.0001223136815205,37.151533416694136,copath_tau_mapt_REGION-RF_rank1_region135_iPS,135,iPS,376
u0,0.007972220969124505,0.005908818525809477,0.00011767802065867183,1691.7744093759322,1215.7601377894798,1.000521442873615,23.770558364726252,copath_tau_mapt_REGION-RF_rank1_region135_iPS,135,iPS,376
alpha,0.767324711990134,0.5904990022260425,0.01032576824165221,2228.276943062284,1441.6818147514596,1.000490423555822,32.137373702871294,copath_tau_mapt_REGION-RF_rank1_region136_iVLPO,136,iVLPO,377
beta,0.005060416375459973,1.009581675551479,0.01903868923618019,2814.6707325190105,2679.631489319016,1.0016911906003405,40.59465115551821,copath_tau_mapt_REGION-RF_rank1_region136_iVLPO,136,iVLPO,377
gamma,0.08049340174831525,0.05900337380182531,0.0010575807542782735,2248.740794932922,1463.7088325764403,1.0012373877966538,32.43251406099173,copath_tau_mapt_REGION-RF_rank1_region136_iVLPO,136,iVLPO,377
sigma,1.7015766123075553,2.340460952053422,0.04846277555478671,3095.896361928229,2226.385570740204,1.000903910101861,44.650634041886306,copath_tau_mapt_REGION-RF_rank1_region136_iVLPO,136,iVLPO,377
u0,0.007879006340863332,0.005965860736092023,0.00011047663361600224,2052.410211768972,1311.1457002942025,1.001409086756784,29.600931864673075,copath_tau_mapt_REGION-RF_rank1_region136_iVLPO,136,iVLPO,377
alpha,0.8010381349074339,0.6046838816685113,0.010930415270436023,1633.2910760713928,1327.7493369803592,1.0029384002806476,22.7316401451809,copath_tau_mapt_REGION-RF_rank1_region137_iAHN,137,iAHN,378
beta,-0.0030415140293355643,0.9679980386968233,0.01837760253057799,2774.1658180372037,2171.9795942464684,1.0007080748767592,38.60998201886131,copath_tau_mapt_REGION-RF_rank1_region137_iAHN,137,iAHN,378
gamma,0.08081418036311729,0.06012160105977292,0.001091907040867838,1945.591220897596,1121.0707609943981,1.002318626587433,27.07813699040509,copath_tau_mapt_REGION-RF_rank1_region137_iAHN,137,iAHN,378
sigma,1.6444679114814698,2.0411583892715255,0.040570716298669186,2879.348963241109,2483.5528595217565,0.9999566086859225,40.07388850873487,copath_tau_mapt_REGION-RF_rank1_region137_iAHN,137,iAHN,378
u0,0.007975672963365541,0.005896113810198192,0.00011142592029143077,1947.3469403323434,1430.6225489610306,1.0014253548189265,27.102572550588626,copath_tau_mapt_REGION-RF_rank1_region137_iAHN,137,iAHN,378
alpha,1.4815194121275954,0.5528971095487875,0.014114407826471338,1373.8435051760262,1505.380343521304,1.0011281487302814,14.72579993757464,copath_tau_mapt_REGION-RF_rank49_region138_iLM,138,iLM,49
beta,0.8604752410312346,0.18962393073958056,0.0057214935852526435,1293.156711136496,1211.5432651996805,1.0014533170415698,13.860943363915492,copath_tau_mapt_REGION-RF_rank49_region138_iLM,138,iLM,49
gamma,0.07891631897865528,0.05581462365888305,0.0015109064067159062,1317.5669552101306,1490.89637991554,1.0023177267975885,14.122589154940036,copath_tau_mapt_REGION-RF_rank49_region138_iLM,138,iLM,49
sigma,0.37290667312202397,0.07922768118402851,0.0018956640980338515,1916.8006742839034,2185.2719942250696,1.0030651681858382,20.545588448297373,copath_tau_mapt_REGION-RF_rank49_region138_iLM,138,iLM,49
u0,0.01096639455609239,0.006505506058167495,0.00014554604991405114,1431.5640336933718,684.5234782531498,1.001578298177374,15.344488275827985,copath_tau_mapt_REGION-RF_rank49_region138_iLM,138,iLM,49
alpha,1.0631693175271917,0.4731160984020392,0.01307244436402343,1071.2716919200407,767.4675073585016,1.0027457829482325,8.38398206173335,copath_tau_mapt_REGION-RF_rank78_region139_iMM,139,iMM,78
beta,0.7432515211133528,0.2445232950143787,0.009438026317002865,1020.5613874159336,742.5838072896424,1.004117466655641,7.9871132874400015,copath_tau_mapt_REGION-RF_rank78_region139_iMM,139,iMM,78
gamma,0.07826180475615425,0.05779639970963922,0.0011580077338543568,1844.6426694306144,1117.6972670748096,1.00146004403088,14.436534790810594,copath_tau_mapt_REGION-RF_rank78_region139_iMM,139,iMM,78
sigma,0.23261304030891516,0.04749457176506819,0.0011299305596353182,1778.9184913606284,1782.0734576253565,1.0009649119833097,13.922164501632768,copath_tau_mapt_REGION-RF_rank78_region139_iMM,139,iMM,78
u0,0.011467387774104967,0.006410248200400956,0.00013400616465195965,1877.008555441378,1262.949089207781,1.001006141368917,14.689836553354136,copath_tau_mapt_REGION-RF_rank78_region139_iMM,139,iMM,78
alpha,1.4704766893702599,0.43679942877200345,0.011265530423222122,1497.490511235595,1752.9260552202925,1.0010588394257216,15.515142369667782,copath_tau_mapt_REGION-RF_rank24_region140_iSUM,140,iSUM,24
beta,1.3289864203645303,0.20719465202875745,0.006453543058579492,1115.4119185915408,863.8274481770038,1.001859405076218,11.556517111746418,copath_tau_mapt_REGION-RF_rank24_region140_iSUM,140,iSUM,24
gamma,0.056262853343464106,0.03912728912943471,0.0011000287611583701,1197.2069544523213,1461.4005420481813,1.0017712596725459,12.403975988440719,copath_tau_mapt_REGION-RF_rank24_region140_iSUM,140,iSUM,24
sigma,0.4451139968071991,0.08762178971812613,0.001950860446945107,2068.630981023316,1896.9169692569503,1.001157848166044,21.432592687615948,copath_tau_mapt_REGION-RF_rank24_region140_iSUM,140,iSUM,24
u0,0.009811732160159825,0.006210467060748633,0.00012670075523764853,1918.1354464391245,1382.9631929887353,1.0017732890645943,19.87334431338325,copath_tau_mapt_REGION-RF_rank24_region140_iSUM,140,iSUM,24
alpha,0.7609218840541303,0.587522173069181,0.011622417157437417,1745.985019687214,1250.830843084023,1.001277402566954,21.850213619422753,copath_tau_mapt_REGION-RF_rank252_region141_iTM,141,iTM,252
beta,-0.10827886360696332,0.9090234100964764,0.018696351416698388,2381.9391422772205,1960.083269278299,1.0007815020540503,29.808892115549583,copath_tau_mapt_REGION-RF_rank252_region141_iTM,141,iTM,252
gamma,0.08192339861931412,0.06081827131449375,0.001153380424198814,2070.9852923943336,1371.7462121809149,1.0003620380218325,25.917445184956684,copath_tau_mapt_REGION-RF_rank252_region141_iTM,141,iTM,252
sigma,0.7211496047045012,0.7926772153313212,0.017218357377775627,1615.7440528227237,1204.8440067514734,1.0013314996317115,20.22030676690057,copath_tau_mapt_REGION-RF_rank252_region141_iTM,141,iTM,252
u0,0.0077891624433206645,0.006003848327366255,0.0001230782754011278,1429.928610972164,1008.7744975650508,1.0009513016504403,17.894910470574093,copath_tau_mapt_REGION-RF_rank252_region141_iTM,141,iTM,252
alpha,0.7829163688946362,0.5983351697327095,0.011589761887519439,1722.3217143185204,940.2147278252913,1.0011484402832012,24.359263338073976,copath_tau_mapt_REGION-RF_rank1_region142_iMPN,142,iMPN,379
beta,0.007967122916691898,1.0055767032039438,0.019143221945423918,2760.0158512718963,2419.131399239492,1.0023341660845535,39.03565308354284,copath_tau_mapt_REGION-RF_rank1_region142_iMPN,142,iMPN,379
gamma,0.08056779251222301,0.060703133880547475,0.0013455908304749213,1489.304484893863,1160.0744228671113,1.0015442481292887,21.06363743573811,copath_tau_mapt_REGION-RF_rank1_region142_iMPN,142,iMPN,379
sigma,1.6278526754659424,1.9507355122454575,0.03906047777697841,2786.227566631902,2471.7026691030537,1.0007865378013114,39.40637248613114,copath_tau_mapt_REGION-RF_rank1_region142_iMPN,142,iMPN,379
u0,0.007988054114363858,0.005916165038935,0.00011402986830333336,1836.0476838729649,1213.6209496250558,1.0003798426524262,25.967720583734742,copath_tau_mapt_REGION-RF_rank1_region142_iMPN,142,iMPN,379
alpha,0.7480074562874374,0.5822594229321058,0.01225966138014224,1449.2508542126968,1114.3191163424606,1.0029400620760454,18.016544681908215,copath_tau_mapt_REGION-RF_rank194_region143_iPMd,143,iPMd,194
beta,-0.0656007908157432,0.9506527073841254,0.022082207470811428,1849.458124722141,2017.6425805943882,1.0039234452174066,22.991771814049493,copath_tau_mapt_REGION-RF_rank194_region143_iPMd,143,iPMd,194
gamma,0.08086655861999863,0.061233108190615566,0.0013037167568424408,1375.0168354505477,789.6069014562254,1.0024221971276819,17.093695119972,copath_tau_mapt_REGION-RF_rank194_region143_iPMd,143,iPMd,194
sigma,0.480107897895045,0.4593202687915023,0.011092439151311357,1187.7883239515336,681.1818837045647,1.0035151959893298,14.766140277865908,copath_tau_mapt_REGION-RF_rank194_region143_iPMd,143,iPMd,194
u0,0.00795568322623594,0.006019855671548841,0.00014333844587605728,1112.6363902724217,636.5627709415122,1.004083503549833,13.831879540930156,copath_tau_mapt_REGION-RF_rank194_region143_iPMd,143,iPMd,194
alpha,0.7304775077103962,0.589694771823558,0.014119812909277992,1197.7597599101218,979.1470394814918,1.0025564386401509,14.883625472632767,copath_tau_mapt_REGION-RF_rank151_region144_iPMv,144,iPMv,151
beta,-0.14736843198524208,0.8591654749061876,0.019600774336121587,1935.0833921559981,1890.586123624476,1.0040604328159712,24.04577063878221,copath_tau_mapt_REGION-RF_rank151_region144_iPMv,144,iPMv,151
gamma,0.07745496131604812,0.060395191760755085,0.0013539350686848479,1043.6128683799373,441.0507247049121,1.0036137223656767,12.968162390555294,copath_tau_mapt_REGION-RF_rank151_region144_iPMv,144,iPMv,151
sigma,0.34363641460725264,0.23219001837064146,0.005679070293828672,2098.187560559357,1835.2627830965287,1.002469251005389,26.07253880782053,copath_tau_mapt_REGION-RF_rank151_region144_iPMv,144,iPMv,151
u0,0.008050323612123975,0.006145964058736298,0.0001285078279204687,1394.4334647043756,737.3113367437536,1.0033179825908125,17.32753606342809,copath_tau_mapt_REGION-RF_rank151_region144_iPMv,144,iPMv,151
alpha,0.7710010887555738,0.4262153831447098,0.012724621535360902,892.1563520084685,1091.503657736425,1.0035004308930413,4.020623952808619,copath_tau_mapt_REGION-RF_rank120_region145_iVMH,145,iVMH,120
beta,0.8717744395447292,0.4144405813037603,0.01493972376971895,895.0503243380315,1159.5408030270419,1.0028537336224441,4.033666032754373,copath_tau_mapt_REGION-RF_rank120_region145_iVMH,145,iVMH,120
gamma,0.07876245886397758,0.05967615341865856,0.0013281771089501285,1011.215529546047,456.83490544885666,1.0027942618333205,4.557180330994601,copath_tau_mapt_REGION-RF_rank120_region145_iVMH,145,iVMH,120
sigma,0.1607088172511472,0.03450327831495914,0.0010158238171842447,1270.2269314294906,1898.1462114320118,1.002369878940706,5.724450444712547,copath_tau_mapt_REGION-RF_rank120_region145_iVMH,145,iVMH,120
u0,0.007815308985376388,0.0055243214635661425,0.00014156572589614204,1015.2303777697505,519.8085584462751,1.0011264312171446,4.575273790620566,copath_tau_mapt_REGION-RF_rank120_region145_iVMH,145,iVMH,120
alpha,0.8990851868524412,0.5979822607081545,0.027165797418846404,401.8398667861236,323.6231783855582,1.0214589142811406,2.3368625108958847,copath_tau_mapt_REGION-RF_rank208_region146_iPH,146,iPH,208
beta,0.6117861032221497,0.47742680113396774,0.032710103163088644,257.21251572078603,277.3070868751216,1.033248348541042,1.4957955519158048,copath_tau_mapt_REGION-RF_rank208_region146_iPH,146,iPH,208
gamma,0.086496801594332,0.061187685415738366,0.002259328983603599,458.00640284453,209.21252245473903,1.0079988067035928,2.6634937969639503,copath_tau_mapt_REGION-RF_rank208_region146_iPH,146,iPH,208
sigma,0.13390935163387024,0.03869703162918469,0.001987084799081612,390.5663785188022,609.3859443607566,1.0095728260585919,2.2713025844763646,copath_tau_mapt_REGION-RF_rank208_region146_iPH,146,iPH,208
u0,0.012015046964718902,0.006595914785308033,0.0002707521528394748,541.519829001303,449.7717110444402,1.0095276334405006,3.149158388441896,copath_tau_mapt_REGION-RF_rank208_region146_iPH,146,iPH,208
alpha,1.1764883858270558,0.46569847401168035,0.01568661465459472,661.753813286342,350.92586182915744,1.0080529544811947,5.139077054930473,copath_tau_mapt_REGION-RF_rank93_region147_iLHA,147,iLHA,93
beta,0.6580138767447709,0.2326327066593514,0.013914752403646894,803.794503308887,310.41612445638447,1.0057128036057983,6.242142932762443,copath_tau_mapt_REGION-RF_rank93_region147_iLHA,147,iLHA,93
gamma,0.08109356555964493,0.0575447890577558,0.0012592183582907722,1471.707988709231,1018.361255509187,1.002172119052292,11.429055042046073,copath_tau_mapt_REGION-RF_rank93_region147_iLHA,147,iLHA,93
sigma,0.18475641509459506,0.039984094283514016,0.0009119500113429672,1948.0090964807598,1669.810807229532,1.0029077710900822,15.127935267655722,copath_tau_mapt_REGION-RF_rank93_region147_iLHA,147,iLHA,93
u0,0.011262718570247039,0.006359574029040818,0.0001294012403643987,2095.3657380689724,1703.9906250988818,1.0030343263452735,16.272283997460352,copath_tau_mapt_REGION-RF_rank93_region147_iLHA,147,iLHA,93
alpha,1.360322091524326,0.8062614763000368,0.0444590595037544,338.32966199917,984.7950484581609,1.0204960893269557,3.1332913066352717,copath_tau_mapt_REGION-RF_rank101_region148_iLPO,148,iLPO,101
beta,0.3931983461285331,0.618078308007166,0.03251714955919184,438.09553842613565,719.5005753386349,1.0174118048566476,4.057229076266085,copath_tau_mapt_REGION-RF_rank101_region148_iLPO,148,iLPO,101
gamma,0.11144527649718734,0.07680556367283867,0.00576195024599027,157.5643617314859,424.97119998165647,1.0325072439304082,1.459213011154816,copath_tau_mapt_REGION-RF_rank101_region148_iLPO,148,iLPO,101
sigma,0.286482910208304,0.11321597775749528,0.00888375198979996,143.86908269501282,287.65075855591635,1.0518578998727188,1.3323802099946547,copath_tau_mapt_REGION-RF_rank101_region148_iLPO,148,iLPO,101
u0,0.010833200396485658,0.006434045386654846,0.0003656402573097148,311.28368918003065,359.10809358814305,1.0118611615834532,2.882816929032781,copath_tau_mapt_REGION-RF_rank101_region148_iLPO,148,iLPO,101
alpha,0.8961460554624907,0.5202255497340625,0.02424127034358672,607.8686212474886,222.58138520140568,1.003322280459231,3.277944701025057,copath_tau_mapt_REGION-RF_rank136_region149_iPST,149,iPST,136
beta,0.6839134181778038,0.4530493102096925,0.019601518796728924,629.4030754758118,552.0868326509383,1.003527088421129,3.394069711693207,copath_tau_mapt_REGION-RF_rank136_region149_iPST,149,iPST,136
gamma,0.08090894244886629,0.059218276595960635,0.0014236502607147766,1180.7190364743117,1000.1184192854708,1.0028006643692813,6.3670529679053915,copath_tau_mapt_REGION-RF_rank136_region149_iPST,149,iPST,136
sigma,0.17071192864145393,0.04951283302806502,0.002074460023267133,364.62038929462307,169.53434666880028,1.0124088609546118,1.9662233436579797,copath_tau_mapt_REGION-RF_rank136_region149_iPST,149,iPST,136
u0,0.008809267677961849,0.006073714840495378,0.00023800079157799124,439.88164478192573,345.3750625974627,1.0071546476578621,2.372071293352777,copath_tau_mapt_REGION-RF_rank136_region149_iPST,149,iPST,136
alpha,0.7264085648835715,0.5750437223096112,0.013699944840458823,1136.3579288815129,752.9895975129594,1.0007524397504626,14.264563585121234,copath_tau_mapt_REGION-RF_rank316_region150_iPSTN,150,iPSTN,316
beta,-0.20899992372880216,0.8597496677706314,0.022188157138447226,1566.7691492856547,1863.5123628140789,1.0013642308726465,19.667463556301605,copath_tau_mapt_REGION-RF_rank316_region150_iPSTN,150,iPSTN,316
gamma,0.08089049313623772,0.06180759708158785,0.0012570452845039705,1470.0536682437387,923.3192712525924,1.0019469201405025,18.453405825084904,copath_tau_mapt_REGION-RF_rank316_region150_iPSTN,150,iPSTN,316
sigma,0.182155826196009,0.11782969985010727,0.002985270818957197,1891.412402610661,1739.6744045264481,1.0013337960964133,23.74267103436553,copath_tau_mapt_REGION-RF_rank316_region150_iPSTN,150,iPSTN,316
u0,0.008054663490515136,0.006070306236583029,0.0001473337089257347,899.6065492599437,454.79881503253375,1.002763473472016,11.292652162985874,copath_tau_mapt_REGION-RF_rank316_region150_iPSTN,150,iPSTN,316
alpha,1.0152907755044167,0.6367630725779417,0.03113964191537284,429.2553857301525,907.2675357162515,1.0124754120582777,3.2578828446645205,copath_tau_mapt_REGION-RF_rank141_region151_iPeF,151,iPeF,141
beta,0.4546857294901171,0.6157815828276683,0.030519360353289202,357.2298097164071,559.9904249418939,1.0109256328731937,2.711236497821076,copath_tau_mapt_REGION-RF_rank141_region151_iPeF,151,iPeF,141
gamma,0.0930027330289129,0.06427544751800156,0.0023559160667559788,591.5100263796686,365.485118739838,1.0135332318194143,4.489332997212097,copath_tau_mapt_REGION-RF_rank141_region151_iPeF,151,iPeF,141
sigma,0.27297204598862934,0.09099114470707986,0.0045468087539834254,310.8006618570292,402.30276872329046,1.0055433960293905,2.358857169962046,copath_tau_mapt_REGION-RF_rank141_region151_iPeF,151,iPeF,141
u0,0.010351485424964021,0.00628678084705813,0.00023239383869938496,610.4970123954488,727.5602164068553,1.0082240719567237,4.633436899152611,copath_tau_mapt_REGION-RF_rank141_region151_iPeF,151,iPeF,141
alpha,0.7969882766865662,0.5965220122629208,0.011151871916127772,1963.9087299569455,1176.2063172738592,1.0005307645940196,27.771773431146357,copath_tau_mapt_REGION-RF_rank1_region152_iRCH,152,iRCH,380
beta,0.0023836716546265695,0.9696638465933214,0.018171969272647318,2847.501727614789,2650.505295989915,1.0015734668869274,40.26672503556182,copath_tau_mapt_REGION-RF_rank1_region152_iRCH,152,iRCH,380
gamma,0.08038896557525807,0.06065755767510357,0.0011773563474098,1756.0524180671675,1114.1967366948459,1.0015028170039093,24.83246249882866,copath_tau_mapt_REGION-RF_rank1_region152_iRCH,152,iRCH,380
sigma,1.6219102069838787,2.0422243008377916,0.04327064517491203,2225.849400825611,1903.2147917509453,1.0009220901809064,31.475895141490064,copath_tau_mapt_REGION-RF_rank1_region152_iRCH,152,iRCH,380
u0,0.00797378627818781,0.006205812578274657,0.0001186086060527881,1892.899951490332,1250.9324346909361,1.003614065932434,26.767633229966798,copath_tau_mapt_REGION-RF_rank1_region152_iRCH,152,iRCH,380
alpha,0.85311716303138,0.6349740684289646,0.019877473993281273,848.8495484801848,1133.4284473411112,1.0037214522057631,5.211310661936476,copath_tau_mapt_REGION-RF_rank156_region153_iSTN,153,iSTN,156
beta,0.3617972954389084,0.6955183906074914,0.023519682540982523,902.8829710188454,1024.9327195437322,1.0037335032621004,5.543036056007548,copath_tau_mapt_REGION-RF_rank156_region153_iSTN,153,iSTN,156
gamma,0.08353851367943986,0.06247422542566106,0.001842267806118421,687.2249143044761,477.54927411657303,1.0030131503365773,4.21905451852508,copath_tau_mapt_REGION-RF_rank156_region153_iSTN,153,iSTN,156
sigma,0.21479867445152823,0.045484296765706964,0.0018109002998520248,531.3231434564088,310.441564851186,1.0156246283729604,3.261932538440436,copath_tau_mapt_REGION-RF_rank156_region153_iSTN,153,iSTN,156
u0,0.010581190070499479,0.0067260809260357175,0.000244420843984158,399.71872105524676,235.79201572608318,1.012988663433927,2.4539783717154746,copath_tau_mapt_REGION-RF_rank156_region153_iSTN,153,iSTN,156
alpha,1.089008613693549,0.568887323912996,0.016245968486993997,923.8514373970049,524.9012706656715,1.0022429020079047,8.030837092065275,copath_tau_mapt_REGION-RF_rank85_region154_iTU,154,iTU,85
beta,0.6662824378750757,0.44722012461580973,0.02481320437033507,549.7718540941037,312.48448738589474,1.0089292234618665,4.779045655297412,copath_tau_mapt_REGION-RF_rank85_region154_iTU,154,iTU,85
gamma,0.08162017597929595,0.06003186017761978,0.0016090938569097704,891.8315468089309,461.6824807032956,1.0038168274827077,7.75249523469576,copath_tau_mapt_REGION-RF_rank85_region154_iTU,154,iTU,85
sigma,0.35009976588903263,0.0781834389568996,0.0026167564165204805,1065.8286258194332,1074.4001785624075,1.0043915514884525,9.265013524395707,copath_tau_mapt_REGION-RF_rank85_region154_iTU,154,iTU,85
u0,0.010542650080216369,0.006458766654703989,0.00015308959574955998,1307.755820894584,779.3335841155348,1.0019939863056018,11.368033353279648,copath_tau_mapt_REGION-RF_rank85_region154_iTU,154,iTU,85
alpha,0.6941465009844794,0.5343010534929895,0.020621170295725008,507.72354473928385,856.45071531982,1.015747871267569,4.513820386722177,copath_tau_mapt_REGION-RF_rank206_region155_iFF,155,iFF,206
beta,0.1282036548794832,0.8988328591293762,0.06192975484039592,193.92677996561918,56.03021874414547,1.0277415429539334,1.7240694508065217,copath_tau_mapt_REGION-RF_rank206_region155_iFF,155,iFF,206
gamma,0.08254300941875453,0.05997304377985302,0.0024024043221715016,530.974700114953,471.9696923237607,1.0036636636668517,4.720530396996435,copath_tau_mapt_REGION-RF_rank206_region155_iFF,155,iFF,206
sigma,0.13682739535766433,0.0746561943932158,0.003863944657511482,137.3703783346448,53.09856408426647,1.014277205220834,1.2212654321104248,copath_tau_mapt_REGION-RF_rank206_region155_iFF,155,iFF,206
u0,0.008325534431142806,0.006041523156678155,0.00022759389858709368,613.832825832799,490.02900310079053,1.0061179911761107,5.457164931569487,copath_tau_mapt_REGION-RF_rank206_region155_iFF,155,iFF,206
alpha,1.6105567244769385,0.5714582779534214,0.011761153675664836,2030.3383350337708,1158.7233572228301,1.0013481870796086,23.733323222445538,copath_tau_mapt_REGION-RF_rank27_region156_iME,156,iME,27
beta,1.2049737417346842,0.42180813977877596,0.013861117949630007,1536.6303323803188,967.728633633895,1.0022612564119113,17.962200546831237,copath_tau_mapt_REGION-RF_rank27_region156_iME,156,iME,27
gamma,0.09741230301527666,0.0583234999046915,0.0013585112117487758,1555.614342440763,982.7012392837023,1.0022633746261607,18.184111170813612,copath_tau_mapt_REGION-RF_rank27_region156_iME,156,iME,27
sigma,0.7766721629250565,0.16328439135944564,0.004788091900829293,1342.7787288169184,1524.3010497463088,1.001959297760632,15.696202468987217,copath_tau_mapt_REGION-RF_rank27_region156_iME,156,iME,27
u0,0.010092055839377934,0.006188935572988966,0.00012667574312065567,1850.747822074578,1174.1806037028891,1.00004154160346,21.63402793840391,copath_tau_mapt_REGION-RF_rank27_region156_iME,156,iME,27
alpha,1.1042987530064956,0.6232217404157783,0.022344822502914596,701.8656301779713,632.8541623255804,1.005769945196872,2.7246548116754448,copath_tau_mapt_REGION-RF_rank262_region157_iSCs,157,iSCs,262
beta,0.43380229564978123,0.3069488073408128,0.014135014493386522,696.4882176337484,633.7091958835138,1.0039971992787164,2.70377960090431,copath_tau_mapt_REGION-RF_rank262_region157_iSCs,157,iSCs,262
gamma,0.09002975338007442,0.06233497380674864,0.001776923436644056,864.6893316364375,623.0163258464615,1.0034961640768167,3.3567393055708408,copath_tau_mapt_REGION-RF_rank262_region157_iSCs,157,iSCs,262
sigma,0.05044662134784604,0.011893893051863471,0.00042356739610810304,715.0701710957834,706.2789105569045,1.004764131845771,2.7759150734702263,copath_tau_mapt_REGION-RF_rank262_region157_iSCs,157,iSCs,262
u0,0.020079695600446677,0.0070105692819862585,0.00021241099547051058,1031.9208368249772,934.4953592657703,1.0047248945176237,4.005934971641771,copath_tau_mapt_REGION-RF_rank262_region157_iSCs,157,iSCs,262
alpha,1.3652711560912285,0.7057334503385918,0.027974569820129407,567.8257466375517,653.0742757500126,1.0045404341420654,2.0412977241804504,copath_tau_mapt_REGION-RF_rank310_region158_iIC,158,iIC,310
beta,0.3265874963992357,0.1993436550130022,0.009307269887525223,700.7086210280447,541.1451582644116,1.0059516540213562,2.5190032714933897,copath_tau_mapt_REGION-RF_rank310_region158_iIC,158,iIC,310
gamma,0.10767920788433176,0.06913498555192064,0.0017104176728490687,1073.627745076531,657.1660862854148,1.0058683214386468,3.8596239878510223,copath_tau_mapt_REGION-RF_rank310_region158_iIC,158,iIC,310
sigma,0.030233025667552288,0.006966053253592434,0.0002006496588629742,1183.4128574566569,1558.8011385323684,1.0032888359409196,4.25429453841606,copath_tau_mapt_REGION-RF_rank310_region158_iIC,158,iIC,310
u0,0.017388581830597587,0.005950484054376175,0.0001650331960349505,1232.1707687755863,1274.0385653324554,1.0010139800575202,4.429576152538876,copath_tau_mapt_REGION-RF_rank310_region158_iIC,158,iIC,310
alpha,1.136683273465715,0.6873638173694889,0.022477725801169964,716.213285137829,605.0677053634257,1.0051562227828266,3.905048799325156,copath_tau_mapt_REGION-RF_rank207_region159_iSAG,159,iSAG,207
beta,0.5127221569056858,0.35275990379435124,0.01657726868285035,670.1308940595484,567.46675552205,1.003990749584264,3.6537912623811977,copath_tau_mapt_REGION-RF_rank207_region159_iSAG,159,iSAG,207
gamma,0.09368819171529955,0.06527490987123857,0.0016376431149950415,828.1775262570885,433.25246788920066,1.0015105406628668,4.515517544352661,copath_tau_mapt_REGION-RF_rank207_region159_iSAG,159,iSAG,207
sigma,0.10718874443704317,0.02485340394879056,0.0008422435746510413,871.5378953853689,678.4650245407468,1.0035659948559843,4.751933652398048,copath_tau_mapt_REGION-RF_rank207_region159_iSAG,159,iSAG,207
u0,0.015677986879910056,0.00729434215428036,0.00019211360895861663,1260.242503744055,1023.5937535514216,1.0014465096848182,6.871289011564744,copath_tau_mapt_REGION-RF_rank207_region159_iSAG,159,iSAG,207
alpha,0.7094104663177764,0.5215604547751816,0.019365408278311836,571.1302238452611,611.6407729220365,1.003618517183988,2.9465066518356577,copath_tau_mapt_REGION-RF_rank291_region160_iPBG,160,iPBG,291
beta,0.5027162565580823,0.6261223768481399,0.025149254044688565,623.1867020311643,922.1966945090587,1.0027394639492944,3.2150701997655933,copath_tau_mapt_REGION-RF_rank291_region160_iPBG,160,iPBG,291
gamma,0.07880404999401128,0.06032402421599396,0.0019825491431752908,526.5756778299319,236.5473948707686,1.0117686427505308,2.716646173922562,copath_tau_mapt_REGION-RF_rank291_region160_iPBG,160,iPBG,291
sigma,0.1270923834251076,0.028536147159443255,0.001120020680992526,674.3360081779222,1443.502003801142,1.0055908419308557,3.4789535743548425,copath_tau_mapt_REGION-RF_rank291_region160_iPBG,160,iPBG,291
u0,0.011293548472559915,0.006547252392919284,0.00021593748903328712,804.9395111764088,836.135094360481,1.0047013279880648,4.152747525841362,copath_tau_mapt_REGION-RF_rank291_region160_iPBG,160,iPBG,291
alpha,0.9937567333667531,0.6088125836450748,0.023140905560675735,610.7029553240246,557.6367100774479,1.0052177211984061,5.371036431088227,copath_tau_mapt_REGION-RF_rank117_region161_iSCO,161,iSCO,117
beta,0.4321409850226404,0.6828011987100254,0.027239402636409765,759.4420366849074,1043.6304977657837,1.0074294440458307,6.679173255630084,copath_tau_mapt_REGION-RF_rank117_region161_iSCO,161,iSCO,117
gamma,0.08585080581908187,0.0626823784789774,0.0021857552216295287,545.3067778380557,344.08221519019753,1.00844122034008,4.795887336640684,copath_tau_mapt_REGION-RF_rank117_region161_iSCO,161,iSCO,117
sigma,0.4369392979848851,0.09370979090472482,0.0037214290743817565,524.3187545088427,777.59896190338,1.0035725705125993,4.611300972787373,copath_tau_mapt_REGION-RF_rank117_region161_iSCO,161,iSCO,117
u0,0.009923431038744523,0.006340606590249516,0.00021833699121301614,812.1697964283488,1052.7981897754626,1.0051794562786136,7.142905608720516,copath_tau_mapt_REGION-RF_rank117_region161_iSCO,161,iSCO,117
alpha,0.7890470103174665,0.6216335308613082,0.01208354629696812,1712.2764530882203,1097.2437701051529,1.0008167204574467,24.200077070005236,copath_tau_mapt_REGION-RF_rank1_region162_iSNr,162,iSNr,381
beta,0.021167394530187584,1.0045078841623618,0.019921460342163713,2535.6311207613094,1975.735436660608,1.003378547816331,35.836776492987205,copath_tau_mapt_REGION-RF_rank1_region162_iSNr,162,iSNr,381
gamma,0.0793615351644617,0.05972683174488532,0.001012419410926532,2492.382366295395,1651.374899510931,1.0010816155190485,35.22552987485542,copath_tau_mapt_REGION-RF_rank1_region162_iSNr,162,iSNr,381
sigma,1.6631026717581612,2.2106561970000356,0.043101532742857225,2689.2014185543626,2265.6429385126185,1.00070077755202,38.00722801998958,copath_tau_mapt_REGION-RF_rank1_region162_iSNr,162,iSNr,381
u0,0.008000859338397788,0.006040839122232731,0.00010306241771935245,2445.777744115391,1431.8873110449365,1.0005345857560204,34.566853849415466,copath_tau_mapt_REGION-RF_rank1_region162_iSNr,162,iSNr,381
alpha,1.3220763438593972,0.5188489620476204,0.027083514202094258,316.6646576451658,130.03123197203723,1.0119112040853044,1.8393946086721178,copath_tau_mapt_REGION-RF_rank127_region163_iVTA,163,iVTA,127
beta,0.5145621752930836,0.23170820756092178,0.02207891957161735,337.33275596101186,125.39315764685988,1.013778151384402,1.9594483870014687,copath_tau_mapt_REGION-RF_rank127_region163_iVTA,163,iVTA,127
gamma,0.08634985083978558,0.06205704449795277,0.0015191660748031192,1086.5700308540486,706.1315107782494,1.0036128903224009,6.311506536789375,copath_tau_mapt_REGION-RF_rank127_region163_iVTA,163,iVTA,127
sigma,0.09747748362624348,0.02074781011069824,0.0005522066021357024,1504.8403503564002,1542.5760274991376,1.0014383754310698,8.74109301600516,copath_tau_mapt_REGION-RF_rank127_region163_iVTA,163,iVTA,127
u0,0.015351242129640532,0.006852901969478091,0.00021868167954071968,985.3726211887811,1156.2702583678229,1.003912514716958,5.723686060914055,copath_tau_mapt_REGION-RF_rank127_region163_iVTA,163,iVTA,127
alpha,1.5134061289582141,0.5893386775601691,0.018938908978492274,874.5923465463594,639.6990341078895,1.0083363727452115,5.21214278122253,copath_tau_mapt_REGION-RF_rank211_region164_iMRN,164,iMRN,211
beta,0.3527545172248525,0.13129120641555336,0.005862671316563824,751.0516944460138,624.951262464198,1.012714060405647,4.475900895988735,copath_tau_mapt_REGION-RF_rank211_region164_iMRN,164,iMRN,211
gamma,0.09870191454890553,0.06318538347610209,0.0017539522080074145,985.8759896666057,1069.8920544278928,1.0119878144297374,5.875338885610795,copath_tau_mapt_REGION-RF_rank211_region164_iMRN,164,iMRN,211
sigma,0.05673335329518009,0.013573719177436095,0.00043951839020637634,809.1187788775608,408.6492540466652,1.0034235781228429,4.82195232914118,copath_tau_mapt_REGION-RF_rank211_region164_iMRN,164,iMRN,211
u0,0.019243707077303874,0.007140165126090232,0.00017164873764601192,1649.3297824723913,1458.4231888421155,1.001512296363725,9.829199116039971,copath_tau_mapt_REGION-RF_rank211_region164_iMRN,164,iMRN,211
alpha,1.5210872785779903,0.6511300494326832,0.019407275434109805,1010.2249474839633,561.1831369232041,1.0027337980790396,4.638825892127522,copath_tau_mapt_REGION-RF_rank281_region165_iSCm,165,iSCm,281
beta,0.29064328429719966,0.1289459340350412,0.005371083455083514,1013.5852821928586,563.3851276685839,1.0041756150943273,4.654256126445791,copath_tau_mapt_REGION-RF_rank281_region165_iSCm,165,iSCm,281
gamma,0.11019606258983895,0.06595381080763327,0.0015785655627614035,1404.9593781951287,974.8763255460952,1.0031342528479348,6.451396748012309,copath_tau_mapt_REGION-RF_rank281_region165_iSCm,165,iSCm,281
sigma,0.03229563373135037,0.008197475492456573,0.0002203996170624057,1435.056161380338,1839.9900201505216,1.0009027434583218,6.589597390806783,copath_tau_mapt_REGION-RF_rank281_region165_iSCm,165,iSCm,281
u0,0.023138776607463583,0.006984343076254228,0.00017189406158747448,1621.0043292938285,1484.3790512319179,1.0021783650088045,7.4434479891899406,copath_tau_mapt_REGION-RF_rank281_region165_iSCm,165,iSCm,281
alpha,0.8661790340281305,0.6277176833953864,0.014388863847244174,1502.5721458333041,1206.4644558971295,1.002013185401703,19.712068662048438,copath_tau_mapt_REGION-RF_rank61_region166_iPRC,166,iPRC,61
beta,0.043226631892072105,0.8881462383666674,0.0205985706126618,1941.4878729141533,2451.666518380162,1.0010263843212843,25.470152873221124,copath_tau_mapt_REGION-RF_rank61_region166_iPRC,166,iPRC,61
gamma,0.08219730265960146,0.061255041440513705,0.0013843720600429787,1518.9370103823198,1257.0369544896837,0.9996121013421246,19.926757410625243,copath_tau_mapt_REGION-RF_rank61_region166_iPRC,166,iPRC,61
sigma,0.6932366677909055,0.27842718541898287,0.0068394883845758975,1282.6215775931544,1075.0568035302138,1.0030001747209762,16.826562820994862,copath_tau_mapt_REGION-RF_rank61_region166_iPRC,166,iPRC,61
u0,0.008291009010125621,0.006145837063009569,0.00012619970955570975,1688.02739990653,1227.767462467573,1.0005970029670095,22.14503450143691,copath_tau_mapt_REGION-RF_rank61_region166_iPRC,166,iPRC,61
alpha,0.9358958290672542,0.4820790924287421,0.013952943021903502,903.0121357982546,636.6071964025643,1.0036055588933632,6.172542710265249,copath_tau_mapt_REGION-RF_rank107_region167_iINC,167,iINC,107
beta,0.7471457650557599,0.3538654470991032,0.01454856811311742,851.232200419589,550.4181824812707,1.0044750353852294,5.81860077528001,copath_tau_mapt_REGION-RF_rank107_region167_iINC,167,iINC,107
gamma,0.07821509089864107,0.05852503411287723,0.0014266143964687334,1102.318189779769,895.86300039809,1.0029013454637543,7.534899960899341,copath_tau_mapt_REGION-RF_rank107_region167_iINC,167,iINC,107
sigma,0.21491833617280293,0.04326893884047906,0.001176537470736724,1448.901074321403,1425.5274155225927,1.0017917460768204,9.903968517867344,copath_tau_mapt_REGION-RF_rank107_region167_iINC,167,iINC,107
u0,0.009275324267768089,0.0059442501011950045,0.00014412762776196483,1332.2399004480224,1044.0515852754866,1.0006852939576758,9.106530643207371,copath_tau_mapt_REGION-RF_rank107_region167_iINC,167,iINC,107
alpha,0.9411253756402452,0.566547596191466,0.017992469144760655,763.3344334794277,1066.015826809959,1.0027057834151551,3.283271826468987,copath_tau_mapt_REGION-RF_rank188_region168_iND,168,iND,188
beta,0.6441230781931035,0.3991679105663324,0.015548867442504447,867.6617990825447,971.7198318565057,1.0034524491798653,3.732007118879552,copath_tau_mapt_REGION-RF_rank188_region168_iND,168,iND,188
gamma,0.08535873908981807,0.06300391513233843,0.0014291253556765432,1170.4121037162056,816.4918806613574,0.9996938547057879,5.034203773532877,copath_tau_mapt_REGION-RF_rank188_region168_iND,168,iND,188
sigma,0.1081038600636573,0.022748451896552845,0.0005684532678735462,1618.3938149169412,1638.5854602580582,1.0052463441305524,6.96107313334197,copath_tau_mapt_REGION-RF_rank188_region168_iND,168,iND,188
u0,0.010850716049312138,0.005988621131175265,0.00015053000671778487,1306.5164549018473,988.952061390291,1.0023270987332633,5.619618975714637,copath_tau_mapt_REGION-RF_rank188_region168_iND,168,iND,188
alpha,0.8344661342667431,0.5953072786659159,0.04234313183412028,235.45952653453153,219.97484654948911,1.0166478325554569,,copath_tau_mapt_REGION-RF_rank205_region169_iSu3,169,iSu3,205
beta,0.2448268123758118,0.7454305823551232,0.04689104129914149,200.9813479642729,491.4310165357111,1.0422144327967067,,copath_tau_mapt_REGION-RF_rank205_region169_iSu3,169,iSu3,205
gamma,0.07788305129331644,0.054737228705395956,0.0035967424621019934,192.11171128390203,213.74367210769248,1.0143295265066172,,copath_tau_mapt_REGION-RF_rank205_region169_iSu3,169,iSu3,205
u0,0.008894922682494217,0.005937023957478668,0.00042448400599222867,197.0790378476301,627.8077373127602,1.0319088400325667,,copath_tau_mapt_REGION-RF_rank205_region169_iSu3,169,iSu3,205
sigma,0.16532191168915272,0.09626438890237161,0.010018783064001726,30.136711437364188,29.080283653212074,1.1321785975857375,,copath_tau_mapt_REGION-RF_rank205_region169_iSu3,169,iSu3,205
alpha,1.6772431862471942,0.7014114317170621,0.030969561526262925,485.2902960754352,282.09476902076545,1.0075750508981447,3.285403904079149,copath_tau_mapt_REGION-RF_rank246_region170_iAPN,170,iAPN,246
beta,0.3655945768103212,0.20395262017783192,0.015572603385813321,494.3531657767906,286.08703165667544,1.0111158509484308,3.346759319054035,copath_tau_mapt_REGION-RF_rank246_region170_iAPN,170,iAPN,246
gamma,0.12062839584112678,0.07102285299521184,0.0017318110004795057,1514.1370226450108,1406.1262277524906,1.000385876512978,10.250672073474627,copath_tau_mapt_REGION-RF_rank246_region170_iAPN,170,iAPN,246
sigma,0.07100336554442664,0.01702611700950815,0.0005126407980924713,1162.1291446550817,1562.068799964585,1.0041029835587874,7.867587008787982,copath_tau_mapt_REGION-RF_rank246_region170_iAPN,170,iAPN,246
u0,0.014885500214282974,0.006323688091581318,0.0001661810190873607,1268.7842261462858,791.356683672041,1.0018279806499197,8.58963940496162,copath_tau_mapt_REGION-RF_rank246_region170_iAPN,170,iAPN,246
alpha,0.7299753752963599,0.5937647497786654,0.013229514748244792,1409.950060771981,1393.6985900720115,1.0048352524031405,16.190318314906886,copath_tau_mapt_REGION-RF_rank348_region171_iMPT,171,iMPT,348
beta,-0.32220084320996734,0.8339146891254722,0.02252968980040498,1364.223836255094,1532.9265071833527,1.0029677024467318,15.665248561825024,copath_tau_mapt_REGION-RF_rank348_region171_iMPT,171,iMPT,348
gamma,0.07964093743859245,0.060160507994132265,0.0013112002541379245,1398.6270333731043,795.3529077989198,1.001992324635654,16.060297101406704,copath_tau_mapt_REGION-RF_rank348_region171_iMPT,171,iMPT,348
sigma,0.18224688215116167,0.1615617477317542,0.004612119834678418,1474.7279946440176,1770.2143455460796,1.001261018079673,16.93415697866497,copath_tau_mapt_REGION-RF_rank348_region171_iMPT,171,iMPT,348
u0,0.007932939041832196,0.005921838276538159,0.00012728683186892514,1389.4518280451236,1015.7855513605372,1.000734310369556,15.954939118171964,copath_tau_mapt_REGION-RF_rank348_region171_iMPT,171,iMPT,348
alpha,0.747517144478452,0.5116055755674291,0.01974097971120721,640.910269149322,978.6205686658348,1.006024467178358,2.670503963188228,copath_tau_mapt_REGION-RF_rank311_region172_iNOT,172,iNOT,311
beta,0.6034846071562747,0.43063950796028466,0.016619454544900894,717.6677438960083,942.5405692988704,1.0011545429013047,2.9903321051017864,copath_tau_mapt_REGION-RF_rank311_region172_iNOT,172,iNOT,311
gamma,0.08122030268538154,0.05958403798103685,0.001881124580212428,672.0623236010426,558.3112221174736,1.0032248484227169,2.800306353443568,copath_tau_mapt_REGION-RF_rank311_region172_iNOT,172,iNOT,311
sigma,0.05923222593566245,0.015420854593307505,0.000511730571698648,933.7230852617645,1231.8888823968264,1.0031319993676013,3.890577698218989,copath_tau_mapt_REGION-RF_rank311_region172_iNOT,172,iNOT,311
u0,0.012399353780712667,0.006561155607657091,0.00019597062139721137,868.9624761568987,586.3588950000715,1.0049146927309993,3.6207373296092378,copath_tau_mapt_REGION-RF_rank311_region172_iNOT,172,iNOT,311
alpha,0.7788198589161691,0.5508249260111727,0.044846391419068134,207.32941191786483,194.2206458630627,1.0212542290467546,1.096470489496239,copath_tau_mapt_REGION-RF_rank274_region173_iNPC,173,iNPC,274
beta,0.473949714447657,0.6247398105333755,0.0322515422777583,335.28479180219045,496.20278449736116,1.0079223070049599,1.773168005384744,copath_tau_mapt_REGION-RF_rank274_region173_iNPC,173,iNPC,274
gamma,0.0814863875924024,0.06037054978752839,0.002586871373429034,428.4557463415055,597.4883932091108,1.015997459819576,2.265906595561355,copath_tau_mapt_REGION-RF_rank274_region173_iNPC,173,iNPC,274
sigma,0.09278863574423739,0.036081231340838724,0.002399024653724777,152.56294106254376,202.32842605204385,1.0269303553210543,0.8068356588601273,copath_tau_mapt_REGION-RF_rank274_region173_iNPC,173,iNPC,274
u0,0.010017256407470027,0.0061508023190647585,0.00039265003427557606,190.61166873666218,134.67792548083128,1.0271873500183102,1.0080579874802325,copath_tau_mapt_REGION-RF_rank274_region173_iNPC,173,iNPC,274
alpha,0.71103338204243,0.5602656372441471,0.013773608633589887,1148.9182070460072,983.9281789277021,1.0034150872485623,14.298385960026474,copath_tau_mapt_REGION-RF_rank287_region174_iOP,174,iOP,287
beta,-0.22668235381264748,0.857008137917109,0.02129392192107474,1650.8909608599758,1934.77718512063,1.0033117004541876,20.545480079897153,copath_tau_mapt_REGION-RF_rank287_region174_iOP,174,iOP,287
gamma,0.0812765020113526,0.060337631788844596,0.0015356717624573565,1054.763795142784,739.2732609499442,1.0048319798602239,13.126626201172128,copath_tau_mapt_REGION-RF_rank287_region174_iOP,174,iOP,287
sigma,0.3446512053050816,0.3685270356581922,0.010363230683032078,1285.1427595866905,787.1744898602493,1.0026851376281074,15.993712239576501,copath_tau_mapt_REGION-RF_rank287_region174_iOP,174,iOP,287
u0,0.007793509335223771,0.0060111463301341025,0.0001535794524241929,1168.501838988466,966.0671987476411,1.003257163030599,14.54210594487407,copath_tau_mapt_REGION-RF_rank287_region174_iOP,174,iOP,287
alpha,0.7500463012732942,0.45342918655992237,0.015119901269165261,810.7272462580145,1437.4522533100703,1.003003943069024,3.427138227594635,copath_tau_mapt_REGION-RF_rank202_region175_iPPT,175,iPPT,202
beta,0.7219514424775264,0.41754985961853835,0.013609580617260978,1007.5254414941113,1386.6978367481659,1.0033344786880654,4.259051329230563,copath_tau_mapt_REGION-RF_rank202_region175_iPPT,175,iPPT,202
gamma,0.07751162150338452,0.05801170638791603,0.0015528714521504826,968.6690964703473,714.532908333796,1.0014508124681758,4.094796253272294,copath_tau_mapt_REGION-RF_rank202_region175_iPPT,175,iPPT,202
sigma,0.09008279493534119,0.021147859773484916,0.0006018578174232604,1228.6304999250813,1068.8795191076363,1.0024773023890203,5.193715362739764,copath_tau_mapt_REGION-RF_rank202_region175_iPPT,175,iPPT,202
u0,0.009868962702649456,0.005837616278331643,0.00017109086207904017,906.9302411036753,600.6367818970368,1.0074550702864427,3.8338113260582904,copath_tau_mapt_REGION-RF_rank202_region175_iPPT,175,iPPT,202
alpha,0.7480929223917936,0.587264101142896,0.012412847143539844,1571.4012854736695,1126.1126939959406,1.0025169007710346,20.32992154050934,copath_tau_mapt_REGION-RF_rank191_region176_iRPF,176,iRPF,191
beta,-0.22211941424133583,0.8622034936142154,0.021755236892667333,1590.0053968928205,1744.803725931711,1.004478099528937,20.570611254192645,copath_tau_mapt_REGION-RF_rank191_region176_iRPF,176,iRPF,191
gamma,0.07929593430833913,0.06032654629431895,0.0014799090634910934,1119.919572675366,987.727212157066,1.0075614419617842,14.488900610328818,copath_tau_mapt_REGION-RF_rank191_region176_iRPF,176,iRPF,191
sigma,0.4183863865059821,0.34583214489687286,0.00862383752771923,1938.7600303212523,1856.303921792758,1.0019082499591194,25.08260599419435,copath_tau_mapt_REGION-RF_rank191_region176_iRPF,176,iRPF,191
u0,0.007852133075714843,0.006012500907757552,0.00013072608962209635,1333.496602771472,905.2110241393761,1.0019378023073786,17.252042211934434,copath_tau_mapt_REGION-RF_rank191_region176_iRPF,176,iRPF,191
alpha,0.7090418585325063,0.5672335402847435,0.01112967655907116,1516.7386698399616,1422.5197540677761,1.0030454225457843,19.45734131054959,copath_tau_mapt_REGION-RF_rank307_region177_iCUN,177,iCUN,307
beta,-0.11774479574783629,0.8636492056755953,0.020556583517777987,1754.6560248933852,1522.7270378827882,1.0017687667256765,22.509442027060054,copath_tau_mapt_REGION-RF_rank307_region177_iCUN,177,iCUN,307
gamma,0.07838783224363934,0.05937019757126483,0.0013427351259756375,1393.5595003653577,1198.0873011876351,1.002787507816305,17.87714876289714,copath_tau_mapt_REGION-RF_rank307_region177_iCUN,177,iCUN,307
sigma,0.3130802096553094,0.3043518231512999,0.007453543082881477,1555.8976061839983,1119.701770981237,1.0035554590952234,19.959688092467136,copath_tau_mapt_REGION-RF_rank307_region177_iCUN,177,iCUN,307
u0,0.007948241187103343,0.00602992876934282,0.00012510944607316063,1252.0548848881815,656.6398826552584,1.0034380434540748,16.06186993134469,copath_tau_mapt_REGION-RF_rank307_region177_iCUN,177,iCUN,307
alpha,1.388726867122322,0.6380460135438949,0.024900119032683667,696.6831281385456,401.4011062503642,1.0063359634003401,3.7264151742024714,copath_tau_mapt_REGION-RF_rank244_region178_iRN,178,iRN,244
beta,0.3472179133170284,0.17539385154624712,0.007327257100610842,590.0624948183658,287.80874171960625,1.0090073453638477,3.156123272704917,copath_tau_mapt_REGION-RF_rank244_region178_iRN,178,iRN,244
gamma,0.09822022566783288,0.06392440418888884,0.0018766958730088812,836.874152881239,573.5935132445982,1.0025638219916924,4.4762682146858594,copath_tau_mapt_REGION-RF_rank244_region178_iRN,178,iRN,244
sigma,0.043028284290258074,0.010264747392945353,0.00029793507478494076,993.2657465033849,644.981573307544,1.0020301461748464,5.312774775636158,copath_tau_mapt_REGION-RF_rank244_region178_iRN,178,iRN,244
u0,0.02121951826788011,0.0071889011222786015,0.00018715751404152974,1444.1113887943159,1476.2074852048509,1.0007587901853117,7.724255655250462,copath_tau_mapt_REGION-RF_rank244_region178_iRN,178,iRN,244
alpha,0.692578635207133,0.5920327142878314,0.012440490687165573,1417.083309841904,1262.1408055759225,1.0018308065411525,17.03634659583919,copath_tau_mapt_REGION-RF_rank342_region179_iIII,179,iIII,342
beta,-0.4254237134999344,0.7918462509773326,0.022107227180283042,1316.3617691231473,1509.0933048327324,1.002306073268938,15.825460076017638,copath_tau_mapt_REGION-RF_rank342_region179_iIII,179,iIII,342
gamma,0.0799416786926765,0.06168488994011666,0.0013887429815369365,1260.8669851841855,767.3120356886619,1.001049493382114,15.158295085166932,copath_tau_mapt_REGION-RF_rank342_region179_iIII,179,iIII,342
sigma,0.09910494220849614,0.04831430580180064,0.0012499222003048607,1841.2137476810847,1749.9658355077058,1.001484934907087,22.135293912972884,copath_tau_mapt_REGION-RF_rank342_region179_iIII,179,iIII,342
u0,0.00802261539036376,0.005963612352989284,0.00012826396672399734,1507.309575684147,1064.777141953069,1.003717738739586,18.12105765429366,copath_tau_mapt_REGION-RF_rank342_region179_iIII,179,iIII,342
alpha,0.6982739580109076,0.5336757872993482,0.038376195670880145,231.582405798605,309.19081279415906,1.0242616826759456,1.5557896823596928,copath_tau_mapt_REGION-RF_rank309_region180_iMA3,180,iMA3,309
beta,0.484042782076747,0.5493186829310546,0.020260620962661798,430.642945845705,748.8184731852637,1.0177659112286497,2.8930947911059643,copath_tau_mapt_REGION-RF_rank309_region180_iMA3,180,iMA3,309
gamma,0.08189966659551771,0.060967588350167204,0.0033651827881078303,300.48800223060545,428.1043428766197,1.0118245887115616,2.0187031563607167,copath_tau_mapt_REGION-RF_rank309_region180_iMA3,180,iMA3,309
sigma,0.09988659939329807,0.020613561961668386,0.0011493726199757177,364.231707148595,594.4758345774761,1.0210167059376343,2.4469386178794705,copath_tau_mapt_REGION-RF_rank309_region180_iMA3,180,iMA3,309
u0,0.013087005476955814,0.006709852949140086,0.0003695993385698065,292.6475993050047,314.37462836340916,1.0219762693483803,1.9660306835313244,copath_tau_mapt_REGION-RF_rank309_region180_iMA3,180,iMA3,309
alpha,1.007721408745352,0.672140726389404,0.03972533799518034,259.75393716330257,510.31740397496407,1.0127473244451657,1.615304817940044,copath_tau_mapt_REGION-RF_rank234_region181_iIV,181,iIV,234
beta,0.4970442776331437,0.47638970623767013,0.022173005104679528,488.52763788483617,371.78004942522534,1.002056655503932,3.0379560586838728,copath_tau_mapt_REGION-RF_rank234_region181_iIV,181,iIV,234
gamma,0.09206877787197319,0.06703245357711181,0.0032310900495583915,263.1051749447514,152.22394178669256,1.0210471352963535,1.6361448121035733,copath_tau_mapt_REGION-RF_rank234_region181_iIV,181,iIV,234
sigma,0.1133421832026033,0.035426605456285926,0.0022662881188744524,220.76233755479134,221.23169781914677,1.0220350138384575,1.3728318090815839,copath_tau_mapt_REGION-RF_rank234_region181_iIV,181,iIV,234
u0,0.012012464753984603,0.006346482427451868,0.00027415667007532266,498.34866422003245,665.1512266266724,1.0091410324924739,3.0990290546492245,copath_tau_mapt_REGION-RF_rank234_region181_iIV,181,iIV,234
alpha,0.8510899295519089,0.5777961043793267,0.03499135259573914,282.99341674907055,514.0620778325675,1.0098101246273905,1.778032412142865,copath_tau_mapt_REGION-RF_rank240_region182_iPa4,182,iPa4,240
beta,0.5400071389326926,0.5192307298616218,0.036299397410242795,200.79968536190884,265.6930745881765,1.0309671212169391,1.2616136199314458,copath_tau_mapt_REGION-RF_rank240_region182_iPa4,182,iPa4,240
gamma,0.07938135568233165,0.060952061539349754,0.003648950382623377,181.0787470049133,230.37231177228762,1.0236846489430822,1.1377080252380503,copath_tau_mapt_REGION-RF_rank240_region182_iPa4,182,iPa4,240
sigma,0.14634237365925593,0.03166491532476524,0.001898057573130084,242.99287088463402,589.1741148361032,1.0403646124766794,1.5267111345407105,copath_tau_mapt_REGION-RF_rank240_region182_iPa4,182,iPa4,240
u0,0.011773900139899339,0.006588323216703783,0.0004264274590202253,209.18312966748184,249.28648161131196,1.0165742755891491,1.3142863494667778,copath_tau_mapt_REGION-RF_rank240_region182_iPa4,182,iPa4,240
alpha,0.8080674584938178,0.6095416448478876,0.01115190795252133,2048.8851109077864,1078.8865750062625,1.0007438231268226,29.32802437565718,copath_tau_mapt_REGION-RF_rank1_region183_iVTN,183,iVTN,382
beta,0.0045927975126536826,1.0048104463996477,0.017742573294799814,3219.065824347427,2405.221621931707,1.0030247836901047,46.07815267956982,copath_tau_mapt_REGION-RF_rank1_region183_iVTN,183,iVTN,382
gamma,0.07905672340756104,0.06149266994005889,0.001079646578182986,1728.4104773153142,997.1272387394961,1.003573488466893,24.740706221143615,copath_tau_mapt_REGION-RF_rank1_region183_iVTN,183,iVTN,382
sigma,1.6736082018613625,2.32483332888496,0.04541433830073847,3105.5921062520206,2566.074502216873,1.0000193749810153,44.453874210962056,copath_tau_mapt_REGION-RF_rank1_region183_iVTN,183,iVTN,382
u0,0.008015787482861645,0.005921488014858808,0.00010345070273832396,1742.8580642455784,945.2670132455617,1.0012587021369657,24.947510975302073,copath_tau_mapt_REGION-RF_rank1_region183_iVTN,183,iVTN,382
alpha,1.1961289174186582,0.4424983660577805,0.012687682271590063,1101.5534283928737,1184.0115855517545,1.0009597997365152,9.316801809925094,copath_tau_mapt_REGION-RF_rank63_region184_iAT,184,iAT,63
beta,0.7710193065618808,0.18179284039878268,0.00579729744270758,1159.1788760041238,1125.516066104353,1.0016378310718468,9.804190674381296,copath_tau_mapt_REGION-RF_rank63_region184_iAT,184,iAT,63
gamma,0.07451290347161105,0.05642611950142509,0.0014390367494748655,1262.8845910410203,1368.8687545079465,1.0035383006334762,10.68132070607208,copath_tau_mapt_REGION-RF_rank63_region184_iAT,184,iAT,63
sigma,0.2223234665900775,0.046559945436041195,0.0010931485526452856,1805.4669090576367,1626.059408519363,1.0027804563240177,15.270414427931598,copath_tau_mapt_REGION-RF_rank63_region184_iAT,184,iAT,63
u0,0.010955905335799333,0.006329375742404377,0.0001530058190126644,1177.918254484729,489.7871437742071,1.007336412848937,9.962686005469953,copath_tau_mapt_REGION-RF_rank63_region184_iAT,184,iAT,63
alpha,0.8883703426261892,0.517041341085703,0.016715789202841926,813.4934755938345,1209.718325727831,1.0019901887429508,4.3318164785741615,copath_tau_mapt_REGION-RF_rank146_region185_iLT,185,iLT,146
beta,0.7123762546047444,0.39777328808728785,0.016408137315081357,760.0364109511935,849.4131856991746,1.0033627901398956,4.047159993350161,copath_tau_mapt_REGION-RF_rank146_region185_iLT,185,iLT,146
gamma,0.08389935243224358,0.058279974829933,0.0012938044594671984,1385.8529344332871,796.9471646812511,1.0009793461366028,7.37960507166478,copath_tau_mapt_REGION-RF_rank146_region185_iLT,185,iLT,146
sigma,0.13492610612889866,0.02802311813215733,0.0008392784114492148,1150.4705818744105,940.899216122631,1.0045408000170084,6.126204541518201,copath_tau_mapt_REGION-RF_rank146_region185_iLT,185,iLT,146
u0,0.009816554424529635,0.005934225480341946,0.0001376874804682211,1391.02464375664,1048.6826162861978,1.0004664709369624,7.407144193171491,copath_tau_mapt_REGION-RF_rank146_region185_iLT,185,iLT,146
alpha,0.8824180040064927,0.4993380300840941,0.014182044257288924,948.2298608503344,754.1557367115435,1.003834023984246,6.143812392527711,copath_tau_mapt_REGION-RF_rank91_region186_iMT,186,iMT,91
beta,0.712517418909807,0.5339388423647756,0.023273818470369995,676.0589663976671,500.2844445124215,1.007783879415036,4.3803508277082726,copath_tau_mapt_REGION-RF_rank91_region186_iMT,186,iMT,91
gamma,0.07921383119517364,0.0596322365499236,0.0012752572423326619,1439.3849746705846,1195.9976630792955,1.0009496434301453,9.326126090428113,copath_tau_mapt_REGION-RF_rank91_region186_iMT,186,iMT,91
sigma,0.3295484412850394,0.07329565865180127,0.002363338552285424,1049.070770678348,1354.3115275275984,1.003707689103759,6.797185226536054,copath_tau_mapt_REGION-RF_rank91_region186_iMT,186,iMT,91
u0,0.008997617640646887,0.006044231545215704,0.00015409359154150478,902.2238932559874,518.3377697092282,1.0043777610411069,5.845728514866543,copath_tau_mapt_REGION-RF_rank91_region186_iMT,186,iMT,91
alpha,0.8084158210902929,0.6063905963986995,0.010908030626119239,2281.5123460095588,1592.4935267566364,1.0003949480447567,32.59815608180655,copath_tau_mapt_REGION-RF_rank1_region187_iSNc,187,iSNc,383
beta,0.01017929501515418,0.9862023388887938,0.018690645675284754,2785.8537469482253,2384.4789238042295,1.0007890322685213,39.80416561099923,copath_tau_mapt_REGION-RF_rank1_region187_iSNc,187,iSNc,383
gamma,0.07926276941018198,0.06096401763786455,0.0011795192280360715,1977.7579277821326,1627.2398428740075,1.0010536891215587,28.258125245140416,copath_tau_mapt_REGION-RF_rank1_region187_iSNc,187,iSNc,383
sigma,1.6391862082890647,2.145821577498831,0.05083533474783498,2601.0121728738454,2382.1163480124237,1.0012690458240872,37.16315667996178,copath_tau_mapt_REGION-RF_rank1_region187_iSNc,187,iSNc,383
u0,0.008044700977479462,0.005894628982053152,0.00011043534815995639,1966.4988948617702,1333.881751015984,1.0004124432694206,28.09725663835417,copath_tau_mapt_REGION-RF_rank1_region187_iSNc,187,iSNc,383
alpha,1.2698032718227323,0.5632918166543082,0.01753416587221767,889.4812372193132,574.0071874253729,1.002380224307462,5.146150501141569,copath_tau_mapt_REGION-RF_rank148_region188_iPPN,188,iPPN,148
beta,0.4971946244662596,0.2093290255416191,0.008712105833273472,971.0040522937916,580.3261742393438,1.0031009757673155,5.61780595388785,copath_tau_mapt_REGION-RF_rank148_region188_iPPN,188,iPPN,148
gamma,0.089892372742519,0.06312410926815222,0.001475085649616756,1305.5750584863079,954.9527039533855,1.0031823879475679,7.553487876271713,copath_tau_mapt_REGION-RF_rank148_region188_iPPN,188,iPPN,148
sigma,0.1074081562473909,0.023829670052700497,0.0006062878575024865,1653.988438765645,1369.3881678793766,1.0017819707887874,9.569255737923475,copath_tau_mapt_REGION-RF_rank148_region188_iPPN,188,iPPN,148
u0,0.013750660676999989,0.006780326316324747,0.00017113432310279336,1402.4984826900165,1125.9113017904451,1.0030407752953658,8.114244536634287,copath_tau_mapt_REGION-RF_rank148_region188_iPPN,188,iPPN,148
alpha,1.214504453460947,0.44441052119186386,0.01520421923989346,697.7384576063916,425.0352940290823,1.001242892313144,4.9341870574460724,copath_tau_mapt_REGION-RF_rank102_region189_iIF,189,iIF,102
beta,0.5954248384986128,0.15648474020010555,0.007585111703242377,735.5547844632058,441.60659777496346,1.0025365952495964,5.2016122344631945,copath_tau_mapt_REGION-RF_rank102_region189_iIF,189,iIF,102
gamma,0.08099439330198739,0.05995689261016697,0.0016382920616938384,973.4879038126444,661.8536515827412,1.0069096298076083,6.884200466820673,copath_tau_mapt_REGION-RF_rank102_region189_iIF,189,iIF,102
sigma,0.13330930988390025,0.028110540493309695,0.0007458614254865918,1290.4543322494835,1088.4592663937715,1.0034876877595609,9.125687419113943,copath_tau_mapt_REGION-RF_rank102_region189_iIF,189,iIF,102
u0,0.013367949346268417,0.006528064084085253,0.00016691842031337555,1357.972920424377,1006.0706336926784,1.0004093799793807,9.603157652089875,copath_tau_mapt_REGION-RF_rank102_region189_iIF,189,iIF,102
alpha,1.1660173681521018,0.4715210288789291,0.012359102805885574,1284.6422738673361,950.414805149873,1.0026225040655845,8.47210531990171,copath_tau_mapt_REGION-RF_rank115_region190_iIPN,190,iIPN,115
beta,0.5952568088791618,0.196763206648052,0.006551823944367695,1378.5334038528886,869.94221449452,1.000916429429157,9.09130924773721,copath_tau_mapt_REGION-RF_rank115_region190_iIPN,190,iIPN,115
gamma,0.08229463235468283,0.059503234102806384,0.0012978705853980079,1519.719601468743,1143.9289122176692,1.0008434502852874,10.022420079328525,copath_tau_mapt_REGION-RF_rank115_region190_iIPN,190,iIPN,115
sigma,0.1423350728825983,0.03092954266815344,0.0007095755098254729,1889.4277130493144,1958.3763830542428,1.003162133991847,12.460613281163042,copath_tau_mapt_REGION-RF_rank115_region190_iIPN,190,iIPN,115
u0,0.012154854802200684,0.006384191346950768,0.000140175898938202,1695.799940655704,1150.2247283261797,1.0030879644380113,11.183654773766117,copath_tau_mapt_REGION-RF_rank115_region190_iIPN,190,iIPN,115
alpha,1.0779217866540698,0.5773155404187187,0.01871131643772627,829.4645360099923,908.6596015337635,1.0024929673137666,3.837253417637744,copath_tau_mapt_REGION-RF_rank190_region191_iRL,191,iRL,190
beta,0.5363598004376361,0.2956798591084188,0.011201897219401676,908.6103097794917,874.6893111862706,1.0037029058376443,4.2033961250155745,copath_tau_mapt_REGION-RF_rank190_region191_iRL,191,iRL,190
gamma,0.08686473943405883,0.06309877482422367,0.0016393788026959016,913.3671107373157,632.3124883129598,1.004915168175518,4.225401949182857,copath_tau_mapt_REGION-RF_rank190_region191_iRL,191,iRL,190
sigma,0.08950941133196386,0.01943831644413153,0.000514810709842364,1348.8704343471263,664.8505258023287,1.000809843860468,6.240119329329187,copath_tau_mapt_REGION-RF_rank190_region191_iRL,191,iRL,190
u0,0.0122856527165166,0.005922850957040176,0.00016196493936370359,1172.263039810512,1020.1614039657272,1.000258864678578,5.423101483665009,copath_tau_mapt_REGION-RF_rank190_region191_iRL,191,iRL,190
alpha,0.7521342489872375,0.5209003707381806,0.026688771509840524,402.658107520243,660.2960350903436,1.0186041611707084,3.1242385090256435,copath_tau_mapt_REGION-RF_rank130_region192_iCLI,192,iCLI,130
beta,0.48344961974686845,0.7570026514930795,0.0465291700152193,178.98401128696034,363.327106073641,1.0237628814595796,1.3887432790223642,copath_tau_mapt_REGION-RF_rank130_region192_iCLI,192,iCLI,130
gamma,0.08087392873430387,0.06066139273562564,0.0038337029861215846,208.25657932955036,255.58698206845125,1.0253497160349183,1.6158701706176997,copath_tau_mapt_REGION-RF_rank130_region192_iCLI,192,iCLI,130
sigma,0.20891363221291126,0.07193736424523338,0.0067771591914955985,60.4105654826778,33.80668746036161,1.0650026050213335,0.46872771591593704,copath_tau_mapt_REGION-RF_rank130_region192_iCLI,192,iCLI,130
u0,0.008443588241080357,0.0065399340910083864,0.0007123915664751235,50.33490182707359,46.31718234996807,1.087509634232236,0.39055028496666394,copath_tau_mapt_REGION-RF_rank130_region192_iCLI,192,iCLI,130
alpha,1.1616970149656156,0.5037668090677538,0.013140194349072183,1226.0477385878298,713.6090120304136,1.0016177939865443,10.222772202711763,copath_tau_mapt_REGION-RF_rank80_region193_iDR,193,iDR,80
beta,0.7364946437402725,0.25340207328064,0.009535700606816156,1302.4491877432906,789.7340706694424,1.001675449952286,10.859806623225388,copath_tau_mapt_REGION-RF_rank80_region193_iDR,193,iDR,80
gamma,0.0836340175098891,0.05946237118310868,0.0013305322948911358,1447.589527692246,933.057915625221,1.0017717223090898,12.069985139138069,copath_tau_mapt_REGION-RF_rank80_region193_iDR,193,iDR,80
sigma,0.306283405862805,0.05913686235150361,0.0012864215639113296,2198.978981656964,1824.5206841938705,1.0021634064595815,18.33506192338192,copath_tau_mapt_REGION-RF_rank80_region193_iDR,193,iDR,80
u0,0.010046364703941327,0.006024012408567152,0.00013124324998830286,1595.1872768621322,962.749982103814,1.0043809657075167,13.300653505391612,copath_tau_mapt_REGION-RF_rank80_region193_iDR,193,iDR,80
alpha,1.1074020117512924,0.5974491443955526,0.023162348261382727,578.7679327280836,765.1093448154373,1.008557997915939,2.2781385487598396,copath_tau_mapt_REGION-RF_rank249_region194_iNLL,194,iNLL,249
beta,0.43796491861279685,0.2871595223981892,0.014745034347951087,533.2247122251875,600.7482193899488,1.0117052834296671,2.0988719370571793,copath_tau_mapt_REGION-RF_rank249_region194_iNLL,194,iNLL,249
gamma,0.08824915822116795,0.06180165368906175,0.0018346767595276798,783.5055314181661,366.0101864241707,1.0059289726654423,3.0840239297239793,copath_tau_mapt_REGION-RF_rank249_region194_iNLL,194,iNLL,249
sigma,0.047499915315743074,0.010640465597266177,0.00033556959403030994,783.5565506389994,260.9147033761075,1.0042225983203918,3.084224750894496,copath_tau_mapt_REGION-RF_rank249_region194_iNLL,194,iNLL,249
u0,0.01849493429260442,0.006655705923089794,0.00020446573024565575,1012.1872272405426,1108.7542419757503,1.0016364331279426,3.9841577436225615,copath_tau_mapt_REGION-RF_rank249_region194_iNLL,194,iNLL,249
alpha,0.7521636739364507,0.5767680482054424,0.011142286377996068,1825.1591051020737,1371.8638992252218,1.0014373614588812,24.85238432873194,copath_tau_mapt_REGION-RF_rank331_region195_iPSV,195,iPSV,331
beta,-0.11947607939306709,0.910693449744897,0.019157217123638395,2272.516349233925,2196.000618308533,1.000560454510219,30.943850071268045,copath_tau_mapt_REGION-RF_rank331_region195_iPSV,195,iPSV,331
gamma,0.07980478582192779,0.05862102085296495,0.0011508171412578907,1873.495232742169,1201.6397709924902,1.0008097030448544,25.51055600139119,copath_tau_mapt_REGION-RF_rank331_region195_iPSV,195,iPSV,331
sigma,0.6990024509205165,0.8499160014798854,0.017876567135496384,2265.538906828426,1773.4049739023683,1.0021478203360106,30.84884132391648,copath_tau_mapt_REGION-RF_rank331_region195_iPSV,195,iPSV,331
u0,0.008150800937544235,0.006027107308974168,0.00011048786379840149,2062.005418606162,1264.6707998582724,1.0004956356035002,28.07741583069393,copath_tau_mapt_REGION-RF_rank331_region195_iPSV,195,iPSV,331
alpha,0.8091256560249038,0.6093615440127192,0.012796848070817582,1582.9245839478665,805.4544395404371,1.00075389696573,22.670207721526502,copath_tau_mapt_REGION-RF_rank1_region196_iPB,196,iPB,384
beta,-0.015123377970405565,0.9851813846140279,0.021075994082969392,2211.0503008879145,2058.491942039566,1.0017394293045576,31.666050367895203,copath_tau_mapt_REGION-RF_rank1_region196_iPB,196,iPB,384
gamma,0.07796401107716514,0.059188075955022006,0.0012290505199313347,1534.909278316006,1020.4955762279747,1.0025311915725081,21.982545805396512,copath_tau_mapt_REGION-RF_rank1_region196_iPB,196,iPB,384
sigma,1.6926396875547989,2.1191473762841317,0.04518777925595476,2573.3334653780103,2103.284054401808,1.0004053580717531,36.854569566023294,copath_tau_mapt_REGION-RF_rank1_region196_iPB,196,iPB,384
u0,0.008023631123793439,0.0060365602471909715,0.00013199759234093635,1467.5127240159288,1140.3304345987074,1.003806000822893,21.017311010768918,copath_tau_mapt_REGION-RF_rank1_region196_iPB,196,iPB,384
alpha,0.7646154635651919,0.5852704008594003,0.012884235576053895,1351.8135697112307,960.9638666360527,1.0011873512023348,18.030912470138595,copath_tau_mapt_REGION-RF_rank236_region197_iSOC,197,iSOC,236
beta,-0.12869529609507746,0.9381478673124407,0.02039795053189336,2069.6536432068506,1951.395152928107,1.0020987537859773,27.60568803295698,copath_tau_mapt_REGION-RF_rank236_region197_iSOC,197,iSOC,236
gamma,0.08112241648409826,0.060976800771187806,0.001212160146273626,1578.3404377868499,833.1755211559437,1.002521865941263,21.052398732684868,copath_tau_mapt_REGION-RF_rank236_region197_iSOC,197,iSOC,236
sigma,0.7427842016071239,0.8942043490761777,0.024488383174853426,1133.6415578457281,808.4073113450145,1.000894725372172,15.120865894543673,copath_tau_mapt_REGION-RF_rank236_region197_iSOC,197,iSOC,236
u0,0.007991395054722971,0.00597915619140956,0.00014692151216667368,1168.975776230602,773.7111411401944,1.005784634609544,15.592164757917649,copath_tau_mapt_REGION-RF_rank236_region197_iSOC,197,iSOC,236
alpha,0.948480549023778,0.6021918300712946,0.020048402637773282,821.928612329603,948.3363437087494,1.0032114240280543,3.7930381659372343,copath_tau_mapt_REGION-RF_rank216_region198_iPG,198,iPG,216
beta,0.6119120828437288,0.3830111849099761,0.013920542249046295,953.7163326747971,937.2297749241179,1.003122724540269,4.401212459388802,copath_tau_mapt_REGION-RF_rank216_region198_iPG,198,iPG,216
gamma,0.08326133231531939,0.06093017190726124,0.001365065315489074,1249.2247141089963,812.6716833523677,1.0015449927913125,5.764925259162673,copath_tau_mapt_REGION-RF_rank216_region198_iPG,198,iPG,216
sigma,0.10585354393298735,0.020722075986079596,0.000585491846340403,1245.0660299808906,1849.0630247947133,1.0012264217323459,5.745733753499823,copath_tau_mapt_REGION-RF_rank216_region198_iPG,198,iPG,216
u0,0.011866606048202409,0.006335748337368119,0.00018322728535343728,967.2140928980363,551.3989604594209,1.005110647155321,4.463501956205692,copath_tau_mapt_REGION-RF_rank216_region198_iPG,198,iPG,216
alpha,0.7875522356091428,0.5983434577049391,0.013807358296450542,1213.422266638589,834.9750561232602,1.0005979112099115,17.66056742502458,copath_tau_mapt_REGION-RF_rank1_region199_iSUT,199,iSUT,385
beta,0.015339082631942762,0.9994818377990506,0.019034268266677184,2752.1630597658927,2413.26522361733,1.0018538692212886,40.0559332212536,copath_tau_mapt_REGION-RF_rank1_region199_iSUT,199,iSUT,385
gamma,0.08124616263272866,0.061209165060032655,0.0012806372444818497,1613.7274778636672,1148.3484829918445,1.0043201849158963,23.48674794585299,copath_tau_mapt_REGION-RF_rank1_region199_iSUT,199,iSUT,385
sigma,1.634916419398238,2.33573723109543,0.05412431445664379,2048.654982336432,2188.0433221558765,1.0025968677953592,29.816833299418295,copath_tau_mapt_REGION-RF_rank1_region199_iSUT,199,iSUT,385
u0,0.00784152264243887,0.005854942829122761,0.0001182588887614952,1750.96537849323,1096.6342892089529,1.0015385305186897,25.48415582600614,copath_tau_mapt_REGION-RF_rank1_region199_iSUT,199,iSUT,385
alpha,1.5639312177786484,0.5693743210768454,0.016627874922461525,1075.9442489078874,838.5985272705532,0.9995370264146071,7.55308315777276,copath_tau_mapt_REGION-RF_rank173_region200_iTRN,200,iTRN,173
beta,0.3955718331490597,0.11547050400138963,0.0042893739673047285,983.2391599635739,820.2184935569437,1.0008162331232082,6.902297351114235,copath_tau_mapt_REGION-RF_rank173_region200_iTRN,200,iTRN,173
gamma,0.10403969065175767,0.06619069765651202,0.001548465960283157,1572.1530778320569,1176.9362925187434,1.000445749791733,11.036448166963075,copath_tau_mapt_REGION-RF_rank173_region200_iTRN,200,iTRN,173
sigma,0.07776017326699639,0.016977621164041248,0.00046096537649368885,1450.3754676971178,1912.3922346011768,1.0035822327287236,10.181574490155336,copath_tau_mapt_REGION-RF_rank173_region200_iTRN,200,iTRN,173
u0,0.015205338836226122,0.006509879051979075,0.00014191574315844716,1868.8614770241052,1466.946825051653,1.002746420293115,13.119328590351104,copath_tau_mapt_REGION-RF_rank173_region200_iTRN,200,iTRN,173
alpha,0.7998605757522299,0.6047865015941032,0.012255413527528273,1622.5615419798457,983.4120427687769,1.0025414306847895,23.55190718911712,copath_tau_mapt_REGION-RF_rank1_region201_iP5,201,iP5,386
beta,-0.000767646175185618,0.9726647797385591,0.018636669709539755,2718.367871556324,2281.771131026082,1.0014951287703333,39.45782403954428,copath_tau_mapt_REGION-RF_rank1_region201_iP5,201,iP5,386
gamma,0.07831427409076297,0.06078324831622483,0.0011866557618097728,1722.4470101922075,1482.8694401449607,1.0006243796499548,25.001771010004028,copath_tau_mapt_REGION-RF_rank1_region201_iP5,201,iP5,386
sigma,1.6955748337666479,2.289906169400044,0.046308995303847675,2737.8916504181407,2099.964492043201,1.0016642856100468,39.741216820549845,copath_tau_mapt_REGION-RF_rank1_region201_iP5,201,iP5,386
u0,0.007921397386903152,0.005986092371285691,0.00011473951973607323,1965.4215880090148,1441.9520572954991,1.0023925455273077,28.528610860450478,copath_tau_mapt_REGION-RF_rank1_region201_iP5,201,iP5,386
alpha,0.7444192984190676,0.567015205579395,0.010695066566184679,1977.3573300979783,1390.2526474194615,1.0007320764483278,27.078555114114437,copath_tau_mapt_REGION-RF_rank358_region202_iPC5,202,iPC5,358
beta,-0.18147854137887517,0.9066245211160474,0.017312740749675423,2753.634150893484,2340.0648930189304,1.0012566924073165,37.709134805383016,copath_tau_mapt_REGION-RF_rank358_region202_iPC5,202,iPC5,358
gamma,0.07986552991560422,0.05775813703320114,0.0011046861369306785,1943.849390468287,1456.5438783871216,1.0006077534231685,26.619686817417623,copath_tau_mapt_REGION-RF_rank358_region202_iPC5,202,iPC5,358
sigma,0.6405688407180049,0.7801195277634404,0.01592236313432672,2687.946526801318,2176.8530723708063,1.0006944075088773,36.80958775730001,copath_tau_mapt_REGION-RF_rank358_region202_iPC5,202,iPC5,358
u0,0.00788589414065335,0.005788371846078333,0.00011372728557527938,1656.4991511172652,920.1349968762878,1.001107597427298,22.684621983721094,copath_tau_mapt_REGION-RF_rank358_region202_iPC5,202,iPC5,358
alpha,1.2833431889654807,0.408751283242312,0.01211204284498856,1007.8166147196173,1052.2718809896553,1.0019964604209457,8.433682413406116,copath_tau_mapt_REGION-RF_rank50_region203_iCS,203,iCS,50
beta,0.831562128436178,0.1508968717908757,0.005593857880371768,896.4671098581518,698.9934433340491,1.0027956269672393,7.501879596131783,copath_tau_mapt_REGION-RF_rank50_region203_iCS,203,iCS,50
gamma,0.0679678785941766,0.05413022706893984,0.0018812659318672871,917.4768259357994,865.5884088224954,1.0033580665114288,7.677694591049293,copath_tau_mapt_REGION-RF_rank50_region203_iCS,203,iCS,50
sigma,0.20229917821972,0.04256111721295118,0.0009826276310644629,1905.1345440723167,1800.753355094977,1.0031409816453956,15.942681897524805,copath_tau_mapt_REGION-RF_rank50_region203_iCS,203,iCS,50
u0,0.010689140218777671,0.0064136471467927895,0.0001397597842381243,1602.504176178974,1406.320967861906,1.0012167598359387,13.410189007263442,copath_tau_mapt_REGION-RF_rank50_region203_iCS,203,iCS,50
alpha,1.2706324606490993,0.5316247654639153,0.022193254349312564,517.3303178630119,280.5955592035996,1.0114605998186126,2.59720924489556,copath_tau_mapt_REGION-RF_rank176_region204_iPRNr,204,iPRNr,176
beta,0.4433705991907602,0.22613032900285165,0.014394555780689006,487.5383715728352,323.72088192558607,1.0101008202764243,2.4476415206456004,copath_tau_mapt_REGION-RF_rank176_region204_iPRNr,204,iPRNr,176
gamma,0.09231292366068845,0.061842677620026446,0.0029784474292330124,432.6492300925251,391.66080061762955,1.0100638516041145,2.172075637930814,copath_tau_mapt_REGION-RF_rank176_region204_iPRNr,204,iPRNr,176
sigma,0.0630924046469862,0.014309314744691682,0.0005424528161402525,405.6248269389594,223.56408465533585,1.0175731115130955,2.0364021092689755,copath_tau_mapt_REGION-RF_rank176_region204_iPRNr,204,iPRNr,176
u0,0.01618985378980536,0.006393256467929603,0.00022797502045587983,775.6230388816122,1248.9814792447103,1.005220144436373,3.8939440770813962,copath_tau_mapt_REGION-RF_rank176_region204_iPRNr,204,iPRNr,176
alpha,0.8123964621955656,0.595812416545699,0.011344166002129619,1798.1983462496487,1266.1749252890115,1.001597558227732,26.435152025780233,copath_tau_mapt_REGION-RF_rank1_region205_iNTB,205,iNTB,387
beta,0.022548537885036933,1.004279419556665,0.019095538422252784,2766.3849867398276,2275.0693230174497,1.0001488165753052,40.66837667759181,copath_tau_mapt_REGION-RF_rank1_region205_iNTB,205,iNTB,387
gamma,0.08162130147537484,0.06032162264176976,0.0012031308149950176,1763.6210645500819,1158.0335086534642,1.0016553615247488,25.92683451994299,copath_tau_mapt_REGION-RF_rank1_region205_iNTB,205,iNTB,387
sigma,1.7767981639974846,2.442441962630133,0.0592588977035758,2555.511332664917,1974.6697789648554,1.0013128180566757,37.56834207054845,copath_tau_mapt_REGION-RF_rank1_region205_iNTB,205,iNTB,387
u0,0.007980069478898334,0.0060892742897978,0.00011443291194584496,2079.850996356232,1410.975767051483,1.0020280512665032,30.575702282407892,copath_tau_mapt_REGION-RF_rank1_region205_iNTB,205,iNTB,387
alpha,0.7872062563992354,0.5417986508171502,0.030391527870329445,342.3017560225751,459.79739993491813,1.0164380726775137,2.1481935687730638,copath_tau_mapt_REGION-RF_rank308_region206_iCB,206,iCB,308
beta,0.4693270901370562,0.5187800340832719,0.02681949936297627,327.02513773576237,399.1524270267258,1.012324757067349,2.0523216295295863,copath_tau_mapt_REGION-RF_rank308_region206_iCB,206,iCB,308
gamma,0.07744837457762403,0.05984027719428815,0.003992007165387779,160.44140447611113,212.21522139445773,1.0369217216749342,1.0068870147361126,copath_tau_mapt_REGION-RF_rank308_region206_iCB,206,iCB,308
sigma,0.13005176555992712,0.028357658434145432,0.00161005510713746,273.39696318776555,383.650846476346,1.0102861174921478,1.7157656591259511,copath_tau_mapt_REGION-RF_rank308_region206_iCB,206,iCB,308
u0,0.0116064850126929,0.006718529354487086,0.00037604011160502965,279.67129485881503,337.0262221998913,1.0145494046311483,1.7551416737298866,copath_tau_mapt_REGION-RF_rank308_region206_iCB,206,iCB,308
alpha,0.7034813975392508,0.572271811288846,0.01357203255862977,1148.2829847336236,785.416706681016,1.0018906747064893,13.220537265515608,copath_tau_mapt_REGION-RF_rank153_region207_cFRP,207,cFRP,153
beta,-0.1948538314837846,0.8748679422887755,0.02560406582940432,1172.4337568274232,1184.2835916756444,1.00554663632214,13.49859257653384,copath_tau_mapt_REGION-RF_rank153_region207_cFRP,207,cFRP,153
gamma,0.08276437980647841,0.0616083618576204,0.001449768149215584,1341.0834782961044,1007.3293723392451,1.0010506481081591,15.440308997606435,copath_tau_mapt_REGION-RF_rank153_region207_cFRP,207,cFRP,153
sigma,0.25083113182610506,0.07493378586014601,0.002151016359250161,1261.0427745880882,1723.7267184923048,1.00361088015457,14.518775612370915,copath_tau_mapt_REGION-RF_rank153_region207_cFRP,207,cFRP,153
u0,0.008386523170638843,0.006455986198420266,0.0001546210449478947,1281.762953121991,840.3139364673531,1.0011743635669101,14.757333438357637,copath_tau_mapt_REGION-RF_rank153_region207_cFRP,207,cFRP,153
alpha,1.6751865230818346,0.6474084593945784,0.019537934174085475,1053.7406872980812,877.756680825864,1.008664215322352,5.069058564911371,copath_tau_mapt_REGION-RF_rank280_region208_cMOp,208,cMOp,280
beta,0.2838212029817136,0.10777895752165233,0.0039506100881565075,1001.4001446238734,846.8955018584176,1.0047521438508025,4.817272447764175,copath_tau_mapt_REGION-RF_rank280_region208_cMOp,208,cMOp,280
gamma,0.11788825562672452,0.06764609372948431,0.002284351969595161,641.2093190415285,385.5843765701272,1.0081586750446456,3.0845611541513898,copath_tau_mapt_REGION-RF_rank280_region208_cMOp,208,cMOp,280
sigma,0.039507057566671736,0.010305914829342714,0.0003521997223698844,895.5266350208849,1487.326403076447,1.0028966166909798,4.307964012473168,copath_tau_mapt_REGION-RF_rank280_region208_cMOp,208,cMOp,280
u0,0.02087774567709539,0.006849547041006214,0.0002044843071273938,1108.5545279211865,1375.5791546164367,1.0081581880431436,5.332742573354371,copath_tau_mapt_REGION-RF_rank280_region208_cMOp,208,cMOp,280
alpha,1.0381454875445215,0.6060063225720306,0.02377451832766798,545.2818511192787,694.4104507892187,1.0072914092336822,2.1043684605114974,copath_tau_mapt_REGION-RF_rank245_region209_cMOs,209,cMOs,245
beta,0.4917886596206257,0.31512275185124167,0.013718898103828262,627.027796884004,816.3956492151362,1.0054533258374447,2.4198449240850883,copath_tau_mapt_REGION-RF_rank245_region209_cMOs,209,cMOs,245
gamma,0.09395501243757841,0.06352677699258863,0.0017802319594721974,937.1641932267675,741.8224263368741,1.0036425954404666,3.6167328263337204,copath_tau_mapt_REGION-RF_rank245_region209_cMOs,209,cMOs,245
sigma,0.06478148973430473,0.013932658120161324,0.000451248706128292,901.5282272475539,823.7222887738385,1.0036890486904182,3.479205412368656,copath_tau_mapt_REGION-RF_rank245_region209_cMOs,209,cMOs,245
u0,0.016324521823313568,0.006740550277525083,0.00020790387649013658,968.5317439878833,991.1125719534049,1.0044266259446137,3.7377874412446914,copath_tau_mapt_REGION-RF_rank245_region209_cMOs,209,cMOs,245
alpha,0.7087761364573316,0.5674277328408304,0.011748223969786578,1475.2482082310112,1126.7127695962374,1.0034421317685218,18.346576398843567,copath_tau_mapt_REGION-RF_rank359_region210_cSSp-n,210,cSSp-n,359
beta,-0.29106149115719004,0.863155641046624,0.021014516510776345,1698.853864153718,1728.3141767573786,1.0023698112472577,21.127395400493945,copath_tau_mapt_REGION-RF_rank359_region210_cSSp-n,210,cSSp-n,359
gamma,0.0809336086214673,0.06137938188711356,0.0011657198332601362,1970.0542838282768,1441.3651091976453,1.0016087756937755,24.50011545614074,copath_tau_mapt_REGION-RF_rank359_region210_cSSp-n,210,cSSp-n,359
sigma,0.22693057290806343,0.29526649982634134,0.006011058255785002,2329.3260643934273,2236.520863335583,1.0007505592038972,28.968114219542684,copath_tau_mapt_REGION-RF_rank359_region210_cSSp-n,210,cSSp-n,359
u0,0.00773313665336516,0.006011546568296877,0.00012539672389621958,1371.9174580662486,1077.5197800745843,1.001154323045417,17.061527895364367,copath_tau_mapt_REGION-RF_rank359_region210_cSSp-n,210,cSSp-n,359
alpha,1.7268754907594308,0.7211788341907472,0.029075604157389353,545.9430162752511,170.52678037485265,1.0061068942220934,4.359209321978386,copath_tau_mapt_REGION-RF_rank210_region211_cSSp-bfd,211,cSSp-bfd,210
beta,0.39559309859353264,0.20050508145522591,0.013983209699083093,742.0315562470265,207.57194618960966,1.0066246472229914,5.9249239952972035,copath_tau_mapt_REGION-RF_rank210_region211_cSSp-bfd,211,cSSp-bfd,210
gamma,0.12375277075860325,0.07102366390960524,0.0017442605934885013,1342.4474531610567,916.7970707899079,1.0010396938768065,10.719084735274608,copath_tau_mapt_REGION-RF_rank210_region211_cSSp-bfd,211,cSSp-bfd,210
sigma,0.10697554380054508,0.025780511041388576,0.0007847283741019537,1206.8142438124946,1622.2280038336933,1.0021452947795124,9.636089746903876,copath_tau_mapt_REGION-RF_rank210_region211_cSSp-bfd,211,cSSp-bfd,210
u0,0.015539195778880502,0.006540666050420986,0.00014434174295659458,1883.5762667929725,1562.2001413959988,0.9999563417303681,15.039853933622693,copath_tau_mapt_REGION-RF_rank210_region211_cSSp-bfd,211,cSSp-bfd,210
alpha,0.6681400848208634,0.5748144258689085,0.015122172360889618,998.6556244802573,947.6970904960739,1.0035005544985274,11.654692362671787,copath_tau_mapt_REGION-RF_rank343_region212_cSSp-ll,212,cSSp-ll,343
beta,-0.2758300784180493,0.805768281576329,0.024532270958930964,1091.870654645696,1505.677156696033,1.0046897137104922,12.742547348439041,copath_tau_mapt_REGION-RF_rank343_region212_cSSp-ll,212,cSSp-ll,343
gamma,0.08091006821512252,0.06071690031186723,0.0016546886508382523,1003.1512503194253,905.5325152440217,1.0040324569946946,11.707158032366932,copath_tau_mapt_REGION-RF_rank343_region212_cSSp-ll,212,cSSp-ll,343
sigma,0.09192563717050072,0.03391435457205953,0.0009337574241401977,1323.7089342179872,1289.5245816851432,1.003318195498622,15.44818857257212,copath_tau_mapt_REGION-RF_rank343_region212_cSSp-ll,212,cSSp-ll,343
u0,0.008444882702500411,0.006166889652156125,0.00016233263183871297,1091.6230392178093,896.5187251793961,1.0018243770155366,12.739657581871338,copath_tau_mapt_REGION-RF_rank343_region212_cSSp-ll,212,cSSp-ll,343
alpha,1.2317075358754754,0.7121899494905533,0.04158542467749258,319.03756087068535,258.482661356202,1.00824699920574,1.286187651918312,copath_tau_mapt_REGION-RF_rank306_region213_cSSp-m,213,cSSp-m,306
beta,0.36928544685381537,0.2888697178441566,0.01452004094821337,331.58348290800507,254.0966184397726,1.0089125544830657,1.336766053916787,copath_tau_mapt_REGION-RF_rank306_region213_cSSp-m,213,cSSp-m,306
gamma,0.10019292436658069,0.06504756377421085,0.0021356688135634825,708.502188077676,525.0092562534619,1.0039543785349156,2.8562993121426654,copath_tau_mapt_REGION-RF_rank306_region213_cSSp-m,213,cSSp-m,306
sigma,0.038672454779569224,0.009603576655630844,0.0004601995629843214,315.3669420164544,221.05151761543502,1.0082986713323288,1.2713896932317985,copath_tau_mapt_REGION-RF_rank306_region213_cSSp-m,213,cSSp-m,306
u0,0.02078905027140105,0.006806384595869613,0.00024065734657445235,770.0461276735697,939.3600770141132,1.0076934894260652,3.1044113367664035,copath_tau_mapt_REGION-RF_rank306_region213_cSSp-m,213,cSSp-m,306
alpha,0.8564812843792315,0.5598675325257574,0.037454164002195915,235.34318941624892,545.4584618510426,1.0196972246779457,1.0008854037733597,copath_tau_mapt_REGION-RF_rank272_region214_cSSp-ul,214,cSSp-ul,272
beta,0.5868620563547561,0.39845362345739477,0.01761319077242625,371.371556275167,908.9890299998253,1.0128388479344896,1.5793971815134582,copath_tau_mapt_REGION-RF_rank272_region214_cSSp-ul,214,cSSp-ul,272
gamma,0.08640665839536302,0.06199928977486834,0.0018670987053538933,654.3802016462558,727.3124532447048,1.007350911769387,2.782997859298938,copath_tau_mapt_REGION-RF_rank272_region214_cSSp-ul,214,cSSp-ul,272
sigma,0.07375130118725076,0.01579859597707225,0.0005470486618571296,875.4489744900281,1317.4475933350604,1.0036142743886551,3.723175939311579,copath_tau_mapt_REGION-RF_rank272_region214_cSSp-ul,214,cSSp-ul,272
u0,0.012879909688448172,0.0066303293027085665,0.00030539150385521175,403.6419315257059,416.1767808151699,1.012647537122486,1.7166390861662701,copath_tau_mapt_REGION-RF_rank272_region214_cSSp-ul,214,cSSp-ul,272
alpha,0.9411356853475109,0.5877720945935083,0.01621736050688432,1043.7217880986852,1293.5060701045936,1.0032241553350054,11.349243052701985,copath_tau_mapt_REGION-RF_rank47_region215_cSSp-tr,215,cSSp-tr,47
beta,0.362757546616352,0.8901186768804487,0.02666899082129118,1242.4829183619975,1503.218139229334,1.0008917851986727,13.510535844047643,copath_tau_mapt_REGION-RF_rank47_region215_cSSp-tr,215,cSSp-tr,47
gamma,0.08662981309264907,0.05889877652269815,0.001745610886675022,1048.4921326067645,1117.0658807054856,1.0049199365814818,11.401114921129622,copath_tau_mapt_REGION-RF_rank47_region215_cSSp-tr,215,cSSp-tr,47
sigma,0.5933957938770923,0.2599705396688717,0.011565774155624415,293.592654168345,101.24234818046756,1.0119831594260795,3.192473730680973,copath_tau_mapt_REGION-RF_rank47_region215_cSSp-tr,215,cSSp-tr,47
u0,0.008711893693120342,0.0061244228406356635,0.00019034750763757114,839.1814177728102,660.1691043393866,1.0044430412150027,9.125107844078228,copath_tau_mapt_REGION-RF_rank47_region215_cSSp-tr,215,cSSp-tr,47
alpha,0.66633907553167,0.5478046966232923,0.019524464331243288,674.9671012383666,921.5759125524017,1.0028424514574372,6.755954049649841,copath_tau_mapt_REGION-RF_rank302_region216_cSSp-un,216,cSSp-un,302
beta,0.006137083264038864,0.8747956285194121,0.03505005167740939,600.1996566930899,710.174099648337,1.0086514551341825,6.007583619697217,copath_tau_mapt_REGION-RF_rank302_region216_cSSp-un,216,cSSp-un,302
gamma,0.0818239527407507,0.06186314148180898,0.002322932984046924,551.9700693220716,513.9068054410152,1.0049588713322228,5.524838793298484,copath_tau_mapt_REGION-RF_rank302_region216_cSSp-un,216,cSSp-un,302
sigma,0.15565020623787143,0.04567571512713164,0.0018425906155160653,469.90178062532806,430.3134137122198,1.0115562962600675,4.703391960776803,copath_tau_mapt_REGION-RF_rank302_region216_cSSp-un,216,cSSp-un,302
u0,0.008505635384815373,0.00632930622940243,0.00023535491887315322,515.7192866455426,330.2855461241288,1.0191822053177142,5.161993520429426,copath_tau_mapt_REGION-RF_rank302_region216_cSSp-un,216,cSSp-un,302
alpha,2.0201303959384522,0.6490723663593496,0.01844987470736351,1223.6011908888456,611.3398058938063,1.0031620956901806,11.042833724911741,copath_tau_mapt_REGION-RF_rank243_region217_cSSs,217,cSSs,243
beta,0.3058495649166668,0.07713608276722668,0.0032516045788091703,1217.163242455105,578.449863942928,1.0021184860702943,10.984732119084022,copath_tau_mapt_REGION-RF_rank243_region217_cSSs,217,cSSs,243
gamma,0.14587372632553855,0.07041735551240921,0.0014800628786473284,2062.55746801605,1342.6144645077636,1.0018093774261227,18.614299607563286,copath_tau_mapt_REGION-RF_rank243_region217_cSSs,217,cSSs,243
sigma,0.06769463146269314,0.016427673168849046,0.00042929945150686104,1682.1691631364795,1565.3382329485357,1.0035448084979213,15.18134707943215,copath_tau_mapt_REGION-RF_rank243_region217_cSSs,217,cSSs,243
u0,0.01774080408702077,0.00655418578187937,0.0001338844730720309,2119.2564039811787,1423.4528924809722,1.0012923616317482,19.12599976518369,copath_tau_mapt_REGION-RF_rank243_region217_cSSs,217,cSSs,243
alpha,1.3252294077428428,0.7470195324706032,0.07904922692680282,115.88027157724389,63.08063458663146,1.0369395545212516,0.6835747286604249,copath_tau_mapt_REGION-RF_rank226_region218_cGU,218,cGU,226
beta,0.45905815041937637,0.29732434182923373,0.01644697043985591,138.61280937878297,81.73576774886521,1.0311888141920054,0.8176733819337013,copath_tau_mapt_REGION-RF_rank226_region218_cGU,218,cGU,226
gamma,0.0914845644497006,0.06794795857501298,0.002740576853301154,554.0818420371512,1112.7406517749037,1.0088646809970565,3.268514473352276,copath_tau_mapt_REGION-RF_rank226_region218_cGU,218,cGU,226
sigma,0.09291959311829615,0.02201789710253433,0.0012328319567274577,161.4501391437969,58.06264795927256,1.0303842982323586,0.9523902002925708,copath_tau_mapt_REGION-RF_rank226_region218_cGU,218,cGU,226
u0,0.014440899348827961,0.006387075184323057,0.00018352707097538785,1087.0452722816442,849.1110926698041,1.0035316900342646,6.412451981062195,copath_tau_mapt_REGION-RF_rank226_region218_cGU,218,cGU,226
alpha,1.2955191553141263,0.6195452804519281,0.01942190628595978,881.6052838890046,696.6128017209714,1.002695281467253,5.522423963073424,copath_tau_mapt_REGION-RF_rank175_region219_cVISC,219,cVISC,175
beta,0.48733885858889514,0.24549061640244163,0.01005281701701281,964.018575148018,658.2451262695005,1.0029234758268877,6.0386653500542975,copath_tau_mapt_REGION-RF_rank175_region219_cVISC,219,cVISC,175
gamma,0.09512647243662684,0.06530234599906758,0.001547947117845292,1406.7579970670106,1154.1129079807322,1.0026491806272337,8.812009427822494,copath_tau_mapt_REGION-RF_rank175_region219_cVISC,219,cVISC,175
sigma,0.11418033418462112,0.027190606082158873,0.0006793434750989333,1680.0228081063688,1813.4483372354919,1.0014476555737817,10.523755226454162,copath_tau_mapt_REGION-RF_rank175_region219_cVISC,219,cVISC,175
u0,0.013107373065395151,0.006621074695216022,0.0001590134981974536,1405.3297826352707,1041.3087351612503,1.0016573794030217,8.803063014108348,copath_tau_mapt_REGION-RF_rank175_region219_cVISC,219,cVISC,175
alpha,1.6923171707242244,0.7283523187473392,0.02969584728280797,540.0373219845492,240.49144472889628,1.0093211008479315,3.7951153353142644,copath_tau_mapt_REGION-RF_rank217_region220_cAUDd,220,cAUDd,217
beta,0.39760736749339387,0.2129973475217056,0.014068285734048645,590.5147728533882,254.83071327567995,1.0082274830314042,4.14984590685314,copath_tau_mapt_REGION-RF_rank217_region220_cAUDd,220,cAUDd,217
gamma,0.11321226407123774,0.07075180236925999,0.0019642472912308794,934.7118359172624,548.9328367183252,1.0012801897345813,6.568692714706197,copath_tau_mapt_REGION-RF_rank217_region220_cAUDd,220,cAUDd,217
sigma,0.09785425380195122,0.02306373884260179,0.0006835734767265234,1191.0711159522366,1601.5141552681323,1.0027458596932872,8.370259005412843,copath_tau_mapt_REGION-RF_rank217_region220_cAUDd,220,cAUDd,217
u0,0.01646661552115297,0.00663965998193733,0.00017922573571582749,1360.5502234526248,1427.8887589593917,1.0019574652309395,9.561274392139206,copath_tau_mapt_REGION-RF_rank217_region220_cAUDd,220,cAUDd,217
alpha,1.1022663307745961,0.5577862536090262,0.022429318562566487,531.1804535026723,578.9208138181796,1.0047088019871009,4.128880322601417,copath_tau_mapt_REGION-RF_rank121_region221_cAUDp,221,cAUDp,121
beta,0.6241839819434536,0.36292496215362857,0.019118383715370748,485.43564987052315,563.302227551398,1.004947008877863,3.773304701675267,copath_tau_mapt_REGION-RF_rank121_region221_cAUDp,221,cAUDp,121
gamma,0.08272409531251894,0.06322244989963403,0.00226213271362025,537.5498573278365,533.9512680328594,1.0034264554668808,4.178389874293327,copath_tau_mapt_REGION-RF_rank121_region221_cAUDp,221,cAUDp,121
sigma,0.21864320381994173,0.04922581893771852,0.0025307468704287408,276.2096620232583,260.4389346335296,1.0209767367303617,2.1469853247046897,copath_tau_mapt_REGION-RF_rank121_region221_cAUDp,221,cAUDp,121
u0,0.01131243842074176,0.006383697463663136,0.0002007398920883699,873.0220001761409,928.6342474369372,1.0033433824227929,6.78602409775469,copath_tau_mapt_REGION-RF_rank121_region221_cAUDp,221,cAUDp,121
alpha,1.0847116443442368,0.5140338534559968,0.013242197487763773,1191.6063243630806,808.4729747678941,1.0007359712168151,9.51382294900663,copath_tau_mapt_REGION-RF_rank94_region222_cAUDpo,222,cAUDpo,94
beta,0.6965906370352318,0.2535494574375202,0.008875178212569858,1157.410970490877,682.9261582195916,1.0005239859435926,9.240806151623769,copath_tau_mapt_REGION-RF_rank94_region222_cAUDpo,222,cAUDpo,94
gamma,0.08283923376128144,0.06000292522981607,0.0012899589831654042,1592.1763735058596,1210.2341953294251,1.0005167195027675,12.71198701401884,copath_tau_mapt_REGION-RF_rank94_region222_cAUDpo,222,cAUDpo,94
sigma,0.2577568930066818,0.052200158947226925,0.0013616931938874059,1491.8451525807668,1089.762784514437,1.0018886279954897,11.91093934196221,copath_tau_mapt_REGION-RF_rank94_region222_cAUDpo,222,cAUDpo,94
u0,0.010802504418017441,0.006263584614527843,0.00013849446199897157,1562.5835206408199,789.5504696242383,1.0061930290208245,12.475716731663233,copath_tau_mapt_REGION-RF_rank94_region222_cAUDpo,222,cAUDpo,94
alpha,1.6493312639417073,0.6446472909053529,0.018561182093955908,1028.5934028306285,543.5427513436985,1.0042425438097655,8.22664120249719,copath_tau_mapt_REGION-RF_rank182_region223_cAUDv,223,cAUDv,182
beta,0.4006650161340898,0.16475484183895617,0.008091129149452392,1018.1877727630646,486.9685916339284,1.0065251043609453,8.143417467232906,copath_tau_mapt_REGION-RF_rank182_region223_cAUDv,223,cAUDv,182
gamma,0.10613547417636437,0.0664340582243623,0.0013856780749288249,1753.6378823892626,1035.9725462882566,1.0011431563844215,14.025512527906956,copath_tau_mapt_REGION-RF_rank182_region223_cAUDv,223,cAUDv,182
sigma,0.10564340293780589,0.024568245338978,0.0005900021747973068,1838.119671697508,1768.1432547340175,1.0028355682447343,14.70119386794987,copath_tau_mapt_REGION-RF_rank182_region223_cAUDv,223,cAUDv,182
u0,0.01597614143223891,0.00682515294774186,0.00016033732793331232,1631.974663033012,1207.7350646729494,1.0010436868826778,13.052455875559952,copath_tau_mapt_REGION-RF_rank182_region223_cAUDv,223,cAUDv,182
alpha,1.9767344222344094,0.5730184279435864,0.012169989310313638,2111.3335710240053,1912.5692086833453,1.0018251130097797,19.229603728951922,copath_tau_mapt_REGION-RF_rank144_region224_cVISal,224,cVISal,144
beta,0.42762157011579716,0.07794799267146064,0.0018570411775619042,1891.4486290543805,1552.450384858877,1.003055711567141,17.226935672104453,copath_tau_mapt_REGION-RF_rank144_region224_cVISal,224,cVISal,144
gamma,0.11550634262480265,0.061804569897779105,0.0014137510109960808,1872.7912281639997,1852.4547545153341,1.0027645027240526,17.057007797770407,copath_tau_mapt_REGION-RF_rank144_region224_cVISal,224,cVISal,144
sigma,0.09680647545715693,0.02261528710858668,0.00048529813769736035,2230.875391535857,2398.056629583621,1.0015859698912917,20.31836671222865,copath_tau_mapt_REGION-RF_rank144_region224_cVISal,224,cVISal,144
u0,0.015491077681865044,0.006550980795921561,0.00013259040037047292,2190.360648262068,1442.0474457469843,1.0003953435713142,19.949366536686835,copath_tau_mapt_REGION-RF_rank144_region224_cVISal,224,cVISal,144
alpha,1.108529721270599,0.5318477533322671,0.015079635842702993,917.644270373807,525.4868281585577,1.0036045188470346,8.164676047884253,copath_tau_mapt_REGION-RF_rank75_region225_cVISam,225,cVISam,75
beta,0.7624647012960127,0.2980325677869888,0.015035103692492339,651.2137862110039,498.76037188354616,1.006328494051001,5.794129352720869,copath_tau_mapt_REGION-RF_rank75_region225_cVISam,225,cVISam,75
gamma,0.0783683814525734,0.05958597058777998,0.0013111739716766225,1552.7646814783075,971.6603202865068,1.00228079450869,13.815615715338348,copath_tau_mapt_REGION-RF_rank75_region225_cVISam,225,cVISam,75
sigma,0.3406359138431641,0.07319353974146128,0.0025839233724576044,1125.4418862525501,825.0890969295389,1.0046907888112444,10.013540877042407,copath_tau_mapt_REGION-RF_rank75_region225_cVISam,225,cVISam,75
u0,0.01057181924218677,0.00639337531068594,0.00015448682280428877,1234.2909125336364,823.4619279539736,1.0036002852036787,10.982017514891064,copath_tau_mapt_REGION-RF_rank75_region225_cVISam,225,cVISam,75
alpha,1.0368088647231213,0.5542842673040583,0.017267903223866916,786.0313194516126,602.2601619525925,1.0057227806665776,6.294444288793073,copath_tau_mapt_REGION-RF_rank110_region226_cVISl,226,cVISl,110
beta,0.677254484638024,0.4148351849959897,0.021638264743975268,547.6090038355276,315.2100412225754,1.0056908214876785,4.3851870547460905,copath_tau_mapt_REGION-RF_rank110_region226_cVISl,226,cVISl,110
gamma,0.08306343027183809,0.06088294056309313,0.001286187572925347,1491.8118192513734,839.0418734527196,1.000809615573404,11.94624966368005,copath_tau_mapt_REGION-RF_rank110_region226_cVISl,226,cVISl,110
sigma,0.27165015209422644,0.059483082899057356,0.002274996098647511,852.2434949393964,944.8298796304181,1.0065924384196339,6.824663428328647,copath_tau_mapt_REGION-RF_rank110_region226_cVISl,226,cVISl,110
u0,0.010729571004095871,0.006398025761861724,0.0001465911228732267,1261.0937610933133,723.4371537399861,1.0010936700824928,10.098687196948305,copath_tau_mapt_REGION-RF_rank110_region226_cVISl,226,cVISl,110
alpha,0.9900029287407172,0.5587882777141637,0.014924444375846039,1000.2783611412409,481.3807273572661,1.005940557706051,8.941515175260715,copath_tau_mapt_REGION-RF_rank70_region227_cVISp,227,cVISp,70
beta,0.7630371370528112,0.5065360609378994,0.02259677872868424,705.4045354595149,315.1214828179163,1.0176699170908234,6.3056301161136235,copath_tau_mapt_REGION-RF_rank70_region227_cVISp,227,cVISp,70
gamma,0.08011322196054609,0.059984720656934644,0.0013023792636207706,1588.8055206730153,1170.2399678995794,1.0022291862545618,14.202375284243313,copath_tau_mapt_REGION-RF_rank70_region227_cVISp,227,cVISp,70
sigma,0.4578300723411504,0.1000070222077172,0.003209321965838824,1015.1013915679572,1295.4352494718007,1.0019590209416671,9.074018642948065,copath_tau_mapt_REGION-RF_rank70_region227_cVISp,227,cVISp,70
u0,0.009632719133706285,0.006361468350544413,0.00014063262208548733,1518.1665193462711,991.7433773165923,1.001597769797437,13.570931351368754,copath_tau_mapt_REGION-RF_rank70_region227_cVISp,227,cVISp,70
alpha,0.8921620581633328,0.5470879506776484,0.026142257348536906,383.33833843364175,628.3820512267328,1.0120895847811602,3.2084428801423006,copath_tau_mapt_REGION-RF_rank81_region228_cVISpl,228,cVISpl,81
beta,0.6325207830582597,0.6762574125491452,0.034331762363916454,397.4887350104186,559.9165863584662,1.01383932504667,3.326878044580748,copath_tau_mapt_REGION-RF_rank81_region228_cVISpl,228,cVISpl,81
gamma,0.08147790115280125,0.06016211294455545,0.002222140168429625,475.4897399863139,420.1283557897215,1.0196231055243905,3.9797263093315416,copath_tau_mapt_REGION-RF_rank81_region228_cVISpl,228,cVISpl,81
sigma,0.4849919089501966,0.10169381318851334,0.0043808818079066015,426.63596402021324,472.33697631478697,1.0059762964018022,3.570832822948269,copath_tau_mapt_REGION-RF_rank81_region228_cVISpl,228,cVISpl,81
u0,0.009011490888579393,0.006158966463555313,0.00020302506699504226,706.7971793148555,500.92260150865377,1.0082762741780789,5.915709832059924,copath_tau_mapt_REGION-RF_rank81_region228_cVISpl,228,cVISpl,81
alpha,1.1067516078020354,0.5766566391456324,0.01433445183020288,1232.6244727475482,660.2991520344119,1.0068201196500608,13.496085410891563,copath_tau_mapt_REGION-RF_rank38_region229_cVISpm,229,cVISpm,38
beta,0.8199655548103404,0.5742904332712144,0.025049081000686996,821.0697590068438,534.5720164081241,1.006172246113573,8.989946119726316,copath_tau_mapt_REGION-RF_rank38_region229_cVISpm,229,cVISpm,38
gamma,0.07902085252580082,0.05846487317487835,0.001225002927703889,1547.8709211371422,1350.6688383309881,1.0047504087867374,16.9477392495198,copath_tau_mapt_REGION-RF_rank38_region229_cVISpm,229,cVISpm,38
sigma,0.7552824793656814,0.1526575910484921,0.0048000998463639975,1128.635358496651,1356.4789205288246,1.0042264620838772,12.357501844880776,copath_tau_mapt_REGION-RF_rank38_region229_cVISpm,229,cVISpm,38
u0,0.009239913178504021,0.006130774590518994,0.00011662702863079067,1935.3074875192387,1088.265233974537,1.0009258530979495,21.189807378785517,copath_tau_mapt_REGION-RF_rank38_region229_cVISpm,229,cVISpm,38
alpha,1.0568870143354117,0.5288300550443173,0.016020617441791344,756.0014541928315,421.33476695878073,1.0088413787670272,5.839833257576563,copath_tau_mapt_REGION-RF_rank100_region230_cVISli,230,cVISli,100
beta,0.71042837183572,0.3289727866193938,0.015553667193212137,680.0043465360907,424.7233423886092,1.0098840592871572,5.252783544494583,copath_tau_mapt_REGION-RF_rank100_region230_cVISli,230,cVISli,100
gamma,0.08411535321385244,0.06230447937396377,0.0012278098253689167,1745.2881858989558,996.3147342330886,1.0008439273088912,13.481709506696916,copath_tau_mapt_REGION-RF_rank100_region230_cVISli,230,cVISli,100
sigma,0.2525017774098558,0.052494659464888405,0.0015403918806101537,1305.5686026515848,1305.9430142311417,1.0031376635471065,10.085037407702886,copath_tau_mapt_REGION-RF_rank100_region230_cVISli,230,cVISli,100
u0,0.010579810371568542,0.006212254287730868,0.00015089497929982984,1302.9664731078603,997.2450802118673,1.0017350846761577,10.064936913761127,copath_tau_mapt_REGION-RF_rank100_region230_cVISli,230,cVISli,100
alpha,1.3819516363622026,0.4939579752162687,0.011174051200755491,1748.3012892903394,1439.7421241317354,1.0027986090643388,18.518767562684328,copath_tau_mapt_REGION-RF_rank42_region231_cVISpor,231,cVISpor,42
beta,0.9517027343988025,0.20268642717992325,0.005592195891908605,1405.7786482128445,1124.3677438595585,1.0012855689151106,14.890618791115537,copath_tau_mapt_REGION-RF_rank42_region231_cVISpor,231,cVISpor,42
gamma,0.07707902307534868,0.05481105739991843,0.0014021809789875764,1180.3203031122048,873.6168905966174,1.003714064598278,12.502465951806592,copath_tau_mapt_REGION-RF_rank42_region231_cVISpor,231,cVISpor,42
sigma,0.4568357106162091,0.09122817044101024,0.001767610894886141,2906.500335910879,2574.061768192162,1.0014259121756448,30.786915545572672,copath_tau_mapt_REGION-RF_rank42_region231_cVISpor,231,cVISpor,42
u0,0.010283476280711728,0.006207951041183621,0.00013279992039036813,1519.753527146252,977.2819011462053,1.0016731310535911,16.097890274516214,copath_tau_mapt_REGION-RF_rank42_region231_cVISpor,231,cVISpor,42
alpha,1.080112318769829,0.587396439516157,0.019277344811863304,735.5086095085338,627.9425716819793,1.0060046169920311,4.4353971880847745,copath_tau_mapt_REGION-RF_rank162_region232_cACAd,232,cACAd,162
beta,0.5805047863029056,0.3233302546062324,0.014504705440585883,743.4727346040426,501.6914900464007,1.0084146303339654,4.483423897218442,copath_tau_mapt_REGION-RF_rank162_region232_cACAd,232,cACAd,162
gamma,0.08614108340429133,0.06282933372107145,0.001577207111135999,1066.6426246364335,1039.5581844273968,1.0044328875066195,6.432261481160689,copath_tau_mapt_REGION-RF_rank162_region232_cACAd,232,cACAd,162
sigma,0.13137316872055332,0.027686210904233233,0.0007889938150519226,1280.3453766418922,996.0795697491911,1.0016512539296991,7.720970509277092,copath_tau_mapt_REGION-RF_rank162_region232_cACAd,232,cACAd,162
u0,0.012715191121837504,0.006482390221861669,0.00017137548129017444,1220.8392122083822,1108.1368911034049,1.0055304437697397,7.362125662337148,copath_tau_mapt_REGION-RF_rank162_region232_cACAd,232,cACAd,162
alpha,1.1294308907511572,0.5387100448282882,0.014777915819332505,1086.2369982514738,841.8259289718272,1.004430935698673,10.270967664398663,copath_tau_mapt_REGION-RF_rank68_region233_cACAv,233,cACAv,68
beta,0.753896788016601,0.40958239803968993,0.025207759335568222,610.0679088180815,273.952490745128,1.005415396914034,5.768527286995608,copath_tau_mapt_REGION-RF_rank68_region233_cACAv,233,cACAv,68
gamma,0.08169591404435197,0.059470159994687646,0.0012718205557983736,1760.4880367168303,1495.7506103215142,1.0021706556258172,16.646381708398707,copath_tau_mapt_REGION-RF_rank68_region233_cACAv,233,cACAv,68
sigma,0.42592259654410813,0.08641133602716851,0.0030133112665328156,1064.923331727083,1349.6310569983948,1.0033637881916933,10.069435236361155,copath_tau_mapt_REGION-RF_rank68_region233_cACAv,233,cACAv,68
u0,0.010136581874370887,0.006180822309989735,0.00012016343260833146,1559.5463454009616,700.0927931744628,1.0005706722578158,14.746367607187747,copath_tau_mapt_REGION-RF_rank68_region233_cACAv,233,cACAv,68
alpha,1.6279380053068608,0.6503518239505196,0.018702251456831416,1087.3425224793514,670.1855902831592,1.0013669024578866,7.256157933409529,copath_tau_mapt_REGION-RF_rank215_region234_cPL,234,cPL,215
beta,0.38691184305027254,0.15221664350500266,0.006409353011489629,1117.3196692323736,653.4533318608392,1.0010330104682585,7.456204291145028,copath_tau_mapt_REGION-RF_rank215_region234_cPL,234,cPL,215
gamma,0.11404744969899397,0.06903870058977625,0.0016566011755098395,1289.1187516680254,790.4469331532418,1.0022087962387998,8.602670330314949,copath_tau_mapt_REGION-RF_rank215_region234_cPL,234,cPL,215
sigma,0.09078740102414815,0.02314480873670802,0.0007127823897254733,995.8804175957738,1187.0240819321364,1.0029090188094596,6.645804282892832,copath_tau_mapt_REGION-RF_rank215_region234_cPL,234,cPL,215
u0,0.014805759010831539,0.0066406527983281834,0.00015502181007671795,1541.6454972095626,1193.913037769658,1.002581288109442,10.287855918275904,copath_tau_mapt_REGION-RF_rank215_region234_cPL,234,cPL,215
alpha,1.3987513659627822,0.6363098907530804,0.01965568682555321,930.5650726991856,775.4476636933045,1.0032009431171025,6.278735250215477,copath_tau_mapt_REGION-RF_rank201_region235_cILA,235,cILA,201
beta,0.43178678047648,0.20952395848565952,0.008369848153242378,975.6563369662115,705.2419382743104,1.001072013124632,6.582976316999719,copath_tau_mapt_REGION-RF_rank201_region235_cILA,235,cILA,201
gamma,0.09771434744631981,0.06554550825272619,0.0014809094504862382,1399.0661068183226,818.7287691901741,1.003109542899185,9.439818815445234,copath_tau_mapt_REGION-RF_rank201_region235_cILA,235,cILA,201
sigma,0.10528484678768008,0.025680609892521244,0.000732660706635598,1356.3675657473345,1646.7881262324172,1.004169602174241,9.151721998983426,copath_tau_mapt_REGION-RF_rank201_region235_cILA,235,cILA,201
u0,0.013284719064839353,0.0064296180511361385,0.00014515637471445653,1753.5124092653832,1204.8740975406909,1.0020311714716792,11.83134903592483,copath_tau_mapt_REGION-RF_rank201_region235_cILA,235,cILA,201
alpha,1.2405273177566691,0.6922067809255217,0.023384564746870475,686.3369562889468,623.9844601647044,1.0040298675938009,3.686138953397783,copath_tau_mapt_REGION-RF_rank251_region236_cORBl,236,cORBl,251
beta,0.4463726897314225,0.2809669563939993,0.012919859207081238,743.8621197770652,584.7015938272715,1.0070259217851616,3.995091784789334,copath_tau_mapt_REGION-RF_rank251_region236_cORBl,236,cORBl,251
gamma,0.09812453513291851,0.06727640202084756,0.0018373006418489983,1059.8532101172955,897.8052605593781,1.007382593648648,5.692198514008483,copath_tau_mapt_REGION-RF_rank251_region236_cORBl,236,cORBl,251
sigma,0.07872950462228422,0.020756062295926605,0.0006975876203827853,818.1317952237414,372.2502110422149,1.0021882096759454,4.3939750755864395,copath_tau_mapt_REGION-RF_rank251_region236_cORBl,236,cORBl,251
u0,0.015150950584909473,0.006674081753196519,0.00018587872968355959,1146.595704134461,918.4417591253273,1.0019715728678902,6.158070099651229,copath_tau_mapt_REGION-RF_rank251_region236_cORBl,236,cORBl,251
alpha,1.2261960408246484,0.6056537963446993,0.022527498924091203,637.342505827673,498.1594445326298,1.0070270415433231,4.281259275517056,copath_tau_mapt_REGION-RF_rank134_region237_cORBm,237,cORBm,134
beta,0.5721915998695247,0.2951592847859719,0.01552734227445646,697.4750454653848,412.12220211437443,1.007059001646545,4.685191212788409,copath_tau_mapt_REGION-RF_rank134_region237_cORBm,237,cORBm,134
gamma,0.08994487342572131,0.06358091266470171,0.0016378607286649878,857.8246454789248,470.0227744069282,1.0107800592517684,5.7623172574288954,copath_tau_mapt_REGION-RF_rank134_region237_cORBm,237,cORBm,134
sigma,0.16181595083505737,0.03671126559291284,0.0010318449995607966,1118.009869433267,809.1862543611277,1.0026837282992243,7.5100751634553236,copath_tau_mapt_REGION-RF_rank134_region237_cORBm,237,cORBm,134
u0,0.012208254237122794,0.006490303691992856,0.00014693186264519447,1488.8183112714726,773.8714315980159,1.0022786039240419,10.000929086650405,copath_tau_mapt_REGION-RF_rank134_region237_cORBm,237,cORBm,134
alpha,1.1191475224683627,0.6197412633076331,0.019681580701099047,745.1023402008083,845.6589548583804,1.006946471763363,4.535646135495585,copath_tau_mapt_REGION-RF_rank140_region238_cORBvl,238,cORBvl,140
beta,0.6046043349221423,0.3316565438346169,0.014637325598427127,711.1978170758895,850.5619871140152,1.0070398888294696,4.329259829896392,copath_tau_mapt_REGION-RF_rank140_region238_cORBvl,238,cORBvl,140
gamma,0.08663366622693783,0.062084779534680314,0.0014274978949498217,1241.8548816736134,647.3434958619052,1.00087007615086,7.559517654167129,copath_tau_mapt_REGION-RF_rank140_region238_cORBvl,238,cORBvl,140
sigma,0.17088892056706315,0.039210735487414064,0.001033498471734694,1479.7518510736977,1780.1967703731168,1.0007604946509394,9.007662978223962,copath_tau_mapt_REGION-RF_rank140_region238_cORBvl,238,cORBvl,140
u0,0.011902773919870777,0.006637738648370255,0.00015265329515486026,1468.5580221989587,1197.9750633839399,1.004955615240169,8.939523014170936,copath_tau_mapt_REGION-RF_rank140_region238_cORBvl,238,cORBvl,140
alpha,0.9277741063647784,0.5507487881341838,0.017960017511064515,757.614985007301,905.3352569143279,1.0029273054507413,3.3992667896377404,copath_tau_mapt_REGION-RF_rank196_region239_cAId,239,cAId,196
beta,0.6116827148880158,0.3727948650240873,0.014950172553892907,796.7091989469657,901.4672792748943,1.0029002265561802,3.5746747022872163,copath_tau_mapt_REGION-RF_rank196_region239_cAId,239,cAId,196
gamma,0.08156701112787189,0.06098122894344632,0.0013168110991843506,1405.8138272616204,883.4122987035623,1.0007612475528125,6.307605248037565,copath_tau_mapt_REGION-RF_rank196_region239_cAId,239,cAId,196
sigma,0.09390289131205216,0.019938954762461634,0.0005468454468692929,1379.413173823136,1552.3862321993859,1.0030624278361298,6.189150800548897,copath_tau_mapt_REGION-RF_rank196_region239_cAId,239,cAId,196
u0,0.01288919124106055,0.0063578294737738775,0.0001563429263854193,1455.687261963742,1391.0598002276893,1.0005362126306685,6.5313773666242305,copath_tau_mapt_REGION-RF_rank196_region239_cAId,239,cAId,196
alpha,1.5154299475035868,0.46730360392442105,0.011837991224142199,1422.7018763186984,1244.6317706782252,1.0012214365233625,11.850911089701778,copath_tau_mapt_REGION-RF_rank88_region240_cAIp,240,cAIp,88
beta,0.6083647987420875,0.11261496702460294,0.003203244801509871,1390.8613950520569,1191.4038046362343,1.002027950280507,11.585684256993394,copath_tau_mapt_REGION-RF_rank88_region240_cAIp,240,cAIp,88
gamma,0.08404997588634293,0.057060760612733505,0.0014354032093858778,1451.576733673681,1576.9640637430557,1.0014314039867647,12.091434682829496,copath_tau_mapt_REGION-RF_rank88_region240_cAIp,240,cAIp,88
sigma,0.13999305136803972,0.030672506970930533,0.0006651442002333768,2315.217980375839,2251.875462058626,1.0018837400255363,19.28544756664589,copath_tau_mapt_REGION-RF_rank88_region240_cAIp,240,cAIp,88
u0,0.011611160506086779,0.006460699658281908,0.00014155372244877376,1869.609344508626,1681.2917730825777,1.0020407432456053,15.573588875540409,copath_tau_mapt_REGION-RF_rank88_region240_cAIp,240,cAIp,88
alpha,1.1888493988635314,0.638183812287415,0.020452333199139916,782.7744020609379,748.9890808077383,1.003752043756385,3.9431101722317883,copath_tau_mapt_REGION-RF_rank195_region241_cAIv,241,cAIv,195
beta,0.4913992395386911,0.2706550324354417,0.01180002339942114,798.8284014345858,687.9737744653647,1.006825528502716,4.023979817519838,copath_tau_mapt_REGION-RF_rank195_region241_cAIv,241,cAIv,195
gamma,0.090080209452594,0.06347259716187073,0.0014998303050590923,1253.782874620857,872.2737401385008,1.0032892212749938,6.3157456269279555,copath_tau_mapt_REGION-RF_rank195_region241_cAIv,241,cAIv,195
sigma,0.08947733848873736,0.02008127917006394,0.0004958637030355164,1713.1258334032202,1814.9174058071508,1.0021541456058707,8.629617782876128,copath_tau_mapt_REGION-RF_rank195_region241_cAIv,241,cAIv,195
u0,0.015768186674873636,0.006735101670684846,0.0001608035542388007,1564.6017702148501,1296.3812574490785,1.0014737650472147,7.881449801351271,copath_tau_mapt_REGION-RF_rank195_region241_cAIv,241,cAIv,195
alpha,1.111351608657592,0.5440092979662486,0.012701205352365975,1477.5386740377457,948.0456738614403,1.0012315716702271,16.170053888237984,copath_tau_mapt_REGION-RF_rank29_region242_cRSPagl,242,cRSPagl,29
beta,1.0011019419412515,0.5306263497651752,0.018014264579914372,1354.661646184287,642.904600344791,1.0011578463089568,14.82529845345321,copath_tau_mapt_REGION-RF_rank29_region242_cRSPagl,242,cRSPagl,29
gamma,0.07285384406749076,0.05513368710893174,0.0011079760883919516,1641.113494555298,1026.5632826365563,1.0009597537294785,17.96020240279396,copath_tau_mapt_REGION-RF_rank29_region242_cRSPagl,242,cRSPagl,29
sigma,0.9387989363799589,0.18260542774428873,0.004817148634474802,1586.891259900034,1955.6871219425593,1.000750063527313,17.36679901395386,copath_tau_mapt_REGION-RF_rank29_region242_cRSPagl,242,cRSPagl,29
u0,0.00933587109011863,0.006118813646249596,0.00012865032341212812,1629.4952466229074,1114.6337773435685,1.0008557690617672,17.83305331461458,copath_tau_mapt_REGION-RF_rank29_region242_cRSPagl,242,cRSPagl,29
alpha,1.0742389169871602,0.5706254475311868,0.012364581159867891,1541.072743534279,974.5951057000634,1.0017940046172205,16.814576420707674,copath_tau_mapt_REGION-RF_rank20_region243_cRSPd,243,cRSPd,20
beta,1.1136140331825763,0.6053428445903482,0.02115027129865765,1223.6955164185604,638.2617106143475,1.0075020805711348,13.351687558439737,copath_tau_mapt_REGION-RF_rank20_region243_cRSPd,243,cRSPd,20
gamma,0.07226820654634632,0.05392583237650742,0.0012154069135613776,1128.889941449099,653.250721533375,1.0016150356230005,12.31726813072524,copath_tau_mapt_REGION-RF_rank20_region243_cRSPd,243,cRSPd,20
sigma,1.1920568818009127,0.22910738510546846,0.005803658683470819,1699.5999352500169,2125.3166908263597,1.0052069391627179,18.54425958527476,copath_tau_mapt_REGION-RF_rank20_region243_cRSPd,243,cRSPd,20
u0,0.008783868413945229,0.006173781584182405,0.00013342682385817343,1501.2788777782696,1052.242862501484,1.0010675165753016,16.380387314685816,copath_tau_mapt_REGION-RF_rank20_region243_cRSPd,243,cRSPd,20
alpha,1.1772147857976634,0.5193059131162422,0.010689226406639121,2118.7274901044343,1473.6507974804406,1.0001869971473702,26.016447973973257,copath_tau_mapt_REGION-RF_rank16_region244_cRSPv,244,cRSPv,16
beta,1.4980929827119984,0.6121982128560624,0.022975527897192448,1359.9542088163748,430.5507179467944,1.0019871889737058,16.699258439750174,copath_tau_mapt_REGION-RF_rank16_region244_cRSPv,244,cRSPv,16
gamma,0.06030795336679874,0.04710801092685893,0.000934247080107646,1710.9593863197108,1360.2338038746846,1.002166149010971,21.009349275764517,copath_tau_mapt_REGION-RF_rank16_region244_cRSPv,244,cRSPv,16
sigma,1.5562780942769958,0.31389034657969256,0.007837270550109557,1866.1091043939014,1937.0654622991965,1.0007532456235464,22.914476097078776,copath_tau_mapt_REGION-RF_rank16_region244_cRSPv,244,cRSPv,16
u0,0.008656430878936082,0.005974707744760733,0.00010926619057466496,2039.7798017717532,1064.5369742848839,1.0004338995030708,25.047027208081648,copath_tau_mapt_REGION-RF_rank16_region244_cRSPv,244,cRSPv,16
alpha,1.448711345771313,0.5494429011373584,0.013992140167169332,1334.0858818425666,1258.4102219104236,1.0020997718301279,12.444830987337374,copath_tau_mapt_REGION-RF_rank65_region245_cVISa,245,cVISa,65
beta,0.7353132271836963,0.16006330497745505,0.005210231366136751,1264.2812084808932,821.0540611868748,1.0016268953340322,11.79366798956057,copath_tau_mapt_REGION-RF_rank65_region245_cVISa,245,cVISa,65
gamma,0.07280324961158627,0.05463366216264977,0.001300011651394579,1630.009228299252,1676.100728533158,1.0006312728931552,15.205309965478097,copath_tau_mapt_REGION-RF_rank65_region245_cVISa,245,cVISa,65
sigma,0.2581165505627296,0.05398923199693729,0.0012708090761054376,1966.7246619366197,1986.656253469721,1.0010627787920994,18.346312144931154,copath_tau_mapt_REGION-RF_rank65_region245_cVISa,245,cVISa,65
u0,0.011976625959547488,0.006444842026655652,0.00013550452826574557,1718.4219578979144,945.1357562141083,1.0031979391532948,16.030055577405918,copath_tau_mapt_REGION-RF_rank65_region245_cVISa,245,cVISa,65
alpha,1.6402375207294038,0.6942260258677722,0.021771881895665757,864.8179189692617,505.79562233813033,1.0022553951156332,8.030997065229712,copath_tau_mapt_REGION-RF_rank154_region246_cVISrl,246,cVISrl,154
beta,0.4588139624395614,0.15366495514010112,0.007158549678235412,885.5090596589032,474.158539802782,1.0006802765444898,8.223142124333966,copath_tau_mapt_REGION-RF_rank154_region246_cVISrl,246,cVISrl,154
gamma,0.10284831851404869,0.06480784470503624,0.0014461769775747475,1535.267924086253,848.2819497425505,1.000419570778184,14.25702673618659,copath_tau_mapt_REGION-RF_rank154_region246_cVISrl,246,cVISrl,154
sigma,0.1519068512608247,0.035855046893076024,0.0011495167605444104,1125.381108701485,1213.925044669655,1.0062737478945112,10.450676590996748,copath_tau_mapt_REGION-RF_rank154_region246_cVISrl,246,cVISrl,154
u0,0.015096196154329696,0.006826340556937401,0.00014600971574470225,1969.9847996991605,1732.9237830608865,1.0023650748954334,18.293957372885362,copath_tau_mapt_REGION-RF_rank154_region246_cVISrl,246,cVISrl,154
alpha,1.1485135917274814,0.5759608421262192,0.021762321593993387,493.8033812724384,230.87796275703613,1.0055630014891104,3.553309212581409,copath_tau_mapt_REGION-RF_rank111_region247_cTEa,247,cTEa,111
beta,0.6750993147866116,0.3360069542393381,0.02273555326607863,458.9142886430902,204.2117369426008,1.0058089736793405,3.302254361683026,copath_tau_mapt_REGION-RF_rank111_region247_cTEa,247,cTEa,111
gamma,0.08119409232266339,0.06056777125593666,0.0015819305759762797,856.3346097700742,421.27750444501277,1.0029875651574374,6.1620105761680515,copath_tau_mapt_REGION-RF_rank111_region247_cTEa,247,cTEa,111
sigma,0.20672322374466082,0.043219202133578286,0.0010581221863967616,1584.2957402243974,1041.525194307561,1.0037183965135643,11.400271571018187,copath_tau_mapt_REGION-RF_rank111_region247_cTEa,247,cTEa,111
u0,0.011879306324013413,0.006378769679456957,0.0001467842003076976,1378.2306184366244,694.5715738090867,1.000403156443863,9.91746865105148,copath_tau_mapt_REGION-RF_rank111_region247_cTEa,247,cTEa,111
alpha,0.758962960236715,0.2628831350965378,0.009066774482054835,695.1410096827495,499.9326704600358,1.0129318683480897,6.9219916323898385,copath_tau_mapt_REGION-RF_rank9_region248_cPERI,248,cPERI,9
beta,2.056806345969735,0.30190383082979666,0.011947642612284686,758.8269393310079,456.78579581869684,1.0107058349236293,7.556155731451411,copath_tau_mapt_REGION-RF_rank9_region248_cPERI,248,cPERI,9
gamma,0.03670762113697399,0.03215280458550791,0.001114700283225819,750.7603774579597,871.2624499147182,1.0077832965324363,7.475831490743936,copath_tau_mapt_REGION-RF_rank9_region248_cPERI,248,cPERI,9
sigma,0.7095784570834782,0.138179179835082,0.0035573107745054864,1442.0980438797872,1728.8801207161412,1.0012649353160121,14.35995064854157,copath_tau_mapt_REGION-RF_rank9_region248_cPERI,248,cPERI,9
u0,0.007853968691735817,0.005842311805070536,0.0001440180769164262,1227.4197909690438,1002.7697052128526,1.0051294017861927,12.222253333025082,copath_tau_mapt_REGION-RF_rank9_region248_cPERI,248,cPERI,9
alpha,0.9925851344826884,0.43870914384913995,0.013509031663792808,837.3963219997856,645.6136192497842,1.005682631653904,8.523378036986225,copath_tau_mapt_REGION-RF_rank28_region249_cECT,249,cECT,28
beta,1.1520247626629807,0.36508107583712385,0.018121980934688985,660.7444402474064,552.5750061540572,1.011518095290922,6.72533960576309,copath_tau_mapt_REGION-RF_rank28_region249_cECT,249,cECT,28
gamma,0.06662591222885852,0.052073674628364285,0.0013072659763180973,1389.5567280056873,1399.0788358019229,1.00132249101536,14.14350288564218,copath_tau_mapt_REGION-RF_rank28_region249_cECT,249,cECT,28
sigma,0.5824140436095795,0.12223441176881238,0.0038688781359383704,1276.1432016647243,958.3128761783368,1.004076881106258,12.989131491696686,copath_tau_mapt_REGION-RF_rank28_region249_cECT,249,cECT,28
u0,0.009004536852211274,0.006135307029051919,0.00016083744530569552,1025.4468421298861,629.8476051161559,1.0017560697405818,10.437436686411658,copath_tau_mapt_REGION-RF_rank28_region249_cECT,249,cECT,28
alpha,0.820065403592876,0.6124553268698939,0.010900790094168606,2189.257929425979,994.0107135161617,1.0020363153702299,30.810317628715087,copath_tau_mapt_REGION-RF_rank1_region250_cMOB,250,cMOB,388
beta,-0.03702066122214453,1.0095961952166599,0.019122487276007183,2807.359055980462,2244.3615454387277,1.0010991652763255,39.509106282093875,copath_tau_mapt_REGION-RF_rank1_region250_cMOB,250,cMOB,388
gamma,0.0811311235463055,0.06158440061101639,0.0011268378282816769,1935.8636514996679,955.105473125811,0.9999910477168098,27.244196851774205,copath_tau_mapt_REGION-RF_rank1_region250_cMOB,250,cMOB,388
sigma,1.6918151831578891,2.315196053492288,0.046982958233825076,2690.7539127873642,2223.9343098319764,1.0007631773602659,37.86807465643105,copath_tau_mapt_REGION-RF_rank1_region250_cMOB,250,cMOB,388
u0,0.007934691078855818,0.005902156521983632,0.00011336962472537486,1962.7724968830903,1343.7812291545981,1.0003362829223166,27.62289598180436,copath_tau_mapt_REGION-RF_rank1_region250_cMOB,250,cMOB,388
alpha,1.289206328989495,0.5029376910969972,0.014533486366381868,1084.7425209543676,648.2918958251626,1.004715312569582,5.621563533327292,copath_tau_mapt_REGION-RF_rank163_region251_cAON,251,cAON,163
beta,0.4387670649483258,0.15491212548618002,0.00608195019897612,1143.3169317958213,702.395825419737,1.0045448006271773,5.925119230289132,copath_tau_mapt_REGION-RF_rank163_region251_cAON,251,cAON,163
gamma,0.09138866208153638,0.06238582017936089,0.001373087096672297,1500.1052150217497,1100.9357911094057,1.0038706696685573,7.774136820506473,copath_tau_mapt_REGION-RF_rank163_region251_cAON,251,cAON,163
sigma,0.05908334273052423,0.014897832212239243,0.00036832413129660245,1625.561250420119,1782.5893052434874,1.0015238904874566,8.424299472018278,copath_tau_mapt_REGION-RF_rank163_region251_cAON,251,cAON,163
u0,0.016530480195492133,0.007018849209864891,0.00017154303328390454,1560.7112760943849,1186.17140565913,1.0021021054318582,8.088221330187887,copath_tau_mapt_REGION-RF_rank163_region251_cAON,251,cAON,163
alpha,1.1249750108637246,0.623962864721108,0.019271662907443716,794.9448377289018,620.1991660286127,1.0011537997095021,4.2394118686645825,copath_tau_mapt_REGION-RF_rank183_region252_cTT,252,cTT,183
beta,0.5543745036897568,0.34290424535287883,0.015543358146592311,778.9458050756858,560.3018757514731,1.0052136028137402,4.154089610190685,copath_tau_mapt_REGION-RF_rank183_region252_cTT,252,cTT,183
gamma,0.09203366548256188,0.06382897649490973,0.0014404114824374625,1186.818705476161,703.5419204374538,1.003059020201015,6.32926093378145,copath_tau_mapt_REGION-RF_rank183_region252_cTT,252,cTT,183
sigma,0.11835128140062928,0.027105493164700917,0.0007058506483672459,1547.078162358142,1247.9594701959736,1.0014494590000815,8.250511497112957,copath_tau_mapt_REGION-RF_rank183_region252_cTT,252,cTT,183
u0,0.013783599217254054,0.006602541077846535,0.00017201458995222115,1112.0927285784899,668.2288987171329,1.0022844450645123,5.930750020417197,copath_tau_mapt_REGION-RF_rank183_region252_cTT,252,cTT,183
alpha,1.291702682968638,0.5845561070474065,0.019721169552075084,727.7355726599064,318.2428369509341,1.0016414676303877,5.297014052814016,copath_tau_mapt_REGION-RF_rank132_region253_cDP,253,cDP,132
beta,0.5484475549910045,0.29249143303211056,0.016562936910669523,668.3122364528236,315.1398786114764,1.0020352919742346,4.8644857296436586,copath_tau_mapt_REGION-RF_rank132_region253_cDP,253,cDP,132
gamma,0.09064448117132105,0.06385000333086494,0.0016015417401332463,1099.3984197694638,827.8536800300988,1.0013278477962548,8.002259471630762,copath_tau_mapt_REGION-RF_rank132_region253_cDP,253,cDP,132
sigma,0.1426485837262834,0.03392416722726622,0.001106206500944767,1297.7520887601997,1045.774402069897,1.0016999677618748,9.446028625625608,copath_tau_mapt_REGION-RF_rank132_region253_cDP,253,cDP,132
u0,0.012439677288342561,0.006306587874257996,0.00012623515056947793,2166.189346336552,1785.8241557213048,1.002987745822935,15.767176759906773,copath_tau_mapt_REGION-RF_rank132_region253_cDP,253,cDP,132
alpha,1.447631094384304,0.5424354394354651,0.014103148319883645,1339.3105315623063,957.3735384267211,1.0041296653983562,11.741025603021859,copath_tau_mapt_REGION-RF_rank113_region254_cPIR,254,cPIR,113
beta,0.5536340575834141,0.13975801823602454,0.004327111548989598,1359.9545432424634,1047.776892476215,1.0027480339742814,11.922000712209618,copath_tau_mapt_REGION-RF_rank113_region254_cPIR,254,cPIR,113
gamma,0.08931289802315313,0.06211191177854521,0.0013495850212672808,1712.5867594258948,1243.9058338258253,1.0003728250469905,15.013340458362729,copath_tau_mapt_REGION-RF_rank113_region254_cPIR,254,cPIR,113
sigma,0.16871728468672745,0.0353830388851738,0.0007753344715663515,2047.7794412676187,1896.6806669308535,1.0014886847679587,17.951797049798973,copath_tau_mapt_REGION-RF_rank113_region254_cPIR,254,cPIR,113
u0,0.013168205515003981,0.006568989245439427,0.00014181547814233803,1868.6659843019968,1431.093654914883,1.0024462195282144,16.381604301724337,copath_tau_mapt_REGION-RF_rank113_region254_cPIR,254,cPIR,113
alpha,1.085691497764499,0.4526299193864934,0.013421590071249254,947.2371218377448,675.782290963962,1.0056665041790485,8.677272719124106,copath_tau_mapt_REGION-RF_rank45_region255_cCOAp,255,cCOAp,45
beta,0.8928417356712103,0.25031638707027865,0.009295918284867893,1027.058331415243,643.8303952527483,1.0058151031680578,9.408483931508322,copath_tau_mapt_REGION-RF_rank45_region255_cCOAp,255,cCOAp,45
gamma,0.07272949532334401,0.05550422281216355,0.0012582849425425919,1367.2082666722642,946.4332337563035,1.0044731870035044,12.52446585997329,copath_tau_mapt_REGION-RF_rank45_region255_cCOAp,255,cCOAp,45
sigma,0.3483960023297006,0.0716604431093531,0.0015574494326219919,2156.6333321976276,1813.2063486785735,1.0009643529927081,19.7560834000314,copath_tau_mapt_REGION-RF_rank45_region255_cCOAp,255,cCOAp,45
u0,0.010099892409446039,0.006278330968792308,0.00014331759867776558,1426.6141142871218,888.9631262570165,1.003185077599187,13.068659841586635,copath_tau_mapt_REGION-RF_rank45_region255_cCOAp,255,cCOAp,45
alpha,1.2758419993743906,0.526365676624267,0.015249580256804765,1009.6281561407108,550.6941382006346,1.0085626363195357,8.982456905166465,copath_tau_mapt_REGION-RF_rank90_region256_cPAA,256,cPAA,90
beta,0.6614772629139729,0.21107423358385435,0.009171182612079758,892.3188790551817,508.0165070988495,1.0082164366301243,7.93878006276852,copath_tau_mapt_REGION-RF_rank90_region256_cPAA,256,cPAA,90
gamma,0.08335923606646146,0.06081622504937761,0.001414391344003723,1399.954104258986,1098.001024884955,1.0008277553331562,12.455107689136886,copath_tau_mapt_REGION-RF_rank90_region256_cPAA,256,cPAA,90
sigma,0.236205000250949,0.047545764254314324,0.0011009070981393978,1880.4163037552391,1984.231754516854,1.0027698009635202,16.72968241775124,copath_tau_mapt_REGION-RF_rank90_region256_cPAA,256,cPAA,90
u0,0.011264588704788515,0.006411800276129282,0.00012855427971945,1943.1320130572408,1202.6427761190425,1.0021767606562337,17.287651361719224,copath_tau_mapt_REGION-RF_rank90_region256_cPAA,256,cPAA,90
alpha,1.0424071583180265,0.43342675882054404,0.010713650856020723,1453.0714235303296,1427.917697554604,1.001340094083162,13.05908585077901,copath_tau_mapt_REGION-RF_rank32_region257_cTR,257,cTR,32
beta,1.0332490373347254,0.22685034797062834,0.006073440189544461,1583.1132209264974,1182.2131234457845,1.0017135319987183,14.227801282715737,copath_tau_mapt_REGION-RF_rank32_region257_cTR,257,cTR,32
gamma,0.06407009065434775,0.05019256638163418,0.001150744848198699,1540.9838325917408,1324.2094398475726,1.0023218379707584,13.849174815912255,copath_tau_mapt_REGION-RF_rank32_region257_cTR,257,cTR,32
sigma,0.3711825062592185,0.07330017630684996,0.0016401810635839845,2100.9135524674593,2073.6492213526053,1.0047616143999116,18.88139151486451,copath_tau_mapt_REGION-RF_rank32_region257_cTR,257,cTR,32
u0,0.010052864624125312,0.006306886530177095,0.00014049187356742363,1504.422320493817,1083.4092857342519,1.0012484417421537,13.52058812871345,copath_tau_mapt_REGION-RF_rank32_region257_cTR,257,cTR,32
alpha,1.1187323420918234,0.3654024764923857,0.011914952637725832,816.0690986318339,794.9578267499123,1.0038906742295597,8.104848579604862,copath_tau_mapt_REGION-RF_rank17_region258_cCA1,258,cCA1,17
beta,1.4387058460175408,0.19354306545360594,0.007008922332032699,977.1337122613714,672.0792793077316,1.0025056102573793,9.704473301565926,copath_tau_mapt_REGION-RF_rank17_region258_cCA1,258,cCA1,17
gamma,0.03391382608001265,0.03047884586006483,0.0010159686843999427,893.0084903879043,956.6029381668098,1.000852917451712,8.868977647885115,copath_tau_mapt_REGION-RF_rank17_region258_cCA1,258,cCA1,17
sigma,0.47259686204890283,0.09269508404723313,0.0022730976950062574,1849.6057185090692,1489.598232141139,1.0015230503965182,18.369491389417608,copath_tau_mapt_REGION-RF_rank17_region258_cCA1,258,cCA1,17
u0,0.009784146694076394,0.006313226857930438,0.0001323352237635091,1793.850365792908,1233.5138425606408,1.001479675069402,17.815753118939586,copath_tau_mapt_REGION-RF_rank17_region258_cCA1,258,cCA1,17
alpha,1.0745841184034193,0.3981710943247073,0.011874147457019028,1038.9577952542493,1502.6252464883578,1.0033483092593862,9.348273740579359,copath_tau_mapt_REGION-RF_rank3_region259_cCA2,259,cCA2,3
beta,2.4128409516304026,0.3242664751799222,0.010980190221646237,955.3767277047965,729.4860225602406,1.004229913976035,8.596232894886553,copath_tau_mapt_REGION-RF_rank3_region259_cCA2,259,cCA2,3
gamma,0.04319906812710956,0.030960587615281965,0.001021261236440287,941.8824739202562,1048.9125261047836,1.003599157077974,8.474815086695546,copath_tau_mapt_REGION-RF_rank3_region259_cCA2,259,cCA2,3
sigma,0.6368116784135651,0.13027867163949283,0.0031916305804743014,1538.518821372489,1653.827904697403,1.0036202018713152,13.843194750470033,copath_tau_mapt_REGION-RF_rank3_region259_cCA2,259,cCA2,3
u0,0.008693470896950547,0.006167983947199619,0.00016782676886645492,937.7852604175068,575.935055180527,1.0006949943449028,8.43794941845353,copath_tau_mapt_REGION-RF_rank3_region259_cCA2,259,cCA2,3
alpha,0.8804475047982299,0.28304448414262473,0.00843476005440253,1086.1405551740336,1622.2720145290123,1.0030083023778977,10.265299603750542,copath_tau_mapt_REGION-RF_rank7_region260_cCA3,260,cCA3,7
beta,2.2240347352853167,0.2887951615600425,0.010117630594775794,979.7187642082126,479.54125054679724,1.004297610602897,9.25948910949382,copath_tau_mapt_REGION-RF_rank7_region260_cCA3,260,cCA3,7
gamma,0.03971167042292801,0.03089297591135791,0.00101427549354095,970.7451844798219,732.4466289169615,1.0035955560645167,9.174678277238952,copath_tau_mapt_REGION-RF_rank7_region260_cCA3,260,cCA3,7
sigma,0.669973478424607,0.1384538053541903,0.0036843376159281785,1346.399953893733,1957.5721452106864,1.0026129436164155,12.725055562427183,copath_tau_mapt_REGION-RF_rank7_region260_cCA3,260,cCA3,7
u0,0.008459986093953023,0.006016546868830087,0.00013626496232056737,1434.7558502549352,984.11516533903,1.0041797774933057,13.560122206044356,copath_tau_mapt_REGION-RF_rank7_region260_cCA3,260,cCA3,7
alpha,1.013077969907353,0.475581967172003,0.015801160263931982,629.1088289258315,688.1143136625146,1.002439687685261,5.687270753372732,copath_tau_mapt_REGION-RF_rank1_region261_cDG,261,cDG,1
beta,3.4977123476304657,0.34977271714219726,0.01592365416443096,550.8349185779963,351.8710881767347,1.0029925106027915,4.979658809929724,copath_tau_mapt_REGION-RF_rank1_region261_cDG,261,cDG,1
gamma,0.018554435120922065,0.016100296238472853,0.000697812050510259,601.4971024140917,584.6358952238002,1.0036266915424956,5.4376551742868795,copath_tau_mapt_REGION-RF_rank1_region261_cDG,261,cDG,1
sigma,0.9007446049570735,0.18045358506565667,0.005551439493984436,923.1953367834388,646.7180635683641,1.0080407867710144,8.345872124388103,copath_tau_mapt_REGION-RF_rank1_region261_cDG,261,cDG,1
u0,0.008426716341844909,0.006082019160455688,0.00017926959611858095,743.2380392169019,376.37169777336646,1.0012522934337098,6.719021843088331,copath_tau_mapt_REGION-RF_rank1_region261_cDG,261,cDG,1
alpha,0.5358501219164078,0.16876668557849817,0.005839068990270309,866.303246543167,1074.5397431460808,1.0024950491344697,8.366038112440048,copath_tau_mapt_REGION-RF_rank2_region262_cFC,262,cFC,2
beta,3.2379756057294506,0.35272480577937093,0.011429302999104,1005.7952030504838,816.5827102329598,1.0031583015493928,9.713135712703851,copath_tau_mapt_REGION-RF_rank2_region262_cFC,262,cFC,2
gamma,0.01939798285624811,0.019059043800601822,0.000514657302847773,1160.150064757758,1030.084576012349,1.002039598605361,11.20376692185184,copath_tau_mapt_REGION-RF_rank2_region262_cFC,262,cFC,2
sigma,0.9160935735381146,0.1961009209043748,0.005034134853872507,1648.9118208477112,1817.4293713763964,1.0022589519791514,15.923822509393638,copath_tau_mapt_REGION-RF_rank2_region262_cFC,262,cFC,2
u0,0.006796653568937421,0.005720984396801162,0.00015158741966835718,1056.7803976885664,851.3022362411004,1.0038078641560055,10.205508427702235,copath_tau_mapt_REGION-RF_rank2_region262_cFC,262,cFC,2
alpha,1.2516776447934517,0.480133521462928,0.011653878080025906,1438.1967435141628,1428.0614078625774,1.002537266681312,16.449882115935935,copath_tau_mapt_REGION-RF_rank25_region263_cIG,263,cIG,25
beta,1.295427915422206,0.32646524169609903,0.014367025925907582,966.2614054358327,1011.4142931789512,1.0034465719211572,11.05195536304696,copath_tau_mapt_REGION-RF_rank25_region263_cIG,263,cIG,25
gamma,0.069031411499902,0.05031110332728272,0.0011357159224908925,1656.5609134663941,1410.3420549770474,1.0015535823716504,18.947499267593066,copath_tau_mapt_REGION-RF_rank25_region263_cIG,263,cIG,25
sigma,0.7560391673801949,0.14660422924972538,0.003999687274677506,1709.821237476158,1214.0164782874876,1.0035038063135295,19.55668299392831,copath_tau_mapt_REGION-RF_rank25_region263_cIG,263,cIG,25
u0,0.009243956896447903,0.006087129962262494,0.0001270421083490685,1777.78825230215,1165.261660515755,1.0011905948270756,20.334079679535968,copath_tau_mapt_REGION-RF_rank25_region263_cIG,263,cIG,25
alpha,0.8038651543729509,0.27543197583595624,0.00837731243877773,636.0845278644483,328.02602372448337,1.001954833184067,6.0344995433406226,copath_tau_mapt_REGION-RF_rank8_region264_cENTl,264,cENTl,8
beta,2.056760094408928,0.29309015200552707,0.014768849299655653,829.1138304111134,327.4671905822042,1.0026851042925473,7.865758105752063,copath_tau_mapt_REGION-RF_rank8_region264_cENTl,264,cENTl,8
gamma,0.03237860374047929,0.03130431142937057,0.0013923126157578591,891.268154277982,729.6366425128206,1.0020841325970462,8.455412817603806,copath_tau_mapt_REGION-RF_rank8_region264_cENTl,264,cENTl,8
sigma,0.6313291229502929,0.1245769948529227,0.002897705423173676,1944.457462258357,2201.581180165717,1.002420438131632,18.44696287054452,copath_tau_mapt_REGION-RF_rank8_region264_cENTl,264,cENTl,8
u0,0.008921877026215963,0.00594798060762434,0.00012176649870018099,1907.2500101741048,1243.0689970091864,1.000523808465214,18.09397778322428,copath_tau_mapt_REGION-RF_rank8_region264_cENTl,264,cENTl,8
alpha,0.8837522060428187,0.30065752864759504,0.00824077242145134,1048.6099722739566,654.6757133085503,1.0031472411360634,10.555342771319422,copath_tau_mapt_REGION-RF_rank10_region265_cENTm,265,cENTm,10
beta,1.9698664844661156,0.27984638992059985,0.00986859493684772,954.7951685067087,654.9319845839179,1.0030641778110505,9.610999844044017,copath_tau_mapt_REGION-RF_rank10_region265_cENTm,265,cENTm,10
gamma,0.034877031954353446,0.03109416988826609,0.000977921406063014,1153.4122965509846,1396.843989338616,1.0020892900393499,11.610286444586333,copath_tau_mapt_REGION-RF_rank10_region265_cENTm,265,cENTm,10
sigma,0.7179295349726622,0.1420758898987626,0.003351974654787984,1904.8408740817795,1960.1980199359884,1.0006655503167483,19.174191436642168,copath_tau_mapt_REGION-RF_rank10_region265_cENTm,265,cENTm,10
u0,0.008737866207295527,0.005997941777997437,0.00012132403536276734,2096.768246740467,2004.748913768291,1.0020829433990108,21.106138737522823,copath_tau_mapt_REGION-RF_rank10_region265_cENTm,265,cENTm,10
alpha,1.0436008121488838,0.46625010588721055,0.015371069301071107,509.15618816138874,179.84535902472626,1.0079359588306684,5.455673533221061,copath_tau_mapt_REGION-RF_rank11_region266_cPAR,266,cPAR,11
beta,1.7486990832814973,0.36531706190708624,0.025638166204764997,510.22708977746413,171.34858409403193,1.008779340077733,5.467148380702743,copath_tau_mapt_REGION-RF_rank11_region266_cPAR,266,cPAR,11
gamma,0.04316564749200391,0.038844832277136435,0.0020184395739520043,800.9255275632352,552.5838081791584,1.0095411338483837,8.58201923968921,copath_tau_mapt_REGION-RF_rank11_region266_cPAR,266,cPAR,11
sigma,0.8907250637528686,0.16931424741069737,0.0038040411724477824,2011.6203916385857,2084.8987576605623,1.0003329030203445,21.554769213708784,copath_tau_mapt_REGION-RF_rank11_region266_cPAR,266,cPAR,11
u0,0.009441329114392384,0.006219348260415898,0.00013310777100282133,1694.3397693240158,1022.0049206828177,1.0022525145060224,18.155066855153077,copath_tau_mapt_REGION-RF_rank11_region266_cPAR,266,cPAR,11
alpha,1.1263188649180997,0.506551663883691,0.011415004561562627,1738.8694523406966,1577.5608843277964,1.0017239126156996,20.201794392572715,copath_tau_mapt_REGION-RF_rank5_region267_cPOST,267,cPOST,5
beta,2.020412742285118,0.4151114950977514,0.009766815034512679,2059.6392523508034,1617.9405331529988,1.0013834383985274,23.92842581877204,copath_tau_mapt_REGION-RF_rank5_region267_cPOST,267,cPOST,5
gamma,0.0387285172808675,0.03614656917389483,0.0007744690673223447,1712.7022715686016,1321.6364763042202,1.0028444626836237,19.897789968848116,copath_tau_mapt_REGION-RF_rank5_region267_cPOST,267,cPOST,5
sigma,1.370273818931888,0.26345092866043945,0.005686954799663136,2413.2997036711386,1860.132436382397,1.0004878071960817,28.037173437945263,copath_tau_mapt_REGION-RF_rank5_region267_cPOST,267,cPOST,5
u0,0.008791192423608716,0.006321148271354337,0.00013091165198632397,1286.7975824253028,541.2992651182832,1.000578095072423,14.949725035437732,copath_tau_mapt_REGION-RF_rank5_region267_cPOST,267,cPOST,5
alpha,1.3810144072778074,0.5174922607363829,0.01124090060271748,1912.182012778761,1429.8145237192125,1.0011197576029163,22.776273155604322,copath_tau_mapt_REGION-RF_rank6_region268_cPRE,268,cPRE,6
beta,2.025868916179333,0.3237004749838224,0.008357234503689498,1615.7030696293182,1229.0160850427633,1.0014367719225372,19.244870104571714,copath_tau_mapt_REGION-RF_rank6_region268_cPRE,268,cPRE,6
gamma,0.03297628758571473,0.028760251900564686,0.0006107935922179733,1688.9789649936952,1300.5246309047557,1.0008585974415867,20.117669763488717,copath_tau_mapt_REGION-RF_rank6_region268_cPRE,268,cPRE,6
sigma,1.080694388207422,0.20224019425707307,0.00461760453237054,2060.4242704155295,2275.860980053181,1.0023259947167489,24.542007866303727,copath_tau_mapt_REGION-RF_rank6_region268_cPRE,268,cPRE,6
u0,0.009171985237167708,0.006296321730535634,0.00013776920675266494,1506.403194341402,1052.8030907831574,1.0021464498702828,17.942983673889607,copath_tau_mapt_REGION-RF_rank6_region268_cPRE,268,cPRE,6
alpha,0.9772291315270979,0.39444638736285625,0.009731504100191838,1444.2603341328745,1245.7266094429183,1.0011788735627944,15.889151713308335,copath_tau_mapt_REGION-RF_rank4_region269_cSUB,269,cSUB,4
beta,2.1746421975393613,0.2843534645587997,0.007175312266465205,1668.448236330442,1362.1308307109205,1.0010656514936573,18.355573802262388,copath_tau_mapt_REGION-RF_rank4_region269_cSUB,269,cSUB,4
gamma,0.026115741268650877,0.024367608208144334,0.0005719001070889452,1447.8417008359618,1327.585574948003,1.000762012767625,15.928552420744166,copath_tau_mapt_REGION-RF_rank4_region269_cSUB,269,cSUB,4
sigma,0.8204436810487052,0.1625569246581084,0.0037963243681562336,1855.512069132965,1713.44022320337,1.0021666504165465,20.413572314875957,copath_tau_mapt_REGION-RF_rank4_region269_cSUB,269,cSUB,4
u0,0.008970010487982783,0.0061961021986862794,0.00012127604105105261,2004.1229204752171,1065.3063907041621,1.0007517652438933,22.04852711313168,copath_tau_mapt_REGION-RF_rank4_region269_cSUB,269,cSUB,4
alpha,1.2825292357209659,0.4907035365647092,0.011030973164876152,1747.541571077701,1499.4533577251625,1.000304106437493,20.093844600693362,copath_tau_mapt_REGION-RF_rank12_region270_cProS,270,cProS,12
beta,1.7650785597504388,0.27929710752142206,0.007715089428016942,1445.6970595510588,1131.6411382589836,1.003376611513167,16.623130765572316,copath_tau_mapt_REGION-RF_rank12_region270_cProS,270,cProS,12
gamma,0.03444735787200868,0.030955382854341025,0.0007930918881652266,1480.9001614825163,1724.0746690532203,1.0000356644845585,17.0279083522004,copath_tau_mapt_REGION-RF_rank12_region270_cProS,270,cProS,12
sigma,0.8058678680468042,0.154944490393957,0.0032093670132410028,2442.0818782135693,2539.125914545797,1.0022507378709393,28.079912132065097,copath_tau_mapt_REGION-RF_rank12_region270_cProS,270,cProS,12
u0,0.009276990636061553,0.0062368078507730115,0.00012205553713963986,1740.0505639024402,1165.635840848057,1.0010099195384645,20.00771037843876,copath_tau_mapt_REGION-RF_rank12_region270_cProS,270,cProS,12
alpha,1.1462895984517323,0.4822599495771335,0.011965411397385075,1260.803803749837,1319.402705520292,1.004984243621419,13.85209465880571,copath_tau_mapt_REGION-RF_rank30_region271_cHATA,271,cHATA,30
beta,1.0866366958961566,0.26003813363559497,0.00812006520456588,1319.518010089744,1089.7951023519424,1.0056011927959043,14.49717103121045,copath_tau_mapt_REGION-RF_rank30_region271_cHATA,271,cHATA,30
gamma,0.0652854160970865,0.05154451278810016,0.0013015804993531188,1205.685202437366,1117.9799007869235,1.0066752050948358,13.246522181493598,copath_tau_mapt_REGION-RF_rank30_region271_cHATA,271,cHATA,30
sigma,0.5806181680594883,0.11131953313784036,0.002282683379993713,2471.8277599733783,2363.5931679878317,0.9998556527708433,27.157272217596088,copath_tau_mapt_REGION-RF_rank30_region271_cHATA,271,cHATA,30
u0,0.009572440984015274,0.006304372231286465,0.00013112708095926022,1541.957509414894,1023.501225497983,1.001510970994637,16.941050873058305,copath_tau_mapt_REGION-RF_rank30_region271_cHATA,271,cHATA,30
alpha,1.145570943335569,0.5703938597876392,0.012923117905072428,1462.2580489498205,891.9594132574458,1.0043286967347833,16.37742116760733,copath_tau_mapt_REGION-RF_rank13_region272_cAPr,272,cAPr,13
beta,1.3765536553829054,0.583328087822877,0.02496810333672304,934.2026357700244,402.6420789167624,1.0079968430589423,10.46315322585008,copath_tau_mapt_REGION-RF_rank13_region272_cAPr,272,cAPr,13
gamma,0.061263318169125995,0.048860621912458053,0.0010451785214777717,1614.917347547846,1184.564269697052,1.0017510250023416,18.0872189902878,copath_tau_mapt_REGION-RF_rank13_region272_cAPr,272,cAPr,13
sigma,1.4241818609955867,0.2900156004747041,0.007908081095227974,1666.9478035842035,1363.778701919692,1.0026507338481565,18.66996475986116,copath_tau_mapt_REGION-RF_rank13_region272_cAPr,272,cAPr,13
u0,0.00887481665666612,0.00625942329684572,0.00013773719341554183,1444.452508788948,719.8552276742316,1.0044370274692083,16.177997522416398,copath_tau_mapt_REGION-RF_rank13_region272_cAPr,272,cAPr,13
alpha,1.200941412320884,0.6425781240340365,0.022180877501976542,674.2344698154573,475.61720237030045,1.0035499460886597,4.439082402693186,copath_tau_mapt_REGION-RF_rank164_region273_cCLA,273,cCLA,164
beta,0.5449069360004517,0.3593672653121896,0.02288271960716588,466.76368130857037,301.0179225411168,1.0129950330217918,3.0731185317183307,copath_tau_mapt_REGION-RF_rank164_region273_cCLA,273,cCLA,164
gamma,0.08908940167047635,0.06411557735295614,0.001729564648755197,843.8930598811825,509.8719678559931,1.0099294513992483,5.556095096856738,copath_tau_mapt_REGION-RF_rank164_region273_cCLA,273,cCLA,164
sigma,0.15962812624790712,0.03478988792557508,0.001353565193473163,869.2355693421043,480.45337677548935,1.0063702349691883,5.7229472719151495,copath_tau_mapt_REGION-RF_rank164_region273_cCLA,273,cCLA,164
u0,0.011968080018471274,0.0064667781247516425,0.00016021191216079498,1309.0461940366172,969.5610101864038,1.0012291066291765,8.618609970876955,copath_tau_mapt_REGION-RF_rank164_region273_cCLA,273,cCLA,164
alpha,1.2950576854418856,0.4963213348959718,0.01665501240290963,692.523373485925,354.5508434350212,1.0040187279596713,5.222413567153259,copath_tau_mapt_REGION-RF_rank118_region274_cEP,274,cEP,118
beta,0.5600124788345121,0.18875965754645213,0.013096069013123298,703.7136195178116,379.23630423153537,1.0049929570064278,5.306800744444532,copath_tau_mapt_REGION-RF_rank118_region274_cEP,274,cEP,118
gamma,0.08714637321184332,0.06132777893333587,0.0013950849600347906,1438.746663257403,1081.5796659833954,1.00133833867944,10.849785554631035,copath_tau_mapt_REGION-RF_rank118_region274_cEP,274,cEP,118
sigma,0.1416258212420952,0.029440994664468256,0.0006902778441178616,1837.4664031042716,1570.047552686288,1.0007368853361618,13.856585698266079,copath_tau_mapt_REGION-RF_rank118_region274_cEP,274,cEP,118
u0,0.013262593428834221,0.00661805002780596,0.00015609910190503642,1555.0601302532298,1065.370094046474,1.0006274438031941,11.726921332769482,copath_tau_mapt_REGION-RF_rank118_region274_cEP,274,cEP,118
alpha,1.319869169682489,0.6905846973077939,0.02471289346637919,637.2185863484011,554.3779100831172,1.0017694560047705,3.5071747831383187,copath_tau_mapt_REGION-RF_rank237_region275_cLA,275,cLA,237
beta,0.4373695697606889,0.27739403274659324,0.014014261147523696,650.6916302078853,471.8122706956677,1.005437614045635,3.5813288029494483,copath_tau_mapt_REGION-RF_rank237_region275_cLA,275,cLA,237
gamma,0.10216247185351378,0.06667835146484932,0.0019070312157259835,787.5580748669747,491.7757038376538,1.0030561480568905,4.334625322620809,copath_tau_mapt_REGION-RF_rank237_region275_cLA,275,cLA,237
sigma,0.08588274127112251,0.01901400249687824,0.0005447869569291804,1106.9461061201678,1162.773365901917,1.0035054768989127,6.092498795311617,copath_tau_mapt_REGION-RF_rank237_region275_cLA,275,cLA,237
u0,0.015592168645317418,0.006602052451059442,0.0001691901983487263,1434.691136435658,1309.9137711963858,1.0011051094648435,7.896368189970048,copath_tau_mapt_REGION-RF_rank237_region275_cLA,275,cLA,237
alpha,1.1166752156825173,0.515747270636049,0.016904297879390184,763.8807665838098,472.96898285629226,1.0040808965816215,4.475016060924842,copath_tau_mapt_REGION-RF_rank126_region276_cBLA,276,cBLA,126
beta,0.5959286741491988,0.28129750330225295,0.013349285595707958,803.3857637157209,438.5421487994306,1.0092810385475492,4.706446808216339,copath_tau_mapt_REGION-RF_rank126_region276_cBLA,276,cBLA,126
gamma,0.08829394386023755,0.06353227173925989,0.0014575220407135065,1399.1451408962407,1064.301949294274,1.0030941038997223,8.196563195427276,copath_tau_mapt_REGION-RF_rank126_region276_cBLA,276,cBLA,126
sigma,0.11810883579644635,0.026150714620060765,0.0006726395939514576,1588.6177204717235,1431.0358963615151,1.0019927957050352,9.30654380208275,copath_tau_mapt_REGION-RF_rank126_region276_cBLA,276,cBLA,126
u0,0.012600265672744453,0.006470858065922112,0.00015547835228049491,1521.0829072007177,1283.7660416819367,1.0009598928992234,8.910906960209008,copath_tau_mapt_REGION-RF_rank126_region276_cBLA,276,cBLA,126
alpha,1.2098765352309817,0.586180504257251,0.029775093724659384,293.2764279545273,185.63930287082044,1.008379494716742,1.9788832071855988,copath_tau_mapt_REGION-RF_rank143_region277_cBMA,277,cBMA,143
beta,0.5499952560529751,0.3040509996995227,0.024925941983657725,294.1128547022806,169.43572736313885,1.007915702474867,1.98452699811934,copath_tau_mapt_REGION-RF_rank143_region277_cBMA,277,cBMA,143
gamma,0.08989669641863639,0.06444334303758038,0.0017098480616845359,1037.8187144060532,742.3876457528219,1.0020575078139047,7.002683578645866,copath_tau_mapt_REGION-RF_rank143_region277_cBMA,277,cBMA,143
sigma,0.12498189443189295,0.026009826588874817,0.0006456903644768503,1580.3121324340414,1806.8218969160228,1.0011151786154215,10.6631588593621,copath_tau_mapt_REGION-RF_rank143_region277_cBMA,277,cBMA,143
u0,0.014001494150397314,0.00667767159276009,0.0001627239460928964,1469.411600515676,1176.5478470310034,1.0020303622949709,9.914857327555286,copath_tau_mapt_REGION-RF_rank143_region277_cBMA,277,cBMA,143
alpha,1.4562282743637807,0.5011047143618299,0.012844597470356312,1293.5822084786919,960.4143927169232,1.0029053967037096,11.276388720655287,copath_tau_mapt_REGION-RF_rank95_region278_cPA,278,cPA,95
beta,0.6016923027981493,0.14107049283350553,0.004724944276869964,1247.545763492771,930.0276315972213,1.0030183422559524,10.875080751532227,copath_tau_mapt_REGION-RF_rank95_region278_cPA,278,cPA,95
gamma,0.0854176845469834,0.058408675512321734,0.0014849711233728242,1344.3685800406727,1258.3369867660997,1.0023185246200632,11.719102653864088,copath_tau_mapt_REGION-RF_rank95_region278_cPA,278,cPA,95
sigma,0.17477863156250245,0.03652507780979842,0.0008111438675581411,2278.924173674394,2186.654817765006,1.000490109546939,19.86579181347322,copath_tau_mapt_REGION-RF_rank95_region278_cPA,278,cPA,95
u0,0.01254635858329492,0.006388976099813462,0.00012545308447929046,2180.6591471925594,1485.1749028289207,1.0006488655805026,19.009197907811984,copath_tau_mapt_REGION-RF_rank95_region278_cPA,278,cPA,95
alpha,1.0476268265712079,0.580268992448956,0.017929697084490135,822.573929610133,738.965896307337,1.0020871452746067,4.240028090484288,copath_tau_mapt_REGION-RF_rank167_region279_cCP,279,cCP,167
beta,0.5815109454423136,0.32091153732644623,0.013248531048196587,874.5757743776059,691.0641595039864,1.0036587293299304,4.508076073327109,copath_tau_mapt_REGION-RF_rank167_region279_cCP,279,cCP,167
gamma,0.08716125537896068,0.062412830533605274,0.0012483181716712718,1538.7242623933355,1059.8226130608307,1.0010226659908303,7.931486594949203,copath_tau_mapt_REGION-RF_rank167_region279_cCP,279,cCP,167
sigma,0.11364583581194963,0.023209889425364612,0.0005804547771195628,1716.213009430444,1758.1949264714583,1.005722495612723,8.846367611831031,copath_tau_mapt_REGION-RF_rank167_region279_cCP,279,cCP,167
u0,0.013624450614534251,0.006557133225625546,0.00014025381231588872,1855.9004174090967,1302.1386415442084,1.0016356912919926,9.566398374290454,copath_tau_mapt_REGION-RF_rank167_region279_cCP,279,cCP,167
alpha,1.6338993660226222,0.7122682241494602,0.02523933030965027,690.677935457674,464.2229845677675,1.0082807599466945,4.356792356336531,copath_tau_mapt_REGION-RF_rank242_region280_cACB,280,cACB,242
beta,0.3664565819112805,0.19791989735117516,0.011157915652841266,731.0311352846796,413.0257940406175,1.0060018118460503,4.611340103606783,copath_tau_mapt_REGION-RF_rank242_region280_cACB,280,cACB,242
gamma,0.11404410858040898,0.07091305342536557,0.0020015408571210187,738.2331237745502,267.5869265195093,1.0047343338448969,4.656770204660032,copath_tau_mapt_REGION-RF_rank242_region280_cACB,280,cACB,242
sigma,0.0804395474344999,0.018644647104626967,0.0005497638272985325,1163.7542171753191,1602.99624270078,1.0027957267893222,7.340954760172076,copath_tau_mapt_REGION-RF_rank242_region280_cACB,280,cACB,242
u0,0.016452123135563684,0.006738371776406036,0.00016399597400602105,1535.6746947477702,1353.7812661623611,1.002218359839379,9.68702694615982,copath_tau_mapt_REGION-RF_rank242_region280_cACB,280,cACB,242
alpha,0.7891463490154054,0.6000873626221523,0.012584475192593536,1365.9238460583551,800.2869196346333,1.0027348705246046,19.12576445795675,copath_tau_mapt_REGION-RF_rank1_region281_cFS,281,cFS,389
beta,-0.0067097093351605585,0.9999131622770927,0.019413497471747154,2641.6345306205453,2415.2237006809833,1.0028379706604922,36.98835770562806,copath_tau_mapt_REGION-RF_rank1_region281_cFS,281,cFS,389
gamma,0.07902077818973702,0.05941920876411028,0.0010874742553664465,2118.330443091011,1352.2562477639356,1.0001733859332809,29.661016033647133,copath_tau_mapt_REGION-RF_rank1_region281_cFS,281,cFS,389
sigma,1.687339545453215,1.9841655385945212,0.043356057217975794,2573.8272533497775,2356.230182991659,1.003043277426442,36.03891530636222,copath_tau_mapt_REGION-RF_rank1_region281_cFS,281,cFS,389
u0,0.007973011898654646,0.006141766719076496,0.00011957120717079802,1656.2292773292975,983.0998495941922,1.0019983775478876,23.190642097640612,copath_tau_mapt_REGION-RF_rank1_region281_cFS,281,cFS,389
alpha,2.057160181871548,0.6297850199111272,0.030436832760630094,550.1060257677349,105.60813004560072,1.0103580113182116,4.927764173708144,copath_tau_mapt_REGION-RF_rank187_region282_cOT,282,cOT,187
beta,0.3636768387999207,0.1081556154884497,0.009875911584580947,547.0379910270857,126.589536562463,1.007761219538714,4.9002811959356976,copath_tau_mapt_REGION-RF_rank187_region282_cOT,282,cOT,187
gamma,0.14331568682973173,0.06781781631831707,0.0016568990116880903,1511.9201986475364,940.0179062940954,1.0022100317931562,13.543545861005933,copath_tau_mapt_REGION-RF_rank187_region282_cOT,282,cOT,187
sigma,0.08072715007314181,0.019399406715043966,0.0008972966597341268,754.0600399332511,647.5791874246959,1.0078241625908795,6.7547524941617345,copath_tau_mapt_REGION-RF_rank187_region282_cOT,282,cOT,187
u0,0.015016035314846028,0.006424584538121134,0.0001328466375668422,2091.4204047826115,1536.6823290472514,1.0016302733513762,18.734618528249563,copath_tau_mapt_REGION-RF_rank187_region282_cOT,282,cOT,187
alpha,1.4828788041845742,0.4384491944031491,0.011329418916311423,1369.116453812183,1697.3091218814202,1.0053007222123034,12.520154488785703,copath_tau_mapt_REGION-RF_rank67_region283_cLS,283,cLS,67
beta,0.7587012474657627,0.13054029472190048,0.0036601789475474247,1371.8193850771884,1320.7841043287601,1.0033278578328682,12.544871974954399,copath_tau_mapt_REGION-RF_rank67_region283_cLS,283,cLS,67
gamma,0.07547780061482451,0.0521076322746994,0.0013685940334725406,1325.5871781458268,1238.8649898671767,1.0029249607738415,12.122092472504887,copath_tau_mapt_REGION-RF_rank67_region283_cLS,283,cLS,67
sigma,0.21593083173547228,0.04429881690934329,0.000984711664273367,2070.6487899455396,1734.545735758722,1.0016615296666347,18.93545481098406,copath_tau_mapt_REGION-RF_rank67_region283_cLS,283,cLS,67
u0,0.010870123790805007,0.006302068219477967,0.000138293315892468,1561.8486469074594,822.9129060080226,1.001272797532633,14.28263190682889,copath_tau_mapt_REGION-RF_rank67_region283_cLS,283,cLS,67
alpha,0.7962209838422852,0.6053489676583866,0.012762565418639188,1477.9196819658182,827.0203268864664,1.004168569117331,20.967266048573755,copath_tau_mapt_REGION-RF_rank1_region284_cSF,284,cSF,390
beta,0.0192027857352542,0.996251507095368,0.019074206421342665,2732.473327274806,2192.105683502425,1.0010184530897714,38.76563518485403,copath_tau_mapt_REGION-RF_rank1_region284_cSF,284,cSF,390
gamma,0.08070958272722789,0.0607009580514325,0.0012045734782532894,1826.3382225648254,1180.3199389098284,1.0007357873921128,25.910284486002038,copath_tau_mapt_REGION-RF_rank1_region284_cSF,284,cSF,390
sigma,1.634368649270687,2.031021014429608,0.04241835052258099,2611.818411999028,2304.388381755,1.0027330655264444,37.05390230821326,copath_tau_mapt_REGION-RF_rank1_region284_cSF,284,cSF,390
u0,0.007930738301301634,0.006024779214641171,0.00011756054283024146,1650.468368542863,1142.2051100290064,1.0029756834481107,23.4152165440842,copath_tau_mapt_REGION-RF_rank1_region284_cSF,284,cSF,390
alpha,1.265547929633316,0.45175254850335816,0.011935579416966631,1208.244376572441,645.3872172691518,1.0021314659753893,12.598083315841818,copath_tau_mapt_REGION-RF_rank53_region285_cSH,285,cSH,53
beta,0.8816348311187282,0.20315446370057624,0.007403847582278445,1127.5958946839635,569.6256958435703,1.0018723381671903,11.757180338077132,copath_tau_mapt_REGION-RF_rank53_region285_cSH,285,cSH,53
gamma,0.0801280416411687,0.057907002860673115,0.0014710466318437452,1449.3118887884868,1181.8566303644247,0.999959836141774,15.111638241092797,copath_tau_mapt_REGION-RF_rank53_region285_cSH,285,cSH,53
sigma,0.29253208510654316,0.08369587570076728,0.002147300771419526,1773.6776620183653,2079.103652850926,1.0003703224858604,18.49372477523398,copath_tau_mapt_REGION-RF_rank53_region285_cSH,285,cSH,53
u0,0.009658691849947913,0.006234356540148636,0.00015866928384344688,1063.134395759873,794.4478894629538,1.0034504232309773,11.085055269791289,copath_tau_mapt_REGION-RF_rank53_region285_cSH,285,cSH,53
alpha,0.7936185173561466,0.5842650975105858,0.01240802416994806,1521.3787167682192,1068.6001742063195,1.0012481239176156,20.99466938202193,copath_tau_mapt_REGION-RF_rank1_region286_cBA,286,cBA,391
beta,0.0035859616107337612,0.9973787767538687,0.020936251785762056,2273.2343565276215,1499.0857331429427,1.002386262287864,31.370100828367093,copath_tau_mapt_REGION-RF_rank1_region286_cBA,286,cBA,391
gamma,0.0786357950549486,0.061047770493907784,0.001229978576248115,1666.1073132278507,1078.262348030186,1.0019756913121702,22.99189006041331,copath_tau_mapt_REGION-RF_rank1_region286_cBA,286,cBA,391
sigma,1.6129070576073687,2.008602700638647,0.04321310594101784,2331.9584006798555,2152.6347445736133,1.0008404581351797,32.18047886124136,copath_tau_mapt_REGION-RF_rank1_region286_cBA,286,cBA,391
u0,0.007841691645408632,0.005912588588287125,0.0001266217131115487,1478.51657989693,937.6504832431742,1.0025854342547547,20.40318194848451,copath_tau_mapt_REGION-RF_rank1_region286_cBA,286,cBA,391
alpha,0.9066313967985555,0.5192549564655721,0.015373579524057771,961.1728263955443,942.6711126244779,1.0024782004756756,3.9360066600964143,copath_tau_mapt_REGION-RF_rank181_region287_cCEA,287,cCEA,181
beta,0.6305260114199644,0.3608743559572162,0.012746459029941232,1095.4939128856283,951.4083341390344,1.0012672613247835,4.486052059318707,copath_tau_mapt_REGION-RF_rank181_region287_cCEA,287,cCEA,181
gamma,0.08319576502772409,0.062291864303493164,0.0014023602330851042,1250.833112504539,792.1878107085578,1.0038765821633113,5.122166717872806,copath_tau_mapt_REGION-RF_rank181_region287_cCEA,287,cCEA,181
sigma,0.09444342749145325,0.01985397006422521,0.0005622735806495844,1228.8549505722171,1353.4898482938595,1.0076329963211192,5.032166054759284,copath_tau_mapt_REGION-RF_rank181_region287_cCEA,287,cCEA,181
u0,0.011868167123764217,0.00628647133262294,0.00017449115733052424,1074.8974378034154,747.1054889457371,1.0042209187272095,4.401709409514396,copath_tau_mapt_REGION-RF_rank181_region287_cCEA,287,cCEA,181
alpha,1.0161107814605508,0.7045032595597157,0.028246007663106983,559.3677781042436,906.2635851160384,1.004190267574343,3.499000895156811,copath_tau_mapt_REGION-RF_rank221_region288_cIA,288,cIA,221
beta,0.39537780146339346,0.5640776277786692,0.02234238070336015,728.8795117040889,675.9498148439603,1.004750315271266,4.559343894561592,copath_tau_mapt_REGION-RF_rank221_region288_cIA,288,cIA,221
gamma,0.09328483246993532,0.06691914806661009,0.001776274686058911,1044.0449567838423,850.6747626965685,1.0020529665830213,6.5307913350879945,copath_tau_mapt_REGION-RF_rank221_region288_cIA,288,cIA,221
sigma,0.1720093365091592,0.038939158959707974,0.001458314132273373,671.876896639115,968.7656236427,1.0088889256397264,4.202776696832421,copath_tau_mapt_REGION-RF_rank221_region288_cIA,288,cIA,221
u0,0.012029824529680688,0.006932660639454637,0.0001853305959254452,1085.7045566670602,651.0981016967379,1.0056599351080808,6.791383709173741,copath_tau_mapt_REGION-RF_rank221_region288_cIA,288,cIA,221
alpha,1.1084005768563203,0.5671826144169397,0.017707572509740966,843.0808978229429,815.4792525287617,1.001574096480849,4.764676382487923,copath_tau_mapt_REGION-RF_rank166_region289_cMEA,289,cMEA,166
beta,0.5382194860227595,0.2814110258939925,0.01140994379787777,802.8234976370929,874.1441119055859,1.0044301390369574,4.537161461462909,copath_tau_mapt_REGION-RF_rank166_region289_cMEA,289,cMEA,166
gamma,0.08664935134315851,0.06330991157730363,0.001593366189644839,841.5256388344756,440.3593050076095,1.003604044489599,4.755886827665678,copath_tau_mapt_REGION-RF_rank166_region289_cMEA,289,cMEA,166
sigma,0.11681350554991465,0.024466683366513458,0.0006607448833247749,1549.6813615800645,1721.2692238182158,1.0019012149414415,8.758032832874044,copath_tau_mapt_REGION-RF_rank166_region289_cMEA,289,cMEA,166
u0,0.013739725725803969,0.006615870940905878,0.0001856842916031545,1089.2348666745856,1416.9292683457008,1.0052731505213137,6.155816906335257,copath_tau_mapt_REGION-RF_rank166_region289_cMEA,289,cMEA,166
alpha,1.2780451500528538,0.6097766096949581,0.02091822297563096,767.9452851364389,815.1780952198583,1.006909810468117,3.8079868552437377,copath_tau_mapt_REGION-RF_rank186_region290_cPALd,290,cPALd,186
beta,0.47131227370615525,0.24812232896998831,0.010242525414849407,859.6086276377812,713.1825852824086,1.0048606761028123,4.26251507503846,copath_tau_mapt_REGION-RF_rank186_region290_cPALd,290,cPALd,186
gamma,0.0961479415066629,0.06536353241361616,0.0016613260998862873,1125.944117725352,773.5170179608238,1.0011481850068769,5.583184743787293,copath_tau_mapt_REGION-RF_rank186_region290_cPALd,290,cPALd,186
sigma,0.08236948831514976,0.02009516535465311,0.0005466719752889479,1306.0794726551082,1558.7646244061548,1.002803160688819,6.476416432312218,copath_tau_mapt_REGION-RF_rank186_region290_cPALd,290,cPALd,186
u0,0.012891466368189523,0.006270321747134728,0.0001736439854311121,1065.8821287598191,764.7818364672032,1.0081952849449587,5.2853571916070505,copath_tau_mapt_REGION-RF_rank186_region290_cPALd,290,cPALd,186
alpha,1.8472604608300585,0.6234824050070715,0.02535865058051497,638.6816909821752,190.52159990766526,1.0046539047449412,5.483375897027501,copath_tau_mapt_REGION-RF_rank193_region291_cSI,291,cSI,193
beta,0.37726102242250065,0.12895968797669938,0.008529978662156434,710.670769688044,208.55286359542802,1.0111938433968186,6.1014352286139975,copath_tau_mapt_REGION-RF_rank193_region291_cSI,291,cSI,193
gamma,0.12772789656901895,0.07061971513787477,0.0015921750513154804,1727.841486452185,1470.8633063600955,1.0045587334401773,14.834313390330928,copath_tau_mapt_REGION-RF_rank193_region291_cSI,291,cSI,193
sigma,0.08759359691088432,0.021165928314509398,0.0006560283244123969,1466.454381352141,1475.100246169883,1.0050217613048018,12.590184942409946,copath_tau_mapt_REGION-RF_rank193_region291_cSI,291,cSI,193
u0,0.014675983479705505,0.006629451752402597,0.0001463038237040225,1916.908858968175,1438.0076334351452,1.001244196690633,16.457543691131008,copath_tau_mapt_REGION-RF_rank193_region291_cSI,291,cSI,193
alpha,0.8129628430890026,0.6107780739070461,0.012728200154625485,1449.570893580182,867.0743104733251,1.001037228656807,21.417693201639782,copath_tau_mapt_REGION-RF_rank1_region292_cMA,292,cMA,392
beta,0.0052735944198286835,1.0165321066495803,0.02134243904511478,2272.5033987014845,1912.7770512483646,1.0016219897250445,33.576681767430806,copath_tau_mapt_REGION-RF_rank1_region292_cMA,292,cMA,392
gamma,0.08051176746500179,0.06011795728889414,0.0012324415618765914,1512.7908688606133,897.7368954623662,1.002526723060344,22.351780689715184,copath_tau_mapt_REGION-RF_rank1_region292_cMA,292,cMA,392
sigma,1.643042295766787,2.247203322788472,0.045803385676166555,2295.90365053576,2543.6600394441757,1.000796585936894,33.92242506073728,copath_tau_mapt_REGION-RF_rank1_region292_cMA,292,cMA,392
u0,0.007845170855300107,0.005914635671670207,0.00012048185108064249,1658.6022811572402,1111.2019812857131,1.0023975386545143,24.506172798233482,copath_tau_mapt_REGION-RF_rank1_region292_cMA,292,cMA,392
alpha,1.0379133229251598,0.32270064960857625,0.008942869484772697,1290.2561432619393,1657.8695047627577,1.0016930760604668,12.763313680366595,copath_tau_mapt_REGION-RF_rank19_region293_cMS,293,cMS,19
beta,1.4356933999415469,0.19320046397945018,0.005072063415086595,1540.3973700372328,1447.0666646726233,1.004595199136938,15.23773006535926,copath_tau_mapt_REGION-RF_rank19_region293_cMS,293,cMS,19
gamma,0.04375251062673974,0.03436870838636916,0.0007998678788467744,1693.1680737266709,1578.826405806773,1.0025338078894932,16.74894969608245,copath_tau_mapt_REGION-RF_rank19_region293_cMS,293,cMS,19
sigma,0.42500313517279786,0.08454434390633343,0.0017782631404615343,2326.022902216595,2328.1845417507548,1.0014821984093483,23.009198664733706,copath_tau_mapt_REGION-RF_rank19_region293_cMS,293,cMS,19
u0,0.009120052969026333,0.006009279300728855,0.00011890325417917702,1961.2447433112939,1347.8035807182605,1.000158358139165,19.400784870179283,copath_tau_mapt_REGION-RF_rank19_region293_cMS,293,cMS,19
alpha,1.0843990433642958,0.32344803345563994,0.00972912279540961,974.016552000013,886.4073312414321,1.0022839434088997,9.27493479088913,copath_tau_mapt_REGION-RF_rank21_region294_cNDB,294,cNDB,21
beta,1.3930361401557068,0.2067302356705922,0.007966391891817965,963.4140699668326,896.5046706248119,1.001568136659389,9.173974156003204,copath_tau_mapt_REGION-RF_rank21_region294_cNDB,294,cNDB,21
gamma,0.0453623167582679,0.03879967874074782,0.0013340392138287867,1094.0090753686216,1108.314162338473,1.002642812792881,10.417546615454993,copath_tau_mapt_REGION-RF_rank21_region294_cNDB,294,cNDB,21
sigma,0.4004031447247776,0.08196504440170346,0.0018870515881240354,2093.0859565393907,1948.025227139985,1.0001432013920153,19.931114844779753,copath_tau_mapt_REGION-RF_rank21_region294_cNDB,294,cNDB,21
u0,0.009352941634110582,0.006031983252853488,0.0001325661609836352,1667.7629134805286,1181.8362224828259,1.0024609024152529,15.881036351418151,copath_tau_mapt_REGION-RF_rank21_region294_cNDB,294,cNDB,21
alpha,0.7720429046243926,0.5975889065424823,0.010504752259348438,2053.9699809310127,1430.3956397822335,1.0025801353098478,26.280051446844336,copath_tau_mapt_REGION-RF_rank289_region295_cBST,295,cBST,289
beta,-0.17045198827579305,0.9327496725246469,0.019739305762591766,2256.137332922996,2274.82121993627,1.001391774312562,28.866734047148636,copath_tau_mapt_REGION-RF_rank289_region295_cBST,295,cBST,289
gamma,0.0818413794275954,0.061339482886555406,0.0013535673923372636,1356.7648454424973,924.1577517627818,1.0007979876263118,17.359479578828477,copath_tau_mapt_REGION-RF_rank289_region295_cBST,295,cBST,289
sigma,0.6977200433507237,0.8043426568149784,0.01805829497734453,1484.4758061200596,906.5666053575077,1.003145542632987,18.993510576404667,copath_tau_mapt_REGION-RF_rank289_region295_cBST,295,cBST,289
u0,0.007800717566726602,0.006129671535112612,0.0001242147105708595,1620.6976937915283,1192.5480401409895,1.000602331557932,20.736436836003538,copath_tau_mapt_REGION-RF_rank289_region295_cBST,295,cBST,289
alpha,0.6595610290217911,0.5419110847867621,0.02393196520863917,510.07821318069045,881.161836735443,1.010508721872404,3.8508094004279814,copath_tau_mapt_REGION-RF_rank347_region296_cVAL,296,cVAL,347
beta,0.10560208452219892,0.7745451846452306,0.031545950425483284,536.688265548502,815.5409527678956,1.0047349888965393,4.051700630745146,copath_tau_mapt_REGION-RF_rank347_region296_cVAL,296,cVAL,347
gamma,0.08113150902968,0.05854696229168794,0.002605154143696017,440.8866204556295,408.5164876889454,1.0060594563096927,3.328451007516454,copath_tau_mapt_REGION-RF_rank347_region296_cVAL,296,cVAL,347
sigma,0.07724227017352793,0.018627425613293013,0.0009059998770799335,331.36691989252034,164.032640352402,1.0091127116598988,2.5016376256418567,copath_tau_mapt_REGION-RF_rank347_region296_cVAL,296,cVAL,347
u0,0.008733799282012712,0.006290682632909369,0.00032868017201457276,269.90999390239756,248.62462426582314,1.0101043160189942,2.0376717039287144,copath_tau_mapt_REGION-RF_rank347_region296_cVAL,296,cVAL,347
alpha,0.9398063381023549,0.6147245431835626,0.018636929024271307,899.842766017344,1053.3891286609041,1.003920689722696,4.271824606293706,copath_tau_mapt_REGION-RF_rank233_region297_cVM,297,cVM,233
beta,0.5549600635798325,0.4001277263688527,0.014928011555800907,969.1889111275193,1059.2845937885825,1.0046399707310991,4.6010316413676,copath_tau_mapt_REGION-RF_rank233_region297_cVM,297,cVM,233
gamma,0.08551816615231808,0.06358860754221805,0.0017682684746424169,885.7372233644293,702.6661799204278,1.0033984481942535,4.204861347305096,copath_tau_mapt_REGION-RF_rank233_region297_cVM,297,cVM,233
sigma,0.0907159327833599,0.01886984883855692,0.0004500800434087279,1746.5502363065514,1992.7366768282413,1.001024653646164,8.291399961577962,copath_tau_mapt_REGION-RF_rank233_region297_cVM,297,cVM,233
u0,0.01579292232041793,0.006927629808830035,0.00015609676994032394,1758.2195462686443,1164.6049355306955,1.000549006312046,8.346797690289131,copath_tau_mapt_REGION-RF_rank233_region297_cVM,297,cVM,233
alpha,0.7615033323549052,0.5564668566292938,0.042473600153906374,214.45184191262967,278.59690353682095,1.0060708582728972,0.9187144615965217,copath_tau_mapt_REGION-RF_rank328_region298_cVPL,298,cVPL,328
beta,0.4971433181140236,0.40266239315195634,0.018337531977302268,272.0034811608715,719.5945071400469,1.0054221093575941,1.1652664277367197,copath_tau_mapt_REGION-RF_rank328_region298_cVPL,298,cVPL,328
gamma,0.08399131323377307,0.06368130368406734,0.0030847787074979567,428.8840708878855,694.227634158114,1.0222696206608286,1.8373449011159233,copath_tau_mapt_REGION-RF_rank328_region298_cVPL,298,cVPL,328
sigma,0.05296993410336019,0.011935636450043821,0.0005765282237907212,398.8249670865565,609.2596289825507,1.0173865001584326,1.7085713120498853,copath_tau_mapt_REGION-RF_rank328_region298_cVPL,298,cVPL,328
u0,0.016439596611094873,0.006915264829806371,0.00026441278021729003,686.1439196478073,777.6872005414236,1.0044294106692626,2.9394494171506484,copath_tau_mapt_REGION-RF_rank328_region298_cVPL,298,cVPL,328
alpha,0.783062109324738,0.5281297638183275,0.016722361605757324,799.3815055155386,983.5663962826527,1.0018882051834475,3.8329162076340695,copath_tau_mapt_REGION-RF_rank264_region299_cVPM,299,cVPM,264
beta,0.644391524649454,0.45573763718080396,0.016051998513833005,947.6570952778341,950.9977416855755,1.0028274358642668,4.543875752325906,copath_tau_mapt_REGION-RF_rank264_region299_cVPM,299,cVPM,264
gamma,0.0854890849339349,0.06266440060497289,0.0017468237947708839,886.7572884453031,618.2916039001149,1.0063989744032649,4.251870176715733,copath_tau_mapt_REGION-RF_rank264_region299_cVPM,299,cVPM,264
sigma,0.10402149654478458,0.0232613895841228,0.0008888525853935359,880.1808754819695,854.5163962336097,1.001676232824844,4.220337248243739,copath_tau_mapt_REGION-RF_rank264_region299_cVPM,299,cVPM,264
u0,0.010822003914451542,0.006081873238359798,0.00017061206105201956,947.3023709264081,578.3365375425427,1.0045579616584905,4.5421749014725386,copath_tau_mapt_REGION-RF_rank264_region299_cVPM,299,cVPM,264
alpha,0.9015323791038554,0.4844764617561611,0.015897615972867592,827.205390035431,799.011482841425,1.0065939381998585,2.5607854119006124,copath_tau_mapt_REGION-RF_rank174_region300_cPoT,300,cPoT,174
beta,0.6034637146328844,0.3525514552097946,0.013714756692344364,935.2431606359361,811.8965946403398,1.0055759237810804,2.8952386809686343,copath_tau_mapt_REGION-RF_rank174_region300_cPoT,300,cPoT,174
gamma,0.0813706783022231,0.06136986724118203,0.0014794268232005837,1131.8771915587824,586.6109702561796,1.0029182311937606,3.5039600021013113,copath_tau_mapt_REGION-RF_rank174_region300_cPoT,300,cPoT,174
sigma,0.05511974656272251,0.011704652518060897,0.0003204879268675444,1250.47785620476,1443.3837012707947,1.0023225185680493,3.871112894872147,copath_tau_mapt_REGION-RF_rank174_region300_cPoT,300,cPoT,174
u0,0.014068589243739275,0.005816490571567,0.0001652763229918662,1150.3763862203964,1097.568201479993,1.0038196027068693,3.5612280861733234,copath_tau_mapt_REGION-RF_rank174_region300_cPoT,300,cPoT,174
alpha,1.084843265305853,0.5912854627977457,0.02443465928570457,500.2201800973235,812.7711789469749,1.0122695295226667,2.578162167678529,copath_tau_mapt_REGION-RF_rank200_region301_cSPF,301,cSPF,200
beta,0.515084455507621,0.29457520837977674,0.013569269378520293,575.6161227379448,662.392575392769,1.0091805307141506,2.9667569798164375,copath_tau_mapt_REGION-RF_rank200_region301_cSPF,301,cSPF,200
gamma,0.08676665972177978,0.06237916336750287,0.0018310802022401239,875.0706814933992,685.4784155653801,1.0029197448644662,4.510162154257761,copath_tau_mapt_REGION-RF_rank200_region301_cSPF,301,cSPF,200
sigma,0.08285597496889177,0.019072552526844335,0.000596247229154045,797.6570494121571,291.0291209517911,1.0041449517744268,4.111168060385714,copath_tau_mapt_REGION-RF_rank200_region301_cSPF,301,cSPF,200
u0,0.015441243003572698,0.006472592335729882,0.00016921626232696817,1311.399924970493,1068.8669118603955,1.0036820589493862,6.759026940091809,copath_tau_mapt_REGION-RF_rank200_region301_cSPF,301,cSPF,200
alpha,0.7889238245967944,0.6115780110026386,0.011007294163190549,2022.9442212009712,1298.9728141852054,1.0012381347493773,27.966713042289534,copath_tau_mapt_REGION-RF_rank1_region302_cSPA,302,cSPA,393
beta,0.00028644548328677646,1.0025394354957018,0.018650570964610636,2908.300210158662,2370.6227684001337,1.003393514615164,40.206544780582604,copath_tau_mapt_REGION-RF_rank1_region302_cSPA,302,cSPA,393
gamma,0.08240734745272764,0.06112192605271242,0.0011386803495492298,2004.5994188162401,1198.1377415100471,1.0038638408959046,27.713100600218986,copath_tau_mapt_REGION-RF_rank1_region302_cSPA,302,cSPA,393
sigma,1.6209515113894497,1.9055356739026994,0.03708921349383339,2790.1726176129737,2771.510371248971,1.001438617422423,38.573459474285585,copath_tau_mapt_REGION-RF_rank1_region302_cSPA,302,cSPA,393
u0,0.008038244954994882,0.0061200763965078625,0.00010873754393739503,2185.019822954976,1374.609656503745,1.001940680065398,30.20736891302812,copath_tau_mapt_REGION-RF_rank1_region302_cSPA,302,cSPA,393
alpha,0.9774315343860974,0.6369731744842635,0.0277145254556166,469.5898478241464,701.4891569697081,1.0060254291650839,3.0343690290206347,copath_tau_mapt_REGION-RF_rank259_region303_cPP,303,cPP,259
beta,0.4731792739237327,0.5095051770490772,0.029449773334995214,346.2668969697001,333.57200598077674,1.0064728260198563,2.2374877838785974,copath_tau_mapt_REGION-RF_rank259_region303_cPP,303,cPP,259
gamma,0.08896707144398604,0.06552176717753666,0.002821277397312211,364.4876202435315,212.10426843449994,1.019232490450644,2.355225419486883,copath_tau_mapt_REGION-RF_rank259_region303_cPP,303,cPP,259
sigma,0.16262006268383916,0.035081824376630724,0.0018342605831569688,261.2924685301806,146.99484439913968,1.0079683855124941,1.688404844563933,copath_tau_mapt_REGION-RF_rank259_region303_cPP,303,cPP,259
u0,0.011549880030631244,0.006607317235420291,0.00023774384043518678,632.4025963281948,648.4503295104263,1.0121930141093953,4.086423207533067,copath_tau_mapt_REGION-RF_rank259_region303_cPP,303,cPP,259
alpha,1.2237443446296798,0.9317151905120012,0.04665119956566374,406.756163996504,806.1990307624517,1.010351611808313,2.9086214308448923,copath_tau_mapt_REGION-RF_rank69_region304_cMG,304,cMG,69
beta,0.43167726958466085,0.622942753237749,0.025214339476312568,801.2213558608463,884.0057598463604,1.0074129917448151,5.729352896856136,copath_tau_mapt_REGION-RF_rank69_region304_cMG,304,cMG,69
gamma,0.10734826148707598,0.07885827980569625,0.003640073982552286,452.5828868852327,639.0543904434493,1.016336621957701,3.236317972649953,copath_tau_mapt_REGION-RF_rank69_region304_cMG,304,cMG,69
sigma,0.2904761793569719,0.06885070231987284,0.003064102372713935,458.3097122066987,480.05324576828747,1.0062636191425731,3.2772692066695175,copath_tau_mapt_REGION-RF_rank69_region304_cMG,304,cMG,69
u0,0.011872229804603151,0.006928363734895991,0.00019694755770694716,966.0601642709578,763.7810830541372,1.0012000176504054,6.908077973978031,copath_tau_mapt_REGION-RF_rank69_region304_cMG,304,cMG,69
alpha,1.052349415020899,0.5777280797877309,0.02155692915918555,478.35204925945055,499.0938787104574,1.009904018059396,4.013357238522112,copath_tau_mapt_REGION-RF_rank84_region305_cLGd,305,cLGd,84
beta,0.7517922510617392,0.5190732269526424,0.05603596214069748,221.5025870588568,46.73846780736306,1.020889206839268,1.8583990859875559,copath_tau_mapt_REGION-RF_rank84_region305_cLGd,305,cLGd,84
gamma,0.0837377867839807,0.06008286942362734,0.001579202958382558,1145.5805297230422,999.1635097621502,1.0073793997681812,9.61138123771325,copath_tau_mapt_REGION-RF_rank84_region305_cLGd,305,cLGd,84
sigma,0.372547266051061,0.07872879236264194,0.002346194984881998,1238.0652558866138,1450.6617809405434,1.0035915745312816,10.387324908856565,copath_tau_mapt_REGION-RF_rank84_region305_cLGd,305,cLGd,84
u0,0.010079506060182573,0.006415282241610909,0.0002620265175503941,316.5544375797228,128.15495708193876,1.0170824495733288,2.6558808421824214,copath_tau_mapt_REGION-RF_rank84_region305_cLGd,305,cLGd,84
alpha,1.233092536478984,0.6323775153526628,0.015567061635676406,1258.0543531783846,912.9619059547186,1.0042748413039864,11.468970874616058,copath_tau_mapt_REGION-RF_rank86_region306_cLP,306,cLP,86
beta,0.6819524592289588,0.3217790302564827,0.01081038795848525,1152.6034060440556,853.6453047674261,1.003256861932112,10.507634157860698,copath_tau_mapt_REGION-RF_rank86_region306_cLP,306,cLP,86
gamma,0.08933969731623378,0.06162056814150905,0.0016061385046027936,878.1928950514291,379.3460934857083,1.005915317455471,8.005988541109918,copath_tau_mapt_REGION-RF_rank86_region306_cLP,306,cLP,86
sigma,0.37704154713761967,0.07754799815174236,0.0022375833016957587,1251.4639198160914,1238.8302691835609,1.0067343308394952,11.408889616527109,copath_tau_mapt_REGION-RF_rank86_region306_cLP,306,cLP,86
u0,0.010966891666156773,0.006278309874859522,0.00018157315566875396,810.3272363420947,375.1346857132635,1.0059259852615892,7.387295667342147,copath_tau_mapt_REGION-RF_rank86_region306_cLP,306,cLP,86
alpha,0.8018861649826338,0.5742598027761638,0.02825839748764156,438.11561504322793,431.9258351576127,1.0042895477358842,2.0032904509562406,copath_tau_mapt_REGION-RF_rank317_region307_cPO,307,cPO,317
beta,0.5555555643267697,0.42576508769284555,0.01784048829259662,578.1128581327898,941.3601394759644,1.0049907498198356,2.6434300182570936,copath_tau_mapt_REGION-RF_rank317_region307_cPO,307,cPO,317
gamma,0.08713811351733508,0.06070479996375488,0.0020348736763512597,765.7141049217958,1019.3406863009833,1.0035686974172782,3.5012396314634597,copath_tau_mapt_REGION-RF_rank317_region307_cPO,307,cPO,317
sigma,0.06570801480293662,0.014220559626169017,0.0005223937288561313,724.2242302885528,823.3074067128621,1.0036622625618927,3.311526535626996,copath_tau_mapt_REGION-RF_rank317_region307_cPO,307,cPO,317
u0,0.014904509935066866,0.006535937274733221,0.00022478898782900706,759.1248073825681,620.5547485399595,1.0064062519334525,3.4711099661751277,copath_tau_mapt_REGION-RF_rank317_region307_cPO,307,cPO,317
alpha,1.3567454996320805,0.6104268855714864,0.027244522672622215,434.0319129615469,225.52631185431585,1.0134057313668998,2.2917966732399444,copath_tau_mapt_REGION-RF_rank198_region308_cPOL,308,cPOL,198
beta,0.44268461850681534,0.2953739324837441,0.022382774310746294,469.51494297239606,188.6512017141895,1.015507074737393,2.479155915053442,copath_tau_mapt_REGION-RF_rank198_region308_cPOL,308,cPOL,198
gamma,0.09743910949695209,0.06483825048420792,0.0015222475601005619,1317.352892929527,995.8241761441498,1.0051069348284982,6.955951595583214,copath_tau_mapt_REGION-RF_rank198_region308_cPOL,308,cPOL,198
sigma,0.05857797072245956,0.012985373512263941,0.0003448654683095104,1471.0934594352004,1707.8793288285328,1.0067523072067823,7.767740103150727,copath_tau_mapt_REGION-RF_rank198_region308_cPOL,308,cPOL,198
u0,0.014650488391467714,0.006426431000593359,0.00016178057468420911,1462.717957757268,1188.4283404158125,1.0020033645527522,7.723515366883693,copath_tau_mapt_REGION-RF_rank198_region308_cPOL,308,cPOL,198
alpha,0.9303271484640233,0.6116231321184149,0.022912909844978728,628.2007172451217,1288.2777875228307,1.0038876497977904,3.279839178658211,copath_tau_mapt_REGION-RF_rank184_region309_cSGN,309,cSGN,184
beta,0.5884285862531675,0.43898888226426536,0.01985061301896766,545.3933206387458,730.4404516546045,1.004879588486426,2.847501334691208,copath_tau_mapt_REGION-RF_rank184_region309_cSGN,309,cSGN,184
gamma,0.08700135628412008,0.06317094675504853,0.0020656373469247363,682.9361116682526,601.8776715367685,1.006404183743632,3.5656129547143203,copath_tau_mapt_REGION-RF_rank184_region309_cSGN,309,cSGN,184
sigma,0.12261888817934417,0.027261035220444117,0.001041881576525965,637.3237070672072,647.7258065509222,1.0022465625411165,3.3274703554836598,copath_tau_mapt_REGION-RF_rank184_region309_cSGN,309,cSGN,184
u0,0.013477382578200551,0.006993956386096952,0.0002038240028217622,930.5815633493444,711.4724682158225,1.0028574241574908,4.8585711327980645,copath_tau_mapt_REGION-RF_rank184_region309_cSGN,309,cSGN,184
alpha,0.7319805837763781,0.49655974987755336,0.02813575551871576,252.1270746036453,895.6269925690041,1.0182181665032444,1.5173570046318972,copath_tau_mapt_REGION-RF_rank321_region310_cEth,310,cEth,321
beta,0.5235998394493907,0.4901270601333726,0.020594511619655993,357.1772983314576,585.3738741970361,1.0193929241687483,2.1495726961125747,copath_tau_mapt_REGION-RF_rank321_region310_cEth,310,cEth,321
gamma,0.0811637482920794,0.06030058509885889,0.0038284523048696282,178.19919396254537,110.59390878369734,1.0191303982363686,1.0724425197249994,copath_tau_mapt_REGION-RF_rank321_region310_cEth,310,cEth,321
sigma,0.09383579972323855,0.02028257049677574,0.0012231662957346212,249.36961801970713,354.27817271805117,1.0141871023605549,1.5007620155011803,copath_tau_mapt_REGION-RF_rank321_region310_cEth,310,cEth,321
u0,0.011830065709075355,0.006349878760132355,0.0003840214080475341,222.97821928973036,160.13697739875713,1.0213880191578926,1.341932687917396,copath_tau_mapt_REGION-RF_rank321_region310_cEth,310,cEth,321
alpha,0.6951912447406517,0.5852478130300637,0.013683411882016916,1350.3497050510332,1328.441387662205,1.0044296585478465,15.749538775248523,copath_tau_mapt_REGION-RF_rank346_region311_cLD,311,cLD,346
beta,-0.23815006818260612,0.8033810903012513,0.021581485387838138,1388.3467530082453,1346.1490878958216,1.0022098873222403,16.192709887078752,copath_tau_mapt_REGION-RF_rank346_region311_cLD,311,cLD,346
gamma,0.08113740500879342,0.059532701874001726,0.0013597157541411064,1226.3971345194802,978.3563752558272,1.0044741784118363,14.303842294865582,copath_tau_mapt_REGION-RF_rank346_region311_cLD,311,cLD,346
sigma,0.15432156260755361,0.10992830528402234,0.00334657964467437,1246.3814815251183,1835.1876918611958,1.001988602143188,14.536925804186172,copath_tau_mapt_REGION-RF_rank346_region311_cLD,311,cLD,346
u0,0.008048962462606127,0.0060402355402608245,0.00014489545534441045,1285.3136772309194,957.0500305892882,1.0014838872275353,14.991003828256911,copath_tau_mapt_REGION-RF_rank346_region311_cLD,311,cLD,346
alpha,0.4515450382496916,0.2676127264773394,0.008462657465160414,NaN,NaN,NaN,NaN,copath_tau_mapt_REGION-RF_rank323_region312_cIMD,312,cIMD,323
beta,0.57097955104487,0.476319412148124,0.015062542361405475,NaN,NaN,NaN,NaN,copath_tau_mapt_REGION-RF_rank323_region312_cIMD,312,cIMD,323
gamma,0.055977424246456436,0.05298683133325131,0.001675590730082505,NaN,NaN,NaN,NaN,copath_tau_mapt_REGION-RF_rank323_region312_cIMD,312,cIMD,323
u0,0.0110332667627773,0.004996284599518888,0.00015799639172901897,NaN,NaN,NaN,NaN,copath_tau_mapt_REGION-RF_rank323_region312_cIMD,312,cIMD,323
sigma,0.07733262200618723,0.01526349166584215,0.0004826739871105887,NaN,NaN,NaN,NaN,copath_tau_mapt_REGION-RF_rank323_region312_cIMD,312,cIMD,323
alpha,0.7642686970857897,0.5261245731926395,0.020052048371683368,692.8409275702154,938.19724453463,1.0050577859769148,3.2320768765754297,copath_tau_mapt_REGION-RF_rank284_region313_cMD,313,cMD,284
beta,0.5980204689844743,0.39460635018654977,0.01587995770462825,633.5615266244628,985.221075213382,1.01234543828111,2.9555407000450766,copath_tau_mapt_REGION-RF_rank284_region313_cMD,313,cMD,284
gamma,0.08246644725044763,0.06204365067121413,0.0016432872231223715,991.2231324751834,622.6523875815748,1.0046646245926634,4.6240186434064645,copath_tau_mapt_REGION-RF_rank284_region313_cMD,313,cMD,284
sigma,0.08605635200554698,0.018254249933711976,0.0006031344760592686,984.1863877690997,1165.2094749398398,1.0063982248563756,4.591192493931349,copath_tau_mapt_REGION-RF_rank284_region313_cMD,313,cMD,284
u0,0.013388403444390132,0.006466141239595396,0.00019364896374931897,935.8424580750402,747.4724805187848,1.0089978126300865,4.365669879620833,copath_tau_mapt_REGION-RF_rank284_region313_cMD,313,cMD,284
alpha,0.8597974997932324,0.5611211637449645,0.024922388783128885,530.0650637520872,708.5729865367161,1.0150423466575076,2.4645820895792925,copath_tau_mapt_REGION-RF_rank261_region314_cSMT,314,cSMT,261
beta,0.6073643068985135,0.41819889660133736,0.015896314597994655,696.6950801453561,1014.6086439209018,1.003268500176795,3.2393423635014904,copath_tau_mapt_REGION-RF_rank261_region314_cSMT,314,cSMT,261
gamma,0.0812597988534946,0.06341036132858237,0.0023345453536788483,460.23429765957746,283.73674354072693,1.0078774631189704,2.139898070234653,copath_tau_mapt_REGION-RF_rank261_region314_cSMT,314,cSMT,261
sigma,0.09697967244610078,0.02367325598863989,0.0007863912373964463,832.5891062773833,953.5097181283543,1.0035252865545572,3.8711930659700813,copath_tau_mapt_REGION-RF_rank261_region314_cSMT,314,cSMT,261
u0,0.01137128485845617,0.006110660414414929,0.00017754627220974007,968.7572729002977,750.9918200392511,1.0043605238263302,4.504318407704815,copath_tau_mapt_REGION-RF_rank261_region314_cSMT,314,cSMT,261
alpha,1.0392172395844064,0.5559550404328267,0.014677573162596689,1190.5492602094926,1167.7527247113499,1.0041643169217112,7.090992401304931,copath_tau_mapt_REGION-RF_rank125_region315_cPR,315,cPR,125
beta,0.6449948800513284,0.3921259834408654,0.018637512748959244,630.4009081628624,565.1854093934089,1.0100814621369685,3.7547107028330777,copath_tau_mapt_REGION-RF_rank125_region315_cPR,315,cPR,125
gamma,0.08474729897414525,0.061487508331105584,0.001483727277153796,1110.7473317565343,720.6925877204511,1.0022426970962846,6.615686685546614,copath_tau_mapt_REGION-RF_rank125_region315_cPR,315,cPR,125
sigma,0.21159589637268889,0.05215468583937949,0.0018147641313387215,1328.5227900204545,601.2694521077841,1.0061708224574242,7.912772132870674,copath_tau_mapt_REGION-RF_rank125_region315_cPR,315,cPR,125
u0,0.010214672832563809,0.00629111600314613,0.00014380247270684763,1443.2271864505897,927.0892053958659,1.0007215860445777,8.595959322739017,copath_tau_mapt_REGION-RF_rank125_region315_cPR,315,cPR,125
alpha,1.0011759509643892,0.5868737496202991,0.021161082610401144,561.6329270943169,476.7921587871896,1.0102833785479075,2.9277637861352073,copath_tau_mapt_REGION-RF_rank178_region316_cPVT,316,cPVT,178
beta,0.6281577181808189,0.39821057696744694,0.021175943409565724,585.5378592920085,349.74926346526894,1.011069674379891,3.0523789776990484,copath_tau_mapt_REGION-RF_rank178_region316_cPVT,316,cPVT,178
gamma,0.0884651113018655,0.06306161211883865,0.0014500283981133625,1408.732840577579,1055.9356618693423,1.0020349019051646,7.343652403573888,copath_tau_mapt_REGION-RF_rank178_region316_cPVT,316,cPVT,178
sigma,0.12880705335376172,0.02716524438448397,0.0007142511833648273,1479.260380178403,1517.3533143515633,1.0008676863863204,7.711308868156195,copath_tau_mapt_REGION-RF_rank178_region316_cPVT,316,cPVT,178
u0,0.012075060318277242,0.006217352252890355,0.00014496484696728437,1499.2066701449141,1074.6256290725955,1.0000750073871065,7.81528785979729,copath_tau_mapt_REGION-RF_rank178_region316_cPVT,316,cPVT,178
alpha,0.9741627783300849,0.5400310601798869,0.01539532358364732,1020.7065512456792,1070.0958932238643,1.0069461568656912,7.751357836329304,copath_tau_mapt_REGION-RF_rank99_region317_cRE,317,cRE,99
beta,0.6800831435599071,0.4332723251834384,0.01754520547154054,774.7050782551795,473.9280499762554,1.0076964593392128,5.883195588241124,copath_tau_mapt_REGION-RF_rank99_region317_cRE,317,cRE,99
gamma,0.08256172493961744,0.0589584936441459,0.0015852115475944088,1084.1953475082373,833.4569393088689,1.0026526362384338,8.233498739440293,copath_tau_mapt_REGION-RF_rank99_region317_cRE,317,cRE,99
sigma,0.336636102466078,0.07336803895570775,0.002527194089238256,1008.0257165036365,1499.6625278354286,1.001492678650558,7.655058182301444,copath_tau_mapt_REGION-RF_rank99_region317_cRE,317,cRE,99
u0,0.009562623456830734,0.006355330601998544,0.00018711076842252457,773.8901475960436,491.792784865985,1.0050413443851691,5.877006915166527,copath_tau_mapt_REGION-RF_rank99_region317_cRE,317,cRE,99
alpha,0.7825871333394282,0.41577028004547245,0.016666346279537867,551.1739931515596,407.00257396619173,1.007078263734109,3.6470673412707084,copath_tau_mapt_REGION-RF_rank55_region318_cXi,318,cXi,55
beta,1.0087165059920593,0.46914484041201954,0.021583696753861775,621.3487848768182,371.889406624164,1.0074220583413271,4.111407448499406,copath_tau_mapt_REGION-RF_rank55_region318_cXi,318,cXi,55
gamma,0.07314296268435237,0.05726392977762068,0.001720098581462959,669.4521306737803,512.5351780247045,1.0047585800863514,4.429702839141525,copath_tau_mapt_REGION-RF_rank55_region318_cXi,318,cXi,55
sigma,0.3537629043808753,0.08543763964771123,0.003137271952225835,676.1947095147658,755.6318261941236,1.0047203641409341,4.474317859792797,copath_tau_mapt_REGION-RF_rank55_region318_cXi,318,cXi,55
u0,0.007667172995895582,0.005711166866155093,0.00017710290399645422,634.520613399408,315.6996416234577,1.0049394810092878,4.198564219730349,copath_tau_mapt_REGION-RF_rank55_region318_cXi,318,cXi,55
alpha,0.7095489764591221,0.46883554643175795,0.03694486479095303,219.37587871596085,222.62008198886795,1.041375915019715,1.1128431282546167,copath_tau_mapt_REGION-RF_rank161_region319_cRH,319,cRH,161
beta,0.7634362874477068,0.551431652789279,0.029127466857362533,331.4984618596971,421.18029148884216,1.0231552234011558,1.6816150775864633,copath_tau_mapt_REGION-RF_rank161_region319_cRH,319,cRH,161
gamma,0.07664930391704884,0.05786925320889368,0.00359894756734803,272.9368040874131,406.52208651259946,1.024340475159502,1.3845453230968905,copath_tau_mapt_REGION-RF_rank161_region319_cRH,319,cRH,161
sigma,0.16014618121960433,0.039184974516522586,0.0031631649566664526,108.14815385009298,254.60381942982852,1.053019114883114,0.5486105881372944,copath_tau_mapt_REGION-RF_rank161_region319_cRH,319,cRH,161
u0,0.007306889019846624,0.005344146332534232,0.00036654409757008423,119.23030650263439,57.30864810784533,1.0372990656641585,0.6048277871193998,copath_tau_mapt_REGION-RF_rank161_region319_cRH,319,cRH,161
alpha,0.8601639614324258,0.5748437116348528,0.026083233556380054,494.4550055756629,388.4260848693294,1.0237092077953869,1.9714797434477236,copath_tau_mapt_REGION-RF_rank312_region320_cCM,320,cCM,312
beta,0.5544127376726045,0.38808576959210755,0.01741526543081394,559.1993454617054,502.3704166147194,1.027329859604506,2.2296269017308554,copath_tau_mapt_REGION-RF_rank312_region320_cCM,320,cCM,312
gamma,0.08447676641478984,0.0633968190894501,0.0026841465892482267,423.2613045402436,194.5219448969667,1.0138737941377545,1.6876178391901389,copath_tau_mapt_REGION-RF_rank312_region320_cCM,320,cCM,312
sigma,0.060240985621663364,0.013681694475199574,0.0008542395718373881,141.75617676548885,47.845370283684026,1.0303264226070512,0.5652070013456278,copath_tau_mapt_REGION-RF_rank312_region320_cCM,320,cCM,312
u0,0.011876377606013662,0.005713109521040819,0.0002176436526885748,613.3842309065205,477.8687789011684,1.0066735627431118,2.4456716436201997,copath_tau_mapt_REGION-RF_rank312_region320_cCM,320,cCM,312
alpha,0.7014213774832813,0.5470170305523326,0.034786619296736696,363.37787265612656,186.74409033187052,1.0078808522837412,1.6909554557161708,copath_tau_mapt_REGION-RF_rank333_region321_cPCN,321,cPCN,333
beta,0.5500785330331311,0.5217296959478411,0.021221246560881726,587.5671164050036,533.2694501838561,1.0089243855810728,2.7342056185811843,copath_tau_mapt_REGION-RF_rank333_region321_cPCN,321,cPCN,333
gamma,0.08261565951807222,0.061317093214458766,0.0019936043229700274,778.1422431794355,844.7566477345141,1.004954110133488,3.6210346596218406,copath_tau_mapt_REGION-RF_rank333_region321_cPCN,321,cPCN,333
sigma,0.07232201558967444,0.01591814123217128,0.0006533715189199968,602.1143956336048,1017.2541624240081,1.006518242367353,2.801900442698084,copath_tau_mapt_REGION-RF_rank333_region321_cPCN,321,cPCN,333
u0,0.010145611366826256,0.006210849329572293,0.00024139536493337406,527.33540125004,436.3026780133164,1.0029015669028802,2.453921223155681,copath_tau_mapt_REGION-RF_rank333_region321_cPCN,321,cPCN,333
alpha,1.124606257378407,0.730040135863243,0.02419667015430807,715.9682794968988,665.4280951010977,1.003881900982042,4.295981516242043,copath_tau_mapt_REGION-RF_rank267_region322_cCL,322,cCL,267
beta,0.48110048986571485,0.4167542855388371,0.017993024742499628,674.0173775134996,667.973325638019,1.0039984281172445,4.044266035722426,copath_tau_mapt_REGION-RF_rank267_region322_cCL,322,cCL,267
gamma,0.09407705703608288,0.06732962283093995,0.0018183030645476611,1012.7150119736345,674.5965393282769,1.0046430391060017,6.076533133167134,copath_tau_mapt_REGION-RF_rank267_region322_cCL,322,cCL,267
sigma,0.12904396004940866,0.03045659696502554,0.001172635137857417,685.9269505160283,615.497634536414,1.0043567723783289,4.115726332149456,copath_tau_mapt_REGION-RF_rank267_region322_cCL,322,cCL,267
u0,0.013966633516371972,0.007086009804388158,0.00019818353920212717,1078.9435892125264,805.433884902768,1.0021798489904197,6.473920492094842,copath_tau_mapt_REGION-RF_rank267_region322_cCL,322,cCL,267
alpha,0.7814804242107716,0.5965321339976764,0.010760646860727672,2220.5238289618433,1355.3685472256896,1.0006196261809333,30.352025437223624,copath_tau_mapt_REGION-RF_rank360_region323_cPF,323,cPF,360
beta,-0.10753837111880378,0.9492369980207456,0.018336537110875132,2681.216806300563,1954.6160557404373,1.0013184605384022,36.64917243675505,copath_tau_mapt_REGION-RF_rank360_region323_cPF,323,cPF,360
gamma,0.0810806905535314,0.060408543394955036,0.0012113279262078508,1730.3288805937586,1147.0293969432441,1.0007565698805583,23.65162017788322,copath_tau_mapt_REGION-RF_rank360_region323_cPF,323,cPF,360
sigma,0.635763093609547,0.8717285493008567,0.018141641348133692,2458.747283575057,2152.965605651245,1.000805841463676,33.60826806783932,copath_tau_mapt_REGION-RF_rank360_region323_cPF,323,cPF,360
u0,0.008005241389529693,0.005887047083179345,0.00012382007041225013,1591.4904537028458,1192.5034122915226,1.0033902887758805,21.75385740240908,copath_tau_mapt_REGION-RF_rank360_region323_cPF,323,cPF,360
alpha,1.0685446440103696,0.6327469668337388,0.018875426651910814,738.0482890990805,665.2085379342486,1.0040743192080883,4.487324982058444,copath_tau_mapt_REGION-RF_rank204_region324_cPIL,324,cPIL,204
beta,0.5345242798940264,0.3456690189097496,0.01625854981129898,658.0678033942713,559.051946026715,1.0029792741853605,4.00104456263161,copath_tau_mapt_REGION-RF_rank204_region324_cPIL,324,cPIL,204
gamma,0.0882773084055121,0.0632676560768256,0.0014582831975672908,1270.1786663069408,873.2746539611683,1.0034428216780862,7.722671463616991,copath_tau_mapt_REGION-RF_rank204_region324_cPIL,324,cPIL,204
sigma,0.12363023607397332,0.029235045451191936,0.0009614261020674086,1184.8080206633654,957.5818603140306,1.002913417297516,7.203618934684907,copath_tau_mapt_REGION-RF_rank204_region324_cPIL,324,cPIL,204
u0,0.014193873208075575,0.006743934074358636,0.00015644436423791218,1625.026016119607,1181.881401123953,0.9999023187365336,9.880139208139932,copath_tau_mapt_REGION-RF_rank204_region324_cPIL,324,cPIL,204
alpha,1.014677782804932,0.6090331737203231,0.02757213405825429,548.6197452518811,315.3363467277871,1.0047469182792979,3.0727597567638107,copath_tau_mapt_REGION-RF_rank189_region325_cRT,325,cRT,189
beta,0.588911578597494,0.35313487547910294,0.014316981872096918,756.0516596293915,781.2669289045922,1.0014315545445025,4.234563436423671,copath_tau_mapt_REGION-RF_rank189_region325_cRT,325,cRT,189
gamma,0.0848777085390247,0.06222731819148043,0.0015844446541001583,1027.2368595686303,1074.976569772851,1.0018663302857975,5.753442361608298,copath_tau_mapt_REGION-RF_rank189_region325_cRT,325,cRT,189
sigma,0.1325872693826842,0.02849090771715985,0.0008634899600256209,840.0984401089167,393.99735155743343,1.0028844767751173,4.705300348425403,copath_tau_mapt_REGION-RF_rank189_region325_cRT,325,cRT,189
u0,0.012459664853679045,0.0064645428180771175,0.0001839195484318504,778.6866793476846,245.95107231951974,1.0079422938459996,4.361339729631991,copath_tau_mapt_REGION-RF_rank189_region325_cRT,325,cRT,189
alpha,0.7296420510697046,0.5821419901352196,0.013796459645675972,1213.5866788239732,1007.6781599115436,1.001643695400636,15.717998689599447,copath_tau_mapt_REGION-RF_rank361_region326_cIGL,326,cIGL,361
beta,-0.4806101239225418,0.7677834322327112,0.0226487057287826,1182.8622708035625,1429.072632510942,1.003488245383308,15.320065675476785,copath_tau_mapt_REGION-RF_rank361_region326_cIGL,326,cIGL,361
gamma,0.08029216840192271,0.05978427662821884,0.0014502890915016303,1108.8800618080033,826.6328282114766,1.0002429818844272,14.361871024582353,copath_tau_mapt_REGION-RF_rank361_region326_cIGL,326,cIGL,361
sigma,0.0940167256941684,0.11982962821382703,0.002624340530208447,2045.3745289641136,1732.9263826760491,1.0011503882206776,26.491057233054185,copath_tau_mapt_REGION-RF_rank361_region326_cIGL,326,cIGL,361
u0,0.007537207274534832,0.005824334295786756,0.00011813072616642893,1644.189660212321,1082.6881495656005,1.0015421579663701,21.295035101830347,copath_tau_mapt_REGION-RF_rank361_region326_cIGL,326,cIGL,361
alpha,0.6986241317560757,0.56674553645689,0.013580738757151954,1384.216648503898,1379.2554962486392,1.0015013651488773,14.806673175704363,copath_tau_mapt_REGION-RF_rank322_region327_cIntG,327,cIntG,322
beta,-0.1765893553328273,0.865721866816086,0.029223205667031807,865.6796626519921,865.2564561075803,1.0017625533036816,9.259992540615622,copath_tau_mapt_REGION-RF_rank322_region327_cIntG,327,cIntG,322
gamma,0.08047131119038615,0.06158819225423657,0.001681880562504903,964.2284196092454,884.3864870180128,1.0052227169650183,10.314147782654572,copath_tau_mapt_REGION-RF_rank322_region327_cIntG,327,cIntG,322
sigma,0.17403919720894231,0.08494739082053238,0.0026487575973008996,817.7753011561142,344.33516895868513,1.0067266570840452,8.747569701945897,copath_tau_mapt_REGION-RF_rank322_region327_cIntG,327,cIntG,322
u0,0.007891863893918837,0.005848873522697617,0.0001597236360650567,863.853159804595,750.2590527870509,1.0042720173025237,9.24045482537059,copath_tau_mapt_REGION-RF_rank322_region327_cIntG,327,cIntG,322
alpha,0.8469711377616052,0.4706732399208192,0.018712348673984636,353.88149325556134,188.22010608805263,1.0044822460461682,2.605902012191173,copath_tau_mapt_REGION-RF_rank72_region328_cLGv,328,cLGv,72
beta,0.8419713149773633,0.528202052993781,0.04268507568132834,217.9834927678396,136.59728636956115,1.0145761761134,1.6051803591151663,copath_tau_mapt_REGION-RF_rank72_region328_cLGv,328,cLGv,72
gamma,0.079822894461632,0.05880537325774921,0.0015350099561648037,1116.4649743369826,997.1375148651618,1.0048264657073207,8.221391563600754,copath_tau_mapt_REGION-RF_rank72_region328_cLGv,328,cLGv,72
sigma,0.3650150350638563,0.08061055795244669,0.003243011577873828,594.6313402253697,940.0098344113013,1.0091115412032265,4.378728573088142,copath_tau_mapt_REGION-RF_rank72_region328_cLGv,328,cLGv,72
u0,0.008730679899650215,0.006229182014241812,0.00016441292064745666,1006.5278989069135,543.2937604465559,1.0021594752729417,7.411840198136328,copath_tau_mapt_REGION-RF_rank72_region328_cLGv,328,cLGv,72
alpha,0.7909671126197243,0.5951286786005722,0.011235284087014694,1968.2917102553556,1368.501194952745,1.001968351040368,28.585208624473264,copath_tau_mapt_REGION-RF_rank1_region329_cSubG,329,cSubG,394
beta,-0.01802794111623807,0.9910135882882062,0.018586776072579313,2847.358992591645,2481.793306698933,1.003931144796095,41.35177240646042,copath_tau_mapt_REGION-RF_rank1_region329_cSubG,329,cSubG,394
gamma,0.07903978067021558,0.06039151963025341,0.001162510553734613,1794.0951090009803,1106.6744957094722,1.0007767947537147,26.05537721656448,copath_tau_mapt_REGION-RF_rank1_region329_cSubG,329,cSubG,394
sigma,1.619128513694031,1.919435138362257,0.0394145505946324,2536.8264192102015,2433.92755328855,1.0004551349581132,36.84195389299855,copath_tau_mapt_REGION-RF_rank1_region329_cSubG,329,cSubG,394
u0,0.008094857563265626,0.005985909348003743,0.00010741872012937718,2061.9634205336015,1453.1218378981355,1.0007141030530646,29.945588982000398,copath_tau_mapt_REGION-RF_rank1_region329_cSubG,329,cSubG,394
alpha,1.043844104770076,0.42523909339669275,0.012341810414562697,1056.4538921288968,1105.3320444578903,1.002339806864259,8.89712813711268,copath_tau_mapt_REGION-RF_rank40_region330_cMH,330,cMH,40
beta,0.9309767231712888,0.2346865902645083,0.007601527740073898,1185.3995952826797,995.8565212725077,1.0024782347337784,9.983068992872552,copath_tau_mapt_REGION-RF_rank40_region330_cMH,330,cMH,40
gamma,0.0713690597302487,0.055177400817524536,0.0012449009067186504,1692.845763021251,1755.1184526751442,1.0017434675745294,14.256623769559386,copath_tau_mapt_REGION-RF_rank40_region330_cMH,330,cMH,40
sigma,0.3255090455638956,0.06606873989250132,0.001377433453711725,2405.830029737489,2205.9824255953754,1.0014552592654373,20.261156885469124,copath_tau_mapt_REGION-RF_rank40_region330_cMH,330,cMH,40
u0,0.009848902588722546,0.00626250676221583,0.0001293920385005613,1637.6702002601355,898.6196883472945,1.0002604225583291,13.791952234359956,copath_tau_mapt_REGION-RF_rank40_region330_cMH,330,cMH,40
alpha,1.4194691911503885,0.6936706639638603,0.023221566751293197,766.9829073591441,602.9022564229463,1.0018487888573944,5.614356877258377,copath_tau_mapt_REGION-RF_rank212_region331_cLH,331,cLH,212
beta,0.4343508006270108,0.23734591839422794,0.010404177066808644,749.8026526978891,505.1747258616297,1.0016989832016048,5.488596472450163,copath_tau_mapt_REGION-RF_rank212_region331_cLH,331,cLH,212
gamma,0.10088612883002288,0.06778705668912872,0.0015887478545307692,1269.3044136553926,917.7120264630541,1.0008122431889455,9.291377807463475,copath_tau_mapt_REGION-RF_rank212_region331_cLH,331,cLH,212
sigma,0.12557944650433653,0.02961073012707006,0.0010811599731814924,877.5043007967713,712.0080933148195,1.007431117719557,6.423379528711241,copath_tau_mapt_REGION-RF_rank212_region331_cLH,331,cLH,212
u0,0.014869460399797122,0.006628123892368679,0.00016019926877864027,1495.8788235275986,1129.8687174635058,1.0008016810668396,10.949914893585426,copath_tau_mapt_REGION-RF_rank212_region331_cLH,331,cLH,212
alpha,0.8037469464865763,0.6035725565870308,0.01159327164402455,1918.5617241861196,1291.6008894373767,1.0001784789226844,27.64816872530147,copath_tau_mapt_REGION-RF_rank1_region332_cPVH,332,cPVH,395
beta,-0.010275892499008838,1.0124502113226506,0.021007096311241202,2328.1385621753925,2031.0558153603654,1.0018294687971598,33.55053265758867,copath_tau_mapt_REGION-RF_rank1_region332_cPVH,332,cPVH,395
gamma,0.07924992628733384,0.061764384305543506,0.001336161565485795,1395.4755616019827,930.8693563311859,1.0019580762455647,20.110035185640747,copath_tau_mapt_REGION-RF_rank1_region332_cPVH,332,cPVH,395
sigma,1.6433590490504804,2.029701195472302,0.04536886648890573,2724.9206706217983,2183.4782870633603,1.0015649635478143,39.26851323815135,copath_tau_mapt_REGION-RF_rank1_region332_cPVH,332,cPVH,395
u0,0.008228340694483315,0.006116082140334808,0.00011602179650318113,2004.6336903549302,1553.5368802821947,1.0007980858553969,28.88854176785408,copath_tau_mapt_REGION-RF_rank1_region332_cPVH,332,cPVH,395
alpha,1.2241066569251882,0.5723874576605185,0.014939799163854803,1198.0094336076777,977.9424029529615,1.0021954274598321,12.898187308710812,copath_tau_mapt_REGION-RF_rank36_region333_cARH,333,cARH,36
beta,0.9313637354829869,0.31496595495026325,0.010764324995183046,1247.7025078215117,1118.512839340805,1.003354945928722,13.43320027369686,copath_tau_mapt_REGION-RF_rank36_region333_cARH,333,cARH,36
gamma,0.07703185789602779,0.056440022759652445,0.001196994318853155,1458.1739586068975,773.6787579437145,1.0020524171601513,15.699209304352808,copath_tau_mapt_REGION-RF_rank36_region333_cARH,333,cARH,36
sigma,0.6147240840845309,0.12407567331380974,0.0030725420233709555,1845.4946602840926,1688.8600034620324,1.0014339367004972,19.869239037532488,copath_tau_mapt_REGION-RF_rank36_region333_cARH,333,cARH,36
u0,0.009764128607518166,0.006220067048816844,0.00013448709854624744,1541.6537221270278,912.6406431239502,1.004158480217384,16.59798154784595,copath_tau_mapt_REGION-RF_rank36_region333_cARH,333,cARH,36
alpha,0.787802731794395,0.5961020546608284,0.011886654035955643,1767.2316151216435,1139.1611513082992,1.0012273148379607,25.77040969321109,copath_tau_mapt_REGION-RF_rank1_region334_cADP,334,cADP,396
beta,0.028190413855853583,1.006469083477769,0.0195563222801386,2659.358442341296,2074.6479270658383,1.0015276181946116,38.779725302457074,copath_tau_mapt_REGION-RF_rank1_region334_cADP,334,cADP,396
gamma,0.08071012971105714,0.06024581138903449,0.0011637778030951095,1883.6542948675374,1327.9586308783298,1.001145892939884,27.468127258334366,copath_tau_mapt_REGION-RF_rank1_region334_cADP,334,cADP,396
sigma,1.744820314490757,2.4360578285997887,0.04900701133596906,2812.2089832280044,2223.619682263736,1.0002495575225026,41.00864709560203,copath_tau_mapt_REGION-RF_rank1_region334_cADP,334,cADP,396
u0,0.007963431696028539,0.005787969027948888,0.00011775322220084412,1704.3543715852222,1190.200586386557,1.001967429348547,24.85351101821661,copath_tau_mapt_REGION-RF_rank1_region334_cADP,334,cADP,396
alpha,0.7830484731778178,0.6106866236623788,0.01205691231745448,1740.8161123455643,1140.0635748627024,1.0004207287896425,24.2805193085467,copath_tau_mapt_REGION-RF_rank1_region335_cAVP,335,cAVP,397
beta,-0.023254699677334352,1.0097417415150518,0.018937879142387617,2852.6608360621367,2482.255763429433,1.00126828276099,39.78828436819539,copath_tau_mapt_REGION-RF_rank1_region335_cAVP,335,cAVP,397
gamma,0.07999413544162917,0.06056876230213866,0.0012052499688531262,1742.6060447704097,1236.7119334298907,1.002102493810134,24.305484891352513,copath_tau_mapt_REGION-RF_rank1_region335_cAVP,335,cAVP,397
sigma,1.7073890347896183,2.5424959522353325,0.05790436112077142,1863.9481233801116,2205.9439569379347,1.0062429134150521,25.997937449510594,copath_tau_mapt_REGION-RF_rank1_region335_cAVP,335,cAVP,397
u0,0.00805935224183394,0.006042585477328569,0.00011300152172223476,2051.091005257671,1263.2114945608212,1.0001458798816294,28.608165103460042,copath_tau_mapt_REGION-RF_rank1_region335_cAVP,335,cAVP,397
alpha,0.9687851187481717,0.5929923770947051,0.014676273784438839,1300.260605266535,1198.316721014584,1.0021063110349004,15.643361990237311,copath_tau_mapt_REGION-RF_rank22_region336_cAVPV,336,cAVPV,22
beta,0.7063485094045692,0.9417828366148027,0.031925794991057015,883.1625788969104,652.3484297129884,1.003894642411467,10.625279164774726,copath_tau_mapt_REGION-RF_rank22_region336_cAVPV,336,cAVPV,22
gamma,0.07523591913195941,0.05847926036011589,0.0013197183141943315,1234.9659734198187,801.1568055259329,1.0029726948307953,14.857805957961702,copath_tau_mapt_REGION-RF_rank22_region336_cAVPV,336,cAVPV,22
sigma,1.0793499083203697,0.45499679727679593,0.014894994326999589,668.3614795720051,410.92055573596434,1.003097183244315,8.0410192563915,copath_tau_mapt_REGION-RF_rank22_region336_cAVPV,336,cAVPV,22
u0,0.008171263206309716,0.0060144551121196895,0.00014119776835686852,1261.2756677014204,830.7657011651193,1.0017876904244802,15.174336405652383,copath_tau_mapt_REGION-RF_rank22_region336_cAVPV,336,cAVPV,22
alpha,1.1123797457629485,0.5529297760769379,0.019202715277945075,726.3555746720023,657.0282829299581,1.0063830982711666,4.093112593808125,copath_tau_mapt_REGION-RF_rank138_region337_cDMH,337,cDMH,138
beta,0.595215026940545,0.2980182217912658,0.013025657776227415,814.7193633176585,640.0162071180018,1.003935097622354,4.591054578084158,copath_tau_mapt_REGION-RF_rank138_region337_cDMH,337,cDMH,138
gamma,0.08738450714810554,0.06204508034100423,0.001468863529662598,1188.0671894122727,626.08230116621,1.0009194213805563,6.694920428564915,copath_tau_mapt_REGION-RF_rank138_region337_cDMH,337,cDMH,138
sigma,0.1250045882479594,0.025209185147273667,0.0006071043122063581,1770.252152918519,1720.8214076529077,1.001768868430467,9.975611992237706,copath_tau_mapt_REGION-RF_rank138_region337_cDMH,337,cDMH,138
u0,0.01233251252071389,0.006321971659539713,0.00014738111667622714,1496.699342934014,748.0567934265995,1.0028455259007634,8.434104649742554,copath_tau_mapt_REGION-RF_rank138_region337_cDMH,337,cDMH,138
alpha,0.7886821637488832,0.6004495343591982,0.01124495270572379,1882.873613561405,1250.303614094745,1.0009788123475467,26.65713779057105,copath_tau_mapt_REGION-RF_rank1_region338_cMEPO,338,cMEPO,398
beta,0.015341642115528988,1.0135565676059828,0.01801355555426096,3169.9230966878777,2606.406449865554,1.0002198712816819,44.8787832413727,copath_tau_mapt_REGION-RF_rank1_region338_cMEPO,338,cMEPO,398
gamma,0.07955771770278193,0.05986234574137465,0.0011055819500425674,1965.727962369956,1012.7987973746158,1.0019326783619684,27.83016383800711,copath_tau_mapt_REGION-RF_rank1_region338_cMEPO,338,cMEPO,398
sigma,1.6936822626945953,2.322262068801768,0.0495726310721374,3018.2281402016883,2480.605455193919,1.0007107578102707,42.731133325806475,copath_tau_mapt_REGION-RF_rank1_region338_cMEPO,338,cMEPO,398
u0,0.007966301317636211,0.005963888326215375,0.00011484121660177732,1603.5390158575901,887.5231355466711,1.0008554566240602,22.702405615754536,copath_tau_mapt_REGION-RF_rank1_region338_cMEPO,338,cMEPO,398
alpha,0.7852908730059068,0.6210037525709309,0.01241388491801251,1581.2922571426968,881.8852325337828,1.0002358237874558,22.037995026586998,copath_tau_mapt_REGION-RF_rank1_region339_cMPO,339,cMPO,399
beta,0.015412746720448543,0.9983788202626327,0.01974359933716405,2566.326160702282,2315.19450087158,1.0013099447617335,35.7661165484688,copath_tau_mapt_REGION-RF_rank1_region339_cMPO,339,cMPO,399
gamma,0.07813386228907353,0.05955653671597275,0.0012574061542375231,1448.8509133277184,1094.6246947252196,1.0011317051282689,20.1921998150282,copath_tau_mapt_REGION-RF_rank1_region339_cMPO,339,cMPO,399
sigma,1.627554637928203,2.135980841249432,0.0473161435482133,2473.3275718337622,2180.4336939299847,1.0007460735538911,34.47002316047778,copath_tau_mapt_REGION-RF_rank1_region339_cMPO,339,cMPO,399
u0,0.008040821933052954,0.005964934497668987,0.00012011773681038285,1663.4612133733833,1055.410818735801,1.005011005706275,23.183159078691947,copath_tau_mapt_REGION-RF_rank1_region339_cMPO,339,cMPO,399
alpha,0.8161273829076391,0.6194434319835187,0.013350648778689175,1496.1461507111492,997.2606560366545,1.0026948807363492,21.081091582634443,copath_tau_mapt_REGION-RF_rank1_region340_cPS,340,cPS,400
beta,-0.001681310143846897,0.9983571300811205,0.020896002547039043,2278.010588751983,1966.2262340445036,1.0024167445991217,32.09776653495066,copath_tau_mapt_REGION-RF_rank1_region340_cPS,340,cPS,400
gamma,0.07774048088368107,0.059531696874954736,0.001164495763953238,1704.4488025157718,1122.6369356858856,1.000146799668083,24.016130567637088,copath_tau_mapt_REGION-RF_rank1_region340_cPS,340,cPS,400
sigma,1.6194102809761066,1.9893019974595572,0.04315899054907589,2302.4776992218785,2293.419524130929,1.0025787229440137,32.4425145372318,copath_tau_mapt_REGION-RF_rank1_region340_cPS,340,cPS,400
u0,0.00802763206004645,0.006159423755478376,0.00013005906637565383,1427.2109031643727,957.2864355688571,1.0007090030634282,20.109775868514923,copath_tau_mapt_REGION-RF_rank1_region340_cPS,340,cPS,400
alpha,0.7948866843871891,0.5971284096705343,0.010321630553614437,2248.152570134494,1416.845829895699,0.999898071295547,32.167933982006836,copath_tau_mapt_REGION-RF_rank1_region341_cVLPO,341,cVLPO,401
beta,-0.0026771380544444645,1.028066140356832,0.018610366629783257,3051.11795306741,2245.2571856554428,1.0010440618768464,43.65725093102406,copath_tau_mapt_REGION-RF_rank1_region341_cVLPO,341,cVLPO,401
gamma,0.07830791344683743,0.059841033332969806,0.001174436711199864,1822.673915858739,1200.6147672927784,1.0016430371972336,26.079926680671058,copath_tau_mapt_REGION-RF_rank1_region341_cVLPO,341,cVLPO,401
sigma,1.582845509058872,1.9135214379250498,0.035571414880695006,2958.826825805978,2064.069584524192,1.000307141445671,42.33669336375311,copath_tau_mapt_REGION-RF_rank1_region341_cVLPO,341,cVLPO,401
u0,0.007911486990364787,0.005980298000784088,0.00010872657579480198,1974.477597665042,1186.0899100887104,1.0004220952141616,28.252026065491098,copath_tau_mapt_REGION-RF_rank1_region341_cVLPO,341,cVLPO,401
alpha,0.8003964859956445,0.6037437595965208,0.012292765322253353,1651.4453679951544,1252.6873930365398,1.0015373749598775,23.623462142491515,copath_tau_mapt_REGION-RF_rank1_region342_cAHN,342,cAHN,402
beta,-0.02002177360434799,0.984202950333855,0.022695631549519004,1884.7854777188868,2362.964490609199,1.0021258490129068,26.961326873115524,copath_tau_mapt_REGION-RF_rank1_region342_cAHN,342,cAHN,402
gamma,0.08158247480154125,0.06035726554569098,0.0010828195331473386,2262.58892511189,1290.6828545716774,1.0012675938957634,32.365699073224285,copath_tau_mapt_REGION-RF_rank1_region342_cAHN,342,cAHN,402
sigma,1.712537892711492,2.287272431692659,0.047959669053068074,2138.812828328044,2271.578214094801,1.001710693539173,30.59511677411481,copath_tau_mapt_REGION-RF_rank1_region342_cAHN,342,cAHN,402
u0,0.00754087962725137,0.005894110854703762,0.00013468019693563878,1061.1019046422948,639.8449267888466,1.0043276161802712,15.17876471086293,copath_tau_mapt_REGION-RF_rank1_region342_cAHN,342,cAHN,402
alpha,1.4292499290133218,0.5388109471323244,0.012730425887521508,1606.1001280442094,1594.373216648657,1.0010898808760467,18.13204326180552,copath_tau_mapt_REGION-RF_rank33_region343_cLM,343,cLM,33
beta,1.039026845886066,0.22594393396454746,0.006163204917978982,1423.8420372157607,1464.3504550106732,1.0005932798513801,16.074443284063317,copath_tau_mapt_REGION-RF_rank33_region343_cLM,343,cLM,33
gamma,0.07303082434768307,0.05163374678930773,0.0011862996653120635,1532.646752421634,1182.4360200162535,1.00164605573242,17.30279248144724,copath_tau_mapt_REGION-RF_rank33_region343_cLM,343,cLM,33
sigma,0.5553312567766568,0.11278340578563643,0.002194124173866084,2882.3932106469697,2399.6432313293694,1.0020596652675828,32.54073483988089,copath_tau_mapt_REGION-RF_rank33_region343_cLM,343,cLM,33
u0,0.010345416309231114,0.006246464296996656,0.00011218765528593089,2415.190481166088,1724.077836636117,1.0000272382140734,27.266256645736952,copath_tau_mapt_REGION-RF_rank33_region343_cLM,343,cLM,33
alpha,1.3316762701822968,0.5865806819279951,0.015231098760895017,1031.2692414993573,701.6176712384841,1.0028694567921161,10.001156393341002,copath_tau_mapt_REGION-RF_rank71_region344_cMM,344,cMM,71
beta,0.7455860994820223,0.22772455334563607,0.009586586391313694,1093.4860599091057,666.9658199600595,1.0022343212946048,10.604529505009996,copath_tau_mapt_REGION-RF_rank71_region344_cMM,344,cMM,71
gamma,0.08149915068617239,0.058848603177077075,0.0013124599886183016,1472.5049505307118,1096.2332086065237,1.0010369394928338,14.28022063260158,copath_tau_mapt_REGION-RF_rank71_region344_cMM,344,cMM,71
sigma,0.3197372516262765,0.06389608352901875,0.0014937292829745679,2051.8009046001926,1462.9931864257733,1.0013347354930229,19.898180716677423,copath_tau_mapt_REGION-RF_rank71_region344_cMM,344,cMM,71
u0,0.011144425238567283,0.006816585771236683,0.00015085840582875398,1180.7399815736367,572.3089570484657,1.001645443463937,11.450710193217638,copath_tau_mapt_REGION-RF_rank71_region344_cMM,344,cMM,71
alpha,1.262330367327493,0.40101790502361906,0.012141692568907294,982.5994832814283,1279.5271817449022,1.0031955488416509,9.908133257519117,copath_tau_mapt_REGION-RF_rank15_region345_cSUM,345,cSUM,15
beta,1.816378275569216,0.24319985471497074,0.00830595005150925,921.7653798354687,988.6927978843486,1.0032753343706575,9.2947069187108,copath_tau_mapt_REGION-RF_rank15_region345_cSUM,345,cSUM,15
gamma,0.04192594635565209,0.03092363461193984,0.0009541751666715044,1025.9903092447955,1640.7046057093808,1.0022758612430471,10.345668685853681,copath_tau_mapt_REGION-RF_rank15_region345_cSUM,345,cSUM,15
sigma,0.5502560208245705,0.11151072010972311,0.0028726309704809557,1693.8076158428103,1890.2633018996478,1.005503031880228,17.079666594496477,copath_tau_mapt_REGION-RF_rank15_region345_cSUM,345,cSUM,15
u0,0.009124001707905553,0.006214508931876523,0.00013183880249852467,1502.1629073342822,623.4191519533068,1.00346191483757,15.147199356004094,copath_tau_mapt_REGION-RF_rank15_region345_cSUM,345,cSUM,15
alpha,0.7999579473048092,0.5865297717154203,0.01170033562629169,1847.299484844577,1306.0735181910468,1.0016208493936698,23.764675039488722,copath_tau_mapt_REGION-RF_rank114_region346_cTM,346,cTM,114
beta,0.04594902616434365,0.934923851709601,0.019949151064584756,2169.3574071235375,1837.2491128363026,1.000960698365342,27.907805013617608,copath_tau_mapt_REGION-RF_rank114_region346_cTM,346,cTM,114
gamma,0.08035152875502755,0.0610394439642559,0.001474369765917199,1205.6105334658853,994.605296008513,1.0008658700627695,15.50963597784577,copath_tau_mapt_REGION-RF_rank114_region346_cTM,346,cTM,114
sigma,0.9163686676744942,1.1408281605469885,0.026601481283609063,1034.7901664467825,481.82706235245684,0.9997274278524615,13.312108968479055,copath_tau_mapt_REGION-RF_rank114_region346_cTM,346,cTM,114
u0,0.008039635120081864,0.005930430303463264,0.00013266094223017555,1205.1579317785574,704.7382263122497,1.0010352626893178,15.503813461188393,copath_tau_mapt_REGION-RF_rank114_region346_cTM,346,cTM,114
alpha,0.8016986118608138,0.6039419413515431,0.010603220655503344,2350.226854142281,1557.638823795962,1.0010882654910973,34.358534773946765,copath_tau_mapt_REGION-RF_rank1_region347_cMPN,347,cMPN,403
beta,-0.029163872276795715,0.9775200930478422,0.018663751429722847,2750.115382450127,2372.8512643524964,1.0014060826509277,40.20460188076732,copath_tau_mapt_REGION-RF_rank1_region347_cMPN,347,cMPN,403
gamma,0.0789245353580914,0.06010926359084754,0.0012125586211394065,1589.5530667764094,940.3394626243673,1.000642279318374,23.23806071044266,copath_tau_mapt_REGION-RF_rank1_region347_cMPN,347,cMPN,403
sigma,1.6316232525846137,2.1029425624368585,0.0433777022310447,2829.1371246057697,2180.173892561446,1.0006998985867759,41.35983984044223,copath_tau_mapt_REGION-RF_rank1_region347_cMPN,347,cMPN,403
u0,0.007900296003732892,0.006022505893964501,0.00011743155840227659,1822.5506248430975,1429.6855270112599,1.001814511111102,26.644308361374463,copath_tau_mapt_REGION-RF_rank1_region347_cMPN,347,cMPN,403
alpha,0.7655525339280891,0.5951201612855086,0.011769412279052552,1746.8469652474553,1437.6134869276677,1.0020003024507287,22.553638532367437,copath_tau_mapt_REGION-RF_rank159_region348_cPMd,348,cPMd,159
beta,-0.0990270519142078,0.9084332944679534,0.020675161876045057,1945.6261626922872,2426.8357091175276,1.001140764757466,25.12008782993928,copath_tau_mapt_REGION-RF_rank159_region348_cPMd,348,cPMd,159
gamma,0.08085342623843411,0.05931122017700423,0.0012270241290805004,1719.097709389145,1182.6318940965075,1.001004753582384,22.195366343319755,copath_tau_mapt_REGION-RF_rank159_region348_cPMd,348,cPMd,159
sigma,0.5110759442424572,0.4272088387950874,0.00952356242725806,2258.512119584027,2226.32359316048,1.0012124206817283,29.159775858701753,copath_tau_mapt_REGION-RF_rank159_region348_cPMd,348,cPMd,159
u0,0.008064858362388762,0.005843742498279055,0.00011460872441465814,1739.529623272323,1313.615218908713,1.0004908890067967,22.459163922279615,copath_tau_mapt_REGION-RF_rank159_region348_cPMd,348,cPMd,159
alpha,1.3251776821256422,0.8256237247797372,0.026108514605759695,NaN,NaN,NaN,NaN,copath_tau_mapt_REGION-RF_rank119_region349_cPMv,349,cPMv,119
beta,0.3278843098255106,0.6554182558036095,0.020726145083942785,NaN,NaN,NaN,NaN,copath_tau_mapt_REGION-RF_rank119_region349_cPMv,349,cPMv,119
gamma,0.07438941832724856,0.06683762348464217,0.002113591236042294,NaN,NaN,NaN,NaN,copath_tau_mapt_REGION-RF_rank119_region349_cPMv,349,cPMv,119
u0,0.009146830820609447,0.006060469473901009,0.00019164887227449574,NaN,NaN,NaN,NaN,copath_tau_mapt_REGION-RF_rank119_region349_cPMv,349,cPMv,119
sigma,0.23243740735926768,0.17463263846478325,0.005522368913534453,NaN,NaN,NaN,NaN,copath_tau_mapt_REGION-RF_rank119_region349_cPMv,349,cPMv,119
alpha,1.0157391018608468,0.5373978746312512,0.01878243439834815,593.2611015247737,506.9767363585269,1.0074329104236737,3.674034838579423,copath_tau_mapt_REGION-RF_rank129_region350_cVMH,350,cVMH,129
beta,0.6513100760960117,0.39014549632471107,0.02177440266146421,529.9504271192675,303.3129196458428,1.008714877582572,3.281955157605977,copath_tau_mapt_REGION-RF_rank129_region350_cVMH,350,cVMH,129
gamma,0.08204369148759333,0.06126808315533322,0.0013237086771578004,1378.5361379355859,936.516491643406,1.001473457673291,8.537201889688655,copath_tau_mapt_REGION-RF_rank129_region350_cVMH,350,cVMH,129
sigma,0.19126920225521304,0.03884768659434842,0.0012032690618738874,1353.1410672476795,1245.6318460897237,1.0055808799649721,8.379931550885464,copath_tau_mapt_REGION-RF_rank129_region350_cVMH,350,cVMH,129
u0,0.01046848407780603,0.006121714541861285,0.00015061231746200314,1330.317980084004,1035.7319192253603,1.0027311237975818,8.238589370945192,copath_tau_mapt_REGION-RF_rank129_region350_cVMH,350,cVMH,129
alpha,0.8642658613058936,0.5459451522459036,0.031770098702986194,310.86862358695447,616.4324506268304,1.0163414323560813,2.8510117902653613,copath_tau_mapt_REGION-RF_rank82_region351_cPH,351,cPH,82
beta,0.5424706588252056,0.7412322007770538,0.041688920596516514,242.64208702352872,367.0627766440707,1.0257070259109542,2.2252984007733883,copath_tau_mapt_REGION-RF_rank82_region351_cPH,351,cPH,82
gamma,0.07796224344084608,0.060200828175060256,0.004792201459411758,125.44191671875923,434.13011922061344,1.0465645571410804,1.1504422010561386,copath_tau_mapt_REGION-RF_rank82_region351_cPH,351,cPH,82
sigma,0.42240849139432574,0.11186941271575948,0.00751964265130017,158.23291059152587,221.511550236876,1.0251092667237434,1.451172165589298,copath_tau_mapt_REGION-RF_rank82_region351_cPH,351,cPH,82
u0,0.00875242994583852,0.006082158539506694,0.0003321620869041621,278.2935038348916,315.6523832158721,1.024103575273864,2.552261632044715,copath_tau_mapt_REGION-RF_rank82_region351_cPH,351,cPH,82
alpha,1.038452741970517,0.3992286905783373,0.009935578162284563,1298.6745866106482,800.7198524891795,1.002381830504253,9.969175986694058,copath_tau_mapt_REGION-RF_rank62_region352_cLHA,352,cLHA,62
beta,0.8109337358051735,0.2110665747601848,0.007331671941686132,1237.4956581449696,759.726605945624,1.0021534424141232,9.499540628583697,copath_tau_mapt_REGION-RF_rank62_region352_cLHA,352,cLHA,62
gamma,0.07391009001402103,0.05644172132968263,0.0013696233028130222,1308.5221160008905,1174.6579319143682,1.001534756909795,10.044769791745468,copath_tau_mapt_REGION-RF_rank62_region352_cLHA,352,cLHA,62
sigma,0.2193267144049995,0.0457287989442872,0.001069376901481604,1847.283553414666,1923.5361492123807,1.0029381738851952,14.18053069736212,copath_tau_mapt_REGION-RF_rank62_region352_cLHA,352,cLHA,62
u0,0.011421988322868459,0.006345500102737618,0.00013033095444843094,2063.2676225011287,1554.253128191697,1.0004403407280067,15.83851585949941,copath_tau_mapt_REGION-RF_rank62_region352_cLHA,352,cLHA,62
alpha,1.2803876622867916,0.7585231628006595,0.030972347384479314,595.5463692323161,1332.3020697698119,1.011795890052302,6.262712360741121,copath_tau_mapt_REGION-RF_rank74_region353_cLPO,353,cLPO,74
beta,0.39483358718449824,0.7560192320701192,0.034863532298554226,511.6146225323129,663.5710675914088,1.01201143000813,5.380093618233674,copath_tau_mapt_REGION-RF_rank74_region353_cLPO,353,cLPO,74
gamma,0.11277152523072931,0.07611882280386072,0.003566497063263161,411.6699664606476,694.5738430794914,1.0106973106214676,4.329084552765133,copath_tau_mapt_REGION-RF_rank74_region353_cLPO,353,cLPO,74
sigma,0.4222308959380049,0.13599145327318804,0.0069758980338081224,291.50031351008687,422.97086407985665,1.0198726013881148,3.065391228785064,copath_tau_mapt_REGION-RF_rank74_region353_cLPO,353,cLPO,74
u0,0.009501546443897571,0.0062333626720772525,0.00020261786912343315,704.835887878167,416.175475159028,1.0036215807239128,7.4119911653539345,copath_tau_mapt_REGION-RF_rank74_region353_cLPO,353,cLPO,74
alpha,0.8687065332868603,0.49192398833495393,0.013596595584266243,958.9096712601622,653.0931610136952,1.005177701785837,5.36837383558667,copath_tau_mapt_REGION-RF_rank112_region354_cPST,354,cPST,112
beta,0.788074086730448,0.42894335066688416,0.021055785979776025,602.0419952787844,351.6170196920084,1.0101758219811297,3.370480653440138,copath_tau_mapt_REGION-RF_rank112_region354_cPST,354,cPST,112
gamma,0.08046188010844242,0.05917601697448233,0.0013972704368057963,1250.1567386848483,715.3082447037344,1.0034058059077384,6.998895649387244,copath_tau_mapt_REGION-RF_rank112_region354_cPST,354,cPST,112
sigma,0.2093987104904733,0.06270110819274494,0.0023507086917415915,934.9388677986516,992.4483901559914,1.0021682534487115,5.234175341215816,copath_tau_mapt_REGION-RF_rank112_region354_cPST,354,cPST,112
u0,0.009159085722652952,0.006081650387188476,0.0001435667300723565,1059.3992720667732,590.0155081875274,1.0020781126128466,5.930956276756352,copath_tau_mapt_REGION-RF_rank112_region354_cPST,354,cPST,112
alpha,0.7577678480128586,0.5896103672255301,0.014315400728815637,1173.1681338576548,1073.2898697042467,1.0024436332137465,15.212242399606518,copath_tau_mapt_REGION-RF_rank332_region355_cPSTN,355,cPSTN,332
beta,0.06827952637915859,0.9195308126818007,0.027666394887937863,1093.3517450618597,1119.64930660319,1.0032005689739845,14.1772788519432,copath_tau_mapt_REGION-RF_rank332_region355_cPSTN,355,cPSTN,332
gamma,0.08381444616026772,0.061523793814927334,0.0015841799521372423,1248.2513917755969,774.183456067082,1.004965799919002,16.185832362235434,copath_tau_mapt_REGION-RF_rank332_region355_cPSTN,355,cPSTN,332
sigma,0.20257137210914358,0.15839100441499926,0.0047937775236247225,504.74159370081907,266.16110993481516,1.0064555791104872,6.5448858104359315,copath_tau_mapt_REGION-RF_rank332_region355_cPSTN,355,cPSTN,332
u0,0.008471837528836443,0.006205616405131149,0.00019802890897622434,856.0963824935434,842.4319951553781,1.0031913602374827,11.100834835237855,copath_tau_mapt_REGION-RF_rank332_region355_cPSTN,355,cPSTN,332
alpha,1.1304719142398156,0.35841146670598173,0.011760511268161696,892.7393036787846,1365.9157436147573,1.0042330056155693,6.07851474574982,copath_tau_mapt_REGION-RF_rank51_region356_cPeF,356,cPeF,51
beta,0.8203602019293976,0.15231134791705545,0.00482524699376536,1055.1577499604587,1370.8688152800448,1.0007459549758753,7.184395170904885,copath_tau_mapt_REGION-RF_rank51_region356_cPeF,356,cPeF,51
gamma,0.07060365696782162,0.05518312264670532,0.00159397308342689,1079.044988082201,1238.6026587918734,1.0005970059068916,7.34703943733285,copath_tau_mapt_REGION-RF_rank51_region356_cPeF,356,cPeF,51
sigma,0.15356850940011246,0.044510269267566,0.0011595963065087658,989.033613685849,421.2390251398919,1.0028790987561125,6.734166827939708,copath_tau_mapt_REGION-RF_rank51_region356_cPeF,356,cPeF,51
u0,0.00963183995119948,0.006272654815548785,0.0001634979607171124,1129.11887702175,629.5218373043522,1.0026730073710202,7.687984292165414,copath_tau_mapt_REGION-RF_rank51_region356_cPeF,356,cPeF,51
alpha,0.7885671351384751,0.5885519480250747,0.012914910555502226,1360.5899370882246,685.3196571430265,1.0027267698639855,19.398202695868616,copath_tau_mapt_REGION-RF_rank1_region357_cRCH,357,cRCH,404
beta,-0.02102740314040662,0.9973768536759446,0.022216654853033986,2022.1350621744616,1950.7184859310403,1.0003137662666128,28.829983777793863,copath_tau_mapt_REGION-RF_rank1_region357_cRCH,357,cRCH,404
gamma,0.07967603130828474,0.05986378304010719,0.0012062927996967178,1619.519842117088,993.6506557699822,1.0005215397005485,23.089818108313203,copath_tau_mapt_REGION-RF_rank1_region357_cRCH,357,cRCH,404
sigma,1.6409023891015722,2.148924571367582,0.042618669035522985,2970.7956308427038,2375.4567669283833,1.0017618682559157,42.35522712920878,copath_tau_mapt_REGION-RF_rank1_region357_cRCH,357,cRCH,404
u0,0.00784744125164937,0.006037553848877507,0.00011765845310818006,1607.2177037114109,980.9596237962711,1.002284068267892,22.914424062038936,copath_tau_mapt_REGION-RF_rank1_region357_cRCH,357,cRCH,404
alpha,1.5809772039108276,0.7246769655779364,0.022664730175435036,918.9921809740698,561.7606648199001,1.0120645893008682,6.122084197520967,copath_tau_mapt_REGION-RF_rank255_region358_cSTN,358,cSTN,255
beta,0.3714907143617157,0.20252520978047156,0.009033069146451975,867.7845622619085,550.392799116239,1.0145460669754722,5.780952510221826,copath_tau_mapt_REGION-RF_rank255_region358_cSTN,358,cSTN,255
gamma,0.11454367806956477,0.0714207364941294,0.001993836010408979,899.8442151447789,708.070109278619,1.0022057047345503,5.9945254854393015,copath_tau_mapt_REGION-RF_rank255_region358_cSTN,358,cSTN,255
sigma,0.08201125845720313,0.02060166674009253,0.0006117828105596776,1163.699638520489,1289.9160457054754,1.0010602201089311,7.7522609170579715,copath_tau_mapt_REGION-RF_rank255_region358_cSTN,358,cSTN,255
u0,0.016371108949772815,0.006552928639401099,0.00014510531185576712,1897.176297562802,1595.4053811830008,1.0009990449940025,12.638489501520889,copath_tau_mapt_REGION-RF_rank255_region358_cSTN,358,cSTN,255
alpha,1.006514752309694,0.5666390552289263,0.016438396523276864,808.194524065166,749.2200093858448,1.0013216046217213,7.501411040246948,copath_tau_mapt_REGION-RF_rank43_region359_cTU,359,cTU,43
beta,0.8866150991470745,0.5044452079323105,0.025461560051450793,529.7905539723329,320.52212696868656,1.0075470647394587,4.917351692259375,copath_tau_mapt_REGION-RF_rank43_region359_cTU,359,cTU,43
gamma,0.08044501656839784,0.058233832357085014,0.0015240847096712816,1080.3942806016723,974.4847259868516,1.0017492164235762,10.02788480124813,copath_tau_mapt_REGION-RF_rank43_region359_cTU,359,cTU,43
sigma,0.5627551599723477,0.11607766652562579,0.003894544109595862,865.982604398611,741.7323872448358,1.0041172026520353,8.037782088181725,copath_tau_mapt_REGION-RF_rank43_region359_cTU,359,cTU,43
u0,0.009525466909408009,0.006318510475233308,0.00024300854511495436,467.41016592565575,302.89821542628897,1.0051702953004336,4.338356267699308,copath_tau_mapt_REGION-RF_rank43_region359_cTU,359,cTU,43
alpha,0.7543656758237308,0.5600852763464711,0.027284655200713267,393.88876455511763,628.8484458077372,1.0064880085666612,3.6171427940228447,copath_tau_mapt_REGION-RF_rank218_region360_cFF,360,cFF,218
beta,0.20017387355685706,0.8506813941418249,0.04460679526421742,311.4413350786979,427.6934726697769,1.0344514892287908,2.860015015186169,copath_tau_mapt_REGION-RF_rank218_region360_cFF,360,cFF,218
gamma,0.08371225309075486,0.05826194798556828,0.00272316210319188,403.7044534046559,966.8444562083375,1.0340273391801122,3.707281816471426,copath_tau_mapt_REGION-RF_rank218_region360_cFF,360,cFF,218
sigma,0.18843255879885792,0.10228102743425174,0.007155027829846599,94.58568105491445,36.638927112322676,1.0608371696535417,0.8685952619947146,copath_tau_mapt_REGION-RF_rank218_region360_cFF,360,cFF,218
u0,0.008959762733457506,0.006305521165393333,0.0004078873535414918,225.5936252224221,454.2578269325218,1.0234210183531187,2.0716619240775254,copath_tau_mapt_REGION-RF_rank218_region360_cFF,360,cFF,218
alpha,1.4961188360265456,0.6571705299661806,0.020613173279015237,934.362915080826,644.7961840294003,1.009308712532371,10.50814137835788,copath_tau_mapt_REGION-RF_rank18_region361_cME,361,cME,18
beta,1.081019904649592,0.6850509836849624,0.027393762278550567,991.058433227407,649.6632867116276,1.0091167898710076,11.14575713834552,copath_tau_mapt_REGION-RF_rank18_region361_cME,361,cME,18
gamma,0.10190130727337264,0.06252140877109916,0.0013377708560650089,1565.39673587459,948.1037326119863,1.0020844455796476,17.604947658231065,copath_tau_mapt_REGION-RF_rank18_region361_cME,361,cME,18
sigma,1.0009243753578687,0.21508158953324924,0.006750790300749325,1131.585251584713,2019.6395940367138,1.0068303369182308,12.726166260877582,copath_tau_mapt_REGION-RF_rank18_region361_cME,361,cME,18
u0,0.009957195143878439,0.006370746072372178,0.00014218528714064348,1484.7682192967404,1122.1522650708189,1.000326859964034,16.698173815163862,copath_tau_mapt_REGION-RF_rank18_region361_cME,361,cME,18
alpha,1.1519301459612659,0.7268353203864871,0.04479455554111135,253.76834355606343,443.45992067141185,1.01216683247193,1.8394342095974443,copath_tau_mapt_REGION-RF_rank133_region362_cSCs,362,cSCs,133
beta,0.49949809665914224,0.4188893496437608,0.022301439622851926,355.8054676961166,387.58114299652743,1.0230576228220305,2.5790480407082965,copath_tau_mapt_REGION-RF_rank133_region362_cSCs,362,cSCs,133
gamma,0.0959684318574433,0.06442941285621213,0.004161917440145396,178.32093863582443,148.57704163968316,1.0301277215697027,1.2925553684823459,copath_tau_mapt_REGION-RF_rank133_region362_cSCs,362,cSCs,133
sigma,0.1976682621093238,0.0432178785490424,0.002591264408879084,256.382988540771,479.71323882037353,1.024996582847118,1.858386405775377,copath_tau_mapt_REGION-RF_rank133_region362_cSCs,362,cSCs,133
u0,0.012687035077885345,0.006742683418321643,0.00033814958316326935,369.3463918819877,411.16429501297915,1.0221228789120709,2.677199129327252,copath_tau_mapt_REGION-RF_rank133_region362_cSCs,362,cSCs,133
alpha,1.5916410673633872,0.6941811390476729,0.028675624672988325,552.1401379934827,309.74334584391147,1.0032626771454738,2.740054380212512,copath_tau_mapt_REGION-RF_rank278_region363_cIC,363,cIC,278
beta,0.3301408794803767,0.2354471568193017,0.014203619242771505,577.7759267680111,314.16331301363454,1.0060338800811468,2.867274718833644,copath_tau_mapt_REGION-RF_rank278_region363_cIC,363,cIC,278
gamma,0.11465256974174909,0.0696129582069038,0.0021578790325290434,839.1212796308316,705.4717847777409,1.0034016113866515,4.164228933142926,copath_tau_mapt_REGION-RF_rank278_region363_cIC,363,cIC,278
sigma,0.04593371622593947,0.01072042961139605,0.00033150193287634995,1014.9714594584087,1004.052231244779,1.0017873584587504,5.036904223964471,copath_tau_mapt_REGION-RF_rank278_region363_cIC,363,cIC,278
u0,0.01809088243203959,0.006629059962293383,0.0001831100139315359,1214.6639691480907,794.6439154002045,1.0013451476204056,6.02789962208802,copath_tau_mapt_REGION-RF_rank278_region363_cIC,363,cIC,278
alpha,1.2929638632862839,0.7025023131965699,0.028190705566029903,486.85302775868234,307.91751240363556,1.0060013597858333,2.58180222705868,copath_tau_mapt_REGION-RF_rank229_region364_cSAG,364,cSAG,229
beta,0.4798025566232724,0.33658108514360263,0.02056674418076555,509.2607010858118,297.7349738012798,1.0070678800936823,2.7006310677983985,copath_tau_mapt_REGION-RF_rank229_region364_cSAG,364,cSAG,229
gamma,0.10114443535531142,0.06478131876808017,0.001629709516168424,1240.900365943949,904.7498265663654,1.002386533206911,6.580547199431244,copath_tau_mapt_REGION-RF_rank229_region364_cSAG,364,cSAG,229
sigma,0.08750489302385299,0.01848279998630633,0.0005324954576362623,1126.5615010573588,1563.4042651868183,1.002470685368165,5.974203356069379,copath_tau_mapt_REGION-RF_rank229_region364_cSAG,364,cSAG,229
u0,0.014150939158747194,0.006576168080210967,0.0001641502053110167,1367.5332932071337,888.1857942775218,1.005673933898641,7.25208697629611,copath_tau_mapt_REGION-RF_rank229_region364_cSAG,364,cSAG,229
alpha,1.24276142374996,0.7475767105820795,0.0285992478869718,586.3394511372646,595.2966018478493,1.005368827576815,3.2548194573108584,copath_tau_mapt_REGION-RF_rank298_region365_cPBG,365,cPBG,298
beta,0.4379950149240705,0.3271657077136124,0.015892766869264593,582.0154019701431,572.4779638540134,1.005493727484722,3.2308162978164425,copath_tau_mapt_REGION-RF_rank298_region365_cPBG,365,cPBG,298
gamma,0.10412457275505321,0.06935256075625261,0.001713272227249962,1238.7748375445528,807.6575519206518,1.0019843256461667,6.876542993391728,copath_tau_mapt_REGION-RF_rank298_region365_cPBG,365,cPBG,298
sigma,0.07728690436643829,0.018101708141213518,0.000606062799928864,686.7760984866093,450.20089114927225,1.0037752126099306,3.8123517082717213,copath_tau_mapt_REGION-RF_rank298_region365_cPBG,365,cPBG,298
u0,0.01650796044117159,0.006688151261730003,0.00015075944884362756,1845.9984866431082,1308.6197430198263,1.0025962560418389,10.247292384707364,copath_tau_mapt_REGION-RF_rank298_region365_cPBG,365,cPBG,298
alpha,0.6485475077350132,0.5543311793296372,0.016770705338184196,815.605945334861,939.2586390921945,1.0046763435482184,8.529034115206594,copath_tau_mapt_REGION-RF_rank335_region366_cSCO,366,cSCO,335
beta,-0.1394729023519477,0.8452534313202932,0.026541111952753466,1004.3278370459514,1491.3581430384859,1.002620705644397,10.502555105210364,copath_tau_mapt_REGION-RF_rank335_region366_cSCO,366,cSCO,335
gamma,0.08154323184309399,0.059803692019149875,0.0013667034969287314,1333.6412780949647,883.3045241581631,1.003025431698692,13.94628377022143,copath_tau_mapt_REGION-RF_rank335_region366_cSCO,366,cSCO,335
sigma,0.1564498150006932,0.03155391969358946,0.0008753676540310079,1230.4983056075214,1574.1762529442851,1.000266050016889,12.867687008977814,copath_tau_mapt_REGION-RF_rank335_region366_cSCO,366,cSCO,335
u0,0.00895668451033377,0.0063906169510024894,0.000191954074790478,886.9742465937653,809.3535897534156,1.003865862039802,9.275353682472161,copath_tau_mapt_REGION-RF_rank335_region366_cSCO,366,cSCO,335
alpha,0.7861904343968303,0.5916895591326069,0.011470311284377708,1744.3471125210322,1073.5313666294082,1.001343490377028,25.033684163619863,copath_tau_mapt_REGION-RF_rank1_region367_cSNr,367,cSNr,405
beta,0.0013505761423176113,1.04924971830021,0.02029015191566568,2686.560929460557,2384.972341032726,1.000985708123506,38.55569646183348,copath_tau_mapt_REGION-RF_rank1_region367_cSNr,367,cSNr,405
gamma,0.08074529575705483,0.06091885968469937,0.0011391268905337644,2177.65098780064,1701.8470086829354,1.0007467419076608,31.252166874291614,copath_tau_mapt_REGION-RF_rank1_region367_cSNr,367,cSNr,405
sigma,1.5741446025787018,1.9328868169740694,0.039184237439453075,2730.088219816835,2542.215667559444,1.0005048451411822,39.18037054846204,copath_tau_mapt_REGION-RF_rank1_region367_cSNr,367,cSNr,405
u0,0.007943362756728153,0.006052355955902392,0.0001218435541065458,1550.4462723142246,897.6338337331356,1.000922629912043,22.25095109520988,copath_tau_mapt_REGION-RF_rank1_region367_cSNr,367,cSNr,405
alpha,1.1984741617983354,0.48718911956334293,0.014099397404970555,953.4342489728283,600.7544866874665,1.0043470326104535,6.708231599271285,copath_tau_mapt_REGION-RF_rank105_region368_cVTA,368,cVTA,105
beta,0.6000957883782067,0.205132746926348,0.008416486797901242,1024.9719108801894,565.6934220542355,1.0023670581284856,7.2115607010546015,copath_tau_mapt_REGION-RF_rank105_region368_cVTA,368,cVTA,105
gamma,0.08184094869261652,0.06014674464331599,0.00150814727664613,1214.8128699616886,900.6986349159702,1.0001390953960871,8.547255450764368,copath_tau_mapt_REGION-RF_rank105_region368_cVTA,368,cVTA,105
sigma,0.14127948032826237,0.03056586218397027,0.0008030248106456357,1621.194371845586,1799.0605776671073,1.001474595810307,11.406499531028755,copath_tau_mapt_REGION-RF_rank105_region368_cVTA,368,cVTA,105
u0,0.013175288051940763,0.006683150906936675,0.00015613139604584158,1567.692536286311,1252.5027564741363,1.0019020711956472,11.030068010654484,copath_tau_mapt_REGION-RF_rank105_region368_cVTA,368,cVTA,105
alpha,1.6667417281655443,0.5501028735205601,0.01376248484583583,1339.5312449908895,1067.2679503660086,1.001859013659321,14.03473497538755,copath_tau_mapt_REGION-RF_rank76_region369_cPN,369,cPN,76
beta,0.7109460827677421,0.1359198321328832,0.004180728603644006,1274.6513346288746,1002.6205324265567,1.0038070337758322,13.354965578023496,copath_tau_mapt_REGION-RF_rank76_region369_cPN,369,cPN,76
gamma,0.0792728919678297,0.05369633470412197,0.0013608019184322942,1485.4865084634102,1317.2501685502696,1.0019111542714052,15.563959059379428,copath_tau_mapt_REGION-RF_rank76_region369_cPN,369,cPN,76
sigma,0.25204346343682854,0.049657317878609296,0.0012484041685845999,1685.488520080631,2095.672938136625,1.0022559384228913,17.65944973052922,copath_tau_mapt_REGION-RF_rank76_region369_cPN,369,cPN,76
u0,0.012227269838293166,0.006428658257979254,0.00013086893822050397,2002.2491004264623,1375.2209752985193,1.001511421940575,20.978260555157604,copath_tau_mapt_REGION-RF_rank76_region369_cPN,369,cPN,76
alpha,1.7961688914409883,0.5061456986296339,0.013518935343298849,1249.2046652183824,797.304646121308,1.0019372357664964,9.194116914833167,copath_tau_mapt_REGION-RF_rank158_region370_cMRN,370,cMRN,158
beta,0.38470890803632474,0.07457585146001502,0.0026020173012057607,1052.1173519803035,832.8184453322157,1.0028899647685603,7.743558931186453,copath_tau_mapt_REGION-RF_rank158_region370_cMRN,370,cMRN,158
gamma,0.10033942898275935,0.06215019753706296,0.001783100630056583,1270.6546203990988,1541.4427220236676,1.0021556949041148,9.351988079775511,copath_tau_mapt_REGION-RF_rank158_region370_cMRN,370,cMRN,158
sigma,0.05955563068483998,0.01333697156533468,0.00036235543897914803,1632.1530990080994,1727.4947424105997,1.0027678557586848,12.012608368352833,copath_tau_mapt_REGION-RF_rank158_region370_cMRN,370,cMRN,158
u0,0.017443806565431458,0.006547615364990504,0.00013604334119615287,2252.298943505442,2043.8781862532487,1.001290895190535,16.576867178225083,copath_tau_mapt_REGION-RF_rank158_region370_cMRN,370,cMRN,158
alpha,1.1874680073714778,0.6184297144204451,0.02500861085248717,530.6825480542393,534.5284710430249,1.0058921440359643,2.2349139319448614,copath_tau_mapt_REGION-RF_rank241_region371_cSCm,371,cSCm,241
beta,0.4103882911002696,0.2691177248000223,0.013911634211199097,566.3554925229593,501.9751813352038,1.0069857983517232,2.3851467988046346,copath_tau_mapt_REGION-RF_rank241_region371_cSCm,371,cSCm,241
gamma,0.09220717093873723,0.06352753481474988,0.0016130443817297087,1118.1927911851133,714.0098184708115,1.0018299383954394,4.709151745771184,copath_tau_mapt_REGION-RF_rank241_region371_cSCm,371,cSCm,241
sigma,0.045208076050684075,0.010719308774260194,0.0003460926027289996,867.6654872310894,786.3981027862862,1.008319593412975,3.654082262155516,copath_tau_mapt_REGION-RF_rank241_region371_cSCm,371,cSCm,241
u0,0.0205477029860578,0.007011435933641453,0.00021688244522650356,1006.3705426263383,1262.447178928363,1.0025944624233825,4.2382240657076125,copath_tau_mapt_REGION-RF_rank241_region371_cSCm,371,cSCm,241
alpha,0.768351053058748,0.5792774544112718,0.013682764893015245,1296.8565446335124,975.2385413512449,1.0011982460950866,16.21354417815008,copath_tau_mapt_REGION-RF_rank108_region372_cPRC,372,cPRC,108
beta,-0.0015548222739737748,0.9816290120203162,0.037591525485618164,625.262439361685,261.37344588474446,1.0067880601365646,7.8171484930073385,copath_tau_mapt_REGION-RF_rank108_region372_cPRC,372,cPRC,108
gamma,0.07901402510226672,0.06276040119359899,0.0015694777393690674,552.4020567707796,168.41566431682074,1.0042698105146444,6.906234300637356,copath_tau_mapt_REGION-RF_rank108_region372_cPRC,372,cPRC,108
sigma,0.5326192928913416,0.4430822070708388,0.012476070056955234,414.5945309012467,145.53059248915542,1.0057519945190636,5.183338720541678,copath_tau_mapt_REGION-RF_rank108_region372_cPRC,372,cPRC,108
u0,0.008194628464896606,0.006081635926950388,0.000133749766081249,1461.1079631417326,1094.225485876148,1.0028926322223506,18.26704627236932,copath_tau_mapt_REGION-RF_rank108_region372_cPRC,372,cPRC,108
alpha,1.7109345543764567,0.46218568597208975,0.013890652696713827,1043.1997818383093,1229.6740554329183,1.0018697485105004,7.003126850057796,copath_tau_mapt_REGION-RF_rank122_region373_cINC,373,cINC,122
beta,0.4969623905551092,0.08773660553679116,0.0028453286186136597,982.6059702138862,1385.28802334134,1.0009293000015942,6.596353232461206,copath_tau_mapt_REGION-RF_rank122_region373_cINC,373,cINC,122
gamma,0.09623272170423124,0.061106833275468495,0.0019137634741987378,951.7388370312135,1049.1187506973397,1.0007519586637574,6.389138418061073,copath_tau_mapt_REGION-RF_rank122_region373_cINC,373,cINC,122
sigma,0.07325960281724818,0.015474567522429924,0.0003687493784190655,1905.5871657340297,1676.6696948921328,1.0014542694057553,12.792438109947703,copath_tau_mapt_REGION-RF_rank122_region373_cINC,373,cINC,122
u0,0.012909383320889591,0.0059205991236434856,0.00011979622928479509,2287.9291046006742,1938.7294177090887,1.0023617169618197,15.359145987571827,copath_tau_mapt_REGION-RF_rank122_region373_cINC,373,cINC,122
alpha,1.3976241654380905,0.6714662766237292,0.021317362722271412,849.2137525916411,590.0884621951042,1.0057891122463987,3.830463475830587,copath_tau_mapt_REGION-RF_rank250_region374_cND,374,cND,250
beta,0.3762865100073815,0.20649897661533423,0.009539251259635407,891.628923749391,643.0884677951884,1.0079863363698665,4.021781343028376,copath_tau_mapt_REGION-RF_rank250_region374_cND,374,cND,250
gamma,0.10129266057037196,0.06776887535902326,0.001626089342067391,1280.7861767675477,579.8733391980851,1.0016636915498638,5.777114013385421,copath_tau_mapt_REGION-RF_rank250_region374_cND,374,cND,250
sigma,0.055871251197748516,0.013070826645142836,0.00037176205419099363,1134.7902409324372,952.7645313681804,1.0026565187313006,5.118584758378156,copath_tau_mapt_REGION-RF_rank250_region374_cND,374,cND,250
u0,0.016648976352677446,0.006542794215112001,0.00015687740432304307,1573.647713642551,1410.5175205764672,1.0018756996694695,7.098095235194187,copath_tau_mapt_REGION-RF_rank250_region374_cND,374,cND,250
alpha,0.7102695422728745,0.5662429563356465,0.014672307396813297,1185.2763439280172,1338.860572998754,1.0085375559511154,11.896781530944669,copath_tau_mapt_REGION-RF_rank231_region375_cSu3,375,cSu3,231
beta,-0.08043899561763539,0.9001795559879737,0.03003948909746564,843.2052137867175,1092.7826590957466,1.001815244798599,8.46336659426596,copath_tau_mapt_REGION-RF_rank231_region375_cSu3,375,cSu3,231
gamma,0.07957170341847865,0.05994135851009842,0.0014900695967858088,1187.9811080405902,971.7608127293813,1.0037465847734097,11.923929619999903,copath_tau_mapt_REGION-RF_rank231_region375_cSu3,375,cSu3,231
sigma,0.2622214730417314,0.12917965590457023,0.0037956474377308434,1033.844504668151,918.8297914471974,1.0032806650741712,10.376839352284966,copath_tau_mapt_REGION-RF_rank231_region375_cSu3,375,cSu3,231
u0,0.008110600298634746,0.00609980594476726,0.00017362478568710957,531.5325518228544,158.00728094411264,1.003685708451714,5.3350652596893955,copath_tau_mapt_REGION-RF_rank231_region375_cSu3,375,cSu3,231
alpha,1.3648390082130955,0.7179693583990087,0.028095872846088065,556.1304158278508,516.3989340969858,1.007848564108876,3.4843299301909716,copath_tau_mapt_REGION-RF_rank248_region376_cAPN,376,cAPN,248
beta,0.40977444644579314,0.2436059798014322,0.012182195439917961,623.6286130631587,503.23567802496007,1.0065767946999025,3.9072271179141445,copath_tau_mapt_REGION-RF_rank248_region376_cAPN,376,cAPN,248
gamma,0.10183537711272825,0.06757546071805365,0.0018419034219721018,962.1536038785872,656.3114508036645,1.004221972762995,6.028191417016504,copath_tau_mapt_REGION-RF_rank248_region376_cAPN,376,cAPN,248
sigma,0.08013858520407359,0.018436875492697975,0.0005076626242793635,1181.3388052017126,1075.9762497670526,1.0023788803063307,7.401454837770505,copath_tau_mapt_REGION-RF_rank248_region376_cAPN,376,cAPN,248
u0,0.01786266200332542,0.007025068221737385,0.00016461862780104184,1646.3937849230563,1417.4981745204886,1.002938675812727,10.315168849645422,copath_tau_mapt_REGION-RF_rank248_region376_cAPN,376,cAPN,248
alpha,0.7008631408003351,0.5648523979430208,0.011579016283103196,1659.8150898208266,1421.9721842170882,1.0017614261045542,20.191415135769876,copath_tau_mapt_REGION-RF_rank351_region377_cMPT,377,cMPT,351
beta,-0.27957824087391303,0.8276631288835892,0.02572414419720902,1007.5881049368829,1266.778946268507,1.0060024099866391,12.257166377997214,copath_tau_mapt_REGION-RF_rank351_region377_cMPT,377,cMPT,351
gamma,0.08130261269141607,0.06035870621426335,0.001303979370980947,1529.1391422758663,1111.5272656091288,1.0008373053051725,18.601760769255346,copath_tau_mapt_REGION-RF_rank351_region377_cMPT,377,cMPT,351
sigma,0.17587346808568594,0.16183540249270933,0.004470040875742816,1404.2219983823218,1584.3627277157855,1.0027272103673555,17.082161432318646,copath_tau_mapt_REGION-RF_rank351_region377_cMPT,377,cMPT,351
u0,0.007736605256634325,0.0059911509294446955,0.00014665404374199713,1008.0129316709181,677.2010628256897,1.0017843595324987,12.262334334958373,copath_tau_mapt_REGION-RF_rank351_region377_cMPT,377,cMPT,351
alpha,0.87715682128025,0.54839773358252,0.01889288161128546,786.6497918175062,984.6735690998224,1.0021627782986724,3.8172244227578074,copath_tau_mapt_REGION-RF_rank209_region378_cNOT,378,cNOT,209
beta,0.6312395643012357,0.449511935704558,0.01646706046767089,904.4285731191272,833.2671407198399,1.0052241104143207,4.388746903464822,copath_tau_mapt_REGION-RF_rank209_region378_cNOT,378,cNOT,209
gamma,0.08342914808270598,0.06037825521002928,0.0015117504228483317,1060.0840248339205,440.96744938585874,1.0010426616811596,5.144066231076046,copath_tau_mapt_REGION-RF_rank209_region378_cNOT,378,cNOT,209
sigma,0.10653809405018567,0.027290567696763725,0.00103827758535766,732.2605407375539,1091.7465160483328,1.0045295510483778,3.553300145757471,copath_tau_mapt_REGION-RF_rank209_region378_cNOT,378,cNOT,209
u0,0.010797793491318618,0.006319296970611554,0.000178289095281233,1147.2667664705984,1214.3652594420937,1.004209080147358,5.567121183966335,copath_tau_mapt_REGION-RF_rank209_region378_cNOT,378,cNOT,209
alpha,0.8765351922347426,0.5663771042648365,0.02984570250024393,363.5779969010964,332.55918980971256,1.0285038746804986,1.9571721398369808,copath_tau_mapt_REGION-RF_rank257_region379_cNPC,379,cNPC,257
beta,0.5345282312050413,0.4851431514077096,0.022764653543729554,324.7550768727959,141.37087943561914,1.0344288911778472,1.7481849675819487,copath_tau_mapt_REGION-RF_rank257_region379_cNPC,379,cNPC,257
gamma,0.08123980758988367,0.06256360370608595,0.0028416727919381396,384.42083025216783,472.17027409515356,1.009904546273092,2.0693709337620128,copath_tau_mapt_REGION-RF_rank257_region379_cNPC,379,cNPC,257
sigma,0.09874434647051393,0.03674420966890819,0.004263459860668993,97.448164110572,200.89954214348057,1.0336485429484745,0.5245719859316886,copath_tau_mapt_REGION-RF_rank257_region379_cNPC,379,cNPC,257
u0,0.011190048350197223,0.006123386033840698,0.00030475424721810267,359.83323200650517,382.83819436126765,1.046904240987466,1.937013743057191,copath_tau_mapt_REGION-RF_rank257_region379_cNPC,379,cNPC,257
alpha,0.7325782153261775,0.5729894871651875,0.013154438099787067,1343.0660093740337,1086.766383942212,1.0000347339693854,16.22863989867004,copath_tau_mapt_REGION-RF_rank269_region380_cOP,380,cOP,269
beta,-0.18217363796631295,0.8247290281552415,0.01886083387060039,1928.6887100141805,2202.7088346806217,1.0011475350836045,23.30488176529659,copath_tau_mapt_REGION-RF_rank269_region380_cOP,380,cOP,269
gamma,0.08128088304757491,0.06013662238225469,0.0013456139124477255,1476.1792559378941,1029.510457830024,1.001317330443412,17.837084255946714,copath_tau_mapt_REGION-RF_rank269_region380_cOP,380,cOP,269
sigma,0.3599110926661948,0.3381927930194104,0.0077249862033893545,1306.8006128346478,1417.9989144867495,1.0039817037985803,15.790435032258097,copath_tau_mapt_REGION-RF_rank269_region380_cOP,380,cOP,269
u0,0.008042245849452916,0.0061499242843769215,0.00019231928644356634,752.5309987459101,549.9937305651397,1.0081705328484096,9.093041225074131,copath_tau_mapt_REGION-RF_rank269_region380_cOP,380,cOP,269
alpha,0.7087041260993107,0.4199414943816213,0.016638923279871196,640.0278396971112,968.3453235608239,1.012222223215099,2.2535001309688263,copath_tau_mapt_REGION-RF_rank253_region381_cPPT,381,cPPT,253
beta,0.7826451647690476,0.45310291649685425,0.015401576243424758,924.2700632192447,1188.6013546428903,1.0061722088216127,3.2543001715375763,copath_tau_mapt_REGION-RF_rank253_region381_cPPT,381,cPPT,253
gamma,0.08025727795592053,0.06131986169212236,0.0017985525825061459,670.1171491662404,344.73736735166415,1.0033697422551129,2.359442808183513,copath_tau_mapt_REGION-RF_rank253_region381_cPPT,381,cPPT,253
sigma,0.062046933226678126,0.014575070244643527,0.00043117443251609975,1105.3175773929704,1262.9855721970666,1.006920905584191,3.891757750094081,copath_tau_mapt_REGION-RF_rank253_region381_cPPT,381,cPPT,253
u0,0.005963516459773464,0.004509447170079511,0.00014815001922474972,608.651113550668,517.5027567377342,1.0101505519617426,2.1430245358543316,copath_tau_mapt_REGION-RF_rank253_region381_cPPT,381,cPPT,253
alpha,0.7947027679549432,0.6131206169661277,0.014009789191620355,1611.1340645580972,1474.5777262191075,1.0018532509753606,17.79334560568652,copath_tau_mapt_REGION-RF_rank131_region382_cRPF,382,cRPF,131
beta,-0.0854212019901079,0.8996273455519964,0.020784077496231044,1872.3056786809098,1883.385251222789,1.0021003869880023,20.677721831545053,copath_tau_mapt_REGION-RF_rank131_region382_cRPF,382,cRPF,131
gamma,0.07936389226228303,0.059439331059159516,0.0013122040847842156,1468.5540623529957,1178.6746105435336,1.0025720693254274,16.218693743061568,copath_tau_mapt_REGION-RF_rank131_region382_cRPF,382,cRPF,131
sigma,0.5003472997368003,0.5251429136252795,0.013940507212665739,1048.6239561876055,573.5001453444493,1.003414541495628,11.58099060363795,copath_tau_mapt_REGION-RF_rank131_region382_cRPF,382,cRPF,131
u0,0.008224304284069502,0.006112949756225834,0.00013589040887054246,1445.5854993348419,1060.1824927841112,0.9996843684434037,15.965029204002803,copath_tau_mapt_REGION-RF_rank131_region382_cRPF,382,cRPF,131
alpha,0.7905169298443468,0.5704433601941284,0.012811040813991018,1377.7890149541338,916.0126500952442,1.001282269595358,18.30462355459192,copath_tau_mapt_REGION-RF_rank185_region383_cCUN,383,cCUN,185
beta,0.019479408166859894,0.9743408787469466,0.027586429298118775,1239.7065107928095,1272.772991906918,1.0021116008311453,16.47012768424086,copath_tau_mapt_REGION-RF_rank185_region383_cCUN,383,cCUN,185
gamma,0.08109340142428809,0.0596526300667071,0.0014052118955611675,1247.3235575270103,932.2686584419658,1.0026676779277015,16.571324000624557,copath_tau_mapt_REGION-RF_rank185_region383_cCUN,383,cCUN,185
sigma,0.47634796977297666,0.39187115350131707,0.00988060665052246,1156.7790512623837,641.9997528307402,1.0043470554888452,15.368394463430102,copath_tau_mapt_REGION-RF_rank185_region383_cCUN,383,cCUN,185
u0,0.008202117147101028,0.0060400723553946075,0.00012817489399901633,1629.0453870616961,1084.6892564745453,1.00045265393511,21.642691471525126,copath_tau_mapt_REGION-RF_rank185_region383_cCUN,383,cCUN,185
alpha,1.738710926938738,0.588554779489936,0.02009780237599619,812.4340390307107,596.1957708924728,1.0022919646336144,5.325061867696441,copath_tau_mapt_REGION-RF_rank199_region384_cRN,384,cRN,199
beta,0.3447579788754085,0.12680478572712225,0.007337790495344158,792.579478879058,556.3448363488093,1.0043172505654179,5.194926058407123,copath_tau_mapt_REGION-RF_rank199_region384_cRN,384,cRN,199
gamma,0.10551069967159496,0.06482441001635364,0.001577271696293004,1532.1423865191548,1447.8727934936585,1.002331376888938,10.0423574178016,copath_tau_mapt_REGION-RF_rank199_region384_cRN,384,cRN,199
sigma,0.054811178075279035,0.012924024632881465,0.00032300162613234265,1833.8903607328875,1336.923384638704,1.0039634028165436,12.020150757255044,copath_tau_mapt_REGION-RF_rank199_region384_cRN,384,cRN,199
u0,0.018055187625076793,0.006696388867701445,0.00014455340411026506,1990.887795385586,1384.072664596679,1.002246473614337,13.049183284735895,copath_tau_mapt_REGION-RF_rank199_region384_cRN,384,cRN,199
alpha,0.6554812838798509,0.5766450558715485,0.01725391852548482,924.0997341121064,1012.3751016446607,1.001989551519407,10.57903349794059,copath_tau_mapt_REGION-RF_rank352_region385_cIII,385,cIII,352
beta,-0.17777906046571826,0.8471372146927151,0.025408736180542454,1117.4305803236318,1309.9586404010315,1.0018536139275045,12.79227241876124,copath_tau_mapt_REGION-RF_rank352_region385_cIII,385,cIII,352
gamma,0.07971768286060818,0.05991113267040328,0.0016596930112928409,813.6886788174323,545.7048149909051,1.0069979737339736,9.315054936549046,copath_tau_mapt_REGION-RF_rank352_region385_cIII,385,cIII,352
sigma,0.10478945663221859,0.029844444712130616,0.0009052089648707181,1211.96697883839,835.3256458415374,1.0035822116160953,13.87451894448198,copath_tau_mapt_REGION-RF_rank352_region385_cIII,385,cIII,352
u0,0.007927968193919107,0.006096427678573409,0.00018220632920089397,774.8045055325197,514.4137440668054,1.0039424357379658,8.86991145632063,copath_tau_mapt_REGION-RF_rank352_region385_cIII,385,cIII,352
alpha,1.0298117382224834,0.8099122953457628,0.07326809589838844,128.36321209807076,366.904649430005,1.0339557396714087,0.7839453529868741,copath_tau_mapt_REGION-RF_rank260_region386_cMA3,386,cMA3,260
beta,0.4503874615487515,0.6066769436287435,0.06315387890568357,115.48446574746383,74.91038769297009,1.0383292730019011,0.705291717035934,copath_tau_mapt_REGION-RF_rank260_region386_cMA3,386,cMA3,260
gamma,0.097026197247759,0.06797293582835726,0.002764857641674538,560.516961025983,837.9950277433823,1.015307124567616,3.4232133933430013,copath_tau_mapt_REGION-RF_rank260_region386_cMA3,386,cMA3,260
sigma,0.12202808082263525,0.028077251492904326,0.001571086142559985,250.29353726034404,644.0611081526739,1.030467403271536,1.5286035010403325,copath_tau_mapt_REGION-RF_rank260_region386_cMA3,386,cMA3,260
u0,0.013349940867902994,0.006921436180391773,0.00044362329486941326,272.8174574150648,1017.6315171458893,1.0140528743565367,1.666162559026901,copath_tau_mapt_REGION-RF_rank260_region386_cMA3,386,cMA3,260
alpha,1.2674496680831282,0.7147806976640619,0.0276276274586265,593.1313458441875,784.6425057165568,1.0104298123119408,5.885757693891158,copath_tau_mapt_REGION-RF_rank98_region387_cIV,387,cIV,98
beta,0.5269691375448169,0.5725189715317627,0.024520721264307672,659.6262592726914,632.6412923145647,1.013997985794642,6.545599651424886,copath_tau_mapt_REGION-RF_rank98_region387_cIV,387,cIV,98
gamma,0.09851045870518359,0.06590880960988722,0.002400101537458825,574.173725019809,364.6318761163465,1.01023474260271,5.697637535671989,copath_tau_mapt_REGION-RF_rank98_region387_cIV,387,cIV,98
sigma,0.37244672698633097,0.10240184553319988,0.004536491430050904,472.78567918805965,736.3543257138921,1.016831116082101,4.691544239467121,copath_tau_mapt_REGION-RF_rank98_region387_cIV,387,cIV,98
u0,0.010548405786005204,0.006322741231670953,0.00020679326560628787,716.1561160512728,557.6228048328774,1.0079131419487188,7.106556413869378,copath_tau_mapt_REGION-RF_rank98_region387_cIV,387,cIV,98
alpha,1.8413230201200737,0.531114772226751,0.012453716081276555,1720.055185752959,1587.7434965842092,1.001848144721576,15.623372412488841,copath_tau_mapt_REGION-RF_rank142_region388_cPa4,388,cPa4,142
beta,0.43549368178159986,0.08409402691681389,0.0023259787093458982,1395.7257794047387,1410.2523842662254,1.001841390438646,12.677467454514181,copath_tau_mapt_REGION-RF_rank142_region388_cPa4,388,cPa4,142
gamma,0.12047748705882894,0.06554242898118924,0.0017153931949224993,1292.358336122812,1041.292595312018,1.0025266351479243,11.738574286959553,copath_tau_mapt_REGION-RF_rank142_region388_cPa4,388,cPa4,142
sigma,0.10852312659443586,0.023715778776916538,0.0005144205943433529,2363.1957890923877,2274.585414900435,1.000283175551076,21.4650600762286,copath_tau_mapt_REGION-RF_rank142_region388_cPa4,388,cPa4,142
u0,0.012566857339541698,0.006090912307068594,0.000126146097786027,1846.6158589943916,1504.3480672839564,1.0018591596920865,16.77293118665145,copath_tau_mapt_REGION-RF_rank142_region388_cPa4,388,cPa4,142
alpha,0.818096868027909,0.6028559894685368,0.011163881150636771,1829.453296322609,1126.603882591598,1.0013631702011971,25.435215309103928,copath_tau_mapt_REGION-RF_rank1_region389_cVTN,389,cVTN,406
beta,0.03244382746592671,0.9924895640410663,0.018196620381956706,2989.0656129082627,2210.6783559623864,1.002934859651183,41.557512066683294,copath_tau_mapt_REGION-RF_rank1_region389_cVTN,389,cVTN,406
gamma,0.07941856467496974,0.06125252846892164,0.0012022911559714084,1647.014589279638,1030.7677410920023,1.0015149660793903,22.89873744236629,copath_tau_mapt_REGION-RF_rank1_region389_cVTN,389,cVTN,406
sigma,1.6954725403090152,2.0954210825592936,0.0426367636726942,2783.8875637023716,2227.373435938068,1.0019196025039192,38.704885072190464,copath_tau_mapt_REGION-RF_rank1_region389_cVTN,389,cVTN,406
u0,0.008064214344342456,0.005938534481105194,9.89350568133655e-5,2574.239460210237,1490.0057152493882,1.0008836033829316,35.79011011609484,copath_tau_mapt_REGION-RF_rank1_region389_cVTN,389,cVTN,406
alpha,1.2140415913302591,0.38565423395551063,0.010971549969032504,1119.8172226654422,1282.8922100215536,1.0013076817226874,8.619216467433612,copath_tau_mapt_REGION-RF_rank59_region390_cAT,390,cAT,59
beta,0.7889866379629265,0.15281392329786728,0.004672982946617262,1244.6241594670694,1031.4019805750768,1.0019500318573562,9.579853599241611,copath_tau_mapt_REGION-RF_rank59_region390_cAT,390,cAT,59
gamma,0.07170627239628849,0.05524446409862934,0.0015017224286369478,1156.802289092241,894.0774937583552,1.0037412680317812,8.903889972308102,copath_tau_mapt_REGION-RF_rank59_region390_cAT,390,cAT,59
sigma,0.19454868419737445,0.03856372092494028,0.000837848917180648,2099.499650669536,2348.587395881119,1.0001880162681738,16.159817509636905,copath_tau_mapt_REGION-RF_rank59_region390_cAT,390,cAT,59
u0,0.009803501475912817,0.006051271819522085,0.0001379605789491508,1409.6640400157917,716.9960063984093,1.0013081247312243,10.850163099235626,copath_tau_mapt_REGION-RF_rank59_region390_cAT,390,cAT,59
alpha,0.9515757505760303,0.6855094510887243,0.02479132415549914,718.8601265607019,767.1456501664243,1.0042914710868291,3.9789012252346954,copath_tau_mapt_REGION-RF_rank279_region391_cLT,391,cLT,279
beta,0.4895284634960954,0.5037475241271849,0.028521843999515406,513.5099037520597,270.3677214157249,1.0173562845653938,2.842284764053732,copath_tau_mapt_REGION-RF_rank279_region391_cLT,391,cLT,279
gamma,0.08759786835120627,0.06537628380129681,0.0015332235099766623,1250.362161552881,726.819955742365,1.0028902084454687,6.920772696619661,copath_tau_mapt_REGION-RF_rank279_region391_cLT,391,cLT,279
sigma,0.12160444487328291,0.029567747218920706,0.0012109345123908683,588.0086745555996,511.55960421342814,1.0030607622473007,3.2546365408129803,copath_tau_mapt_REGION-RF_rank279_region391_cLT,391,cLT,279
u0,0.013187268635963825,0.00679967084980725,0.0001828686899890991,1137.7649049437089,850.9840803027861,1.003161086816602,6.297545248431979,copath_tau_mapt_REGION-RF_rank279_region391_cLT,391,cLT,279
alpha,0.6933480195272047,0.5908612171193965,0.015728912991076104,1061.5179291531035,1140.1700871970245,1.0022948166810608,10.201017962263151,copath_tau_mapt_REGION-RF_rank203_region392_cDT,392,cDT,203
beta,-0.13863284165743173,0.8318590101107967,0.02644152357009862,999.1379663192247,1480.6454050346774,1.003014012220958,9.601556470490339,copath_tau_mapt_REGION-RF_rank203_region392_cDT,392,cDT,203
gamma,0.07966601986415356,0.0606957565886066,0.0017189498819660167,903.2769607068833,619.0629236614874,1.0070207748319913,8.680347498624672,copath_tau_mapt_REGION-RF_rank203_region392_cDT,392,cDT,203
sigma,0.16713122961445046,0.044527818395337294,0.0013478651583023438,873.4276960374949,605.3049465762606,1.001584983411453,8.393500826806601,copath_tau_mapt_REGION-RF_rank203_region392_cDT,392,cDT,203
u0,0.008855308473740284,0.006467356870204447,0.00017879952919496573,1014.0286303258179,850.1888244972421,1.0026973519741116,9.744653376185065,copath_tau_mapt_REGION-RF_rank203_region392_cDT,392,cDT,203
alpha,0.8139373263615617,0.42987421526527086,0.01365348537151052,607.2710864302567,616.115488355576,1.0071979689462487,4.5979957026058065,copath_tau_mapt_REGION-RF_rank54_region393_cMT,393,cMT,54
beta,0.9351014727315872,0.45583670725631364,0.02590865762431272,430.08884099494713,335.4945964468589,1.0080904089214007,3.2564478810578024,copath_tau_mapt_REGION-RF_rank54_region393_cMT,393,cMT,54
gamma,0.07486092318713568,0.057513135882025224,0.0016142705299781509,856.0669288859326,720.9661546993544,1.0126526060805974,6.481770906134733,copath_tau_mapt_REGION-RF_rank54_region393_cMT,393,cMT,54
sigma,0.39263965090685754,0.08791662526689192,0.0034615261151478495,685.0920953232528,873.2285225296811,1.0098774466872047,5.187222939762501,copath_tau_mapt_REGION-RF_rank54_region393_cMT,393,cMT,54
u0,0.008091392446383799,0.005904204951780057,0.00015860974196695723,936.6500344063287,958.4521895101216,1.0024423897509742,7.091911551992675,copath_tau_mapt_REGION-RF_rank54_region393_cMT,393,cMT,54
alpha,0.7961788795800837,0.5972005934974258,0.011198119091151076,1775.202726009449,1360.3574703228346,1.000571016803884,25.694061745686046,copath_tau_mapt_REGION-RF_rank1_region394_cSNc,394,cSNc,407
beta,-0.00015678067190905053,1.0177685036023438,0.01916265374157379,2802.881389223714,2460.633188802864,1.001210545362042,40.568553903947226,copath_tau_mapt_REGION-RF_rank1_region394_cSNc,394,cSNc,407
gamma,0.07980292118373558,0.06052483429611018,0.0011569444704604961,1876.4661648408862,1300.5216923259734,1.000734854000161,27.15973606659265,copath_tau_mapt_REGION-RF_rank1_region394_cSNc,394,cSNc,407
sigma,1.6743457071739312,2.3239733459543737,0.04787939085074804,2782.565826231963,2301.660525701945,1.0004619443566285,40.27450899163356,copath_tau_mapt_REGION-RF_rank1_region394_cSNc,394,cSNc,407
u0,0.008076407144195196,0.006022950313672792,0.00011299539664950519,1849.1049155154035,1188.241196756094,1.0006602883592883,26.763712773417332,copath_tau_mapt_REGION-RF_rank1_region394_cSNc,394,cSNc,407
alpha,1.7574221814504736,0.5311690747910291,0.013352455974593492,1503.7319161015746,1498.7386149055878,1.0040117346274706,13.899505630133053,copath_tau_mapt_REGION-RF_rank139_region395_cPPN,395,cPPN,139
beta,0.4527219342148659,0.08848772656999054,0.0024029785017980147,1529.5738016488765,1351.6704191161525,1.0032539651332786,14.138370968968964,copath_tau_mapt_REGION-RF_rank139_region395_cPPN,395,cPPN,139
gamma,0.11016624331970949,0.06450624423321426,0.0014854093648146527,1751.973782116523,1498.2146757873807,1.0054067926318935,16.19408964299006,copath_tau_mapt_REGION-RF_rank139_region395_cPPN,395,cPPN,139
sigma,0.1154422731396783,0.02538686564475713,0.0005875791910131184,1787.5965101007614,1317.3223121654976,1.0024244007270813,16.523362635653054,copath_tau_mapt_REGION-RF_rank139_region395_cPPN,395,cPPN,139
u0,0.013213879809627238,0.006381503795822908,0.000137101673388287,1835.221292031171,1282.4618573018072,0.9999485290793029,16.963574695720066,copath_tau_mapt_REGION-RF_rank139_region395_cPPN,395,cPPN,139
alpha,1.032757536337158,0.4359297703151713,0.010789690192988359,1425.3180647848005,1308.8096455162843,1.0002139245442159,12.787594448145994,copath_tau_mapt_REGION-RF_rank39_region396_cIF,396,cIF,39
beta,0.935742546183663,0.23799127215122556,0.006607974248506284,1575.3055919937924,1347.836403238613,1.0011443356676986,14.133244740257062,copath_tau_mapt_REGION-RF_rank39_region396_cIF,396,cIF,39
gamma,0.07131210063135225,0.05430308419477855,0.001253146802012639,1241.6855961641072,747.498547787844,1.0006205954050325,11.14009022136987,copath_tau_mapt_REGION-RF_rank39_region396_cIF,396,cIF,39
sigma,0.3679339018084573,0.07202497870957877,0.0015710361172600914,2023.1097186113861,1186.582918244477,1.003142485722361,18.150830502250887,copath_tau_mapt_REGION-RF_rank39_region396_cIF,396,cIF,39
u0,0.009555977556175778,0.006225755562926306,0.0001346387736308412,1535.0700553637075,925.9978737660026,1.0013996574746027,13.772261646349016,copath_tau_mapt_REGION-RF_rank39_region396_cIF,396,cIF,39
alpha,1.1763608136278494,0.47482119783329885,0.012937169284317518,1078.5014631341355,631.5318312346366,1.0036661652642354,9.452330547455592,copath_tau_mapt_REGION-RF_rank77_region397_cIPN,397,cIPN,77
beta,0.7425391306921868,0.21779121874872048,0.008280527796707564,1089.1480640006998,585.7256111946051,1.0041540227275616,9.545640750582388,copath_tau_mapt_REGION-RF_rank77_region397_cIPN,397,cIPN,77
gamma,0.0809835571059584,0.05870847987856413,0.0012338394758407629,1736.5890248172147,1088.180322930837,1.003811164882902,15.220019674293505,copath_tau_mapt_REGION-RF_rank77_region397_cIPN,397,cIPN,77
sigma,0.2572245304956725,0.051670008555351955,0.001271315883670325,1762.3756342588788,2025.6041139411175,1.0010448205416755,15.446021737779287,copath_tau_mapt_REGION-RF_rank77_region397_cIPN,397,cIPN,77
u0,0.010686742732390994,0.006230585653881387,0.00014779050219670964,1383.4863694852195,968.4655848611183,1.0026260244673697,12.12531546714011,copath_tau_mapt_REGION-RF_rank77_region397_cIPN,397,cIPN,77
alpha,1.10903312486673,0.5505636717105202,0.016591289461650182,897.8304388125035,617.0908477892362,1.0040250546129326,4.977494144588052,copath_tau_mapt_REGION-RF_rank147_region398_cRL,398,cRL,147
beta,0.5596487296193754,0.27585349934884335,0.011905430915631511,897.7765135156029,615.2729515665583,1.003618654076462,4.977195187415333,copath_tau_mapt_REGION-RF_rank147_region398_cRL,398,cRL,147
gamma,0.08647604546990603,0.06243329235270742,0.0016578807997065458,1028.7707907893866,757.5864482172985,1.0042408477072733,5.703416108335754,copath_tau_mapt_REGION-RF_rank147_region398_cRL,398,cRL,147
sigma,0.10888308183384678,0.02339002754055574,0.0005835412238441516,1073.7944183617826,322.77748841538556,1.0037914199130988,5.953023197739096,copath_tau_mapt_REGION-RF_rank147_region398_cRL,398,cRL,147
u0,0.013219718458182995,0.00641936522146238,0.00015058278259960482,1609.5296148385107,1149.5464951547624,1.0012491245999142,8.923092698879636,copath_tau_mapt_REGION-RF_rank147_region398_cRL,398,cRL,147
alpha,0.877309331713661,0.5878828752961324,0.020171674302384774,724.3271109959755,858.7225862583392,1.0056142002670576,6.959464161455596,copath_tau_mapt_REGION-RF_rank116_region399_cCLI,399,cCLI,116
beta,0.33404451089922027,0.8037829773959451,0.03210381330197969,608.9883307622418,615.6722574343252,1.0153644814251006,5.851268575128671,copath_tau_mapt_REGION-RF_rank116_region399_cCLI,399,cCLI,116
gamma,0.08677670212425746,0.062494590490570066,0.002506927336051523,614.4003967705219,870.1691362685264,1.008623059497462,5.903268671290012,copath_tau_mapt_REGION-RF_rank116_region399_cCLI,399,cCLI,116
sigma,0.41355858524795325,0.15471638043986874,0.009177925248821288,156.73182344512173,63.451265961802946,1.0274425151016728,1.5059073333953548,copath_tau_mapt_REGION-RF_rank116_region399_cCLI,399,cCLI,116
u0,0.00902339164509481,0.006146225849151723,0.0002214392200302169,651.7136253290199,579.220500652774,1.0046570572634506,6.26178083100194,copath_tau_mapt_REGION-RF_rank116_region399_cCLI,399,cCLI,116
alpha,1.4058842442768342,0.47541290875558806,0.01210308599543809,1457.5077734052209,1398.8179867843153,1.003818176992673,13.842793934896198,copath_tau_mapt_REGION-RF_rank87_region400_cDR,400,cDR,87
beta,0.6602183219743814,0.15327485925319886,0.0040937695128961645,1553.5653509423046,1424.3185609522527,1.0021715529892739,14.755108281340151,copath_tau_mapt_REGION-RF_rank87_region400_cDR,400,cDR,87
gamma,0.09111181984994761,0.05965513808081599,0.0013941445662132505,1453.0854431184157,985.3121399375063,1.0025983214367904,13.800792507535526,copath_tau_mapt_REGION-RF_rank87_region400_cDR,400,cDR,87
sigma,0.23432839600032163,0.04940720442651506,0.0012782257798966113,1601.2293443729664,1319.427132226216,1.001758967793268,15.207800782343682,copath_tau_mapt_REGION-RF_rank87_region400_cDR,400,cDR,87
u0,0.009834749189889547,0.006128413514691078,0.00013747106384007522,1410.91625537943,846.8563333731826,1.0010307306473993,13.400287352829611,copath_tau_mapt_REGION-RF_rank87_region400_cDR,400,cDR,87
alpha,1.4897221840369221,0.6610901875572557,0.018153412911952046,1189.7259822188519,902.1632371310606,1.001385795383937,6.394829112412868,copath_tau_mapt_REGION-RF_rank225_region401_cNLL,401,cNLL,225
beta,0.3677000430128978,0.16554344556064673,0.006013664400124395,1114.3129136128634,809.3646852192076,1.0015785929886938,5.989480575198815,copath_tau_mapt_REGION-RF_rank225_region401_cNLL,401,cNLL,225
gamma,0.10502864437890408,0.0665880773625127,0.001558973218960371,1392.11897042107,877.8039233238212,1.0023567516311294,7.482700262952887,copath_tau_mapt_REGION-RF_rank225_region401_cNLL,401,cNLL,225
sigma,0.06762067103335559,0.015207560336383603,0.00040223363575459247,1465.744123994324,1595.827295986571,1.0020920858306512,7.878438678783756,copath_tau_mapt_REGION-RF_rank225_region401_cNLL,401,cNLL,225
u0,0.018508662536506456,0.0071687998666101075,0.00018281600198937175,1424.759483446509,1127.3712868357304,1.0016165724733122,7.65814444594861,copath_tau_mapt_REGION-RF_rank225_region401_cNLL,401,cNLL,225
alpha,0.7867868819507862,0.6144301003765582,0.011853402977114897,1691.5679422136377,1173.1706224047489,1.0008263586542243,24.695864608351403,copath_tau_mapt_REGION-RF_rank1_region402_cPSV,402,cPSV,408
beta,-0.024421574126677878,1.010768948872398,0.01957542195970296,2663.760406014861,2259.963935147735,1.0016716958967082,38.889284133597016,copath_tau_mapt_REGION-RF_rank1_region402_cPSV,402,cPSV,408
gamma,0.0810381696404,0.06013167664688457,0.0011486382226744804,1780.7135374633501,1277.282793890748,1.0012128784820582,25.99733615778075,copath_tau_mapt_REGION-RF_rank1_region402_cPSV,402,cPSV,408
sigma,1.6614067462082829,2.300392961264498,0.047816124596253264,2641.4971071524487,2441.726443654983,1.0001461786308037,38.56425349148051,copath_tau_mapt_REGION-RF_rank1_region402_cPSV,402,cPSV,408
u0,0.008087976429026613,0.006062731230912689,0.00011455265158576279,1632.675819822797,725.2968823904557,1.0027826669022892,23.83607538867667,copath_tau_mapt_REGION-RF_rank1_region402_cPSV,402,cPSV,408
alpha,0.7209842612808703,0.5714544456645262,0.011010704229664582,1916.235918842406,1548.8892021949655,1.0018555007978396,26.83916577506626,copath_tau_mapt_REGION-RF_rank362_region403_cSOC,403,cSOC,362
beta,-0.18135426601675947,0.9356423464018724,0.02209544725314324,1801.5142248451573,1718.553303310167,1.0011516685235768,25.232351847348728,copath_tau_mapt_REGION-RF_rank362_region403_cSOC,403,cSOC,362
gamma,0.08212010213429549,0.06193922442746666,0.0011636975645721763,2004.9710470324214,1765.2476085668222,1.0006333446825129,28.08200690550613,copath_tau_mapt_REGION-RF_rank362_region403_cSOC,403,cSOC,362
sigma,0.2407307561388921,0.29222478235125354,0.0060934142545942685,2239.309539529947,1791.3269297548882,1.0018062165697343,31.364196528284758,copath_tau_mapt_REGION-RF_rank362_region403_cSOC,403,cSOC,362
u0,0.007409776939123353,0.0056917433074196565,0.00011332071793406939,1691.4922905645692,1121.3714457803842,1.0012452747668665,23.69136365063755,copath_tau_mapt_REGION-RF_rank362_region403_cSOC,403,cSOC,362
alpha,1.1776147629891298,0.6093722517056158,0.022357460844912497,621.132467563301,543.3953282371699,1.0038455372336632,2.7747089301704273,copath_tau_mapt_REGION-RF_rank223_region404_cPG,404,cPG,223
beta,0.44601526929050833,0.260297574319277,0.013381265315791174,609.3231498430167,547.05977699863,1.0060675997515371,2.7219546127762024,copath_tau_mapt_REGION-RF_rank223_region404_cPG,404,cPG,223
gamma,0.09202282729953122,0.06518559754112346,0.0016081077082134515,1076.154391019144,770.9366285830147,1.0016792362552793,4.807372589484908,copath_tau_mapt_REGION-RF_rank223_region404_cPG,404,cPG,223
sigma,0.05783349196306767,0.01281538439746634,0.0003518485983892983,1343.1238361228902,1514.9199210764455,1.0034063084139335,5.999972464867393,copath_tau_mapt_REGION-RF_rank223_region404_cPG,404,cPG,223
u0,0.016215468894726782,0.006336435672711903,0.00016907519400830386,1300.2642274476004,1299.5230178634686,1.0038561279911433,5.80851098902236,copath_tau_mapt_REGION-RF_rank223_region404_cPG,404,cPG,223
alpha,0.7936307965810611,0.6162820300877463,0.010954016356728115,1935.6626828286967,1270.3166171734724,1.0008299685524265,26.866665965670975,copath_tau_mapt_REGION-RF_rank1_region405_cSUT,405,cSUT,409
beta,-0.014192807645882285,0.9932200014039879,0.018304274555034535,2938.796095161708,2524.459269292999,1.000054628170385,40.789985636622035,copath_tau_mapt_REGION-RF_rank1_region405_cSUT,405,cSUT,409
gamma,0.07837980074457682,0.05886810170043324,0.0012041653700187033,1569.4925215128087,1080.599208542535,1.0070122128027381,21.784286944811146,copath_tau_mapt_REGION-RF_rank1_region405_cSUT,405,cSUT,409
sigma,1.6618982983514112,2.1230635889063785,0.04317586642196768,2802.784895857776,2095.92163848487,1.0004504487660097,38.90217352364118,copath_tau_mapt_REGION-RF_rank1_region405_cSUT,405,cSUT,409
u0,0.007955169082282467,0.0061250046119807324,0.00012049696590404505,1655.522376824021,956.0876863396427,1.002534346489969,22.978366577706513,copath_tau_mapt_REGION-RF_rank1_region405_cSUT,405,cSUT,409
alpha,1.9024954396643698,0.5224679128606552,0.014734812388822254,1189.0405315097082,1120.5818135268808,1.001688902794882,8.930887736857308,copath_tau_mapt_REGION-RF_rank179_region406_cTRN,406,cTRN,179
beta,0.3699189984254053,0.06808089897567011,0.0022251272971416467,1103.5008692953766,1011.0632628209739,1.0026746742052184,8.288399024285903,copath_tau_mapt_REGION-RF_rank179_region406_cTRN,406,cTRN,179
gamma,0.12385111265664245,0.06375987743974544,0.0016876751539879574,1408.2161164710787,1643.6505736406452,1.0022048063326197,10.577116348984353,copath_tau_mapt_REGION-RF_rank179_region406_cTRN,406,cTRN,179
sigma,0.062163087692219864,0.013948965947619425,0.0003852264222363399,1342.3774687220252,1325.0608615809192,1.0030209768662162,10.082602027385308,copath_tau_mapt_REGION-RF_rank179_region406_cTRN,406,cTRN,179
u0,0.014106527080988415,0.0062450080301399225,0.00014389813043744112,1755.465281403303,1549.3313987606039,1.0008256662310526,13.185306083937741,copath_tau_mapt_REGION-RF_rank179_region406_cTRN,406,cTRN,179
alpha,0.8046228605171023,0.6028068917900055,0.012492055089111265,1508.0402175982586,784.6170268025605,1.001063963162766,20.950822695168913,copath_tau_mapt_REGION-RF_rank1_region407_cP5,407,cP5,410
beta,-0.01133772291679538,0.9747489387691687,0.019096048679910792,2598.5499574378696,2443.4075723931173,1.0062646624192653,36.100999686550004,copath_tau_mapt_REGION-RF_rank1_region407_cP5,407,cP5,410
gamma,0.08058040009728089,0.061176187290728753,0.0012648513770810135,1559.5483793252952,1188.0579288601384,1.001320645761449,21.666412605241664,copath_tau_mapt_REGION-RF_rank1_region407_cP5,407,cP5,410
sigma,1.6850432452554482,2.4472853014977876,0.05190499720658014,2634.5622750073862,2059.735478793078,1.000956066787599,36.60130973891895,copath_tau_mapt_REGION-RF_rank1_region407_cP5,407,cP5,410
u0,0.00802940781496262,0.006021929909717479,0.00012428044280218494,1635.8174149399683,1274.0969488058654,1.0013246442102814,22.725999096137375,copath_tau_mapt_REGION-RF_rank1_region407_cP5,407,cP5,410
alpha,0.7992835585470051,0.6034424097265554,0.012441074474862406,1487.5964094350327,927.723634971231,1.0002725922226434,21.737362598597684,copath_tau_mapt_REGION-RF_rank1_region408_cPC5,408,cPC5,411
beta,-0.009117667343099623,1.0008832244148862,0.018792650792555737,2827.4877322588277,2401.564993979206,1.0013499365217233,41.31639851331669,copath_tau_mapt_REGION-RF_rank1_region408_cPC5,408,cPC5,411
gamma,0.07906954141830207,0.059414514285733994,0.0011071612763398167,2042.3982051877165,1365.6563130060122,1.0011258680650692,29.844351650291756,copath_tau_mapt_REGION-RF_rank1_region408_cPC5,408,cPC5,411
sigma,1.661919046367331,2.136487422352583,0.04164085986791118,3252.850104833805,2559.2188201128192,1.001174671763141,47.531966169851756,copath_tau_mapt_REGION-RF_rank1_region408_cPC5,408,cPC5,411
u0,0.0077863597335293576,0.006107173050793224,0.0001244571295802582,1439.7609756453628,885.7412522044154,1.0029913161156845,21.038371822099258,copath_tau_mapt_REGION-RF_rank1_region408_cPC5,408,cPC5,411
alpha,1.359416146816456,0.41770742683821704,0.011446984228187898,1270.8188644499685,1470.7054540452737,1.0039004261833362,10.841036865205364,copath_tau_mapt_REGION-RF_rank57_region409_cCS,409,cCS,57
beta,0.8063923987491596,0.1338733834326743,0.0037931850747069057,1328.9156273514022,1355.6328453222,1.0021495441032524,11.336645772172716,copath_tau_mapt_REGION-RF_rank57_region409_cCS,409,cCS,57
gamma,0.07111542318728596,0.05093176123218007,0.0013645586352078933,1272.268832087378,1191.05814460873,1.0017413206081023,10.853406175301588,copath_tau_mapt_REGION-RF_rank57_region409_cCS,409,cCS,57
sigma,0.1956577416823776,0.03960398978269929,0.0008625211344563483,2193.5367761281414,2235.763406988543,1.0011162320146179,18.712511846038247,copath_tau_mapt_REGION-RF_rank57_region409_cCS,409,cCS,57
u0,0.010028313198348989,0.0060190177590882295,0.00012993279821054841,1776.822966763032,1211.489969245657,1.0039952330787496,15.157630898057821,copath_tau_mapt_REGION-RF_rank57_region409_cCS,409,cCS,57
alpha,1.5032532310001279,0.5963721350251862,0.02398943318577751,488.7049498189894,162.74675927762075,1.0045685630538725,3.280185182727281,copath_tau_mapt_REGION-RF_rank172_region410_cPRNr,410,cPRNr,172
beta,0.4091878918769143,0.16798938211365033,0.01456087996494401,492.4653290338922,150.11521574342171,1.0045471617746609,3.3054248292394117,copath_tau_mapt_REGION-RF_rank172_region410_cPRNr,410,cPRNr,172
gamma,0.09864383931909965,0.06307008511017809,0.0016329399324867796,911.7107973379257,404.28906053187325,1.0058561323134811,6.119398318899808,copath_tau_mapt_REGION-RF_rank172_region410_cPRNr,410,cPRNr,172
sigma,0.07556749335229661,0.016896333939925425,0.0005124505481214018,1159.6026712546093,1100.4325067559423,1.0011578360375282,7.783247338724918,copath_tau_mapt_REGION-RF_rank172_region410_cPRNr,410,cPRNr,172
u0,0.016764057430653997,0.006699611651530106,0.0001735367991788655,1420.7936753046856,1326.9299879097407,1.000954580073031,9.536360053593171,copath_tau_mapt_REGION-RF_rank172_region410_cPRNr,410,cPRNr,172
alpha,0.7999361647650706,0.6075326074861739,0.010526847660405722,2102.4833259987354,1269.5611592524067,1.000690827459066,30.18380794186768,copath_tau_mapt_REGION-RF_rank1_region411_cNTB,411,cNTB,412
beta,0.023283819896672397,1.003909951433874,0.017923574352747846,3137.6366417026043,2448.6879940699646,1.0005359450129911,45.04474333442351,copath_tau_mapt_REGION-RF_rank1_region411_cNTB,411,cNTB,412
gamma,0.08029432741943193,0.061690003706763676,0.0011604757693059666,1886.1334904648302,1557.4099035850134,1.0008469195970922,27.077832354209686,copath_tau_mapt_REGION-RF_rank1_region411_cNTB,411,cNTB,412
sigma,1.6626538387789065,2.108198195347319,0.04506944164974289,2727.2812030350015,2290.7022242466523,1.0001554909088364,39.153571882321714,copath_tau_mapt_REGION-RF_rank1_region411_cNTB,411,cNTB,412
u0,0.008029120239912601,0.006105431672451712,0.00011776281801840489,1691.7453005761008,1279.5659369899035,1.0011887824118835,24.287143972896818,copath_tau_mapt_REGION-RF_rank1_region411_cNTB,411,cNTB,412
alpha,0.8677475730079093,0.6165493945955156,0.024995771243030287,587.5613475847333,762.0753177019636,1.0083424454247332,2.8868395850496156,copath_tau_mapt_REGION-RF_rank285_region412_cCB,412,cCB,285
beta,0.5662811040384156,0.47069771237108354,0.017384808958171814,635.4265927537309,672.0977693264218,1.0072629183491288,3.122013809953918,copath_tau_mapt_REGION-RF_rank285_region412_cCB,412,cCB,285
gamma,0.08208699442709745,0.0638973140910658,0.0017719086824789585,881.9568504105988,854.2764343469496,1.001521342291231,4.333280190293364,copath_tau_mapt_REGION-RF_rank285_region412_cCB,412,cCB,285
sigma,0.10786551868579536,0.02410055106040114,0.0007985016355007426,902.5519037430781,964.1483339995514,1.0082760229579468,4.434468969066521,copath_tau_mapt_REGION-RF_rank285_region412_cCB,412,cCB,285
u0,0.012745887973676923,0.006436000245605064,0.00017972090992459896,1068.695634042179,924.1847457877723,1.0064949094178628,5.250775724789733,copath_tau_mapt_REGION-RF_rank285_region412_cCB,412,cCB,285
