node,region_base,total_cells_est,count_Chol,count_Dopa,count_GABA,count_GABA-Glyc,count_Glut,count_Glut-GABA,count_Hist,count_Nora,count_Sero,count_Unknown,frac_Chol,frac_Dopa,frac_GABA,frac_GABA-Glyc,frac_Glut,frac_Glut-GABA,frac_Hist,frac_Nora,frac_Sero,frac_Unknown,frac_row_sum,share_Chol,share_Dopa,share_GABA,share_GABA-Glyc,share_Glut,share_Glut-GABA,share_Hist,share_Nora,share_Sero,share_Unknown
iFRP,FRP,981.7499999999999,0.0,0.0,283.76,0.0,697.99,0.0,0.0,0.0,0.0,0.0,0.0,0.0,0.28903488668194555,0.0,0.7109651133180546,0.0,0.0,0.0,0.0,0.0,1.0,0.0,0.0,0.0005329381347398171,0.0,0.0004646432879045481,0.0,0.0,0.0,0.0,0.0
iMOp,MOp,114589.44000000002,0.0,0.0,15429.670000000004,0.0,78717.34999999999,95.0,0.0,0.0,0.0,20347.42,0.0,0.0,0.13465176197736894,0.0,0.6869511710677701,0.000829046725422517,0.0,0.0,0.0,0.1775680202294382,0.9999999999999998,0.0,0.0,0.028978924265051158,0.0,0.05240116379766627,0.02098028736368334,0.0,0.0,0.0,0.053486062984709905
iMOs,MOs,125497.09,0.0,0.0,18442.700000000004,0.0,86227.85,133.0,0.0,0.0,0.0,20693.54,0.0,0.0,0.1469571923938635,0.0,0.6870904337303758,0.0010597855296883777,0.0,0.0,0.0,0.16489258834607243,1.0,0.0,0.0,0.03463778593729218,0.0,0.05740081051725697,0.02937240230915668,0.0,0.0,0.0,0.054395888216619795
iSSp-n,SSp-n,19045.06,0.0,0.0,2306.7000000000003,0.0,15414.029999999999,0.0,0.0,0.0,0.0,1324.33,0.0,0.0,0.12111802220628343,0.0,0.8093453105424713,0.0,0.0,0.0,0.0,0.0695366672512452,0.9999999999999999,0.0,0.0,0.004332282194122979,0.0,0.010260928636598434,0.0,0.0,0.0,0.0,0.0034811881699272377
iSSp-bfd,SSp-bfd,57948.96,0.0,0.0,7908.8,0.0,44606.28,38.0,0.0,0.0,0.0,5395.880000000001,0.0,0.0,0.13647872196498437,0.0,0.7697511741366886,0.0006557494733296336,0.0,0.0,0.0,0.09311435442499746,1.0,0.0,0.0,0.014853753594693637,0.0,0.029693847476884895,0.008392114945473336,0.0,0.0,0.0,0.014183831539228883
iSSp-ll,SSp-ll,18222.059999999998,0.0,0.0,2465.3199999999997,0.0,15756.739999999998,0.0,0.0,0.0,0.0,0.0,0.0,0.0,0.13529315565858085,0.0,0.8647068443414191,0.0,0.0,0.0,0.0,0.0,1.0,0.0,0.0,0.004630191155683556,0.0,0.010489066433984883,0.0,0.0,0.0,0.0,0.0
iSSp-m,SSp-m,57151.170000000006,0.0,0.0,7385.84,0.0,41944.94,19.0,0.0,0.0,0.0,7801.39,0.0,0.0,0.12923339977116827,0.0,0.7339296815795722,0.00033245163659816583,0.0,0.0,0.0,0.13650446701266133,1.0,0.0,0.0,0.013871566792665392,0.0,0.027922226439575062,0.004196057472736668,0.0,0.0,0.0,0.020507053813617945
iSSp-ul,SSp-ul,31655.939999999995,0.0,0.0,4396.48,0.0,24582.93,38.0,0.0,0.0,0.0,2638.5300000000007,0.0,0.0,0.13888325540167185,0.0,0.7765661041813955,0.0012004066219483613,0.0,0.0,0.0,0.08335023379498448,1.0,0.0,0.0,0.008257160454683223,0.0,0.016364551671982912,0.008392114945473336,0.0,0.0,0.0,0.006935748206261368
iSSp-tr,SSp-tr,11396.08,0.0,0.0,1114.48,0.0,10271.940000000002,0.0,0.0,0.0,0.0,9.66,0.0,0.0,0.09779503127391173,0.0,0.9013573088290011,0.0,0.0,0.0,0.0,0.0008476598970874196,1.0000000000000002,0.0,0.0,0.0020931381886271196,0.0,0.006837903085657739,0.0,0.0,0.0,0.0,2.5392672310902205e-05
iSSp-un,SSp-un,3714.4600000000005,0.0,0.0,990.36,0.0,2724.1,0.0,0.0,0.0,0.0,0.0,0.0,0.0,0.26662287384976546,0.0,0.7333771261502343,0.0,0.0,0.0,0.0,0.0,0.9999999999999998,0.0,0.0,0.0018600247079254488,0.0,0.0018133995910840836,0.0,0.0,0.0,0.0,0.0
iSSs,SSs,78814.33,0.0,0.0,12171.09,0.0,56529.060000000005,38.0,0.0,0.0,0.0,10076.180000000002,0.0,0.0,0.15442737380372326,0.0,0.7172434251487008,0.00048214582297407085,0.0,0.0,0.0,0.12784705522460194,1.0,0.0,0.0,0.02285888780078391,0.0,0.03763069428008063,0.008392114945473336,0.0,0.0,0.0,0.026486660133091783
iGU,GU,9896.310000000005,0.0,0.0,1551.1799999999998,0.0,8322.050000000001,0.0,0.0,0.0,0.0,23.08,0.0,0.0,0.15674327097675791,0.0,0.8409245466239433,0.0,0.0,0.0,0.0,0.002332182399298323,0.9999999999999996,0.0,0.0,0.002913317507209295,0.0,0.005539885491348078,0.0,0.0,0.0,0.0,6.066903487946406e-05
iVISC,VISC,11420.800000000003,0.0,0.0,2151.83,0.0,9242.130000000001,0.0,0.0,0.0,0.0,26.84,0.0,0.0,0.1884132460072849,0.0,0.8092366559260296,0.0,0.0,0.0,0.0,0.0023500980666853453,0.9999999999999998,0.0,0.0,0.0040414162196122805,0.0,0.006152371338330438,0.0,0.0,0.0,0.0,7.055272513712373e-05
iAUDd,AUDd,5784.240000000001,0.0,0.0,704.88,0.0,5069.7,0.0,0.0,0.0,0.0,9.66,0.0,0.0,0.12186216339570971,0.0,0.8764677814198579,0.0,0.0,0.0,0.0,0.001670055184432181,0.9999999999999998,0.0,0.0,0.0013238561897920861,0.0,0.0033748364255787155,0.0,0.0,0.0,0.0,2.5392672310902205e-05
iAUDp,AUDp,15052.769999999999,0.0,0.0,1736.22,0.0,13280.050000000003,0.0,0.0,0.0,0.0,36.5,0.0,0.0,0.11534222604876047,0.0,0.8822329710744271,0.0,0.0,0.0,0.0,0.0024248028768127064,1.0000000000000002,0.0,0.0,0.0032608466601986375,0.0,0.008840364612009908,0.0,0.0,0.0,0.0,9.594539744802592e-05
iAUDpo,AUDpo,964.01,0.0,0.0,130.18,0.0,833.8299999999999,0.0,0.0,0.0,0.0,0.0,0.0,0.0,0.13504009294509395,0.0,0.864959907054906,0.0,0.0,0.0,0.0,0.0,1.0,0.0,0.0,0.000244494947774279,0.0,0.0005550702914847624,0.0,0.0,0.0,0.0,0.0
iAUDv,AUDv,14531.069999999996,0.0,0.0,2402.37,0.0,12115.279999999999,0.0,0.0,0.0,0.0,13.42,0.0,0.0,0.16532643501132405,0.0,0.8337500266669972,0.0,0.0,0.0,0.0,0.0009235383216789956,1.0000000000000002,0.0,0.0,0.00451196287973955,0.0,0.008064991666190366,0.0,0.0,0.0,0.0,3.527636256856186e-05
iVISal,VISal,758.36,0.0,0.0,41.790000000000006,0.0,716.57,0.0,0.0,0.0,0.0,0.0,0.0,0.0,0.05510575452291788,0.0,0.9448942454770822,0.0,0.0,0.0,0.0,0.0,1.0,0.0,0.0,7.848704768387709e-05,0.0,0.00047701176351203035,0.0,0.0,0.0,0.0,0.0
iVISam,VISam,10968.35,0.0,0.0,753.9100000000001,0.0,10214.44,0.0,0.0,0.0,0.0,0.0,0.0,0.0,0.06873504218957273,0.0,0.9312649578104273,0.0,0.0,0.0,0.0,0.0,1.0,0.0,0.0,0.0014159408978069341,0.0,0.00679962604865934,0.0,0.0,0.0,0.0,0.0
iVISl,VISl,14994.83,0.0,0.0,1118.65,0.0,13876.18,0.0,0.0,0.0,0.0,0.0,0.0,0.0,0.07460237962017575,0.0,0.9253976203798243,0.0,0.0,0.0,0.0,0.0,1.0,0.0,0.0,0.0021009699902265876,0.0,0.009237200960981294,0.0,0.0,0.0,0.0,0.0
iVISp,VISp,142986.01999999996,0.0,0.0,9032.079999999998,0.0,126781.53,0.0,0.0,0.0,0.0,7172.410000000001,0.0,0.0,0.06316757400478733,0.0,0.8866708087965525,0.0,0.0,0.0,0.0,0.05016161719866042,1.0000000000000002,0.0,0.0,0.016963419326264474,0.0,0.0843968924264948,0.0,0.0,0.0,0.0,0.01885369118110125
iVISpl,VISpl,5061.330000000001,0.0,0.0,575.0899999999999,0.0,4486.240000000001,0.0,0.0,0.0,0.0,0.0,0.0,0.0,0.113624284526004,0.0,0.886375715473996,0.0,0.0,0.0,0.0,0.0,1.0,0.0,0.0,0.0010800937126709946,0.0,0.0029864343384989763,0.0,0.0,0.0,0.0,0.0
iVISpm,VISpm,8754.47,0.0,0.0,585.24,0.0,8169.2300000000005,0.0,0.0,0.0,0.0,0.0,0.0,0.0,0.06685042041380004,0.0,0.9331495795862,0.0,0.0,0.0,0.0,0.0,1.0,0.0,0.0,0.0010991567309526734,0.0,0.005438155112320337,0.0,0.0,0.0,0.0,0.0
iVISli,VISli,3000.11,0.0,0.0,203.76,0.0,2796.3500000000004,0.0,0.0,0.0,0.0,0.0,0.0,0.0,0.06791750969131131,0.0,0.9320824903086887,0.0,0.0,0.0,0.0,0.0,1.0,0.0,0.0,0.0003826877443423497,0.0,0.0018614955201820705,0.0,0.0,0.0,0.0,0.0
iVISpor,VISpor,9236.590000000002,0.0,0.0,1256.98,0.0,7979.610000000001,0.0,0.0,0.0,0.0,0.0,0.0,0.0,0.13608701912718868,0.0,0.8639129808728112,0.0,0.0,0.0,0.0,0.0,0.9999999999999999,0.0,0.0,0.0023607716965226085,0.0,0.005311927429613622,0.0,0.0,0.0,0.0,0.0
iACAd,ACAd,28154.14,0.0,0.0,4068.65,0.0,21264.71,19.0,0.0,0.0,0.0,2801.7799999999997,0.0,0.0,0.14451338240130937,0.0,0.7552960239595313,0.0006748563443955312,0.0,0.0,0.0,0.09951573729476375,1.0,0.0,0.0,0.007641453136133201,0.0,0.014155653764003386,0.004196057472736668,0.0,0.0,0.0,0.007364873853751509
iACAv,ACAv,30837.89,0.0,0.0,4000.88,0.0,25732.25,0.0,0.0,0.0,0.0,1104.76,0.0,0.0,0.12973909693562044,0.0,0.8344361433288724,0.0,0.0,0.0,0.0,0.035824759735507195,1.0,0.0,0.0,0.007514172274167747,0.0,0.017129639744382884,0.0,0.0,0.0,0.0,0.0029040174598542775
iPL,PL,20894.550000000003,0.0,0.0,3407.93,0.0,17188.28,38.0,0.0,0.0,0.0,260.34000000000003,0.0,0.0,0.1631013828964969,0.0,0.8226202526496142,0.0018186560610302684,0.0,0.0,0.0,0.012459708392858425,0.9999999999999998,0.0,0.0,0.006400535161840517,0.0,0.01144202486084899,0.008392114945473336,0.0,0.0,0.0,0.0006843404047018924
iILA,ILA,6137.1,0.0,0.0,896.9,0.0,5030.339999999999,0.0,0.0,0.0,0.0,209.86,0.0,0.0,0.1461439442081765,0.0,0.8196607518208925,0.0,0.0,0.0,0.0,0.034195303970930895,0.9999999999999998,0.0,0.0,0.0016844946893436073,0.0,0.003348634961643812,0.0,0.0,0.0,0.0,0.0005516466057107595
iORBl,ORBl,18775.489999999998,0.0,0.0,2419.31,0.0,13673.619999999999,0.0,0.0,0.0,0.0,2682.5600000000004,0.0,0.0,0.12885469300668054,0.0,0.7282696749858459,0.0,0.0,0.0,0.0,0.1428756320074736,1.0,0.0,0.0,0.004543778399906213,0.0,0.009102359280730938,0.0,0.0,0.0,0.0,0.007051487270634971
iORBm,ORBm,9464.890000000001,0.0,0.0,1306.23,0.0,8049.680000000001,19.0,0.0,0.0,0.0,89.98,0.0,0.0,0.13800794304001418,0.0,0.8504779242019718,0.0020074189980020894,0.0,0.0,0.0,0.009506713760012001,1.0,0.0,0.0,0.0024532695931110495,0.0,0.0053585721597436695,0.004196057472736668,0.0,0.0,0.0,0.00023652511951707873
iORBvl,ORBvl,13328.289999999997,0.0,0.0,1880.53,0.0,10108.640000000001,19.0,0.0,0.0,0.0,1320.1200000000001,0.0,0.0,0.14109311847206207,0.0,0.7584348779926009,0.0014255392102062608,0.0,0.0,0.0,0.099046464325131,1.0000000000000002,0.0,0.0,0.003531879583176869,0.0,0.006729196300582289,0.004196057472736668,0.0,0.0,0.0,0.0034701215912078904
iAId,AId,24245.39,0.0,0.0,4005.12,0.0,16252.15,0.0,0.0,0.0,0.0,3988.12,0.0,0.0,0.165190990947145,0.0,0.670319182327032,0.0,0.0,0.0,0.0,0.16448982672582294,0.9999999999999999,0.0,0.0,0.007522135544858812,0.0,0.010818854727887078,0.0,0.0,0.0,0.0,0.010483335848504688
iAIp,AIp,5828.450000000001,0.0,0.0,1411.3399999999997,0.0,4365.6900000000005,38.0,0.0,0.0,0.0,13.42,0.0,0.0,0.24214671138982055,0.0,0.7490310459899288,0.006519743671130403,0.0,0.0,0.0,0.0023024989491202633,1.0,0.0,0.0,0.0026506798247945213,0.0,0.0029061856983223357,0.008392114945473336,0.0,0.0,0.0,3.527636256856186e-05
iAIv,AIv,3867.56,0.0,0.0,880.0100000000001,0.0,2959.48,1.68,0.0,0.0,0.0,26.389999999999997,0.0,0.0,0.22753622438953763,0.0,0.7652059696552865,0.00043438240130728415,0.0,0.0,0.0,0.0068234235538685885,1.0000000000000002,0.0,0.0,0.0016527730756709423,0.0,0.001970089138365524,0.00037101981864197907,0.0,0.0,0.0,6.936983667543573e-05
iRSPagl,RSPagl,27780.109999999997,0.0,0.0,2839.1200000000003,0.0,24925.64,0.0,0.0,0.0,0.0,15.35,0.0,0.0,0.10219973930988757,0.0,0.8972477070825134,0.0,0.0,0.0,0.0,0.000552553607599106,1.0000000000000002,0.0,0.0,0.005332236104815724,0.0,0.01659268946936936,0.0,0.0,0.0,0.0,4.034963974869035e-05
iRSPd,RSPd,36710.92,0.0,0.0,4418.790000000001,0.0,29635.049999999996,19.0,0.0,0.0,0.0,2638.0800000000004,0.0,0.0,0.12036718229889093,0.0,0.807254353745425,0.0005175571737237858,0.0,0.0,0.0,0.07186090678196026,0.9999999999999999,0.0,0.0,0.00829906153230532,0.0,0.019727685309554117,0.004196057472736668,0.0,0.0,0.0,0.006934565317799679
iRSPv,RSPv,54113.43999999999,0.0,0.0,4532.260000000001,0.0,48121.880000000005,0.0,0.0,0.0,0.0,1459.3000000000002,0.0,0.0,0.0837547936335225,0.0,0.8892777838555452,0.0,0.0,0.0,0.0,0.0269674225109326,1.0000000000000004,0.0,0.0,0.008512172929785327,0.0,0.03203413880334692,0.0,0.0,0.0,0.0,0.003835975849202856
iVISa,VISa,13251.17,0.0,0.0,1237.2,0.0,12013.97,0.0,0.0,0.0,0.0,0.0,0.0,0.0,0.09336534056992704,0.0,0.9066346594300729,0.0,0.0,0.0,0.0,0.0,1.0,0.0,0.0,0.002323622287496835,0.0,0.007997550855437189,0.0,0.0,0.0,0.0,0.0
iVISrl,VISrl,3922.85,0.0,0.0,477.9,0.0,3444.9500000000003,0.0,0.0,0.0,0.0,0.0,0.0,0.0,0.12182469378130696,0.0,0.8781753062186931,0.0,0.0,0.0,0.0,0.0,1.0,0.0,0.0,0.0008975582696368713,0.0,0.0022932604975239947,0.0,0.0,0.0,0.0,0.0
iTEa,TEa,26377.89,0.0,0.0,5194.57,0.0,21141.989999999998,0.0,0.0,0.0,0.0,41.33,0.0,0.0,0.19692894314139606,0.0,0.8015042143249517,0.0,0.0,0.0,0.0,0.0015668425336522367,1.0,0.0,0.0,0.009756077130587158,0.0,0.014073960581734804,0.0,0.0,0.0,0.0,0.00010864173360347703
iPERI,PERI,1102.1599999999999,0.0,0.0,303.47,0.0,798.6899999999999,0.0,0.0,0.0,0.0,0.0,0.0,0.0,0.2753411482906294,0.0,0.7246588517093707,0.0,0.0,0.0,0.0,0.0,1.0,0.0,0.0,0.0005699560746739933,0.0,0.0005316780292217417,0.0,0.0,0.0,0.0,0.0
iECT,ECT,8799.09,0.0,0.0,1899.65,0.0,6870.449999999999,0.0,0.0,0.0,0.0,28.990000000000002,0.0,0.0,0.21589164334039088,0.0,0.7808136977801112,0.0,0.0,0.0,0.0,0.0032946588794977665,0.9999999999999999,0.0,0.0,0.003567789426481864,0.0,0.004573573371228531,0.0,0.0,0.0,0.0,7.620430334296635e-05
iMOB,MOB,43427.86999999999,0.0,444.12,35746.93,0.0,4650.73,14.200000000000001,0.0,0.0,0.0,2571.8900000000003,0.0,0.010226612541669672,0.823133393371584,0.0,0.1070909072906408,0.0003269789653510523,0.0,0.0,0.0,0.05922210783075479,1.0000000000000004,0.0,0.14172836354352822,0.06713737735013678,0.0,0.0030959332918183914,0.0031360008480452997,0.0,0.0,0.0,0.006760575568290505
iAON,AON,34939.88,0.0,9.52,4944.919999999999,0.0,22441.590000000004,114.0,0.0,0.0,0.0,7429.849999999999,0.0,0.0002724680222141576,0.14152653071504537,0.0,0.6422915591009473,0.0032627473248333996,0.0,0.0,0.0,0.21264669483695994,1.0000000000000002,0.0,0.0030380393158029105,0.00928720200605306,0.0,0.014939088186658591,0.02517634483642001,0.0,0.0,0.0,0.01953040852682782
iTT,TT,4529.300000000001,0.0,7.14,765.67,0.0,3313.7,19.0,0.0,0.0,0.0,423.78999999999996,0.0,0.0015764025346079963,0.1690481972931799,0.0,0.7316141567129576,0.004194908705539486,0.0,0.0,0.0,0.09356633475371468,0.9999999999999997,0.0,0.0022785294868521828,0.0014380277051953617,0.0,0.0022058890000276523,0.004196057472736668,0.0,0.0,0.0,0.0011139917803972303
iDP,DP,3764.110000000001,0.0,0.0,616.07,0.0,2836.61,19.0,0.0,0.0,0.0,292.42999999999995,0.0,0.0,0.16366949956297766,0.0,0.7535938110204004,0.005047673952142736,0.0,0.0,0.0,0.07768901546447896,0.9999999999999998,0.0,0.0,0.0011570594751520976,0.0,0.0018882961029569483,0.004196057472736668,0.0,0.0,0.0,0.0007686934952253758
iPIR,PIR,74575.33000000003,0.0,0.0,8217.900000000003,0.0,45265.12000000002,76.0,0.0,0.0,0.0,21016.309999999998,0.0,0.0,0.11019595890490863,0.0,0.6069717693505345,0.0010191037706437233,0.0,0.0,0.0,0.2818131679739129,0.9999999999999998,0.0,0.0,0.015434283540591858,0.0,0.030132429095250546,0.016784229890946672,0.0,0.0,0.0,0.055244334680573194
iNLOT,NLOT,728.9000000000001,0.0,0.0,53.37,0.0,675.53,0.0,0.0,0.0,0.0,0.0,0.0,0.0,0.07321992042804225,0.0,0.9267800795719576,0.0,0.0,0.0,0.0,0.0,0.9999999999999999,0.0,0.0,0.0001002357916939105,0.0,0.000449691944409174,0.0,0.0,0.0,0.0,0.0
iCOAp,COAp,14327.3,0.0,0.0,2102.86,0.0,12201.16,0.0,0.0,0.0,0.0,23.28,0.0,0.0,0.14677294396013207,0.0,0.8516021860364479,0.0,0.0,0.0,0.0,0.0016248700034200445,1.0,0.0,0.0,0.003949444199390232,0.0,0.008122160917275974,0.0,0.0,0.0,0.0,6.119476308465873e-05
iPAA,PAA,3419.2100000000005,0.0,0.0,791.09,0.0,2602.37,0.0,0.0,0.0,0.0,25.75,0.0,0.0,0.23136630976161157,0.0,0.7611027108601108,0.0,0.0,0.0,0.0,0.007530979378277437,0.9999999999999998,0.0,0.0,0.001485769766744157,0.0,0.001732365439539476,0.0,0.0,0.0,0.0,6.768750641881281e-05
iTR,TR,3964.330000000001,0.0,0.0,1325.1699999999996,0.0,2600.2700000000004,19.0,0.0,0.0,0.0,19.89,0.0,0.0,0.3342733828919387,0.0,0.6559166366069423,0.004792739252282225,0.0,0.0,0.0,0.005017241248836499,0.9999999999999998,0.0,0.0,0.0024888413730376493,0.0,0.001730967495579535,0.004196057472736668,0.0,0.0,0.0,5.22836700066092e-05
iCA1,CA1,37348.04999999999,0.0,0.0,5966.2,0.0,26284.019999999997,266.53000000000003,0.0,0.0,0.0,4831.3,0.0,0.0,0.1597459572855879,0.0,0.7037588307823301,0.007136383291764901,0.0,0.0,0.0,0.12935882864031728,1.0000000000000002,0.0,0.0,0.011205298489867132,0.0,0.017496946191419505,0.058861852537289705,0.0,0.0,0.0,0.012699753388784868
iCA2,CA2,977.6300000000002,0.0,0.0,198.72,0.0,766.9800000000001,6.3,0.0,0.0,0.0,5.63,0.0,0.0,0.20326708468438975,0.0,0.7845299346378486,0.006444155764450762,0.0,0.0,0.0,0.00575882491331076,0.9999999999999999,0.0,0.0,0.0003732219697473092,0.0,0.0005105690754266256,0.0013913243199074215,0.0,0.0,0.0,1.4799248976229753e-05
iCA3,CA3,18233.829999999998,0.0,0.0,3819.3200000000006,0.0,9580.7,153.2,0.0,0.0,0.0,4680.61,0.0,0.0,0.2094633985289981,0.0,0.5254354131852716,0.008401964919054308,0.0,0.0,0.0,0.2566992233666761,1.0000000000000002,0.0,0.0,0.007173179013160696,0.0,0.0063777531890530014,0.03383347393806618,0.0,0.0,0.0,0.012303643472580948
iDG,DG,79092.95000000003,0.0,0.0,2690.9799999999996,20.26,72738.32,38.0,0.0,0.0,0.0,3605.3900000000003,0.0,0.0,0.03402300710746026,0.00025615430958132165,0.919656176688314,0.00048044737236378196,0.0,0.0,0.0,0.04558421452228042,0.9999999999999998,0.0,0.0,0.005054009944397212,0.005970096476287579,0.0484209976668049,0.008392114945473336,0.0,0.0,0.0,0.009477276068633925
iFC,FC,71.06,0.0,0.0,5.0,0.0,64.74000000000001,0.0,0.0,0.0,0.0,1.32,0.0,0.0,0.07036307345904869,0.0,0.9110610751477626,0.0,0.0,0.0,0.0,0.018575851393188854,1.0000000000000002,0.0,0.0,9.390649399841718e-06,0.0,4.309661522219581e-05,0.0,0.0,0.0,0.0,3.4698061542847736e-06
iIG,IG,342.30000000000007,0.0,0.0,51.99,0.0,198.57000000000002,0.0,0.0,0.0,0.0,91.74,0.0,0.0,0.15188431200701136,0.0,0.5801051709027168,0.0,0.0,0.0,0.0,0.2680105170902716,0.9999999999999998,0.0,0.0,9.76439724595542e-05,0.0,0.00013218558672646618,0.0,0.0,0.0,0.0,0.00024115152772279173
iENTl,ENTl,35474.11,0.0,0.0,7294.839999999999,0.0,21792.129999999997,76.0,0.0,0.0,0.0,6311.140000000001,0.0,0.0,0.20563842193644885,0.0,0.6143108311949192,0.0021424075191738426,0.0,0.0,0.0,0.177908339349458,1.0,0.0,0.0,0.013700656973588271,0.0,0.014506750717980686,0.016784229890946672,0.0,0.0,0.0,0.01658972152466122
iENTm,ENTm,32617.410000000003,0.0,0.0,6550.18,0.0,25894.75,95.0,0.0,0.0,0.0,77.48,0.0,0.0,0.20081851992540178,0.0,0.7938935065659719,0.002912554982139906,0.0,0.0,0.0,0.002375418526486315,0.9999999999999999,0.0,0.0,0.012302088777171045,0.0,0.017237813979378354,0.02098028736368334,0.0,0.0,0.0,0.0002036671066924123
iPAR,PAR,4999.619999999999,0.0,0.0,1634.14,0.0,3336.82,19.0,0.0,0.0,0.0,9.66,0.0,0.0,0.3268528408159021,0.0,0.6674147235189876,0.003800288821950469,0.0,0.0,0.0,0.0019321468431600806,1.0000000000000002,0.0,0.0,0.003069127162051469,0.0,0.002221279697339008,0.004196057472736668,0.0,0.0,0.0,2.5392672310902205e-05
iPOST,POST,14346.989999999996,0.0,0.0,1139.41,0.0,13202.349999999997,0.0,0.0,0.0,0.0,5.23,0.0,0.0,0.07941805214891767,0.0,0.9202174114570374,0.0,0.0,0.0,0.0,0.0003645363940450228,1.0,0.0,0.0,0.0021399599665347306,0.0,0.00878864068549207,0.0,0.0,0.0,0.0,1.3747792565840429e-05
iPRE,PRE,14325.340000000002,0.0,0.0,1319.4499999999998,0.0,12983.97,0.0,0.0,0.0,0.0,21.92,0.0,0.0,0.09210601633189855,0.0,0.906363828013855,0.0,0.0,0.0,0.0,0.0015301556542462516,0.9999999999999998,0.0,0.0,0.0024780984701242305,0.0,0.008643267827410157,0.0,0.0,0.0,0.0,5.761981128933503e-05
iSUB,SUB,13244.329999999993,0.0,0.0,1802.48,0.0,11235.05,19.0,0.0,0.0,0.0,187.79999999999998,0.0,0.0,0.13609446457465202,0.0,0.8482913065440083,0.001434576154475161,0.0,0.0,0.0,0.014179652726865012,1.0000000000000004,0.0,0.0,0.00338529154604534,0.0,0.007479033470066896,0.004196057472736668,0.0,0.0,0.0,0.0004936587846777881
iProS,ProS,5521.680000000003,0.0,0.0,1013.7000000000002,0.0,4435.700000000002,40.94,0.0,0.0,0.0,31.34,0.0,0.0,0.18358543052114568,0.0,0.8033243505599743,0.007414410107068859,0.0,0.0,0.0,0.005675808811810895,0.9999999999999998,0.0,0.0,0.0019038602593239103,0.0,0.002952790487196385,0.009041399628096799,0.0,0.0,0.0,8.238160975400363e-05
iHATA,HATA,748.91,0.0,0.0,320.40000000000003,0.0,428.51000000000005,0.0,0.0,0.0,0.0,0.0,0.0,0.0,0.4278217676356305,0.0,0.5721782323643696,0.0,0.0,0.0,0.0,0.0,1.0,0.0,0.0,0.0006017528135418574,0.0,0.00028525379346405814,0.0,0.0,0.0,0.0,0.0
iAPr,APr,1410.12,0.0,0.0,237.02,0.0,1173.1000000000001,0.0,0.0,0.0,0.0,0.0,0.0,0.0,0.16808498567497804,0.0,0.8319150143250221,0.0,0.0,0.0,0.0,0.0,1.0000000000000002,0.0,0.0,0.00044515434415009684,0.0,0.0007809181235273077,0.0,0.0,0.0,0.0,0.0
iCLA,CLA,8324.179999999998,0.0,0.0,608.0399999999998,0.0,7626.32,0.0,0.0,0.0,0.0,89.82,0.0,0.0,0.073045032663878,0.0,0.9161647153233112,0.0,0.0,0.0,0.0,0.010790252012810872,1.0,0.0,0.0,0.0011419780922159513,0.0,0.005076746657419466,0.0,0.0,0.0,0.0,0.00023610453695292296
iEP,EP,21353.139999999992,0.0,0.0,4521.289999999999,0.0,14154.189999999999,38.0,0.0,0.0,0.0,2639.6600000000003,0.0,0.0,0.21173888243134267,0.0,0.6628622300982433,0.0017795977547096125,0.0,0.0,0.0,0.12361928971570464,1.0000000000000002,0.0,0.0,0.008491569845002071,0.0,0.009422268770649545,0.008392114945473336,0.0,0.0,0.0,0.0069387185706207164
iLA,LA,5795.98,0.0,0.0,1136.94,0.0,4420.39,0.0,0.0,0.0,0.0,238.65,0.0,0.0,0.19616009717079771,0.0,0.7626648125079798,0.0,0.0,0.0,0.0,0.04117509032122264,1.0000000000000002,0.0,0.0,0.0021353209857312085,0.0,0.002942598810040811,0.0,0.0,0.0,0.0,0.0006273251808485312
iBLA,BLA,10431.61,0.0,0.0,3035.1599999999994,0.0,7349.73,19.0,0.0,0.0,0.0,27.72,0.0,0.0,0.290957963344105,0.0,0.7045633416126561,0.0018213871109061784,0.0,0.0,0.0,0.002657307932332593,0.9999999999999998,0.0,0.0,0.005700424686484717,0.0,0.004892624124143175,0.004196057472736668,0.0,0.0,0.0,7.286592923998024e-05
iBMA,BMA,10931.379999999997,0.0,0.0,3114.5200000000004,0.0,7813.219999999999,0.0,0.0,0.0,0.0,3.64,0.0,0.0,0.28491553673918585,0.0,0.7147514769406974,0.0,0.0,0.0,0.0,0.00033298632011694783,1.0000000000000002,0.0,0.0,0.005849473073759007,0.0,0.005201163669854258,0.0,0.0,0.0,0.0,9.56825333454286e-06
iPA,PA,4626.570000000001,0.0,0.0,1216.8500000000001,0.0,3408.9899999999993,0.0,0.0,0.0,0.0,0.73,0.0,0.0,0.26301342030921393,0.0,0.7368287954143131,0.0,0.0,0.0,0.0,0.0001577842764726352,0.9999999999999997,0.0,0.0,0.0022854023444394793,0.0,0.0022693223714289963,0.0,0.0,0.0,0.0,1.9189079489605184e-06
iCP,CP,88594.34000000001,85.97,0.0,46372.16000000001,0.0,952.5300000000001,0.0,0.0,0.0,0.0,41183.68,0.0009703780173767307,0.0,0.5234212479036472,0.0,0.010751589774245172,0.0,0.0,0.0,0.0,0.46485678430473093,1.0,0.01475580912364534,0.0,0.08709293929467285,0.0,0.0006340874096014546,0.0,0.0,0.0,0.0,0.10825711084855662
iACB,ACB,31431.340000000022,71.06,0.0,24435.940000000013,0.0,543.88,143.7,0.0,0.0,0.0,6236.759999999999,0.002260800843998377,0.0,0.7774386965366413,0.0,0.017303748424343336,0.004571869987089316,0.0,0.0,0.0,0.19842488420792734,0.9999999999999998,0.012196670888987297,0.0,0.04589386905911367,0.0,0.00036205417187284294,0.031735445201697854,0.0,0.0,0.0,0.016394203205149317
iFS,FS,351.2699999999999,4.48,0.0,294.84,0.0,51.949999999999996,0.0,0.0,0.0,0.0,0.0,0.012753722207988162,0.0,0.8393543428132207,0.0,0.14789193497879127,0.0,0.0,0.0,0.0,0.0,1.0000000000000002,0.0007689429437470179,0.0,0.0005537478138098663,0.0,3.458247081855223e-05,0.0,0.0,0.0,0.0,0.0
iOT,OT,16118.539999999994,34.28,0.0,13679.919999999996,0.0,135.97,0.0,0.0,0.0,0.0,2268.3699999999994,0.002126743489174579,0.0,0.8487071409693435,0.0,0.008435627544430207,0.0,0.0,0.0,0.0,0.14073048799705187,1.0000000000000002,0.005883786632064235,0.0,0.025692666507576536,0.0,9.051354296821074e-05,0.0,0.0,0.0,0.0,0.0059627304440870825
iLS,LS,31492.779999999988,155.66,0.0,27441.879999999997,0.0,540.58,126.05,0.0,0.0,0.0,3228.61,0.004942720204440512,0.0,0.8713705173058717,0.0,0.017165204215061364,0.0040025047010775186,0.0,0.0,0.0,0.10251905357354928,1.0000000000000004,0.02671733451421,0.0,0.05153941479050569,0.0,0.0003598574027929349,0.027837528654655632,0.0,0.0,0.0,0.008486856702867699
iSF,SF,994.7300000000001,0.0,0.0,393.18,0.0,413.98,0.0,0.0,0.0,0.0,187.57,0.0,0.0,0.3952630362007781,0.0,0.416173232937581,0.0,0.0,0.0,0.0,0.18856373086164083,0.9999999999999999,0.0,0.0,0.0007384431062059534,0.0,0.00027558135263646306,0.0,0.0,0.0,0.0,0.0004930541972418143
iSH,SH,80.62,0.0,0.0,80.62,0.0,0.0,0.0,0.0,0.0,0.0,0.0,0.0,0.0,1.0,0.0,0.0,0.0,0.0,0.0,0.0,0.0,1.0,0.0,0.0,0.00015141483092304787,0.0,0.0,0.0,0.0,0.0,0.0,0.0
iBA,BA,27.810000000000002,0.0,0.0,3.36,0.0,24.450000000000003,0.0,0.0,0.0,0.0,0.0,0.0,0.0,0.12081984897518877,0.0,0.8791801510248113,0.0,0.0,0.0,0.0,0.0,1.0,0.0,0.0,6.310516396693634e-06,0.0,1.627606181931862e-05,0.0,0.0,0.0,0.0,0.0
iCEA,CEA,14604.869999999997,3.36,0.0,13848.479999999996,0.0,743.22,0.0,0.0,0.0,0.0,9.81,0.0002300602470271903,0.0,0.9482097409973521,0.0,0.05088850499867511,0.0,0.0,0.0,0.0,0.0006716937569454574,0.9999999999999999,0.0005767072078102633,0.0,0.026009244080144,0.0,0.0004947523380512877,0.0,0.0,0.0,0.0,2.57869684647982e-05
iIA,IA,1493.76,0.0,0.0,1008.4999999999999,0.0,475.59999999999997,0.0,0.0,0.0,0.0,9.66,0.0,0.0,0.6751419237360753,0.0,0.31839117395029987,0.0,0.0,0.0,0.0,0.006466902313624678,0.9999999999999999,0.0,0.0,0.0018940939839480744,0.0,0.0003166010225467458,0.0,0.0,0.0,0.0,2.5392672310902205e-05
iMEA,MEA,32943.03000000001,0.0,0.0,13663.370000000004,0.0,17998.4,6.06,0.0,0.0,0.0,1275.2000000000005,0.0,0.0,0.414757537482132,0.0,0.5463492580979951,0.00018395393502054902,0.0,0.0,0.0,0.03870925048485218,0.9999999999999999,0.0,0.0,0.025661583458063075,0.0,0.011981311699338415,0.001338321488672853,0.0,0.0,0.0,0.0033520430363211703
iPALd,PALd,9958.420000000002,32.269999999999996,0.0,1901.9499999999998,0.0,162.38,150.32,0.0,0.0,0.0,7711.499999999998,0.0032404738904364336,0.0,0.19098913281424157,0.0,0.01630579951438079,0.01509476402883188,0.0,0.0,0.0,0.774369829752109,0.9999999999999997,0.005538792141677737,0.0,0.003572109125205791,0.0,0.00010809435248347473,0.03319743996325136,0.0,0.0,0.0,0.0202707652717932
iSI,SI,18643.169999999987,102.25999999999999,0.0,6917.539999999999,0.0,2611.470000000001,132.43,0.0,0.0,0.0,8879.469999999998,0.005485118678851293,0.0,0.3710495586319281,0.0,0.14007649986563458,0.00710340569763619,0.0,0.0,0.0,0.47628541712595035,1.0000000000000007,0.017551809247225453,0.0,0.012992038569876213,0.0,0.0017384231966992233,0.02924652058497458,0.0,0.0,0.0,0.023340939130899248
iMA,MA,1866.24,47.31,0.0,1112.65,0.0,619.5700000000002,63.28000000000001,0.0,0.0,0.0,23.43,0.025350437242798354,0.0,0.596198774005487,0.0,0.331988383058985,0.033907750342935535,0.0,0.0,0.0,0.012554655349794238,1.0000000000000002,0.00812024345282844,0.0,0.0020897012109467776,0.0,0.0004124400663147337,0.013975079835514548,0.0,0.0,0.0,6.158905923855473e-05
iMS,MS,2854.459999999999,60.31999999999999,0.0,1896.21,0.0,838.3399999999997,0.0,0.0,0.0,0.0,59.59,0.02113184280038957,0.0,0.664297275141358,0.0,0.29369477939785454,0.0,0.0,0.0,0.0,0.020876102660398122,1.0000000000000002,0.010353267492593774,0.0,0.003561328659694773,0.0,0.0005580725425606366,0.0,0.0,0.0,0.0,0.00015664071873774973
iNDB,NDB,4356.299999999999,131.85,0.0,3099.3800000000006,0.0,1033.5200000000002,11.11,0.0,0.0,0.0,80.44,0.030266510570897326,0.0,0.711470743520878,0.0,0.237247205197071,0.00255032940798384,0.0,0.0,0.0,0.018465211303170123,1.0000000000000002,0.02263060873505453,0.0,0.005821038187376286,0.0,0.0006880014483231976,0.0024535893959002305,0.0,0.0,0.0,0.0002114478841292933
iBST,BST,11559.910000000003,0.0,4.8500000000000005,9147.14,0.0,931.4299999999998,201.27,0.0,0.0,0.0,1275.22,0.0,0.0004195534394298917,0.7912812469993276,0.0,0.08057415671921317,0.017411035207021502,0.0,0.0,0.0,0.11031400763500751,0.9999999999999997,0.0,0.0015477406178197603,0.017179516950253635,0.0,0.0006200414012420424,0.04444949934408996,0.0,0.0,0.0,0.0033520956091416883
iVAL,VAL,1551.52,0.0,0.0,328.56,0.0,809.96,0.0,0.0,0.0,0.0,413.0,0.0,0.0,0.2117665257296071,0.0,0.522042899865938,0.0,0.0,0.0,0.0,0.266190574404455,1.0,0.0,0.0,0.000617078353362399,0.0,0.0005391803284734277,0.0,0.0,0.0,0.0,0.0010856287437269784
iVM,VM,3401.3900000000003,0.0,0.0,804.0100000000001,0.0,1206.6200000000001,0.0,0.0,0.0,0.0,1390.76,0.0,0.0,0.23637689297610684,0.0,0.35474320792381936,0.0,0.0,0.0,0.0,0.4088798991000738,1.0,0.0,0.0,0.0015100352047933481,0.0,0.0008032319718783735,0.0,0.0,0.0,0.0,0.003655808793282645
iVPL,VPL,2146.47,0.0,0.0,1040.3799999999999,0.0,681.57,0.0,0.0,0.0,0.0,424.52,0.0,0.0,0.4846934734703956,0.0,0.31753064333533665,0.0,0.0,0.0,0.0,0.1977758831942678,1.0,0.0,0.0,0.001953968764521465,0.0,0.0004537126975130058,0.0,0.0,0.0,0.0,0.0011159106883461907
iVPM,VPM,6952.68,0.0,0.0,159.63,0.0,3544.95,0.0,0.0,0.0,0.0,3248.1000000000004,0.0,0.0,0.022959491879390392,0.0,0.5098681371787569,0.0,0.0,0.0,0.0,0.46717237094185265,1.0,0.0,0.0,0.00029980587273934666,0.0,0.002359829257521208,0.0,0.0,0.0,0.0,0.00853808891646392
iPoT,PoT,2966.74,0.0,0.0,13.58,0.0,1872.1499999999999,0.0,0.0,0.0,0.0,1081.01,0.0,0.0,0.004577414940304847,0.0,0.6310461988580057,0.0,0.0,0.0,0.0,0.36437638620168944,1.0,0.0,0.0,2.5505003769970105e-05,0.0,0.0012462670402878261,0.0,0.0,0.0,0.0,0.0028415872354874113
iSPF,SPF,1029.77,0.0,2.61,101.30000000000001,0.0,925.86,0.0,0.0,0.0,0.0,0.0,0.0,0.0025345465492294396,0.09837148101032271,0.0,0.8990939724404479,0.0,0.0,0.0,0.0,0.0,1.0,0.0,0.0008329078376308399,0.00019025455684079323,0.0,0.0006163335213101978,0.0,0.0,0.0,0.0,0.0
iSPA,SPA,1790.8200000000002,0.0,12.1,77.02,0.0,1701.6999999999998,0.0,0.0,0.0,0.0,0.0,0.0,0.006756681296836086,0.04300823086630705,0.0,0.9502350878368566,0.0,0.0,0.0,0.0,0.0,0.9999999999999998,0.0,0.003861373500127649,0.00014465356335516182,0.0,0.0011328005888725761,0.0,0.0,0.0,0.0,0.0
iPP,PP,69.92000000000002,0.0,0.0,12.620000000000001,0.0,57.30000000000001,0.0,0.0,0.0,0.0,0.0,0.0,0.0,0.18049199084668188,0.0,0.819508009153318,0.0,0.0,0.0,0.0,0.0,0.9999999999999999,0.0,0.0,2.3701999085200498e-05,0.0,3.814389947840315e-05,0.0,0.0,0.0,0.0,0.0
iMG,MG,9971.2,0.0,0.0,95.38,0.0,9772.420000000002,0.0,0.0,0.0,0.0,103.4,0.0,0.0,0.009565548780487803,0.0,0.9800645860077023,0.0,0.0,0.0,0.0,0.010369865211810013,1.0,0.0,0.0,0.00017913602795138062,0.0,0.006505378815719659,0.0,0.0,0.0,0.0,0.00027180148208564057
iLGd,LGd,7527.510000000001,0.0,0.0,818.31,0.0,6192.95,0.0,0.0,0.0,0.0,516.25,0.0,0.0,0.10870925445466029,0.0,0.8227089701641046,0.0,0.0,0.0,0.0,0.06858177538123496,0.9999999999999999,0.0,0.0,0.0015368924620768952,0.0,0.004122570022247412,0.0,0.0,0.0,0.0,0.001357035929658723
iLP,LP,10292.31,0.0,0.0,266.9,0.0,7943.85,0.0,0.0,0.0,0.0,2081.56,0.0,0.0,0.02593198222750772,0.0,0.7718238179767225,0.0,0.0,0.0,0.0,0.20224419979576985,1.0,0.0,0.0,0.0005012728649635509,0.0,0.005288122441038618,0.0,0.0,0.0,0.0,0.00547167401402501
iPO,PO,5036.380000000001,0.0,0.0,40.74,0.0,3478.8400000000006,0.0,0.0,0.0,0.0,1516.8000000000002,0.0,0.0,0.008089143392674896,0.0,0.6907421600435233,0.0,0.0,0.0,0.0,0.30116869656380174,0.9999999999999999,0.0,0.0,7.651501130991032e-05,0.0,0.002315820650287051,0.0,0.0,0.0,0.0,0.003987122708196322
iPOL,POL,2132.9900000000002,0.0,0.0,6.79,0.0,1045.1900000000003,0.0,0.0,0.0,0.0,1081.01,0.0,0.0,0.003183324816337629,0.0,0.4900116737537448,0.0,0.0,0.0,0.0,0.5068050014299176,1.0,0.0,0.0,1.2752501884985053e-05,0.0,0.0006957700226148724,0.0,0.0,0.0,0.0,0.0028415872354874113
iSGN,SGN,2245.72,0.0,0.0,0.0,0.0,2245.72,0.0,0.0,0.0,0.0,0.0,0.0,0.0,0.0,0.0,1.0,0.0,0.0,0.0,0.0,0.0,1.0,0.0,0.0,0.0,0.0,0.0014949479570094152,0.0,0.0,0.0,0.0,0.0
iEth,Eth,707.25,0.0,0.0,0.0,0.0,707.1,0.0,0.0,0.0,0.0,0.15,0.0,0.0,0.0,0.0,0.9997879109225876,0.0,0.0,0.0,0.0,0.00021208907741251324,1.0,0.0,0.0,0.0,0.0,0.00047070770194029425,0.0,0.0,0.0,0.0,3.9429615389599696e-07
iLD,LD,5366.42,0.0,0.0,278.44000000000005,0.0,4190.53,0.0,0.0,0.0,0.0,897.4499999999999,0.0,0.0,0.051885614618311655,0.0,0.780879990757339,0.0,0.0,0.0,0.0,0.1672343946243492,0.9999999999999999,0.0,0.0,0.0005229464837783857,0.0,0.0027895838583112164,0.0,0.0,0.0,0.0,0.0023590738887597495
iIMD,IMD,1115.3,0.0,0.0,0.0,0.0,1115.3,0.0,0.0,0.0,0.0,0.0,0.0,0.0,0.0,0.0,1.0,0.0,0.0,0.0,0.0,0.0,1.0,0.0,0.0,0.0,0.0,0.0007424413802489183,0.0,0.0,0.0,0.0,0.0
iMD,MD,13786.4,0.0,0.0,6.6000000000000005,0.0,11395.920000000002,0.0,0.0,0.0,0.0,2383.88,0.0,0.0,0.0004787326640747404,0.0,0.8266059304822145,0.0,0.0,0.0,0.0,0.1729153368537109,1.0000000000000002,0.0,0.0,1.239565720779107e-05,0.0,0.007586122634274415,0.0,0.0,0.0,0.0,0.006266364768997262
iSMT,SMT,1798.75,0.0,0.0,0.0,0.0,1798.75,0.0,0.0,0.0,0.0,0.0,0.0,0.0,0.0,0.0,1.0,0.0,0.0,0.0,0.0,0.0,1.0,0.0,0.0,0.0,0.0,0.0011974055704498717,0.0,0.0,0.0,0.0,0.0
iPR,PR,1124.5900000000001,0.0,0.0,582.83,0.0,541.76,0.0,0.0,0.0,0.0,0.0,0.0,0.0,0.5182599880845463,0.0,0.48174001191545357,0.0,0.0,0.0,0.0,0.0,0.9999999999999999,0.0,0.0,0.0010946304379419497,0.0,0.00036064291416090203,0.0,0.0,0.0,0.0,0.0
iPVT,PVT,7847.3600000000015,0.0,0.0,0.0,0.0,7847.3600000000015,0.0,0.0,0.0,0.0,0.0,0.0,0.0,0.0,0.0,1.0,0.0,0.0,0.0,0.0,0.0,1.0,0.0,0.0,0.0,0.0,0.005223890244517308,0.0,0.0,0.0,0.0,0.0
iRE,RE,3385.220000000001,0.0,0.0,251.26000000000002,0.0,3133.9600000000014,0.0,0.0,0.0,0.0,0.0,0.0,0.0,0.07422265022657314,0.0,0.925777349773427,0.0,0.0,0.0,0.0,0.0,1.0,0.0,0.0,0.00047189891364084603,0.0,0.0020862383108086625,0.0,0.0,0.0,0.0,0.0
iXi,Xi,712.5600000000001,0.0,0.0,0.0,0.0,712.5600000000001,0.0,0.0,0.0,0.0,0.0,0.0,0.0,0.0,0.0,1.0,0.0,0.0,0.0,0.0,0.0,1.0,0.0,0.0,0.0,0.0,0.00047434235623614214,0.0,0.0,0.0,0.0,0.0
iRH,RH,1287.0000000000002,0.0,0.0,0.0,0.0,1287.0000000000002,0.0,0.0,0.0,0.0,0.0,0.0,0.0,0.0,0.0,1.0,0.0,0.0,0.0,0.0,0.0,1.0,0.0,0.0,0.0,0.0,0.0008567399411641335,0.0,0.0,0.0,0.0,0.0
iCM,CM,2683.2600000000007,0.0,0.0,0.0,0.0,2683.2600000000007,0.0,0.0,0.0,0.0,0.0,0.0,0.0,0.0,0.0,1.0,0.0,0.0,0.0,0.0,0.0,1.0,0.0,0.0,0.0,0.0,0.0017862129095012223,0.0,0.0,0.0,0.0,0.0
iPCN,PCN,676.35,0.0,0.0,0.0,0.0,469.85,0.0,0.0,0.0,0.0,206.5,0.0,0.0,0.0,0.0,0.6946847046647446,0.0,0.0,0.0,0.0,0.3053152953352554,1.0,0.0,0.0,0.0,0.0,0.00031277331884690604,0.0,0.0,0.0,0.0,0.0005428143718634892
iCL,CL,2810.7100000000005,0.0,0.0,0.0,0.0,2600.2500000000005,0.0,0.0,0.0,0.0,210.46,0.0,0.0,0.0,0.0,0.92512212216842,0.0,0.0,0.0,0.0,0.07487787783157991,1.0,0.0,0.0,0.0,0.0,0.0017309541818275355,0.0,0.0,0.0,0.0,0.0005532237903263435
iPF,PF,4165.53,0.0,0.0,30.84,0.0,4031.4399999999996,0.0,0.0,0.0,0.0,103.25,0.0,0.0,0.0074036197074561945,0.0,0.9678096184639169,0.0,0.0,0.0,0.0,0.024786761828626852,0.9999999999999999,0.0,0.0,5.7921525498223715e-05,0.0,0.0026836796180316497,0.0,0.0,0.0,0.0,0.0002714071859317446
iPIL,PIL,879.9800000000001,0.0,2.16,77.65,0.0,800.17,0.0,0.0,0.0,0.0,0.0,0.0,0.002454601240937294,0.08824064183276892,0.0,0.9093047569262936,0.0,0.0,0.0,0.0,0.0,0.9999999999999999,0.0,0.0006893030380393159,0.0001458367851795419,0.0,0.0005326632468697005,0.0,0.0,0.0,0.0,0.0
iRT,RT,8999.100000000002,0.0,0.0,4939.8200000000015,0.0,22.62,10.98,0.0,0.0,0.0,4025.68,0.0,0.0,0.5489237812670156,0.0,0.002513584691802513,0.0012201220122012198,0.0,0.0,0.0,0.44734251202898057,0.9999999999999999,0.0,0.0,0.009277623543665226,0.0,1.5057853511369618e-05,0.002424879528981506,0.0,0.0,0.0,0.010582067605440247
iIGL,IGL,779.3799999999999,0.0,0.0,753.7299999999999,0.0,25.5,0.0,0.0,0.0,0.0,0.15,0.0,0.0,0.9670892247684056,0.0,0.03271831455772538,0.0,0.0,0.0,0.0,0.00019246067386897279,1.0,0.0,0.0,0.0014156028344285395,0.0,1.6975033799289355e-05,0.0,0.0,0.0,0.0,3.9429615389599696e-07
iIntG,IntG,141.39,0.0,0.0,104.27,0.0,37.12,0.0,0.0,0.0,0.0,0.0,0.0,0.0,0.7374637527406465,0.0,0.2625362472593536,0.0,0.0,0.0,0.0,0.0,1.0,0.0,0.0,0.00019583260258429917,0.0,2.4710323710965523e-05,0.0,0.0,0.0,0.0,0.0
iLGv,LGv,4522.449999999999,0.0,0.0,4459.299999999998,0.0,62.849999999999994,0.0,0.0,0.0,0.0,0.3,0.0,0.0,0.9860363298654489,0.0,0.013897334409446209,0.0,0.0,0.0,0.0,6.633572510475518e-05,0.9999999999999998,0.0,0.0,0.008375144573742832,0.0,4.183846565824847e-05,0.0,0.0,0.0,0.0,7.885923077919939e-07
iSubG,SubG,89.23,0.0,0.0,89.23,0.0,0.0,0.0,0.0,0.0,0.0,0.0,0.0,0.0,1.0,0.0,0.0,0.0,0.0,0.0,0.0,0.0,1.0,0.0,0.0,0.00016758552918957531,0.0,0.0,0.0,0.0,0.0,0.0,0.0
iMH,MH,7722.179999999997,4354.599999999999,0.0,0.0,0.0,3245.85,0.0,0.0,0.0,0.0,121.73,0.5639081192098606,0.0,0.0,0.0,0.42032819747791444,0.0,0.0,0.0,0.0,0.015763683312225312,1.0000000000000002,0.747419406884099,0.0,0.0,0.0,0.0021607220963695433,0.0,0.0,0.0,0.0,0.0003199844720917314
iLH,LH,1928.63,0.0,0.0,0.0,0.0,1928.63,0.0,0.0,0.0,0.0,0.0,0.0,0.0,0.0,0.0,1.0,0.0,0.0,0.0,0.0,0.0,1.0,0.0,0.0,0.0,0.0,0.0012838650759342523,0.0,0.0,0.0,0.0,0.0
iPVH,PVH,3373.03,0.0,0.0,560.62,0.0,2812.4100000000003,0.0,0.0,0.0,0.0,0.0,0.0,0.0,0.1662066450639336,0.0,0.8337933549360664,0.0,0.0,0.0,0.0,0.0,1.0,0.0,0.0,0.0010529171733078529,0.0,0.0018721864630376229,0.0,0.0,0.0,0.0,0.0
iARH,ARH,7094.589999999999,374.71000000000004,253.71,4092.7699999999995,0.0,1688.52,262.20000000000005,12.46,0.0,0.0,410.21999999999997,0.052816300871509146,0.03576105173096684,0.5768860497928704,0.0,0.23800106841973956,0.036957738220249524,0.0017562678040591495,0.0,0.0,0.05782152316060548,1.0,0.06431486840434042,0.08096438600970131,0.0076867536288380365,0.0,0.0011240268263049437,0.05790559312376603,0.03614003538590945,0.0,0.0,0.0010783211216747724
iADP,ADP,275.09000000000003,0.0,11.68,225.54000000000005,0.0,37.870000000000005,0.0,0.0,0.0,0.0,0.0,0.0,0.04245883165509469,0.8198771311207242,0.0,0.1376640372241812,0.0,0.0,0.0,0.0,0.0,1.0,0.0,0.003727342353842226,0.0004235934131280603,0.0,2.5209589410944628e-05,0.0,0.0,0.0,0.0,0.0
iAVP,AVP,309.35999999999996,0.0,3.92,139.86,0.0,165.57999999999998,0.0,0.0,0.0,0.0,0.0,0.0,0.012671321437807087,0.45209464701318863,0.0,0.5352340315490044,0.0,0.0,0.0,0.0,0.0,1.0,0.0,0.0012509573653306102,0.00026267524501237256,0.0,0.00011022455280338554,0.0,0.0,0.0,0.0,0.0
iAVPV,AVPV,2008.14,0.0,17.55,436.7300000000001,0.0,1495.34,45.6,0.0,0.0,0.0,12.920000000000002,0.0,0.008739430517792584,0.21747985698208294,0.0,0.7446393179758383,0.022707580148794405,0.0,0.0,0.0,0.006433814375491749,0.9999999999999999,0.0,0.005600587184069441,0.0008202356624785748,0.0,0.0009954292957423273,0.010070537934568004,0.0,0.0,0.0,3.3962042055575207e-05
iDMH,DMH,11687.089999999997,0.0,118.93,5644.009999999998,0.0,5533.06,235.37,155.71999999999997,0.0,0.0,0.0,0.0,0.010176185859782036,0.48292688770258463,0.0,0.47343350654440086,0.02013931611718572,0.013324103776046904,0.0,0.0,0.0,1.0000000000000002,0.0,0.03795315292315548,0.010600183823840127,0.0,0.0036832894319018027,0.05198031828200156,0.4516634277924413,0.0,0.0,0.0
iMEPO,MEPO,147.25,0.0,0.0,44.67999999999999,0.0,102.57000000000001,0.0,0.0,0.0,0.0,0.0,0.0,0.0,0.3034295415959252,0.0,0.6965704584040747,0.0,0.0,0.0,0.0,0.0,1.0,0.0,0.0,8.391484303698558e-05,0.0,6.827957712914154e-05,0.0,0.0,0.0,0.0,0.0
iMPO,MPO,4044.94,0.0,48.22,2328.94,0.0,1599.6599999999996,21.41,0.0,0.0,0.0,46.71,0.0,0.01192106681434088,0.5757662660014734,0.0,0.39547187350121377,0.005293032776753178,0.0,0.0,0.0,0.011547760906218634,0.9999999999999999,0.0,0.015388052080673986,0.004374051802653474,0.0,0.0010648738261714197,0.004728294236383793,0.0,0.0,0.0,0.00012278382232321346
iPS,PS,187.07000000000002,0.0,0.0,173.04000000000002,0.0,14.030000000000001,0.0,0.0,0.0,0.0,0.0,0.0,0.0,0.9250013363981398,0.0,0.07499866360186026,0.0,0.0,0.0,0.0,0.0,1.0,0.0,0.0,0.0003249915944297222,0.0,9.339597027609006e-06,0.0,0.0,0.0,0.0,0.0
iVLPO,VLPO,248.73,0.0,0.0,83.46,0.0,140.57999999999998,24.689999999999998,0.0,0.0,0.0,0.0,0.0,0.0,0.33554456639729824,0.0,0.5651911711494391,0.09926426245326257,0.0,0.0,0.0,0.0,0.9999999999999999,0.0,0.0,0.00015674871978215796,0.0,9.358236280408225e-05,0.005452666263256228,0.0,0.0,0.0,0.0
iAHN,AHN,10290.639999999998,0.0,21.73,7469.689999999997,0.0,1602.9,0.0,0.0,0.0,0.0,1196.32,0.0,0.0021116276538679815,0.725872248956333,0.0,0.15576290687459676,0.0,0.0,0.0,0.0,0.11625321651520218,0.9999999999999998,0.0,0.006934516211386265,0.01402904798310073,0.0,0.0010670306539953297,0.0,0.0,0.0,0.0,0.003144695832192394
iLM,LM,82.26,0.0,0.0,0.0,0.0,75.78,0.0,6.4799999999999995,0.0,0.0,0.0,0.0,0.0,0.0,0.0,0.9212253829321663,0.0,0.07877461706783369,0.0,0.0,0.0,1.0,0.0,0.0,0.0,0.0,5.0445806325888134e-05,0.0,0.018795138788177627,0.0,0.0,0.0
iMM,MM,0.0,0.0,0.0,0.0,0.0,0.0,0.0,0.0,0.0,0.0,0.0,0.0,0.0,0.0,0.0,0.0,0.0,0.0,0.0,0.0,0.0,0.0,0.0,0.0,0.0,0.0,0.0,0.0,0.0,0.0,0.0,0.0
iSUM,SUM,964.5999999999999,0.0,60.7,253.09,0.0,517.14,133.67,0.0,0.0,0.0,0.0,0.0,0.06292763839933652,0.262378187849886,0.0,0.5361185983827493,0.1385755753680282,0.0,0.0,0.0,0.0,1.0,0.0,0.019370691856012257,0.0004753358913211881,0.0,0.00034425368544958813,0.02952036854635318,0.0,0.0,0.0,0.0
iTM,TM,653.66,0.0,0.0,0.0,0.0,653.66,0.0,0.0,0.0,0.0,0.0,0.0,0.0,0.0,0.0,1.0,0.0,0.0,0.0,0.0,0.0,1.0,0.0,0.0,0.0,0.0,0.0004351333565977835,0.0,0.0,0.0,0.0,0.0
iMPN,MPN,7622.050000000002,0.0,136.44,5769.329999999999,0.0,1659.3699999999997,10.350000000000001,0.0,0.0,0.0,46.56,0.0,0.017900696006979744,0.7569262862353301,0.0,0.217706522523468,0.0013579024015848752,0.0,0.0,0.0,0.006108592832636888,0.9999999999999996,0.0,0.043540975236150116,0.010835551060397762,0.0,0.0011046220327657558,0.0022857470969907642,0.0,0.0,0.0,0.00012238952616931746
iPMd,PMd,3505.3900000000003,0.0,0.0,0.0,0.0,2424.38,0.0,0.0,0.0,0.0,1081.01,0.0,0.0,0.0,0.0,0.6916149130339277,0.0,0.0,0.0,0.0,0.3083850869660722,1.0,0.0,0.0,0.0,0.0,0.0016138797036204366,0.0,0.0,0.0,0.0,0.0028415872354874113
iPMv,PMv,1738.9,0.0,0.0,0.0,0.0,1734.58,0.0,4.32,0.0,0.0,0.0,0.0,0.0,0.0,0.0,0.9975156708263844,0.0,0.002484329173615504,0.0,0.0,0.0,0.9999999999999999,0.0,0.0,0.0,0.0,0.00115468839715966,0.0,0.012530092525451751,0.0,0.0,0.0
iVMH,VMH,9399.130000000001,127.25999999999999,147.29000000000002,2168.130000000001,0.0,6681.219999999999,200.05,75.17999999999999,0.0,0.0,0.0,0.013539551000996899,0.015670599300147994,0.23067347722608378,0.0,0.7108338750501375,0.02128388478508117,0.007998612637552622,0.0,0.0,0.0,1.0,0.021842785495813723,0.04700344651519021,0.004072029736655766,0.0,0.004447605306685805,0.04418006828531424,0.21805841575543114,0.0,0.0,0.0
iPH,PH,4522.7699999999995,0.0,94.83000000000001,674.31,0.0,3725.420000000001,25.069999999999997,0.0,0.0,0.0,3.14,0.0,0.02096723910346978,0.14909225983191718,0.0,0.8237031730554508,0.005543063211262125,0.0,0.0,0.0,0.0006942647979004019,1.0000000000000002,0.0,0.030262318100587188,0.0012664417593614536,0.0,0.002479965898688179,0.005536587412710961,0.0,0.0,0.0,8.253932821556204e-06
iLHA,LHA,20314.550000000007,1.26,21.73,4495.6900000000005,0.0,9287.009999999998,214.81000000000003,24.31,0.0,0.0,6269.74,6.202450952642316e-05,0.0010696766603247422,0.22130394224828998,0.0,0.4571605081087199,0.010574194358230921,0.0011966792274502754,0.0,0.0,0.3086329748874574,0.9999999999999996,0.00021626520292884876,0.006934516211386265,0.008443489720074884,0.0,0.006182247397817185,0.0474397424062402,0.07051077529947501,0.0,0.0,0.01648089578618592
iLPO,LPO,2592.3799999999997,0.0,0.0,1487.1399999999999,0.0,951.77,106.91,0.0,0.0,0.0,46.56,0.0,0.0,0.5736581828281347,0.0,0.36714139130837303,0.04124009597358412,0.0,0.0,0.0,0.01796032988990812,1.0,0.0,0.0,0.0027930420696961225,0.0,0.0006335814870254756,0.0236105528636988,0.0,0.0,0.0,0.00012238952616931746
iPST,PST,0.0,0.0,0.0,0.0,0.0,0.0,0.0,0.0,0.0,0.0,0.0,0.0,0.0,0.0,0.0,0.0,0.0,0.0,0.0,0.0,0.0,0.0,0.0,0.0,0.0,0.0,0.0,0.0,0.0,0.0,0.0,0.0
iPSTN,PSTN,1612.0099999999998,0.0,10.57,38.17,0.0,1548.7899999999997,14.48,0.0,0.0,0.0,0.0,0.0,0.0065570312839250385,0.02367851316058834,0.0,0.9607818810057009,0.008982574549785674,0.0,0.0,0.0,0.0,1.0,0.0,0.003373117181516467,7.168821751839168e-05,0.0,0.0010310102979608376,0.0031978374844856294,0.0,0.0,0.0,0.0
iPeF,PeF,653.79,0.0,0.0,581.93,0.0,71.86,0.0,0.0,0.0,0.0,0.0,0.0,0.0,0.8900870310038391,0.0,0.10991296899616085,0.0,0.0,0.0,0.0,0.0,1.0,0.0,0.0,0.0010929401210499781,0.0,4.7836310933997375e-05,0.0,0.0,0.0,0.0,0.0
iRCH,RCH,1017.8300000000002,0.0,32.64,218.35,0.0,682.06,84.78,0.0,0.0,0.0,0.0,0.0,0.03206822357368126,0.214525018912785,0.0,0.6701119047385121,0.08329485277502136,0.0,0.0,0.0,0.0,0.9999999999999997,0.0,0.01041613479703855,0.0004100896592910878,0.0,0.00045403888443699205,0.018723250133611303,0.0,0.0,0.0,0.0
iSTN,STN,1940.28,0.0,0.0,109.39000000000001,0.0,749.8800000000001,0.0,0.0,0.0,0.0,1081.01,0.0,0.0,0.056378460840703415,0.0,0.38648030181210963,0.0,0.0,0.0,0.0,0.557141237347187,1.0,0.0,0.0,0.00020544862756973715,0.0,0.0004991858174671021,0.0,0.0,0.0,0.0,0.0028415872354874113
iTU,TU,4639.94,0.0,0.0,2522.2499999999995,0.0,2029.9799999999998,13.5,66.3,0.0,0.0,7.91,0.0,0.0,0.5435953913197152,0.0,0.43750134700017673,0.002909520381729074,0.014288977874713898,0.0,0.0,0.0017047634236649614,1.0,0.0,0.0,0.004737113089750154,0.0,0.0013513325141914275,0.0029814092569444748,0.19230211445311368,0.0,0.0,2.0792550515448908e-05
iFF,FF,169.93,0.0,0.0,125.52999999999999,0.0,44.25,0.0,0.0,0.0,0.0,0.15,0.0,0.0,0.7387159418584122,0.0,0.2604013417289472,0.0,0.0,0.0,0.0,0.000882716412640499,0.9999999999999999,0.0,0.0,0.00023576164383242614,0.0,2.9456676298766823e-05,0.0,0.0,0.0,0.0,3.9429615389599696e-07
iME,ME,204.20999999999998,0.0,0.0,108.75999999999999,0.0,62.91,0.0,0.0,0.0,0.0,32.54,0.0,0.0,0.5325890015180451,0.0,0.3080652269722345,0.0,0.0,0.0,0.0,0.1593457715097204,1.0,0.0,0.0,0.00020426540574535704,0.0,4.18784069142468e-05,0.0,0.0,0.0,0.0,8.55359789851716e-05
iSCs,SCs,19846.760000000006,0.0,0.0,14122.699999999997,0.0,4519.879999999999,64.89,0.0,0.0,0.0,1139.2900000000002,0.0,0.0,0.7115871809806735,0.0,0.2277389357255289,0.0032695513020765095,0.0,0.0,0.0,0.057404331991720556,0.9999999999999994,0.0,0.0,0.02652426485582892,0.0,0.0030088280693620377,0.014330640495046442,0.0,0.0,0.0,0.0029947844344811363
iIC,IC,31623.250000000004,0.0,0.0,2185.2000000000003,27.540000000000003,12325.57,0.0,0.0,0.0,0.0,17084.94,0.0,0.0,0.06910105697548481,0.0008708782304159123,0.38976291178167954,0.0,0.0,0.0,0.0,0.5402651530124195,0.9999999999999998,0.0,0.0,0.004104089413706825,0.00811532364052122,0.008204979111588505,0.0,0.0,0.0,0.0,0.04491017421029249
iSAG,SAG,147.28000000000003,0.0,0.0,70.27000000000001,0.0,77.01,0.0,0.0,0.0,0.0,0.0,0.0,0.0,0.47711841390548615,0.0,0.5228815860945137,0.0,0.0,0.0,0.0,0.0,0.9999999999999999,0.0,0.0,0.00013197618666537552,0.0,5.1264602073853856e-05,0.0,0.0,0.0,0.0,0.0
iPBG,PBG,12.6,12.6,0.0,0.0,0.0,0.0,0.0,0.0,0.0,0.0,0.0,1.0,0.0,0.0,0.0,0.0,0.0,0.0,0.0,0.0,0.0,1.0,0.0021626520292884876,0.0,0.0,0.0,0.0,0.0,0.0,0.0,0.0,0.0
iSCO,SCO,67.72,0.0,0.0,0.0,0.0,35.75,0.0,0.0,0.0,0.0,31.970000000000002,0.0,0.0,0.0,0.0,0.5279090372120496,0.0,0.0,0.0,0.0,0.47209096278795043,1.0,0.0,0.0,0.0,0.0,2.3798331699003704e-05,0.0,0.0,0.0,0.0,8.403765360036683e-05
iSNr,SNr,6501.160000000001,0.0,165.97,1111.94,0.0,12.0,0.0,0.0,0.0,0.0,5211.250000000001,0.0,0.02552929015744882,0.1710371687514228,0.0,0.0018458244374850025,0.0,0.0,0.0,0.0,0.8015877166536434,1.0,0.0,0.0529646413071228,0.0020883677387320003,0.0,7.98825119966558e-06,0.0,0.0,0.0,0.0,0.01369850554660343
iVTA,VTA,1640.55,0.0,396.3399999999999,83.4,0.0,33.04,46.760000000000005,0.0,0.0,0.0,1081.01,0.0,0.24158971076773028,0.05083660967358508,0.0,0.020139587333516198,0.028502636310993267,0.0,0.0,0.0,0.6589314559141751,0.9999999999999999,0.0,0.12648072504467703,0.00015663603198935987,0.0,2.1994318303079227e-05,0.010326718285535086,0.0,0.0,0.0,0.0028415872354874113
iMRN,MRN,32052.65,11.549999999999999,43.150000000000006,3263.7099999999996,191.59,4407.619999999997,58.82999999999999,0.0,0.0,14.0,24062.19999999999,0.00036034462049159736,0.0013462225432218553,0.10182340617702434,0.005977352886578801,0.1375118749931752,0.0018354176643740842,0.0,0.0,0.0004367813581716332,0.750708599756962,0.9999999999999996,0.0019824310268477803,0.013770104671942816,0.006129671270551482,0.056456603351033426,0.002934097979389165,0.012992319006373588,0.0,0.0,0.028578427369968157,0.06325088609517503
iSCm,SCm,47715.85,0.0,0.0,10918.989999999998,0.0,15351.74,0.0,0.0,0.0,0.0,21445.120000000003,0.0,0.0,0.22883360560484614,0.0,0.3217325060750254,0.0,0.0,0.0,0.0,0.4494338883201285,1.0,0.0,0.0,0.020507281378075542,0.0,0.010219462955996171,0.0,0.0,0.0,0.0,0.05637152223892082
iPRC,PRC,2648.2899999999995,0.0,0.0,149.85999999999999,0.0,2498.4299999999994,0.0,0.0,0.0,0.0,0.0,0.0,0.0,0.05658745832216261,0.0,0.9434125416778374,0.0,0.0,0.0,0.0,0.0,1.0,0.0,0.0,0.00028145654381205596,0.0,0.0016631738703983723,0.0,0.0,0.0,0.0,0.0
iINC,INC,22.58,0.0,0.0,13.7,0.0,8.879999999999999,0.0,0.0,0.0,0.0,0.0,0.0,0.0,0.6067316209034544,0.0,0.3932683790965456,0.0,0.0,0.0,0.0,0.0,1.0,0.0,0.0,2.5730379355566308e-05,0.0,5.911305887752528e-06,0.0,0.0,0.0,0.0,0.0
iND,ND,72.17,0.0,0.0,54.019999999999996,0.0,18.15,0.0,0.0,0.0,0.0,0.0,0.0,0.0,0.7485104614105583,0.0,0.25148953858944156,0.0,0.0,0.0,0.0,0.0,0.9999999999999999,0.0,0.0,0.00010145657611588991,0.0,1.2082229939494188e-05,0.0,0.0,0.0,0.0,0.0
iSu3,Su3,116.36,0.0,0.0,0.0,0.0,116.36,0.0,0.0,0.0,0.0,0.0,0.0,0.0,0.0,0.0,1.0,0.0,0.0,0.0,0.0,0.0,1.0,0.0,0.0,0.0,0.0,7.745940913275723e-05,0.0,0.0,0.0,0.0,0.0
iAPN,APN,12387.66,0.0,0.0,1781.89,119.7,4263.049999999999,0.0,0.0,0.0,0.0,6223.02,0.0,0.0,0.14384395438686565,0.009662841892657694,0.34413682648700394,0.0,0.0,0.0,0.0,0.5023563772334727,1.0,0.0,0.0,0.003346620851816792,0.03527248510422622,0.002837859523061195,0.0,0.0,0.0,0.0,0.016358085677452446
iMPT,MPT,0.0,0.0,0.0,0.0,0.0,0.0,0.0,0.0,0.0,0.0,0.0,0.0,0.0,0.0,0.0,0.0,0.0,0.0,0.0,0.0,0.0,0.0,0.0,0.0,0.0,0.0,0.0,0.0,0.0,0.0,0.0,0.0
iNOT,NOT,768.0399999999998,0.0,0.0,551.3699999999999,81.67,135.0,0.0,0.0,0.0,0.0,0.0,0.0,0.0,0.7178922972761835,0.10633560752044166,0.17577209520337486,0.0,0.0,0.0,0.0,0.0,1.0,0.0,0.0,0.0010355444719181454,0.02406603056359361,8.986782599623777e-05,0.0,0.0,0.0,0.0,0.0
iNPC,NPC,1175.5699999999997,0.0,0.0,499.31,15.680000000000001,660.5799999999998,0.0,0.0,0.0,0.0,0.0,0.0,0.0,0.42473863742695045,0.013338210400061251,0.5619231521729884,0.0,0.0,0.0,0.0,0.0,1.0,0.0,0.0,0.0009377690303669936,0.00462048927681092,0.00043973991478959057,0.0,0.0,0.0,0.0,0.0
iOP,OP,495.57000000000005,0.0,0.0,282.73,31.130000000000003,181.71,0.0,0.0,0.0,0.0,0.0,0.0,0.0,0.5705147607805153,0.06281655467441531,0.3666686845450693,0.0,0.0,0.0,0.0,0.0,0.9999999999999999,0.0,0.0,0.0005310036609634498,0.009173203519586986,0.00012096209379093603,0.0,0.0,0.0,0.0,0.0
iPPT,PPT,1152.6900000000003,0.0,0.0,327.74999999999994,39.800000000000004,785.1400000000001,0.0,0.0,0.0,0.0,0.0,0.0,0.0,0.2843349035733804,0.03452793031951348,0.681137166107106,0.0,0.0,0.0,0.0,0.0,0.9999999999999999,0.0,0.0,0.0006155570681596245,0.011728027628639963,0.0005226579622421195,0.0,0.0,0.0,0.0,0.0
iRPF,RPF,7.22,0.0,0.0,0.0,0.0,7.22,0.0,0.0,0.0,0.0,0.0,0.0,0.0,0.0,0.0,1.0,0.0,0.0,0.0,0.0,0.0,1.0,0.0,0.0,0.0,0.0,4.80626447179879e-06,0.0,0.0,0.0,0.0,0.0
iCUN,CUN,4303.169999999999,5.3500000000000005,0.0,593.6700000000001,38.02,1374.45,14.200000000000001,0.0,0.0,0.0,2277.4800000000005,0.001243269496673383,0.0,0.13796108450282005,0.008835346965144304,0.3194040672341554,0.0032998928696751475,0.0,0.0,0.0,0.5292563389315321,1.0000000000000004,0.0009182689171978898,0.0,0.0011149893658408067,0.011203507800022397,0.0009149543217816963,0.0031360008480452997,0.0,0.0,0.0,0.005986677363833702
iRN,RN,698.85,0.0,0.0,190.45000000000002,0.0,82.07,19.5,0.0,0.0,0.0,406.83000000000004,0.0,0.0,0.2725191385848179,0.0,0.1174357873649567,0.02790298347284825,0.0,0.0,0.0,0.5821420905773772,1.0,0.0,0.0,0.0003576898356399711,0.0,5.463298132971284e-05,0.0043064800378086856,0.0,0.0,0.0,0.001069410028596723
iIII,III,23.240000000000002,5.28,0.0,4.77,0.0,13.190000000000001,0.0,0.0,0.0,0.0,0.0,0.2271944922547332,0.0,0.205249569707401,0.0,0.5675559380378657,0.0,0.0,0.0,0.0,0.0,1.0,0.0009062541837018425,0.0,8.958679527448999e-06,0.0,8.780419443632417e-06,0.0,0.0,0.0,0.0,0.0
iMA3,MA3,9.610000000000001,0.0,3.56,0.0,0.0,6.050000000000001,0.0,0.0,0.0,0.0,0.0,0.0,0.3704474505723205,0.0,0.0,0.6295525494276795,0.0,0.0,0.0,0.0,0.0,1.0,0.0,0.001136073525657391,0.0,0.0,4.027409979831396e-06,0.0,0.0,0.0,0.0,0.0
iIV,IV,0.0,0.0,0.0,0.0,0.0,0.0,0.0,0.0,0.0,0.0,0.0,0.0,0.0,0.0,0.0,0.0,0.0,0.0,0.0,0.0,0.0,0.0,0.0,0.0,0.0,0.0,0.0,0.0,0.0,0.0,0.0,0.0
iPa4,Pa4,17.330000000000002,0.0,0.0,17.330000000000002,0.0,0.0,0.0,0.0,0.0,0.0,0.0,0.0,0.0,1.0,0.0,0.0,0.0,0.0,0.0,0.0,0.0,1.0,0.0,0.0,3.2547990819851396e-05,0.0,0.0,0.0,0.0,0.0,0.0,0.0
iVTN,VTN,10.39,0.0,0.0,10.39,0.0,0.0,0.0,0.0,0.0,0.0,0.0,0.0,0.0,1.0,0.0,0.0,0.0,0.0,0.0,0.0,0.0,1.0,0.0,0.0,1.9513769452871093e-05,0.0,0.0,0.0,0.0,0.0,0.0,0.0
iAT,AT,33.08,0.0,0.0,24.060000000000002,0.0,0.0,9.020000000000001,0.0,0.0,0.0,0.0,0.0,0.0,0.7273276904474003,0.0,0.0,0.2726723095525998,0.0,0.0,0.0,0.0,1.0,0.0,0.0,4.5187804912038354e-05,0.0,0.0,0.0019920230738991974,0.0,0.0,0.0,0.0
iLT,LT,97.44,0.0,0.0,0.0,0.0,97.44,0.0,0.0,0.0,0.0,0.0,0.0,0.0,0.0,0.0,1.0,0.0,0.0,0.0,0.0,0.0,1.0,0.0,0.0,0.0,0.0,6.48645997412845e-05,0.0,0.0,0.0,0.0,0.0
iMT,MT,0.0,0.0,0.0,0.0,0.0,0.0,0.0,0.0,0.0,0.0,0.0,0.0,0.0,0.0,0.0,0.0,0.0,0.0,0.0,0.0,0.0,0.0,0.0,0.0,0.0,0.0,0.0,0.0,0.0,0.0,0.0,0.0
iSNc,SNc,1347.4099999999999,0.0,108.74000000000001,157.66,0.0,0.0,0.0,0.0,0.0,0.0,1081.01,0.0,0.08070297830652884,0.11700967040470237,0.0,0.0,0.0,0.0,0.0,0.0,0.8022873512887689,1.0000000000000002,0.0,0.034701302016849636,0.00029610595687580907,0.0,0.0,0.0,0.0,0.0,0.0,0.0028415872354874113
iPPN,PPN,7189.110000000001,61.5,2.32,794.1199999999998,22.310000000000002,1301.1000000000004,4.51,0.0,0.0,0.0,5003.25,0.008554605507496755,0.0003227103215836174,0.1104615174896475,0.0031033048597114248,0.18098206871226066,0.0006273377372164287,0.0,0.0,0.0,0.6959484553720836,1.0,0.010555801571527142,0.0007403625223385244,0.0014914605002804605,0.006574178301380844,0.0008661261363237406,0.0009960115369495985,0.0,0.0,0.0,0.013151748213200979
iIF,IF,308.64000000000004,0.0,293.24,4.6000000000000005,0.0,10.799999999999999,0.0,0.0,0.0,0.0,0.0,0.0,0.9501036806635561,0.01490409538621047,0.0,0.03499222395023327,0.0,0.0,0.0,0.0,0.0,0.9999999999999999,0.0,0.09357926984937452,8.639397447854382e-06,0.0,7.18942607969902e-06,0.0,0.0,0.0,0.0,0.0
iIPN,IPN,3039.8199999999997,0.0,92.78000000000002,2728.16,26.1,103.26,63.84,0.0,0.0,25.68,0.0,0.0,0.03052154403879178,0.8974741925508748,0.008586034699422993,0.03396911659242982,0.02100124349468061,0.0,0.0,0.008447868623800094,0.0,1.0000000000000002,0.0,0.02960811845800358,0.005123838813334436,0.007690992992650829,6.873890157312232e-05,0.014098753108395206,0.0,0.0,0.052421001061484444,0.0
iRL,RL,124.31,0.0,74.88,0.0,0.0,49.43,0.0,0.0,0.0,0.0,0.0,0.0,0.602365055104175,0.0,0.0,0.39763494489582496,0.0,0.0,0.0,0.0,0.0,1.0,0.0,0.023895838652029613,0.0,0.0,3.290493806662246e-05,0.0,0.0,0.0,0.0,0.0
iCLI,CLI,222.24,0.0,187.44,16.36,0.0,9.559999999999999,8.879999999999999,0.0,0.0,0.0,0.0,0.0,0.8434125269978401,0.0736141108711303,0.0,0.04301655867530597,0.039956803455723534,0.0,0.0,0.0,0.0,0.9999999999999999,0.0,0.059816185856522854,3.07262048362821e-05,0.0,6.3639734557335775e-06,0.0019611047556790323,0.0,0.0,0.0,0.0
iDR,DR,884.34,0.0,251.8,30.120000000000005,11.26,307.15,11.84,0.0,0.0,272.17,0.0,0.0,0.284732116606735,0.03405929845986838,0.012732659384399665,0.34732116606734964,0.013388515729244408,0.0,0.0,0.3077662437524029,0.0,1.0,0.0,0.08035486341587951,5.6569271984646515e-05,0.0033180299270976375,0.00020446594633144021,0.0026148063409053763,0.0,0.0,0.5555850412345881,0.0
iNLL,NLL,3297.249999999999,6.96,0.0,92.36000000000001,240.01999999999998,154.17999999999998,3.69,0.0,0.0,0.0,2800.039999999999,0.002110849950716507,0.0,0.028011221472439167,0.07279399499582988,0.046760178936992955,0.0011191144135264239,0.0,0.0,0.0,0.849204640230495,1.0,0.001194607787606974,0.0,0.00017346407571387624,0.07072766812628552,0.00010263571416370324,0.0008149185302314898,0.0,0.0,0.0,0.007360300018366313
iPSV,PSV,6993.02,0.0,0.0,10.62,102.74999999999999,823.4000000000002,1.3499999999999999,0.0,0.0,0.0,6054.9000000000015,0.0,0.0,0.0015186571752976536,0.01469322267060583,0.11774598099247538,0.00019304964092766783,0.0,0.0,0.0,0.8658490895206936,1.0000000000000002,0.0,0.0,1.9945739325263807e-05,0.030277759769918488,0.0005481271698170532,0.00029814092569444743,0.0,0.0,0.0,0.015916158548165818
iPB,PB,7607.070000000001,70.65,15.34,207.27999999999997,67.22999999999999,3717.44,35.99,0.0,3.52,0.0,3489.6199999999994,0.009287412893531938,0.0020165451349862694,0.027248336087350316,0.008837831122889626,0.4886822390223831,0.004731125124390862,0.0,0.00046272743645056505,0.0,0.45873378317801716,0.9999999999999999,0.01212629887851045,0.004895328057186623,0.00038929876151983824,0.019810937122448857,0.002474653711640401,0.007948216233883827,0.0,0.8421052631578948,0.0,0.009172958297056992
iSOC,SOC,445.0,33.15,3.5,0.0,129.85999999999999,40.260000000000005,0.0,0.0,0.0,0.0,238.23,0.07449438202247191,0.007865168539325843,0.0,0.2918202247191011,0.09047191011235957,0.0,0.0,0.0,0.0,0.5353483146067416,1.0,0.005689834505628045,0.0011169262190451877,0.0,0.03826637356420064,2.6800582774878022e-05,0.0,0.0,0.0,0.0,0.0006262211516176224
iPG,PG,2090.69,0.0,0.0,68.86,0.0,665.2,46.32,0.0,0.0,22.060000000000002,1288.2500000000002,0.0,0.0,0.032936494650091595,0.0,0.31817246937613897,0.022155364975199574,0.0,0.0,0.010551540400537622,0.6161841305980323,1.0,0.0,0.0,0.00012932802353462014,0.0,0.000442815391501462,0.010229546428271709,0.0,0.0,0.04503143627010697,0.003386346801710121
iSUT,SUT,250.38999999999996,4.34,4.55,6.489999999999999,9.489999999999998,197.39999999999998,0.0,0.0,0.0,0.0,28.12,0.017332960581492873,0.01817165222253285,0.02591956547785455,0.037900874635568516,0.788370142577579,0.0,0.0,0.0,0.0,0.11230480450497227,1.0,0.0007449134767549236,0.0014520040847587439,1.2189062920994549e-05,0.0027964568390902817,0.00013140673223449877,0.0,0.0,0.0,0.0,7.391738565036957e-05
iTRN,TRN,2142.2299999999996,0.0,0.0,161.53,370.98,405.24999999999994,34.77,0.0,0.0,32.1,1137.6,0.0,0.0,0.0754027345336402,0.1731746824570658,0.18917203101441024,0.01623075019955841,0.0,0.0,0.01498438543013589,0.5310354163651896,1.0000000000000002,0.0,0.0,0.00030337431951128654,0.10931818315760937,0.0002697698998887063,0.007678785175108104,0.0,0.0,0.06552625132685556,0.0029903420311472406
iP5,P5,72.80999999999999,1.85,0.0,0.0,29.380000000000003,40.919999999999995,0.0,0.0,0.6599999999999999,0.0,0.0,0.0254085977200934,0.0,0.0,0.4035160005493752,0.5620107128141739,0.0,0.0,0.009064688916357644,0.0,0.0,1.0000000000000002,0.00031753224239553196,0.0,0.0,0.008657523912800053,2.723993659085962e-05,0.0,0.0,0.15789473684210525,0.0,0.0
iPC5,PC5,13.13,0.0,0.0,0.0,8.08,5.050000000000001,0.0,0.0,0.0,0.0,0.0,0.0,0.0,0.0,0.6153846153846153,0.38461538461538464,0.0,0.0,0.0,0.0,0.0,1.0,0.0,0.0,0.0,0.0023809664130505248,3.361722379859265e-06,0.0,0.0,0.0,0.0,0.0
iCS,CS,4242.2699999999995,0.0,0.0,1324.63,21.0,303.2099999999999,205.58,0.0,0.0,108.27000000000001,2279.58,0.0,0.0,0.3122455666423873,0.0049501799744004985,0.07147352714466547,0.048459904720821644,0.0,0.0,0.02552171361087343,0.5373491079068518,1.0,0.0,0.0,0.0024878271829024672,0.006188155281443196,0.00020184313718754997,0.045401341855010754,0.0,0.0,0.22101330938188946,0.005992197509988245
iPRNr,PRNr,13854.989999999998,3.75,0.0,878.8199999999999,423.19999999999993,697.0700000000003,90.43,0.0,0.0,15.600000000000001,11746.119999999999,0.00027066060675612184,0.0,0.06342985451451066,0.030544951674450864,0.05031183710706398,0.006526890311721626,0.0,0.0,0.0011259481241054669,0.8477898576613914,1.0,0.0006436464372882403,0.0,0.0016505381011137797,0.12470606262413143,0.00046403085531257395,0.019971025118925102,0.0,0.0,0.031844533355107375,0.03087633292800565
iNTB,NTB,42.3,0.0,0.0,0.0,36.790000000000006,5.51,0.0,0.0,0.0,0.0,0.0,0.0,0.0,0.0,0.8697399527186763,0.13026004728132387,0.0,0.0,0.0,0.0,0.0,1.0000000000000002,0.0,0.0,0.0,0.010841058704966438,3.667938675846445e-06,0.0,0.0,0.0,0.0,0.0
iCB,CB,106715.92999999996,22.549999999999997,0.0,26750.989999999998,1329.74,61658.29999999999,22.720000000000002,0.0,0.0,0.0,16931.629999999997,0.00021130865841678936,0.0,0.25067475867942124,0.012460557669318915,0.5777797185481118,0.00021290167269310224,0.0,0.0,0.0,0.15866075477203828,1.0,0.0038704605762266186,0.0,0.05024183363773436,0.3918398859022036,0.04104516574536168,0.0050176013568724795,0.0,0.0,0.0,0.04450717725460052
cFRP,FRP,981.7499999999999,0.0,0.0,283.76,0.0,697.99,0.0,0.0,0.0,0.0,0.0,0.0,0.0,0.28903488668194555,0.0,0.7109651133180546,0.0,0.0,0.0,0.0,0.0,1.0,0.0,0.0,0.0005329381347398171,0.0,0.0004646432879045481,0.0,0.0,0.0,0.0,0.0
cMOp,MOp,114589.44000000002,0.0,0.0,15429.670000000004,0.0,78717.34999999999,95.0,0.0,0.0,0.0,20347.42,0.0,0.0,0.13465176197736894,0.0,0.6869511710677701,0.000829046725422517,0.0,0.0,0.0,0.1775680202294382,0.9999999999999998,0.0,0.0,0.028978924265051158,0.0,0.05240116379766627,0.02098028736368334,0.0,0.0,0.0,0.053486062984709905
cMOs,MOs,125497.09,0.0,0.0,18442.700000000004,0.0,86227.85,133.0,0.0,0.0,0.0,20693.54,0.0,0.0,0.1469571923938635,0.0,0.6870904337303758,0.0010597855296883777,0.0,0.0,0.0,0.16489258834607243,1.0,0.0,0.0,0.03463778593729218,0.0,0.05740081051725697,0.02937240230915668,0.0,0.0,0.0,0.054395888216619795
cSSp-n,SSp-n,19045.06,0.0,0.0,2306.7000000000003,0.0,15414.029999999999,0.0,0.0,0.0,0.0,1324.33,0.0,0.0,0.12111802220628343,0.0,0.8093453105424713,0.0,0.0,0.0,0.0,0.0695366672512452,0.9999999999999999,0.0,0.0,0.004332282194122979,0.0,0.010260928636598434,0.0,0.0,0.0,0.0,0.0034811881699272377
cSSp-bfd,SSp-bfd,57948.96,0.0,0.0,7908.8,0.0,44606.28,38.0,0.0,0.0,0.0,5395.880000000001,0.0,0.0,0.13647872196498437,0.0,0.7697511741366886,0.0006557494733296336,0.0,0.0,0.0,0.09311435442499746,1.0,0.0,0.0,0.014853753594693637,0.0,0.029693847476884895,0.008392114945473336,0.0,0.0,0.0,0.014183831539228883
cSSp-ll,SSp-ll,18222.059999999998,0.0,0.0,2465.3199999999997,0.0,15756.739999999998,0.0,0.0,0.0,0.0,0.0,0.0,0.0,0.13529315565858085,0.0,0.8647068443414191,0.0,0.0,0.0,0.0,0.0,1.0,0.0,0.0,0.004630191155683556,0.0,0.010489066433984883,0.0,0.0,0.0,0.0,0.0
cSSp-m,SSp-m,57151.170000000006,0.0,0.0,7385.84,0.0,41944.94,19.0,0.0,0.0,0.0,7801.39,0.0,0.0,0.12923339977116827,0.0,0.7339296815795722,0.00033245163659816583,0.0,0.0,0.0,0.13650446701266133,1.0,0.0,0.0,0.013871566792665392,0.0,0.027922226439575062,0.004196057472736668,0.0,0.0,0.0,0.020507053813617945
cSSp-ul,SSp-ul,31655.939999999995,0.0,0.0,4396.48,0.0,24582.93,38.0,0.0,0.0,0.0,2638.5300000000007,0.0,0.0,0.13888325540167185,0.0,0.7765661041813955,0.0012004066219483613,0.0,0.0,0.0,0.08335023379498448,1.0,0.0,0.0,0.008257160454683223,0.0,0.016364551671982912,0.008392114945473336,0.0,0.0,0.0,0.006935748206261368
cSSp-tr,SSp-tr,11396.08,0.0,0.0,1114.48,0.0,10271.940000000002,0.0,0.0,0.0,0.0,9.66,0.0,0.0,0.09779503127391173,0.0,0.9013573088290011,0.0,0.0,0.0,0.0,0.0008476598970874196,1.0000000000000002,0.0,0.0,0.0020931381886271196,0.0,0.006837903085657739,0.0,0.0,0.0,0.0,2.5392672310902205e-05
cSSp-un,SSp-un,3714.4600000000005,0.0,0.0,990.36,0.0,2724.1,0.0,0.0,0.0,0.0,0.0,0.0,0.0,0.26662287384976546,0.0,0.7333771261502343,0.0,0.0,0.0,0.0,0.0,0.9999999999999998,0.0,0.0,0.0018600247079254488,0.0,0.0018133995910840836,0.0,0.0,0.0,0.0,0.0
cSSs,SSs,78814.33,0.0,0.0,12171.09,0.0,56529.060000000005,38.0,0.0,0.0,0.0,10076.180000000002,0.0,0.0,0.15442737380372326,0.0,0.7172434251487008,0.00048214582297407085,0.0,0.0,0.0,0.12784705522460194,1.0,0.0,0.0,0.02285888780078391,0.0,0.03763069428008063,0.008392114945473336,0.0,0.0,0.0,0.026486660133091783
cGU,GU,9896.310000000005,0.0,0.0,1551.1799999999998,0.0,8322.050000000001,0.0,0.0,0.0,0.0,23.08,0.0,0.0,0.15674327097675791,0.0,0.8409245466239433,0.0,0.0,0.0,0.0,0.002332182399298323,0.9999999999999996,0.0,0.0,0.002913317507209295,0.0,0.005539885491348078,0.0,0.0,0.0,0.0,6.066903487946406e-05
cVISC,VISC,11420.800000000003,0.0,0.0,2151.83,0.0,9242.130000000001,0.0,0.0,0.0,0.0,26.84,0.0,0.0,0.1884132460072849,0.0,0.8092366559260296,0.0,0.0,0.0,0.0,0.0023500980666853453,0.9999999999999998,0.0,0.0,0.0040414162196122805,0.0,0.006152371338330438,0.0,0.0,0.0,0.0,7.055272513712373e-05
cAUDd,AUDd,5784.240000000001,0.0,0.0,704.88,0.0,5069.7,0.0,0.0,0.0,0.0,9.66,0.0,0.0,0.12186216339570971,0.0,0.8764677814198579,0.0,0.0,0.0,0.0,0.001670055184432181,0.9999999999999998,0.0,0.0,0.0013238561897920861,0.0,0.0033748364255787155,0.0,0.0,0.0,0.0,2.5392672310902205e-05
cAUDp,AUDp,15052.769999999999,0.0,0.0,1736.22,0.0,13280.050000000003,0.0,0.0,0.0,0.0,36.5,0.0,0.0,0.11534222604876047,0.0,0.8822329710744271,0.0,0.0,0.0,0.0,0.0024248028768127064,1.0000000000000002,0.0,0.0,0.0032608466601986375,0.0,0.008840364612009908,0.0,0.0,0.0,0.0,9.594539744802592e-05
cAUDpo,AUDpo,964.01,0.0,0.0,130.18,0.0,833.8299999999999,0.0,0.0,0.0,0.0,0.0,0.0,0.0,0.13504009294509395,0.0,0.864959907054906,0.0,0.0,0.0,0.0,0.0,1.0,0.0,0.0,0.000244494947774279,0.0,0.0005550702914847624,0.0,0.0,0.0,0.0,0.0
cAUDv,AUDv,14531.069999999996,0.0,0.0,2402.37,0.0,12115.279999999999,0.0,0.0,0.0,0.0,13.42,0.0,0.0,0.16532643501132405,0.0,0.8337500266669972,0.0,0.0,0.0,0.0,0.0009235383216789956,1.0000000000000002,0.0,0.0,0.00451196287973955,0.0,0.008064991666190366,0.0,0.0,0.0,0.0,3.527636256856186e-05
cVISal,VISal,758.36,0.0,0.0,41.790000000000006,0.0,716.57,0.0,0.0,0.0,0.0,0.0,0.0,0.0,0.05510575452291788,0.0,0.9448942454770822,0.0,0.0,0.0,0.0,0.0,1.0,0.0,0.0,7.848704768387709e-05,0.0,0.00047701176351203035,0.0,0.0,0.0,0.0,0.0
cVISam,VISam,10968.35,0.0,0.0,753.9100000000001,0.0,10214.44,0.0,0.0,0.0,0.0,0.0,0.0,0.0,0.06873504218957273,0.0,0.9312649578104273,0.0,0.0,0.0,0.0,0.0,1.0,0.0,0.0,0.0014159408978069341,0.0,0.00679962604865934,0.0,0.0,0.0,0.0,0.0
cVISl,VISl,14994.83,0.0,0.0,1118.65,0.0,13876.18,0.0,0.0,0.0,0.0,0.0,0.0,0.0,0.07460237962017575,0.0,0.9253976203798243,0.0,0.0,0.0,0.0,0.0,1.0,0.0,0.0,0.0021009699902265876,0.0,0.009237200960981294,0.0,0.0,0.0,0.0,0.0
cVISp,VISp,142986.01999999996,0.0,0.0,9032.079999999998,0.0,126781.53,0.0,0.0,0.0,0.0,7172.410000000001,0.0,0.0,0.06316757400478733,0.0,0.8866708087965525,0.0,0.0,0.0,0.0,0.05016161719866042,1.0000000000000002,0.0,0.0,0.016963419326264474,0.0,0.0843968924264948,0.0,0.0,0.0,0.0,0.01885369118110125
cVISpl,VISpl,5061.330000000001,0.0,0.0,575.0899999999999,0.0,4486.240000000001,0.0,0.0,0.0,0.0,0.0,0.0,0.0,0.113624284526004,0.0,0.886375715473996,0.0,0.0,0.0,0.0,0.0,1.0,0.0,0.0,0.0010800937126709946,0.0,0.0029864343384989763,0.0,0.0,0.0,0.0,0.0
cVISpm,VISpm,8754.47,0.0,0.0,585.24,0.0,8169.2300000000005,0.0,0.0,0.0,0.0,0.0,0.0,0.0,0.06685042041380004,0.0,0.9331495795862,0.0,0.0,0.0,0.0,0.0,1.0,0.0,0.0,0.0010991567309526734,0.0,0.005438155112320337,0.0,0.0,0.0,0.0,0.0
cVISli,VISli,3000.11,0.0,0.0,203.76,0.0,2796.3500000000004,0.0,0.0,0.0,0.0,0.0,0.0,0.0,0.06791750969131131,0.0,0.9320824903086887,0.0,0.0,0.0,0.0,0.0,1.0,0.0,0.0,0.0003826877443423497,0.0,0.0018614955201820705,0.0,0.0,0.0,0.0,0.0
cVISpor,VISpor,9236.590000000002,0.0,0.0,1256.98,0.0,7979.610000000001,0.0,0.0,0.0,0.0,0.0,0.0,0.0,0.13608701912718868,0.0,0.8639129808728112,0.0,0.0,0.0,0.0,0.0,0.9999999999999999,0.0,0.0,0.0023607716965226085,0.0,0.005311927429613622,0.0,0.0,0.0,0.0,0.0
cACAd,ACAd,28154.14,0.0,0.0,4068.65,0.0,21264.71,19.0,0.0,0.0,0.0,2801.7799999999997,0.0,0.0,0.14451338240130937,0.0,0.7552960239595313,0.0006748563443955312,0.0,0.0,0.0,0.09951573729476375,1.0,0.0,0.0,0.007641453136133201,0.0,0.014155653764003386,0.004196057472736668,0.0,0.0,0.0,0.007364873853751509
cACAv,ACAv,30837.89,0.0,0.0,4000.88,0.0,25732.25,0.0,0.0,0.0,0.0,1104.76,0.0,0.0,0.12973909693562044,0.0,0.8344361433288724,0.0,0.0,0.0,0.0,0.035824759735507195,1.0,0.0,0.0,0.007514172274167747,0.0,0.017129639744382884,0.0,0.0,0.0,0.0,0.0029040174598542775
cPL,PL,20894.550000000003,0.0,0.0,3407.93,0.0,17188.28,38.0,0.0,0.0,0.0,260.34000000000003,0.0,0.0,0.1631013828964969,0.0,0.8226202526496142,0.0018186560610302684,0.0,0.0,0.0,0.012459708392858425,0.9999999999999998,0.0,0.0,0.006400535161840517,0.0,0.01144202486084899,0.008392114945473336,0.0,0.0,0.0,0.0006843404047018924
cILA,ILA,6137.1,0.0,0.0,896.9,0.0,5030.339999999999,0.0,0.0,0.0,0.0,209.86,0.0,0.0,0.1461439442081765,0.0,0.8196607518208925,0.0,0.0,0.0,0.0,0.034195303970930895,0.9999999999999998,0.0,0.0,0.0016844946893436073,0.0,0.003348634961643812,0.0,0.0,0.0,0.0,0.0005516466057107595
cORBl,ORBl,18775.489999999998,0.0,0.0,2419.31,0.0,13673.619999999999,0.0,0.0,0.0,0.0,2682.5600000000004,0.0,0.0,0.12885469300668054,0.0,0.7282696749858459,0.0,0.0,0.0,0.0,0.1428756320074736,1.0,0.0,0.0,0.004543778399906213,0.0,0.009102359280730938,0.0,0.0,0.0,0.0,0.007051487270634971
cORBm,ORBm,9464.890000000001,0.0,0.0,1306.23,0.0,8049.680000000001,19.0,0.0,0.0,0.0,89.98,0.0,0.0,0.13800794304001418,0.0,0.8504779242019718,0.0020074189980020894,0.0,0.0,0.0,0.009506713760012001,1.0,0.0,0.0,0.0024532695931110495,0.0,0.0053585721597436695,0.004196057472736668,0.0,0.0,0.0,0.00023652511951707873
cORBvl,ORBvl,13328.289999999997,0.0,0.0,1880.53,0.0,10108.640000000001,19.0,0.0,0.0,0.0,1320.1200000000001,0.0,0.0,0.14109311847206207,0.0,0.7584348779926009,0.0014255392102062608,0.0,0.0,0.0,0.099046464325131,1.0000000000000002,0.0,0.0,0.003531879583176869,0.0,0.006729196300582289,0.004196057472736668,0.0,0.0,0.0,0.0034701215912078904
cAId,AId,24245.39,0.0,0.0,4005.12,0.0,16252.15,0.0,0.0,0.0,0.0,3988.12,0.0,0.0,0.165190990947145,0.0,0.670319182327032,0.0,0.0,0.0,0.0,0.16448982672582294,0.9999999999999999,0.0,0.0,0.007522135544858812,0.0,0.010818854727887078,0.0,0.0,0.0,0.0,0.010483335848504688
cAIp,AIp,5828.450000000001,0.0,0.0,1411.3399999999997,0.0,4365.6900000000005,38.0,0.0,0.0,0.0,13.42,0.0,0.0,0.24214671138982055,0.0,0.7490310459899288,0.006519743671130403,0.0,0.0,0.0,0.0023024989491202633,1.0,0.0,0.0,0.0026506798247945213,0.0,0.0029061856983223357,0.008392114945473336,0.0,0.0,0.0,3.527636256856186e-05
cAIv,AIv,3867.56,0.0,0.0,880.0100000000001,0.0,2959.48,1.68,0.0,0.0,0.0,26.389999999999997,0.0,0.0,0.22753622438953763,0.0,0.7652059696552865,0.00043438240130728415,0.0,0.0,0.0,0.0068234235538685885,1.0000000000000002,0.0,0.0,0.0016527730756709423,0.0,0.001970089138365524,0.00037101981864197907,0.0,0.0,0.0,6.936983667543573e-05
cRSPagl,RSPagl,27780.109999999997,0.0,0.0,2839.1200000000003,0.0,24925.64,0.0,0.0,0.0,0.0,15.35,0.0,0.0,0.10219973930988757,0.0,0.8972477070825134,0.0,0.0,0.0,0.0,0.000552553607599106,1.0000000000000002,0.0,0.0,0.005332236104815724,0.0,0.01659268946936936,0.0,0.0,0.0,0.0,4.034963974869035e-05
cRSPd,RSPd,36710.92,0.0,0.0,4418.790000000001,0.0,29635.049999999996,19.0,0.0,0.0,0.0,2638.0800000000004,0.0,0.0,0.12036718229889093,0.0,0.807254353745425,0.0005175571737237858,0.0,0.0,0.0,0.07186090678196026,0.9999999999999999,0.0,0.0,0.00829906153230532,0.0,0.019727685309554117,0.004196057472736668,0.0,0.0,0.0,0.006934565317799679
cRSPv,RSPv,54113.43999999999,0.0,0.0,4532.260000000001,0.0,48121.880000000005,0.0,0.0,0.0,0.0,1459.3000000000002,0.0,0.0,0.0837547936335225,0.0,0.8892777838555452,0.0,0.0,0.0,0.0,0.0269674225109326,1.0000000000000004,0.0,0.0,0.008512172929785327,0.0,0.03203413880334692,0.0,0.0,0.0,0.0,0.003835975849202856
cVISa,VISa,13251.17,0.0,0.0,1237.2,0.0,12013.97,0.0,0.0,0.0,0.0,0.0,0.0,0.0,0.09336534056992704,0.0,0.9066346594300729,0.0,0.0,0.0,0.0,0.0,1.0,0.0,0.0,0.002323622287496835,0.0,0.007997550855437189,0.0,0.0,0.0,0.0,0.0
cVISrl,VISrl,3922.85,0.0,0.0,477.9,0.0,3444.9500000000003,0.0,0.0,0.0,0.0,0.0,0.0,0.0,0.12182469378130696,0.0,0.8781753062186931,0.0,0.0,0.0,0.0,0.0,1.0,0.0,0.0,0.0008975582696368713,0.0,0.0022932604975239947,0.0,0.0,0.0,0.0,0.0
cTEa,TEa,26377.89,0.0,0.0,5194.57,0.0,21141.989999999998,0.0,0.0,0.0,0.0,41.33,0.0,0.0,0.19692894314139606,0.0,0.8015042143249517,0.0,0.0,0.0,0.0,0.0015668425336522367,1.0,0.0,0.0,0.009756077130587158,0.0,0.014073960581734804,0.0,0.0,0.0,0.0,0.00010864173360347703
cPERI,PERI,1102.1599999999999,0.0,0.0,303.47,0.0,798.6899999999999,0.0,0.0,0.0,0.0,0.0,0.0,0.0,0.2753411482906294,0.0,0.7246588517093707,0.0,0.0,0.0,0.0,0.0,1.0,0.0,0.0,0.0005699560746739933,0.0,0.0005316780292217417,0.0,0.0,0.0,0.0,0.0
cECT,ECT,8799.09,0.0,0.0,1899.65,0.0,6870.449999999999,0.0,0.0,0.0,0.0,28.990000000000002,0.0,0.0,0.21589164334039088,0.0,0.7808136977801112,0.0,0.0,0.0,0.0,0.0032946588794977665,0.9999999999999999,0.0,0.0,0.003567789426481864,0.0,0.004573573371228531,0.0,0.0,0.0,0.0,7.620430334296635e-05
cMOB,MOB,43427.86999999999,0.0,444.12,35746.93,0.0,4650.73,14.200000000000001,0.0,0.0,0.0,2571.8900000000003,0.0,0.010226612541669672,0.823133393371584,0.0,0.1070909072906408,0.0003269789653510523,0.0,0.0,0.0,0.05922210783075479,1.0000000000000004,0.0,0.14172836354352822,0.06713737735013678,0.0,0.0030959332918183914,0.0031360008480452997,0.0,0.0,0.0,0.006760575568290505
cAON,AON,34939.88,0.0,9.52,4944.919999999999,0.0,22441.590000000004,114.0,0.0,0.0,0.0,7429.849999999999,0.0,0.0002724680222141576,0.14152653071504537,0.0,0.6422915591009473,0.0032627473248333996,0.0,0.0,0.0,0.21264669483695994,1.0000000000000002,0.0,0.0030380393158029105,0.00928720200605306,0.0,0.014939088186658591,0.02517634483642001,0.0,0.0,0.0,0.01953040852682782
cTT,TT,4529.300000000001,0.0,7.14,765.67,0.0,3313.7,19.0,0.0,0.0,0.0,423.78999999999996,0.0,0.0015764025346079963,0.1690481972931799,0.0,0.7316141567129576,0.004194908705539486,0.0,0.0,0.0,0.09356633475371468,0.9999999999999997,0.0,0.0022785294868521828,0.0014380277051953617,0.0,0.0022058890000276523,0.004196057472736668,0.0,0.0,0.0,0.0011139917803972303
cDP,DP,3764.110000000001,0.0,0.0,616.07,0.0,2836.61,19.0,0.0,0.0,0.0,292.42999999999995,0.0,0.0,0.16366949956297766,0.0,0.7535938110204004,0.005047673952142736,0.0,0.0,0.0,0.07768901546447896,0.9999999999999998,0.0,0.0,0.0011570594751520976,0.0,0.0018882961029569483,0.004196057472736668,0.0,0.0,0.0,0.0007686934952253758
cPIR,PIR,74575.33000000003,0.0,0.0,8217.900000000003,0.0,45265.12000000002,76.0,0.0,0.0,0.0,21016.309999999998,0.0,0.0,0.11019595890490863,0.0,0.6069717693505345,0.0010191037706437233,0.0,0.0,0.0,0.2818131679739129,0.9999999999999998,0.0,0.0,0.015434283540591858,0.0,0.030132429095250546,0.016784229890946672,0.0,0.0,0.0,0.055244334680573194
cCOAp,COAp,14327.3,0.0,0.0,2102.86,0.0,12201.16,0.0,0.0,0.0,0.0,23.28,0.0,0.0,0.14677294396013207,0.0,0.8516021860364479,0.0,0.0,0.0,0.0,0.0016248700034200445,1.0,0.0,0.0,0.003949444199390232,0.0,0.008122160917275974,0.0,0.0,0.0,0.0,6.119476308465873e-05
cPAA,PAA,3419.2100000000005,0.0,0.0,791.09,0.0,2602.37,0.0,0.0,0.0,0.0,25.75,0.0,0.0,0.23136630976161157,0.0,0.7611027108601108,0.0,0.0,0.0,0.0,0.007530979378277437,0.9999999999999998,0.0,0.0,0.001485769766744157,0.0,0.001732365439539476,0.0,0.0,0.0,0.0,6.768750641881281e-05
cTR,TR,3964.330000000001,0.0,0.0,1325.1699999999996,0.0,2600.2700000000004,19.0,0.0,0.0,0.0,19.89,0.0,0.0,0.3342733828919387,0.0,0.6559166366069423,0.004792739252282225,0.0,0.0,0.0,0.005017241248836499,0.9999999999999998,0.0,0.0,0.0024888413730376493,0.0,0.001730967495579535,0.004196057472736668,0.0,0.0,0.0,5.22836700066092e-05
cCA1,CA1,37348.04999999999,0.0,0.0,5966.2,0.0,26284.019999999997,266.53000000000003,0.0,0.0,0.0,4831.3,0.0,0.0,0.1597459572855879,0.0,0.7037588307823301,0.007136383291764901,0.0,0.0,0.0,0.12935882864031728,1.0000000000000002,0.0,0.0,0.011205298489867132,0.0,0.017496946191419505,0.058861852537289705,0.0,0.0,0.0,0.012699753388784868
cCA2,CA2,977.6300000000002,0.0,0.0,198.72,0.0,766.9800000000001,6.3,0.0,0.0,0.0,5.63,0.0,0.0,0.20326708468438975,0.0,0.7845299346378486,0.006444155764450762,0.0,0.0,0.0,0.00575882491331076,0.9999999999999999,0.0,0.0,0.0003732219697473092,0.0,0.0005105690754266256,0.0013913243199074215,0.0,0.0,0.0,1.4799248976229753e-05
cCA3,CA3,18233.829999999998,0.0,0.0,3819.3200000000006,0.0,9580.7,153.2,0.0,0.0,0.0,4680.61,0.0,0.0,0.2094633985289981,0.0,0.5254354131852716,0.008401964919054308,0.0,0.0,0.0,0.2566992233666761,1.0000000000000002,0.0,0.0,0.007173179013160696,0.0,0.0063777531890530014,0.03383347393806618,0.0,0.0,0.0,0.012303643472580948
cDG,DG,79092.95000000003,0.0,0.0,2690.9799999999996,20.26,72738.32,38.0,0.0,0.0,0.0,3605.3900000000003,0.0,0.0,0.03402300710746026,0.00025615430958132165,0.919656176688314,0.00048044737236378196,0.0,0.0,0.0,0.04558421452228042,0.9999999999999998,0.0,0.0,0.005054009944397212,0.005970096476287579,0.0484209976668049,0.008392114945473336,0.0,0.0,0.0,0.009477276068633925
cFC,FC,71.06,0.0,0.0,5.0,0.0,64.74000000000001,0.0,0.0,0.0,0.0,1.32,0.0,0.0,0.07036307345904869,0.0,0.9110610751477626,0.0,0.0,0.0,0.0,0.018575851393188854,1.0000000000000002,0.0,0.0,9.390649399841718e-06,0.0,4.309661522219581e-05,0.0,0.0,0.0,0.0,3.4698061542847736e-06
cIG,IG,342.30000000000007,0.0,0.0,51.99,0.0,198.57000000000002,0.0,0.0,0.0,0.0,91.74,0.0,0.0,0.15188431200701136,0.0,0.5801051709027168,0.0,0.0,0.0,0.0,0.2680105170902716,0.9999999999999998,0.0,0.0,9.76439724595542e-05,0.0,0.00013218558672646618,0.0,0.0,0.0,0.0,0.00024115152772279173
cENTl,ENTl,35474.11,0.0,0.0,7294.839999999999,0.0,21792.129999999997,76.0,0.0,0.0,0.0,6311.140000000001,0.0,0.0,0.20563842193644885,0.0,0.6143108311949192,0.0021424075191738426,0.0,0.0,0.0,0.177908339349458,1.0,0.0,0.0,0.013700656973588271,0.0,0.014506750717980686,0.016784229890946672,0.0,0.0,0.0,0.01658972152466122
cENTm,ENTm,32617.410000000003,0.0,0.0,6550.18,0.0,25894.75,95.0,0.0,0.0,0.0,77.48,0.0,0.0,0.20081851992540178,0.0,0.7938935065659719,0.002912554982139906,0.0,0.0,0.0,0.002375418526486315,0.9999999999999999,0.0,0.0,0.012302088777171045,0.0,0.017237813979378354,0.02098028736368334,0.0,0.0,0.0,0.0002036671066924123
cPAR,PAR,4999.619999999999,0.0,0.0,1634.14,0.0,3336.82,19.0,0.0,0.0,0.0,9.66,0.0,0.0,0.3268528408159021,0.0,0.6674147235189876,0.003800288821950469,0.0,0.0,0.0,0.0019321468431600806,1.0000000000000002,0.0,0.0,0.003069127162051469,0.0,0.002221279697339008,0.004196057472736668,0.0,0.0,0.0,2.5392672310902205e-05
cPOST,POST,14346.989999999996,0.0,0.0,1139.41,0.0,13202.349999999997,0.0,0.0,0.0,0.0,5.23,0.0,0.0,0.07941805214891767,0.0,0.9202174114570374,0.0,0.0,0.0,0.0,0.0003645363940450228,1.0,0.0,0.0,0.0021399599665347306,0.0,0.00878864068549207,0.0,0.0,0.0,0.0,1.3747792565840429e-05
cPRE,PRE,14325.340000000002,0.0,0.0,1319.4499999999998,0.0,12983.97,0.0,0.0,0.0,0.0,21.92,0.0,0.0,0.09210601633189855,0.0,0.906363828013855,0.0,0.0,0.0,0.0,0.0015301556542462516,0.9999999999999998,0.0,0.0,0.0024780984701242305,0.0,0.008643267827410157,0.0,0.0,0.0,0.0,5.761981128933503e-05
cSUB,SUB,13244.329999999993,0.0,0.0,1802.48,0.0,11235.05,19.0,0.0,0.0,0.0,187.79999999999998,0.0,0.0,0.13609446457465202,0.0,0.8482913065440083,0.001434576154475161,0.0,0.0,0.0,0.014179652726865012,1.0000000000000004,0.0,0.0,0.00338529154604534,0.0,0.007479033470066896,0.004196057472736668,0.0,0.0,0.0,0.0004936587846777881
cProS,ProS,5521.680000000003,0.0,0.0,1013.7000000000002,0.0,4435.700000000002,40.94,0.0,0.0,0.0,31.34,0.0,0.0,0.18358543052114568,0.0,0.8033243505599743,0.007414410107068859,0.0,0.0,0.0,0.005675808811810895,0.9999999999999998,0.0,0.0,0.0019038602593239103,0.0,0.002952790487196385,0.009041399628096799,0.0,0.0,0.0,8.238160975400363e-05
cHATA,HATA,748.91,0.0,0.0,320.40000000000003,0.0,428.51000000000005,0.0,0.0,0.0,0.0,0.0,0.0,0.0,0.4278217676356305,0.0,0.5721782323643696,0.0,0.0,0.0,0.0,0.0,1.0,0.0,0.0,0.0006017528135418574,0.0,0.00028525379346405814,0.0,0.0,0.0,0.0,0.0
cAPr,APr,1410.12,0.0,0.0,237.02,0.0,1173.1000000000001,0.0,0.0,0.0,0.0,0.0,0.0,0.0,0.16808498567497804,0.0,0.8319150143250221,0.0,0.0,0.0,0.0,0.0,1.0000000000000002,0.0,0.0,0.00044515434415009684,0.0,0.0007809181235273077,0.0,0.0,0.0,0.0,0.0
cCLA,CLA,8324.179999999998,0.0,0.0,608.0399999999998,0.0,7626.32,0.0,0.0,0.0,0.0,89.82,0.0,0.0,0.073045032663878,0.0,0.9161647153233112,0.0,0.0,0.0,0.0,0.010790252012810872,1.0,0.0,0.0,0.0011419780922159513,0.0,0.005076746657419466,0.0,0.0,0.0,0.0,0.00023610453695292296
cEP,EP,21353.139999999992,0.0,0.0,4521.289999999999,0.0,14154.189999999999,38.0,0.0,0.0,0.0,2639.6600000000003,0.0,0.0,0.21173888243134267,0.0,0.6628622300982433,0.0017795977547096125,0.0,0.0,0.0,0.12361928971570464,1.0000000000000002,0.0,0.0,0.008491569845002071,0.0,0.009422268770649545,0.008392114945473336,0.0,0.0,0.0,0.0069387185706207164
cLA,LA,5795.98,0.0,0.0,1136.94,0.0,4420.39,0.0,0.0,0.0,0.0,238.65,0.0,0.0,0.19616009717079771,0.0,0.7626648125079798,0.0,0.0,0.0,0.0,0.04117509032122264,1.0000000000000002,0.0,0.0,0.0021353209857312085,0.0,0.002942598810040811,0.0,0.0,0.0,0.0,0.0006273251808485312
cBLA,BLA,10431.61,0.0,0.0,3035.1599999999994,0.0,7349.73,19.0,0.0,0.0,0.0,27.72,0.0,0.0,0.290957963344105,0.0,0.7045633416126561,0.0018213871109061784,0.0,0.0,0.0,0.002657307932332593,0.9999999999999998,0.0,0.0,0.005700424686484717,0.0,0.004892624124143175,0.004196057472736668,0.0,0.0,0.0,7.286592923998024e-05
cBMA,BMA,10931.379999999997,0.0,0.0,3114.5200000000004,0.0,7813.219999999999,0.0,0.0,0.0,0.0,3.64,0.0,0.0,0.28491553673918585,0.0,0.7147514769406974,0.0,0.0,0.0,0.0,0.00033298632011694783,1.0000000000000002,0.0,0.0,0.005849473073759007,0.0,0.005201163669854258,0.0,0.0,0.0,0.0,9.56825333454286e-06
cPA,PA,4626.570000000001,0.0,0.0,1216.8500000000001,0.0,3408.9899999999993,0.0,0.0,0.0,0.0,0.73,0.0,0.0,0.26301342030921393,0.0,0.7368287954143131,0.0,0.0,0.0,0.0,0.0001577842764726352,0.9999999999999997,0.0,0.0,0.0022854023444394793,0.0,0.0022693223714289963,0.0,0.0,0.0,0.0,1.9189079489605184e-06
cCP,CP,88594.34000000001,85.97,0.0,46372.16000000001,0.0,952.5300000000001,0.0,0.0,0.0,0.0,41183.68,0.0009703780173767307,0.0,0.5234212479036472,0.0,0.010751589774245172,0.0,0.0,0.0,0.0,0.46485678430473093,1.0,0.01475580912364534,0.0,0.08709293929467285,0.0,0.0006340874096014546,0.0,0.0,0.0,0.0,0.10825711084855662
cACB,ACB,31431.340000000022,71.06,0.0,24435.940000000013,0.0,543.88,143.7,0.0,0.0,0.0,6236.759999999999,0.002260800843998377,0.0,0.7774386965366413,0.0,0.017303748424343336,0.004571869987089316,0.0,0.0,0.0,0.19842488420792734,0.9999999999999998,0.012196670888987297,0.0,0.04589386905911367,0.0,0.00036205417187284294,0.031735445201697854,0.0,0.0,0.0,0.016394203205149317
cFS,FS,351.2699999999999,4.48,0.0,294.84,0.0,51.949999999999996,0.0,0.0,0.0,0.0,0.0,0.012753722207988162,0.0,0.8393543428132207,0.0,0.14789193497879127,0.0,0.0,0.0,0.0,0.0,1.0000000000000002,0.0007689429437470179,0.0,0.0005537478138098663,0.0,3.458247081855223e-05,0.0,0.0,0.0,0.0,0.0
cOT,OT,16118.539999999994,34.28,0.0,13679.919999999996,0.0,135.97,0.0,0.0,0.0,0.0,2268.3699999999994,0.002126743489174579,0.0,0.8487071409693435,0.0,0.008435627544430207,0.0,0.0,0.0,0.0,0.14073048799705187,1.0000000000000002,0.005883786632064235,0.0,0.025692666507576536,0.0,9.051354296821074e-05,0.0,0.0,0.0,0.0,0.0059627304440870825
cLS,LS,31492.779999999988,155.66,0.0,27441.879999999997,0.0,540.58,126.05,0.0,0.0,0.0,3228.61,0.004942720204440512,0.0,0.8713705173058717,0.0,0.017165204215061364,0.0040025047010775186,0.0,0.0,0.0,0.10251905357354928,1.0000000000000004,0.02671733451421,0.0,0.05153941479050569,0.0,0.0003598574027929349,0.027837528654655632,0.0,0.0,0.0,0.008486856702867699
cSF,SF,994.7300000000001,0.0,0.0,393.18,0.0,413.98,0.0,0.0,0.0,0.0,187.57,0.0,0.0,0.3952630362007781,0.0,0.416173232937581,0.0,0.0,0.0,0.0,0.18856373086164083,0.9999999999999999,0.0,0.0,0.0007384431062059534,0.0,0.00027558135263646306,0.0,0.0,0.0,0.0,0.0004930541972418143
cSH,SH,80.62,0.0,0.0,80.62,0.0,0.0,0.0,0.0,0.0,0.0,0.0,0.0,0.0,1.0,0.0,0.0,0.0,0.0,0.0,0.0,0.0,1.0,0.0,0.0,0.00015141483092304787,0.0,0.0,0.0,0.0,0.0,0.0,0.0
cBA,BA,27.810000000000002,0.0,0.0,3.36,0.0,24.450000000000003,0.0,0.0,0.0,0.0,0.0,0.0,0.0,0.12081984897518877,0.0,0.8791801510248113,0.0,0.0,0.0,0.0,0.0,1.0,0.0,0.0,6.310516396693634e-06,0.0,1.627606181931862e-05,0.0,0.0,0.0,0.0,0.0
cCEA,CEA,14604.869999999997,3.36,0.0,13848.479999999996,0.0,743.22,0.0,0.0,0.0,0.0,9.81,0.0002300602470271903,0.0,0.9482097409973521,0.0,0.05088850499867511,0.0,0.0,0.0,0.0,0.0006716937569454574,0.9999999999999999,0.0005767072078102633,0.0,0.026009244080144,0.0,0.0004947523380512877,0.0,0.0,0.0,0.0,2.57869684647982e-05
cIA,IA,1493.76,0.0,0.0,1008.4999999999999,0.0,475.59999999999997,0.0,0.0,0.0,0.0,9.66,0.0,0.0,0.6751419237360753,0.0,0.31839117395029987,0.0,0.0,0.0,0.0,0.006466902313624678,0.9999999999999999,0.0,0.0,0.0018940939839480744,0.0,0.0003166010225467458,0.0,0.0,0.0,0.0,2.5392672310902205e-05
cMEA,MEA,32943.03000000001,0.0,0.0,13663.370000000004,0.0,17998.4,6.06,0.0,0.0,0.0,1275.2000000000005,0.0,0.0,0.414757537482132,0.0,0.5463492580979951,0.00018395393502054902,0.0,0.0,0.0,0.03870925048485218,0.9999999999999999,0.0,0.0,0.025661583458063075,0.0,0.011981311699338415,0.001338321488672853,0.0,0.0,0.0,0.0033520430363211703
cPALd,PALd,9958.420000000002,32.269999999999996,0.0,1901.9499999999998,0.0,162.38,150.32,0.0,0.0,0.0,7711.499999999998,0.0032404738904364336,0.0,0.19098913281424157,0.0,0.01630579951438079,0.01509476402883188,0.0,0.0,0.0,0.774369829752109,0.9999999999999997,0.005538792141677737,0.0,0.003572109125205791,0.0,0.00010809435248347473,0.03319743996325136,0.0,0.0,0.0,0.0202707652717932
cSI,SI,18643.169999999987,102.25999999999999,0.0,6917.539999999999,0.0,2611.470000000001,132.43,0.0,0.0,0.0,8879.469999999998,0.005485118678851293,0.0,0.3710495586319281,0.0,0.14007649986563458,0.00710340569763619,0.0,0.0,0.0,0.47628541712595035,1.0000000000000007,0.017551809247225453,0.0,0.012992038569876213,0.0,0.0017384231966992233,0.02924652058497458,0.0,0.0,0.0,0.023340939130899248
cMA,MA,1866.24,47.31,0.0,1112.65,0.0,619.5700000000002,63.28000000000001,0.0,0.0,0.0,23.43,0.025350437242798354,0.0,0.596198774005487,0.0,0.331988383058985,0.033907750342935535,0.0,0.0,0.0,0.012554655349794238,1.0000000000000002,0.00812024345282844,0.0,0.0020897012109467776,0.0,0.0004124400663147337,0.013975079835514548,0.0,0.0,0.0,6.158905923855473e-05
cMS,MS,2854.459999999999,60.31999999999999,0.0,1896.21,0.0,838.3399999999997,0.0,0.0,0.0,0.0,59.59,0.02113184280038957,0.0,0.664297275141358,0.0,0.29369477939785454,0.0,0.0,0.0,0.0,0.020876102660398122,1.0000000000000002,0.010353267492593774,0.0,0.003561328659694773,0.0,0.0005580725425606366,0.0,0.0,0.0,0.0,0.00015664071873774973
cNDB,NDB,4356.299999999999,131.85,0.0,3099.3800000000006,0.0,1033.5200000000002,11.11,0.0,0.0,0.0,80.44,0.030266510570897326,0.0,0.711470743520878,0.0,0.237247205197071,0.00255032940798384,0.0,0.0,0.0,0.018465211303170123,1.0000000000000002,0.02263060873505453,0.0,0.005821038187376286,0.0,0.0006880014483231976,0.0024535893959002305,0.0,0.0,0.0,0.0002114478841292933
cBST,BST,11559.910000000003,0.0,4.8500000000000005,9147.14,0.0,931.4299999999998,201.27,0.0,0.0,0.0,1275.22,0.0,0.0004195534394298917,0.7912812469993276,0.0,0.08057415671921317,0.017411035207021502,0.0,0.0,0.0,0.11031400763500751,0.9999999999999997,0.0,0.0015477406178197603,0.017179516950253635,0.0,0.0006200414012420424,0.04444949934408996,0.0,0.0,0.0,0.0033520956091416883
cVAL,VAL,1551.52,0.0,0.0,328.56,0.0,809.96,0.0,0.0,0.0,0.0,413.0,0.0,0.0,0.2117665257296071,0.0,0.522042899865938,0.0,0.0,0.0,0.0,0.266190574404455,1.0,0.0,0.0,0.000617078353362399,0.0,0.0005391803284734277,0.0,0.0,0.0,0.0,0.0010856287437269784
cVM,VM,3401.3900000000003,0.0,0.0,804.0100000000001,0.0,1206.6200000000001,0.0,0.0,0.0,0.0,1390.76,0.0,0.0,0.23637689297610684,0.0,0.35474320792381936,0.0,0.0,0.0,0.0,0.4088798991000738,1.0,0.0,0.0,0.0015100352047933481,0.0,0.0008032319718783735,0.0,0.0,0.0,0.0,0.003655808793282645
cVPL,VPL,2146.47,0.0,0.0,1040.3799999999999,0.0,681.57,0.0,0.0,0.0,0.0,424.52,0.0,0.0,0.4846934734703956,0.0,0.31753064333533665,0.0,0.0,0.0,0.0,0.1977758831942678,1.0,0.0,0.0,0.001953968764521465,0.0,0.0004537126975130058,0.0,0.0,0.0,0.0,0.0011159106883461907
cVPM,VPM,6952.68,0.0,0.0,159.63,0.0,3544.95,0.0,0.0,0.0,0.0,3248.1000000000004,0.0,0.0,0.022959491879390392,0.0,0.5098681371787569,0.0,0.0,0.0,0.0,0.46717237094185265,1.0,0.0,0.0,0.00029980587273934666,0.0,0.002359829257521208,0.0,0.0,0.0,0.0,0.00853808891646392
cPoT,PoT,2966.74,0.0,0.0,13.58,0.0,1872.1499999999999,0.0,0.0,0.0,0.0,1081.01,0.0,0.0,0.004577414940304847,0.0,0.6310461988580057,0.0,0.0,0.0,0.0,0.36437638620168944,1.0,0.0,0.0,2.5505003769970105e-05,0.0,0.0012462670402878261,0.0,0.0,0.0,0.0,0.0028415872354874113
cSPF,SPF,1029.77,0.0,2.61,101.30000000000001,0.0,925.86,0.0,0.0,0.0,0.0,0.0,0.0,0.0025345465492294396,0.09837148101032271,0.0,0.8990939724404479,0.0,0.0,0.0,0.0,0.0,1.0,0.0,0.0008329078376308399,0.00019025455684079323,0.0,0.0006163335213101978,0.0,0.0,0.0,0.0,0.0
cSPA,SPA,1790.8200000000002,0.0,12.1,77.02,0.0,1701.6999999999998,0.0,0.0,0.0,0.0,0.0,0.0,0.006756681296836086,0.04300823086630705,0.0,0.9502350878368566,0.0,0.0,0.0,0.0,0.0,0.9999999999999998,0.0,0.003861373500127649,0.00014465356335516182,0.0,0.0011328005888725761,0.0,0.0,0.0,0.0,0.0
cPP,PP,69.92000000000002,0.0,0.0,12.620000000000001,0.0,57.30000000000001,0.0,0.0,0.0,0.0,0.0,0.0,0.0,0.18049199084668188,0.0,0.819508009153318,0.0,0.0,0.0,0.0,0.0,0.9999999999999999,0.0,0.0,2.3701999085200498e-05,0.0,3.814389947840315e-05,0.0,0.0,0.0,0.0,0.0
cMG,MG,9971.2,0.0,0.0,95.38,0.0,9772.420000000002,0.0,0.0,0.0,0.0,103.4,0.0,0.0,0.009565548780487803,0.0,0.9800645860077023,0.0,0.0,0.0,0.0,0.010369865211810013,1.0,0.0,0.0,0.00017913602795138062,0.0,0.006505378815719659,0.0,0.0,0.0,0.0,0.00027180148208564057
cLGd,LGd,7527.510000000001,0.0,0.0,818.31,0.0,6192.95,0.0,0.0,0.0,0.0,516.25,0.0,0.0,0.10870925445466029,0.0,0.8227089701641046,0.0,0.0,0.0,0.0,0.06858177538123496,0.9999999999999999,0.0,0.0,0.0015368924620768952,0.0,0.004122570022247412,0.0,0.0,0.0,0.0,0.001357035929658723
cLP,LP,10292.31,0.0,0.0,266.9,0.0,7943.85,0.0,0.0,0.0,0.0,2081.56,0.0,0.0,0.02593198222750772,0.0,0.7718238179767225,0.0,0.0,0.0,0.0,0.20224419979576985,1.0,0.0,0.0,0.0005012728649635509,0.0,0.005288122441038618,0.0,0.0,0.0,0.0,0.00547167401402501
cPO,PO,5036.380000000001,0.0,0.0,40.74,0.0,3478.8400000000006,0.0,0.0,0.0,0.0,1516.8000000000002,0.0,0.0,0.008089143392674896,0.0,0.6907421600435233,0.0,0.0,0.0,0.0,0.30116869656380174,0.9999999999999999,0.0,0.0,7.651501130991032e-05,0.0,0.002315820650287051,0.0,0.0,0.0,0.0,0.003987122708196322
cPOL,POL,2132.9900000000002,0.0,0.0,6.79,0.0,1045.1900000000003,0.0,0.0,0.0,0.0,1081.01,0.0,0.0,0.003183324816337629,0.0,0.4900116737537448,0.0,0.0,0.0,0.0,0.5068050014299176,1.0,0.0,0.0,1.2752501884985053e-05,0.0,0.0006957700226148724,0.0,0.0,0.0,0.0,0.0028415872354874113
cSGN,SGN,2245.72,0.0,0.0,0.0,0.0,2245.72,0.0,0.0,0.0,0.0,0.0,0.0,0.0,0.0,0.0,1.0,0.0,0.0,0.0,0.0,0.0,1.0,0.0,0.0,0.0,0.0,0.0014949479570094152,0.0,0.0,0.0,0.0,0.0
cEth,Eth,707.25,0.0,0.0,0.0,0.0,707.1,0.0,0.0,0.0,0.0,0.15,0.0,0.0,0.0,0.0,0.9997879109225876,0.0,0.0,0.0,0.0,0.00021208907741251324,1.0,0.0,0.0,0.0,0.0,0.00047070770194029425,0.0,0.0,0.0,0.0,3.9429615389599696e-07
cLD,LD,5366.42,0.0,0.0,278.44000000000005,0.0,4190.53,0.0,0.0,0.0,0.0,897.4499999999999,0.0,0.0,0.051885614618311655,0.0,0.780879990757339,0.0,0.0,0.0,0.0,0.1672343946243492,0.9999999999999999,0.0,0.0,0.0005229464837783857,0.0,0.0027895838583112164,0.0,0.0,0.0,0.0,0.0023590738887597495
cIMD,IMD,1115.3,0.0,0.0,0.0,0.0,1115.3,0.0,0.0,0.0,0.0,0.0,0.0,0.0,0.0,0.0,1.0,0.0,0.0,0.0,0.0,0.0,1.0,0.0,0.0,0.0,0.0,0.0007424413802489183,0.0,0.0,0.0,0.0,0.0
cMD,MD,13786.4,0.0,0.0,6.6000000000000005,0.0,11395.920000000002,0.0,0.0,0.0,0.0,2383.88,0.0,0.0,0.0004787326640747404,0.0,0.8266059304822145,0.0,0.0,0.0,0.0,0.1729153368537109,1.0000000000000002,0.0,0.0,1.239565720779107e-05,0.0,0.007586122634274415,0.0,0.0,0.0,0.0,0.006266364768997262
cSMT,SMT,1798.75,0.0,0.0,0.0,0.0,1798.75,0.0,0.0,0.0,0.0,0.0,0.0,0.0,0.0,0.0,1.0,0.0,0.0,0.0,0.0,0.0,1.0,0.0,0.0,0.0,0.0,0.0011974055704498717,0.0,0.0,0.0,0.0,0.0
cPR,PR,1124.5900000000001,0.0,0.0,582.83,0.0,541.76,0.0,0.0,0.0,0.0,0.0,0.0,0.0,0.5182599880845463,0.0,0.48174001191545357,0.0,0.0,0.0,0.0,0.0,0.9999999999999999,0.0,0.0,0.0010946304379419497,0.0,0.00036064291416090203,0.0,0.0,0.0,0.0,0.0
cPVT,PVT,7847.3600000000015,0.0,0.0,0.0,0.0,7847.3600000000015,0.0,0.0,0.0,0.0,0.0,0.0,0.0,0.0,0.0,1.0,0.0,0.0,0.0,0.0,0.0,1.0,0.0,0.0,0.0,0.0,0.005223890244517308,0.0,0.0,0.0,0.0,0.0
cRE,RE,3385.220000000001,0.0,0.0,251.26000000000002,0.0,3133.9600000000014,0.0,0.0,0.0,0.0,0.0,0.0,0.0,0.07422265022657314,0.0,0.925777349773427,0.0,0.0,0.0,0.0,0.0,1.0,0.0,0.0,0.00047189891364084603,0.0,0.0020862383108086625,0.0,0.0,0.0,0.0,0.0
cXi,Xi,712.5600000000001,0.0,0.0,0.0,0.0,712.5600000000001,0.0,0.0,0.0,0.0,0.0,0.0,0.0,0.0,0.0,1.0,0.0,0.0,0.0,0.0,0.0,1.0,0.0,0.0,0.0,0.0,0.00047434235623614214,0.0,0.0,0.0,0.0,0.0
cRH,RH,1287.0000000000002,0.0,0.0,0.0,0.0,1287.0000000000002,0.0,0.0,0.0,0.0,0.0,0.0,0.0,0.0,0.0,1.0,0.0,0.0,0.0,0.0,0.0,1.0,0.0,0.0,0.0,0.0,0.0008567399411641335,0.0,0.0,0.0,0.0,0.0
cCM,CM,2683.2600000000007,0.0,0.0,0.0,0.0,2683.2600000000007,0.0,0.0,0.0,0.0,0.0,0.0,0.0,0.0,0.0,1.0,0.0,0.0,0.0,0.0,0.0,1.0,0.0,0.0,0.0,0.0,0.0017862129095012223,0.0,0.0,0.0,0.0,0.0
cPCN,PCN,676.35,0.0,0.0,0.0,0.0,469.85,0.0,0.0,0.0,0.0,206.5,0.0,0.0,0.0,0.0,0.6946847046647446,0.0,0.0,0.0,0.0,0.3053152953352554,1.0,0.0,0.0,0.0,0.0,0.00031277331884690604,0.0,0.0,0.0,0.0,0.0005428143718634892
cCL,CL,2810.7100000000005,0.0,0.0,0.0,0.0,2600.2500000000005,0.0,0.0,0.0,0.0,210.46,0.0,0.0,0.0,0.0,0.92512212216842,0.0,0.0,0.0,0.0,0.07487787783157991,1.0,0.0,0.0,0.0,0.0,0.0017309541818275355,0.0,0.0,0.0,0.0,0.0005532237903263435
cPF,PF,4165.53,0.0,0.0,30.84,0.0,4031.4399999999996,0.0,0.0,0.0,0.0,103.25,0.0,0.0,0.0074036197074561945,0.0,0.9678096184639169,0.0,0.0,0.0,0.0,0.024786761828626852,0.9999999999999999,0.0,0.0,5.7921525498223715e-05,0.0,0.0026836796180316497,0.0,0.0,0.0,0.0,0.0002714071859317446
cPIL,PIL,879.9800000000001,0.0,2.16,77.65,0.0,800.17,0.0,0.0,0.0,0.0,0.0,0.0,0.002454601240937294,0.08824064183276892,0.0,0.9093047569262936,0.0,0.0,0.0,0.0,0.0,0.9999999999999999,0.0,0.0006893030380393159,0.0001458367851795419,0.0,0.0005326632468697005,0.0,0.0,0.0,0.0,0.0
cRT,RT,8999.100000000002,0.0,0.0,4939.8200000000015,0.0,22.62,10.98,0.0,0.0,0.0,4025.68,0.0,0.0,0.5489237812670156,0.0,0.002513584691802513,0.0012201220122012198,0.0,0.0,0.0,0.44734251202898057,0.9999999999999999,0.0,0.0,0.009277623543665226,0.0,1.5057853511369618e-05,0.002424879528981506,0.0,0.0,0.0,0.010582067605440247
cIGL,IGL,779.3799999999999,0.0,0.0,753.7299999999999,0.0,25.5,0.0,0.0,0.0,0.0,0.15,0.0,0.0,0.9670892247684056,0.0,0.03271831455772538,0.0,0.0,0.0,0.0,0.00019246067386897279,1.0,0.0,0.0,0.0014156028344285395,0.0,1.6975033799289355e-05,0.0,0.0,0.0,0.0,3.9429615389599696e-07
cIntG,IntG,141.39,0.0,0.0,104.27,0.0,37.12,0.0,0.0,0.0,0.0,0.0,0.0,0.0,0.7374637527406465,0.0,0.2625362472593536,0.0,0.0,0.0,0.0,0.0,1.0,0.0,0.0,0.00019583260258429917,0.0,2.4710323710965523e-05,0.0,0.0,0.0,0.0,0.0
cLGv,LGv,4522.449999999999,0.0,0.0,4459.299999999998,0.0,62.849999999999994,0.0,0.0,0.0,0.0,0.3,0.0,0.0,0.9860363298654489,0.0,0.013897334409446209,0.0,0.0,0.0,0.0,6.633572510475518e-05,0.9999999999999998,0.0,0.0,0.008375144573742832,0.0,4.183846565824847e-05,0.0,0.0,0.0,0.0,7.885923077919939e-07
cSubG,SubG,89.23,0.0,0.0,89.23,0.0,0.0,0.0,0.0,0.0,0.0,0.0,0.0,0.0,1.0,0.0,0.0,0.0,0.0,0.0,0.0,0.0,1.0,0.0,0.0,0.00016758552918957531,0.0,0.0,0.0,0.0,0.0,0.0,0.0
cMH,MH,7722.179999999997,4354.599999999999,0.0,0.0,0.0,3245.85,0.0,0.0,0.0,0.0,121.73,0.5639081192098606,0.0,0.0,0.0,0.42032819747791444,0.0,0.0,0.0,0.0,0.015763683312225312,1.0000000000000002,0.747419406884099,0.0,0.0,0.0,0.0021607220963695433,0.0,0.0,0.0,0.0,0.0003199844720917314
cLH,LH,1928.63,0.0,0.0,0.0,0.0,1928.63,0.0,0.0,0.0,0.0,0.0,0.0,0.0,0.0,0.0,1.0,0.0,0.0,0.0,0.0,0.0,1.0,0.0,0.0,0.0,0.0,0.0012838650759342523,0.0,0.0,0.0,0.0,0.0
cPVH,PVH,3373.03,0.0,0.0,560.62,0.0,2812.4100000000003,0.0,0.0,0.0,0.0,0.0,0.0,0.0,0.1662066450639336,0.0,0.8337933549360664,0.0,0.0,0.0,0.0,0.0,1.0,0.0,0.0,0.0010529171733078529,0.0,0.0018721864630376229,0.0,0.0,0.0,0.0,0.0
cARH,ARH,7094.589999999999,374.71000000000004,253.71,4092.7699999999995,0.0,1688.52,262.20000000000005,12.46,0.0,0.0,410.21999999999997,0.052816300871509146,0.03576105173096684,0.5768860497928704,0.0,0.23800106841973956,0.036957738220249524,0.0017562678040591495,0.0,0.0,0.05782152316060548,1.0,0.06431486840434042,0.08096438600970131,0.0076867536288380365,0.0,0.0011240268263049437,0.05790559312376603,0.03614003538590945,0.0,0.0,0.0010783211216747724
cADP,ADP,275.09000000000003,0.0,11.68,225.54000000000005,0.0,37.870000000000005,0.0,0.0,0.0,0.0,0.0,0.0,0.04245883165509469,0.8198771311207242,0.0,0.1376640372241812,0.0,0.0,0.0,0.0,0.0,1.0,0.0,0.003727342353842226,0.0004235934131280603,0.0,2.5209589410944628e-05,0.0,0.0,0.0,0.0,0.0
cAVP,AVP,309.35999999999996,0.0,3.92,139.86,0.0,165.57999999999998,0.0,0.0,0.0,0.0,0.0,0.0,0.012671321437807087,0.45209464701318863,0.0,0.5352340315490044,0.0,0.0,0.0,0.0,0.0,1.0,0.0,0.0012509573653306102,0.00026267524501237256,0.0,0.00011022455280338554,0.0,0.0,0.0,0.0,0.0
cAVPV,AVPV,2008.14,0.0,17.55,436.7300000000001,0.0,1495.34,45.6,0.0,0.0,0.0,12.920000000000002,0.0,0.008739430517792584,0.21747985698208294,0.0,0.7446393179758383,0.022707580148794405,0.0,0.0,0.0,0.006433814375491749,0.9999999999999999,0.0,0.005600587184069441,0.0008202356624785748,0.0,0.0009954292957423273,0.010070537934568004,0.0,0.0,0.0,3.3962042055575207e-05
cDMH,DMH,11687.089999999997,0.0,118.93,5644.009999999998,0.0,5533.06,235.37,155.71999999999997,0.0,0.0,0.0,0.0,0.010176185859782036,0.48292688770258463,0.0,0.47343350654440086,0.02013931611718572,0.013324103776046904,0.0,0.0,0.0,1.0000000000000002,0.0,0.03795315292315548,0.010600183823840127,0.0,0.0036832894319018027,0.05198031828200156,0.4516634277924413,0.0,0.0,0.0
cMEPO,MEPO,147.25,0.0,0.0,44.67999999999999,0.0,102.57000000000001,0.0,0.0,0.0,0.0,0.0,0.0,0.0,0.3034295415959252,0.0,0.6965704584040747,0.0,0.0,0.0,0.0,0.0,1.0,0.0,0.0,8.391484303698558e-05,0.0,6.827957712914154e-05,0.0,0.0,0.0,0.0,0.0
cMPO,MPO,4044.94,0.0,48.22,2328.94,0.0,1599.6599999999996,21.41,0.0,0.0,0.0,46.71,0.0,0.01192106681434088,0.5757662660014734,0.0,0.39547187350121377,0.005293032776753178,0.0,0.0,0.0,0.011547760906218634,0.9999999999999999,0.0,0.015388052080673986,0.004374051802653474,0.0,0.0010648738261714197,0.004728294236383793,0.0,0.0,0.0,0.00012278382232321346
cPS,PS,187.07000000000002,0.0,0.0,173.04000000000002,0.0,14.030000000000001,0.0,0.0,0.0,0.0,0.0,0.0,0.0,0.9250013363981398,0.0,0.07499866360186026,0.0,0.0,0.0,0.0,0.0,1.0,0.0,0.0,0.0003249915944297222,0.0,9.339597027609006e-06,0.0,0.0,0.0,0.0,0.0
cVLPO,VLPO,248.73,0.0,0.0,83.46,0.0,140.57999999999998,24.689999999999998,0.0,0.0,0.0,0.0,0.0,0.0,0.33554456639729824,0.0,0.5651911711494391,0.09926426245326257,0.0,0.0,0.0,0.0,0.9999999999999999,0.0,0.0,0.00015674871978215796,0.0,9.358236280408225e-05,0.005452666263256228,0.0,0.0,0.0,0.0
cAHN,AHN,10290.639999999998,0.0,21.73,7469.689999999997,0.0,1602.9,0.0,0.0,0.0,0.0,1196.32,0.0,0.0021116276538679815,0.725872248956333,0.0,0.15576290687459676,0.0,0.0,0.0,0.0,0.11625321651520218,0.9999999999999998,0.0,0.006934516211386265,0.01402904798310073,0.0,0.0010670306539953297,0.0,0.0,0.0,0.0,0.003144695832192394
cLM,LM,82.26,0.0,0.0,0.0,0.0,75.78,0.0,6.4799999999999995,0.0,0.0,0.0,0.0,0.0,0.0,0.0,0.9212253829321663,0.0,0.07877461706783369,0.0,0.0,0.0,1.0,0.0,0.0,0.0,0.0,5.0445806325888134e-05,0.0,0.018795138788177627,0.0,0.0,0.0
cMM,MM,0.0,0.0,0.0,0.0,0.0,0.0,0.0,0.0,0.0,0.0,0.0,0.0,0.0,0.0,0.0,0.0,0.0,0.0,0.0,0.0,0.0,0.0,0.0,0.0,0.0,0.0,0.0,0.0,0.0,0.0,0.0,0.0
cSUM,SUM,964.5999999999999,0.0,60.7,253.09,0.0,517.14,133.67,0.0,0.0,0.0,0.0,0.0,0.06292763839933652,0.262378187849886,0.0,0.5361185983827493,0.1385755753680282,0.0,0.0,0.0,0.0,1.0,0.0,0.019370691856012257,0.0004753358913211881,0.0,0.00034425368544958813,0.02952036854635318,0.0,0.0,0.0,0.0
cTM,TM,653.66,0.0,0.0,0.0,0.0,653.66,0.0,0.0,0.0,0.0,0.0,0.0,0.0,0.0,0.0,1.0,0.0,0.0,0.0,0.0,0.0,1.0,0.0,0.0,0.0,0.0,0.0004351333565977835,0.0,0.0,0.0,0.0,0.0
cMPN,MPN,7622.050000000002,0.0,136.44,5769.329999999999,0.0,1659.3699999999997,10.350000000000001,0.0,0.0,0.0,46.56,0.0,0.017900696006979744,0.7569262862353301,0.0,0.217706522523468,0.0013579024015848752,0.0,0.0,0.0,0.006108592832636888,0.9999999999999996,0.0,0.043540975236150116,0.010835551060397762,0.0,0.0011046220327657558,0.0022857470969907642,0.0,0.0,0.0,0.00012238952616931746
cPMd,PMd,3505.3900000000003,0.0,0.0,0.0,0.0,2424.38,0.0,0.0,0.0,0.0,1081.01,0.0,0.0,0.0,0.0,0.6916149130339277,0.0,0.0,0.0,0.0,0.3083850869660722,1.0,0.0,0.0,0.0,0.0,0.0016138797036204366,0.0,0.0,0.0,0.0,0.0028415872354874113
cPMv,PMv,1738.9,0.0,0.0,0.0,0.0,1734.58,0.0,4.32,0.0,0.0,0.0,0.0,0.0,0.0,0.0,0.9975156708263844,0.0,0.002484329173615504,0.0,0.0,0.0,0.9999999999999999,0.0,0.0,0.0,0.0,0.00115468839715966,0.0,0.012530092525451751,0.0,0.0,0.0
cVMH,VMH,9399.130000000001,127.25999999999999,147.29000000000002,2168.130000000001,0.0,6681.219999999999,200.05,75.17999999999999,0.0,0.0,0.0,0.013539551000996899,0.015670599300147994,0.23067347722608378,0.0,0.7108338750501375,0.02128388478508117,0.007998612637552622,0.0,0.0,0.0,1.0,0.021842785495813723,0.04700344651519021,0.004072029736655766,0.0,0.004447605306685805,0.04418006828531424,0.21805841575543114,0.0,0.0,0.0
cPH,PH,4522.7699999999995,0.0,94.83000000000001,674.31,0.0,3725.420000000001,25.069999999999997,0.0,0.0,0.0,3.14,0.0,0.02096723910346978,0.14909225983191718,0.0,0.8237031730554508,0.005543063211262125,0.0,0.0,0.0,0.0006942647979004019,1.0000000000000002,0.0,0.030262318100587188,0.0012664417593614536,0.0,0.002479965898688179,0.005536587412710961,0.0,0.0,0.0,8.253932821556204e-06
cLHA,LHA,20314.550000000007,1.26,21.73,4495.6900000000005,0.0,9287.009999999998,214.81000000000003,24.31,0.0,0.0,6269.74,6.202450952642316e-05,0.0010696766603247422,0.22130394224828998,0.0,0.4571605081087199,0.010574194358230921,0.0011966792274502754,0.0,0.0,0.3086329748874574,0.9999999999999996,0.00021626520292884876,0.006934516211386265,0.008443489720074884,0.0,0.006182247397817185,0.0474397424062402,0.07051077529947501,0.0,0.0,0.01648089578618592
cLPO,LPO,2592.3799999999997,0.0,0.0,1487.1399999999999,0.0,951.77,106.91,0.0,0.0,0.0,46.56,0.0,0.0,0.5736581828281347,0.0,0.36714139130837303,0.04124009597358412,0.0,0.0,0.0,0.01796032988990812,1.0,0.0,0.0,0.0027930420696961225,0.0,0.0006335814870254756,0.0236105528636988,0.0,0.0,0.0,0.00012238952616931746
cPST,PST,0.0,0.0,0.0,0.0,0.0,0.0,0.0,0.0,0.0,0.0,0.0,0.0,0.0,0.0,0.0,0.0,0.0,0.0,0.0,0.0,0.0,0.0,0.0,0.0,0.0,0.0,0.0,0.0,0.0,0.0,0.0,0.0
cPSTN,PSTN,1612.0099999999998,0.0,10.57,38.17,0.0,1548.7899999999997,14.48,0.0,0.0,0.0,0.0,0.0,0.0065570312839250385,0.02367851316058834,0.0,0.9607818810057009,0.008982574549785674,0.0,0.0,0.0,0.0,1.0,0.0,0.003373117181516467,7.168821751839168e-05,0.0,0.0010310102979608376,0.0031978374844856294,0.0,0.0,0.0,0.0
cPeF,PeF,653.79,0.0,0.0,581.93,0.0,71.86,0.0,0.0,0.0,0.0,0.0,0.0,0.0,0.8900870310038391,0.0,0.10991296899616085,0.0,0.0,0.0,0.0,0.0,1.0,0.0,0.0,0.0010929401210499781,0.0,4.7836310933997375e-05,0.0,0.0,0.0,0.0,0.0
cRCH,RCH,1017.8300000000002,0.0,32.64,218.35,0.0,682.06,84.78,0.0,0.0,0.0,0.0,0.0,0.03206822357368126,0.214525018912785,0.0,0.6701119047385121,0.08329485277502136,0.0,0.0,0.0,0.0,0.9999999999999997,0.0,0.01041613479703855,0.0004100896592910878,0.0,0.00045403888443699205,0.018723250133611303,0.0,0.0,0.0,0.0
cSTN,STN,1940.28,0.0,0.0,109.39000000000001,0.0,749.8800000000001,0.0,0.0,0.0,0.0,1081.01,0.0,0.0,0.056378460840703415,0.0,0.38648030181210963,0.0,0.0,0.0,0.0,0.557141237347187,1.0,0.0,0.0,0.00020544862756973715,0.0,0.0004991858174671021,0.0,0.0,0.0,0.0,0.0028415872354874113
cTU,TU,4639.94,0.0,0.0,2522.2499999999995,0.0,2029.9799999999998,13.5,66.3,0.0,0.0,7.91,0.0,0.0,0.5435953913197152,0.0,0.43750134700017673,0.002909520381729074,0.014288977874713898,0.0,0.0,0.0017047634236649614,1.0,0.0,0.0,0.004737113089750154,0.0,0.0013513325141914275,0.0029814092569444748,0.19230211445311368,0.0,0.0,2.0792550515448908e-05
cFF,FF,169.93,0.0,0.0,125.52999999999999,0.0,44.25,0.0,0.0,0.0,0.0,0.15,0.0,0.0,0.7387159418584122,0.0,0.2604013417289472,0.0,0.0,0.0,0.0,0.000882716412640499,0.9999999999999999,0.0,0.0,0.00023576164383242614,0.0,2.9456676298766823e-05,0.0,0.0,0.0,0.0,3.9429615389599696e-07
cME,ME,204.20999999999998,0.0,0.0,108.75999999999999,0.0,62.91,0.0,0.0,0.0,0.0,32.54,0.0,0.0,0.5325890015180451,0.0,0.3080652269722345,0.0,0.0,0.0,0.0,0.1593457715097204,1.0,0.0,0.0,0.00020426540574535704,0.0,4.18784069142468e-05,0.0,0.0,0.0,0.0,8.55359789851716e-05
cSCs,SCs,19846.760000000006,0.0,0.0,14122.699999999997,0.0,4519.879999999999,64.89,0.0,0.0,0.0,1139.2900000000002,0.0,0.0,0.7115871809806735,0.0,0.2277389357255289,0.0032695513020765095,0.0,0.0,0.0,0.057404331991720556,0.9999999999999994,0.0,0.0,0.02652426485582892,0.0,0.0030088280693620377,0.014330640495046442,0.0,0.0,0.0,0.0029947844344811363
cIC,IC,31623.250000000004,0.0,0.0,2185.2000000000003,27.540000000000003,12325.57,0.0,0.0,0.0,0.0,17084.94,0.0,0.0,0.06910105697548481,0.0008708782304159123,0.38976291178167954,0.0,0.0,0.0,0.0,0.5402651530124195,0.9999999999999998,0.0,0.0,0.004104089413706825,0.00811532364052122,0.008204979111588505,0.0,0.0,0.0,0.0,0.04491017421029249
cSAG,SAG,147.28000000000003,0.0,0.0,70.27000000000001,0.0,77.01,0.0,0.0,0.0,0.0,0.0,0.0,0.0,0.47711841390548615,0.0,0.5228815860945137,0.0,0.0,0.0,0.0,0.0,0.9999999999999999,0.0,0.0,0.00013197618666537552,0.0,5.1264602073853856e-05,0.0,0.0,0.0,0.0,0.0
cPBG,PBG,12.6,12.6,0.0,0.0,0.0,0.0,0.0,0.0,0.0,0.0,0.0,1.0,0.0,0.0,0.0,0.0,0.0,0.0,0.0,0.0,0.0,1.0,0.0021626520292884876,0.0,0.0,0.0,0.0,0.0,0.0,0.0,0.0,0.0
cSCO,SCO,67.72,0.0,0.0,0.0,0.0,35.75,0.0,0.0,0.0,0.0,31.970000000000002,0.0,0.0,0.0,0.0,0.5279090372120496,0.0,0.0,0.0,0.0,0.47209096278795043,1.0,0.0,0.0,0.0,0.0,2.3798331699003704e-05,0.0,0.0,0.0,0.0,8.403765360036683e-05
cSNr,SNr,6501.160000000001,0.0,165.97,1111.94,0.0,12.0,0.0,0.0,0.0,0.0,5211.250000000001,0.0,0.02552929015744882,0.1710371687514228,0.0,0.0018458244374850025,0.0,0.0,0.0,0.0,0.8015877166536434,1.0,0.0,0.0529646413071228,0.0020883677387320003,0.0,7.98825119966558e-06,0.0,0.0,0.0,0.0,0.01369850554660343
cVTA,VTA,1640.55,0.0,396.3399999999999,83.4,0.0,33.04,46.760000000000005,0.0,0.0,0.0,1081.01,0.0,0.24158971076773028,0.05083660967358508,0.0,0.020139587333516198,0.028502636310993267,0.0,0.0,0.0,0.6589314559141751,0.9999999999999999,0.0,0.12648072504467703,0.00015663603198935987,0.0,2.1994318303079227e-05,0.010326718285535086,0.0,0.0,0.0,0.0028415872354874113
cPN,PN,35.31,0.0,27.55,2.64,0.0,5.12,0.0,0.0,0.0,0.0,0.0,0.0,0.7802322288303596,0.07476635514018691,0.0,0.1450014160294534,0.0,0.0,0.0,0.0,0.0,0.9999999999999999,0.0,0.008791804952769978,4.958262883116427e-06,0.0,3.408320511857314e-06,0.0,0.0,0.0,0.0,0.0
cMRN,MRN,32052.65,11.549999999999999,43.150000000000006,3263.7099999999996,191.59,4407.619999999997,58.82999999999999,0.0,0.0,14.0,24062.19999999999,0.00036034462049159736,0.0013462225432218553,0.10182340617702434,0.005977352886578801,0.1375118749931752,0.0018354176643740842,0.0,0.0,0.0004367813581716332,0.750708599756962,0.9999999999999996,0.0019824310268477803,0.013770104671942816,0.006129671270551482,0.056456603351033426,0.002934097979389165,0.012992319006373588,0.0,0.0,0.028578427369968157,0.06325088609517503
cSCm,SCm,47715.85,0.0,0.0,10918.989999999998,0.0,15351.74,0.0,0.0,0.0,0.0,21445.120000000003,0.0,0.0,0.22883360560484614,0.0,0.3217325060750254,0.0,0.0,0.0,0.0,0.4494338883201285,1.0,0.0,0.0,0.020507281378075542,0.0,0.010219462955996171,0.0,0.0,0.0,0.0,0.05637152223892082
cPRC,PRC,2648.2899999999995,0.0,0.0,149.85999999999999,0.0,2498.4299999999994,0.0,0.0,0.0,0.0,0.0,0.0,0.0,0.05658745832216261,0.0,0.9434125416778374,0.0,0.0,0.0,0.0,0.0,1.0,0.0,0.0,0.00028145654381205596,0.0,0.0016631738703983723,0.0,0.0,0.0,0.0,0.0
cINC,INC,22.58,0.0,0.0,13.7,0.0,8.879999999999999,0.0,0.0,0.0,0.0,0.0,0.0,0.0,0.6067316209034544,0.0,0.3932683790965456,0.0,0.0,0.0,0.0,0.0,1.0,0.0,0.0,2.5730379355566308e-05,0.0,5.911305887752528e-06,0.0,0.0,0.0,0.0,0.0
cND,ND,72.17,0.0,0.0,54.019999999999996,0.0,18.15,0.0,0.0,0.0,0.0,0.0,0.0,0.0,0.7485104614105583,0.0,0.25148953858944156,0.0,0.0,0.0,0.0,0.0,0.9999999999999999,0.0,0.0,0.00010145657611588991,0.0,1.2082229939494188e-05,0.0,0.0,0.0,0.0,0.0
cSu3,Su3,116.36,0.0,0.0,0.0,0.0,116.36,0.0,0.0,0.0,0.0,0.0,0.0,0.0,0.0,0.0,1.0,0.0,0.0,0.0,0.0,0.0,1.0,0.0,0.0,0.0,0.0,7.745940913275723e-05,0.0,0.0,0.0,0.0,0.0
cAPN,APN,12387.66,0.0,0.0,1781.89,119.7,4263.049999999999,0.0,0.0,0.0,0.0,6223.02,0.0,0.0,0.14384395438686565,0.009662841892657694,0.34413682648700394,0.0,0.0,0.0,0.0,0.5023563772334727,1.0,0.0,0.0,0.003346620851816792,0.03527248510422622,0.002837859523061195,0.0,0.0,0.0,0.0,0.016358085677452446
cMPT,MPT,0.0,0.0,0.0,0.0,0.0,0.0,0.0,0.0,0.0,0.0,0.0,0.0,0.0,0.0,0.0,0.0,0.0,0.0,0.0,0.0,0.0,0.0,0.0,0.0,0.0,0.0,0.0,0.0,0.0,0.0,0.0,0.0
cNOT,NOT,768.0399999999998,0.0,0.0,551.3699999999999,81.67,135.0,0.0,0.0,0.0,0.0,0.0,0.0,0.0,0.7178922972761835,0.10633560752044166,0.17577209520337486,0.0,0.0,0.0,0.0,0.0,1.0,0.0,0.0,0.0010355444719181454,0.02406603056359361,8.986782599623777e-05,0.0,0.0,0.0,0.0,0.0
cNPC,NPC,1175.5699999999997,0.0,0.0,499.31,15.680000000000001,660.5799999999998,0.0,0.0,0.0,0.0,0.0,0.0,0.0,0.42473863742695045,0.013338210400061251,0.5619231521729884,0.0,0.0,0.0,0.0,0.0,1.0,0.0,0.0,0.0009377690303669936,0.00462048927681092,0.00043973991478959057,0.0,0.0,0.0,0.0,0.0
cOP,OP,495.57000000000005,0.0,0.0,282.73,31.130000000000003,181.71,0.0,0.0,0.0,0.0,0.0,0.0,0.0,0.5705147607805153,0.06281655467441531,0.3666686845450693,0.0,0.0,0.0,0.0,0.0,0.9999999999999999,0.0,0.0,0.0005310036609634498,0.009173203519586986,0.00012096209379093603,0.0,0.0,0.0,0.0,0.0
cPPT,PPT,1152.6900000000003,0.0,0.0,327.74999999999994,39.800000000000004,785.1400000000001,0.0,0.0,0.0,0.0,0.0,0.0,0.0,0.2843349035733804,0.03452793031951348,0.681137166107106,0.0,0.0,0.0,0.0,0.0,0.9999999999999999,0.0,0.0,0.0006155570681596245,0.011728027628639963,0.0005226579622421195,0.0,0.0,0.0,0.0,0.0
cRPF,RPF,7.22,0.0,0.0,0.0,0.0,7.22,0.0,0.0,0.0,0.0,0.0,0.0,0.0,0.0,0.0,1.0,0.0,0.0,0.0,0.0,0.0,1.0,0.0,0.0,0.0,0.0,4.80626447179879e-06,0.0,0.0,0.0,0.0,0.0
cCUN,CUN,4303.169999999999,5.3500000000000005,0.0,593.6700000000001,38.02,1374.45,14.200000000000001,0.0,0.0,0.0,2277.4800000000005,0.001243269496673383,0.0,0.13796108450282005,0.008835346965144304,0.3194040672341554,0.0032998928696751475,0.0,0.0,0.0,0.5292563389315321,1.0000000000000004,0.0009182689171978898,0.0,0.0011149893658408067,0.011203507800022397,0.0009149543217816963,0.0031360008480452997,0.0,0.0,0.0,0.005986677363833702
cRN,RN,698.85,0.0,0.0,190.45000000000002,0.0,82.07,19.5,0.0,0.0,0.0,406.83000000000004,0.0,0.0,0.2725191385848179,0.0,0.1174357873649567,0.02790298347284825,0.0,0.0,0.0,0.5821420905773772,1.0,0.0,0.0,0.0003576898356399711,0.0,5.463298132971284e-05,0.0043064800378086856,0.0,0.0,0.0,0.001069410028596723
cIII,III,23.240000000000002,5.28,0.0,4.77,0.0,13.190000000000001,0.0,0.0,0.0,0.0,0.0,0.2271944922547332,0.0,0.205249569707401,0.0,0.5675559380378657,0.0,0.0,0.0,0.0,0.0,1.0,0.0009062541837018425,0.0,8.958679527448999e-06,0.0,8.780419443632417e-06,0.0,0.0,0.0,0.0,0.0
cMA3,MA3,9.610000000000001,0.0,3.56,0.0,0.0,6.050000000000001,0.0,0.0,0.0,0.0,0.0,0.0,0.3704474505723205,0.0,0.0,0.6295525494276795,0.0,0.0,0.0,0.0,0.0,1.0,0.0,0.001136073525657391,0.0,0.0,4.027409979831396e-06,0.0,0.0,0.0,0.0,0.0
cIV,IV,0.0,0.0,0.0,0.0,0.0,0.0,0.0,0.0,0.0,0.0,0.0,0.0,0.0,0.0,0.0,0.0,0.0,0.0,0.0,0.0,0.0,0.0,0.0,0.0,0.0,0.0,0.0,0.0,0.0,0.0,0.0,0.0
cPa4,Pa4,17.330000000000002,0.0,0.0,17.330000000000002,0.0,0.0,0.0,0.0,0.0,0.0,0.0,0.0,0.0,1.0,0.0,0.0,0.0,0.0,0.0,0.0,0.0,1.0,0.0,0.0,3.2547990819851396e-05,0.0,0.0,0.0,0.0,0.0,0.0,0.0
cVTN,VTN,10.39,0.0,0.0,10.39,0.0,0.0,0.0,0.0,0.0,0.0,0.0,0.0,0.0,1.0,0.0,0.0,0.0,0.0,0.0,0.0,0.0,1.0,0.0,0.0,1.9513769452871093e-05,0.0,0.0,0.0,0.0,0.0,0.0,0.0
cAT,AT,33.08,0.0,0.0,24.060000000000002,0.0,0.0,9.020000000000001,0.0,0.0,0.0,0.0,0.0,0.0,0.7273276904474003,0.0,0.0,0.2726723095525998,0.0,0.0,0.0,0.0,1.0,0.0,0.0,4.5187804912038354e-05,0.0,0.0,0.0019920230738991974,0.0,0.0,0.0,0.0
cLT,LT,97.44,0.0,0.0,0.0,0.0,97.44,0.0,0.0,0.0,0.0,0.0,0.0,0.0,0.0,0.0,1.0,0.0,0.0,0.0,0.0,0.0,1.0,0.0,0.0,0.0,0.0,6.48645997412845e-05,0.0,0.0,0.0,0.0,0.0
cDT,DT,4.24,0.0,0.0,4.24,0.0,0.0,0.0,0.0,0.0,0.0,0.0,0.0,0.0,1.0,0.0,0.0,0.0,0.0,0.0,0.0,0.0,1.0,0.0,0.0,7.963270691065777e-06,0.0,0.0,0.0,0.0,0.0,0.0,0.0
cMT,MT,0.0,0.0,0.0,0.0,0.0,0.0,0.0,0.0,0.0,0.0,0.0,0.0,0.0,0.0,0.0,0.0,0.0,0.0,0.0,0.0,0.0,0.0,0.0,0.0,0.0,0.0,0.0,0.0,0.0,0.0,0.0,0.0
cSNc,SNc,1347.4099999999999,0.0,108.74000000000001,157.66,0.0,0.0,0.0,0.0,0.0,0.0,1081.01,0.0,0.08070297830652884,0.11700967040470237,0.0,0.0,0.0,0.0,0.0,0.0,0.8022873512887689,1.0000000000000002,0.0,0.034701302016849636,0.00029610595687580907,0.0,0.0,0.0,0.0,0.0,0.0,0.0028415872354874113
cPPN,PPN,7189.110000000001,61.5,2.32,794.1199999999998,22.310000000000002,1301.1000000000004,4.51,0.0,0.0,0.0,5003.25,0.008554605507496755,0.0003227103215836174,0.1104615174896475,0.0031033048597114248,0.18098206871226066,0.0006273377372164287,0.0,0.0,0.0,0.6959484553720836,1.0,0.010555801571527142,0.0007403625223385244,0.0014914605002804605,0.006574178301380844,0.0008661261363237406,0.0009960115369495985,0.0,0.0,0.0,0.013151748213200979
cIF,IF,308.64000000000004,0.0,293.24,4.6000000000000005,0.0,10.799999999999999,0.0,0.0,0.0,0.0,0.0,0.0,0.9501036806635561,0.01490409538621047,0.0,0.03499222395023327,0.0,0.0,0.0,0.0,0.0,0.9999999999999999,0.0,0.09357926984937452,8.639397447854382e-06,0.0,7.18942607969902e-06,0.0,0.0,0.0,0.0,0.0
cIPN,IPN,3039.8199999999997,0.0,92.78000000000002,2728.16,26.1,103.26,63.84,0.0,0.0,25.68,0.0,0.0,0.03052154403879178,0.8974741925508748,0.008586034699422993,0.03396911659242982,0.02100124349468061,0.0,0.0,0.008447868623800094,0.0,1.0000000000000002,0.0,0.02960811845800358,0.005123838813334436,0.007690992992650829,6.873890157312232e-05,0.014098753108395206,0.0,0.0,0.052421001061484444,0.0
cRL,RL,124.31,0.0,74.88,0.0,0.0,49.43,0.0,0.0,0.0,0.0,0.0,0.0,0.602365055104175,0.0,0.0,0.39763494489582496,0.0,0.0,0.0,0.0,0.0,1.0,0.0,0.023895838652029613,0.0,0.0,3.290493806662246e-05,0.0,0.0,0.0,0.0,0.0
cCLI,CLI,222.24,0.0,187.44,16.36,0.0,9.559999999999999,8.879999999999999,0.0,0.0,0.0,0.0,0.0,0.8434125269978401,0.0736141108711303,0.0,0.04301655867530597,0.039956803455723534,0.0,0.0,0.0,0.0,0.9999999999999999,0.0,0.059816185856522854,3.07262048362821e-05,0.0,6.3639734557335775e-06,0.0019611047556790323,0.0,0.0,0.0,0.0
cDR,DR,884.34,0.0,251.8,30.120000000000005,11.26,307.15,11.84,0.0,0.0,272.17,0.0,0.0,0.284732116606735,0.03405929845986838,0.012732659384399665,0.34732116606734964,0.013388515729244408,0.0,0.0,0.3077662437524029,0.0,1.0,0.0,0.08035486341587951,5.6569271984646515e-05,0.0033180299270976375,0.00020446594633144021,0.0026148063409053763,0.0,0.0,0.5555850412345881,0.0
cNLL,NLL,3297.249999999999,6.96,0.0,92.36000000000001,240.01999999999998,154.17999999999998,3.69,0.0,0.0,0.0,2800.039999999999,0.002110849950716507,0.0,0.028011221472439167,0.07279399499582988,0.046760178936992955,0.0011191144135264239,0.0,0.0,0.0,0.849204640230495,1.0,0.001194607787606974,0.0,0.00017346407571387624,0.07072766812628552,0.00010263571416370324,0.0008149185302314898,0.0,0.0,0.0,0.007360300018366313
cPSV,PSV,6993.02,0.0,0.0,10.62,102.74999999999999,823.4000000000002,1.3499999999999999,0.0,0.0,0.0,6054.9000000000015,0.0,0.0,0.0015186571752976536,0.01469322267060583,0.11774598099247538,0.00019304964092766783,0.0,0.0,0.0,0.8658490895206936,1.0000000000000002,0.0,0.0,1.9945739325263807e-05,0.030277759769918488,0.0005481271698170532,0.00029814092569444743,0.0,0.0,0.0,0.015916158548165818
cSOC,SOC,445.0,33.15,3.5,0.0,129.85999999999999,40.260000000000005,0.0,0.0,0.0,0.0,238.23,0.07449438202247191,0.007865168539325843,0.0,0.2918202247191011,0.09047191011235957,0.0,0.0,0.0,0.0,0.5353483146067416,1.0,0.005689834505628045,0.0011169262190451877,0.0,0.03826637356420064,2.6800582774878022e-05,0.0,0.0,0.0,0.0,0.0006262211516176224
cPG,PG,2090.69,0.0,0.0,68.86,0.0,665.2,46.32,0.0,0.0,22.060000000000002,1288.2500000000002,0.0,0.0,0.032936494650091595,0.0,0.31817246937613897,0.022155364975199574,0.0,0.0,0.010551540400537622,0.6161841305980323,1.0,0.0,0.0,0.00012932802353462014,0.0,0.000442815391501462,0.010229546428271709,0.0,0.0,0.04503143627010697,0.003386346801710121
cSUT,SUT,250.38999999999996,4.34,4.55,6.489999999999999,9.489999999999998,197.39999999999998,0.0,0.0,0.0,0.0,28.12,0.017332960581492873,0.01817165222253285,0.02591956547785455,0.037900874635568516,0.788370142577579,0.0,0.0,0.0,0.0,0.11230480450497227,1.0,0.0007449134767549236,0.0014520040847587439,1.2189062920994549e-05,0.0027964568390902817,0.00013140673223449877,0.0,0.0,0.0,0.0,7.391738565036957e-05
cTRN,TRN,2142.2299999999996,0.0,0.0,161.53,370.98,405.24999999999994,34.77,0.0,0.0,32.1,1137.6,0.0,0.0,0.0754027345336402,0.1731746824570658,0.18917203101441024,0.01623075019955841,0.0,0.0,0.01498438543013589,0.5310354163651896,1.0000000000000002,0.0,0.0,0.00030337431951128654,0.10931818315760937,0.0002697698998887063,0.007678785175108104,0.0,0.0,0.06552625132685556,0.0029903420311472406
cP5,P5,72.80999999999999,1.85,0.0,0.0,29.380000000000003,40.919999999999995,0.0,0.0,0.6599999999999999,0.0,0.0,0.0254085977200934,0.0,0.0,0.4035160005493752,0.5620107128141739,0.0,0.0,0.009064688916357644,0.0,0.0,1.0000000000000002,0.00031753224239553196,0.0,0.0,0.008657523912800053,2.723993659085962e-05,0.0,0.0,0.15789473684210525,0.0,0.0
cPC5,PC5,13.13,0.0,0.0,0.0,8.08,5.050000000000001,0.0,0.0,0.0,0.0,0.0,0.0,0.0,0.0,0.6153846153846153,0.38461538461538464,0.0,0.0,0.0,0.0,0.0,1.0,0.0,0.0,0.0,0.0023809664130505248,3.361722379859265e-06,0.0,0.0,0.0,0.0,0.0
cCS,CS,4242.2699999999995,0.0,0.0,1324.63,21.0,303.2099999999999,205.58,0.0,0.0,108.27000000000001,2279.58,0.0,0.0,0.3122455666423873,0.0049501799744004985,0.07147352714466547,0.048459904720821644,0.0,0.0,0.02552171361087343,0.5373491079068518,1.0,0.0,0.0,0.0024878271829024672,0.006188155281443196,0.00020184313718754997,0.045401341855010754,0.0,0.0,0.22101330938188946,0.005992197509988245
cPRNr,PRNr,13854.989999999998,3.75,0.0,878.8199999999999,423.19999999999993,697.0700000000003,90.43,0.0,0.0,15.600000000000001,11746.119999999999,0.00027066060675612184,0.0,0.06342985451451066,0.030544951674450864,0.05031183710706398,0.006526890311721626,0.0,0.0,0.0011259481241054669,0.8477898576613914,1.0,0.0006436464372882403,0.0,0.0016505381011137797,0.12470606262413143,0.00046403085531257395,0.019971025118925102,0.0,0.0,0.031844533355107375,0.03087633292800565
cNTB,NTB,42.3,0.0,0.0,0.0,36.790000000000006,5.51,0.0,0.0,0.0,0.0,0.0,0.0,0.0,0.0,0.8697399527186763,0.13026004728132387,0.0,0.0,0.0,0.0,0.0,1.0000000000000002,0.0,0.0,0.0,0.010841058704966438,3.667938675846445e-06,0.0,0.0,0.0,0.0,0.0
cCB,CB,106715.92999999996,22.549999999999997,0.0,26750.989999999998,1329.74,61658.29999999999,22.720000000000002,0.0,0.0,0.0,16931.629999999997,0.00021130865841678936,0.0,0.25067475867942124,0.012460557669318915,0.5777797185481118,0.00021290167269310224,0.0,0.0,0.0,0.15866075477203828,1.0,0.0038704605762266186,0.0,0.05024183363773436,0.3918398859022036,0.04104516574536168,0.0050176013568724795,0.0,0.0,0.0,0.04450717725460052
